country,origin,system,status,url,date_recorded,sysID,imageID,statusID,matID
Russia,Russia,(Unknown) truck,damaged,https://twitter.com/UAWeapons/status/1524489058235387912,2022-05-14,3,11,3,7-3113
Russia,Russia,(Unknown) truck,damaged,https://twitter.com/UAWeapons/status/1539006612525965314,2022-06-26,3,36,3,7-3363
Russia,Russia,(Unknown) truck,damaged,https://i.postimg.cc/y8Q61MNj/1017-Unknown-truck-dam-04-04-24.jpg,2024-04-14,3,131,3,7-31313
Russia,Russia,(Unknown) truck,damaged,https://i.postimg.cc/8knzLjj0/1029-unkn-truck-dam-20-04-24.jpg,2024-04-24,3,132,3,7-31323
Russia,Russia,(Unknown) truck,damaged,https://i.postimg.cc/1Rpyc1bd/1242-Unknown-truck-dam-18-10-24.jpg,2024-10-22,3,158,3,7-31583
Russia,Russia,(Unknown) truck,damaged,https://i.postimg.cc/XYgCL8QP/1017-Unknown-truck-dam-aband-24-05-25.jpg,2025-06-01,3,163,3,7-31633
Russia,Russia,(Unknown) truck,damaged,https://i.postimg.cc/wBfs8BKc/1016-Unknown-truck-dam-aband-24-05-25.jpg,2025-06-01,3,164,3,7-31643
Russia,Russia,(Unknown) vehicle,damaged,https://twitter.com/UAWeapons/status/1514229936898387972,2022-04-13,4,187,3,7-41873
Russia,Russia,(Unknown) vehicle,damaged,https://twitter.com/UAWeapons/status/1515327665330442246,2022-04-18,4,191,3,7-41913
Russia,Russia,(Unknown) vehicle,damaged,https://twitter.com/UAWeapons/status/1523070374077902848,2022-05-08,4,196,3,7-41963
Russia,Soviet Union,1 122mm howitzer M1938 (M-30),damaged,https://i.postimg.cc/CMqrScmK/1029-122-mm-howitzer-M1938-M-30-dam-24-08-24.jpg,2024-08-28,7,203,3,7-72033
Russia,Russia,1 2F77M transloading vehicle for 2K22M Tunguska-M,damaged,https://i.postimg.cc/K8YgCmdK/1020-2-F77-M-transloading-vehicle-for-2-K22-M-Tunguska-M-dam-capt.jpg,2022-11-01,29,225,3,7-292253
Russia,Soviet Union,1 36D6 ST-68U surveillance radar,damaged,https://i.postimg.cc/jdCY3Lhp/1009-36-D6-ST-68-U-surveillance-radar-dam-24-04-25.jpg,2025-05-12,31,227,3,7-312273
Russia,Russia,1 39N6 'Kasta-2E2' surveillance radar,damaged,https://i.postimg.cc/GtbKCLWw/1004-39-N6-Kasta-2-E2-surveillance-radar-dam-26-02-25.jpg,2025-03-24,32,228,3,7-322283
Russia,Russia,1 50P6E TEL (for S-350),damaged,https://twitter.com/Osinttechnical/status/1756370133763662182,2024-02-12,34,230,3,7-342303
Russia,Russia,1 55Zh6U Nebo-U air surveillance radar,damaged,https://i.postimg.cc/65BWYp01/1040-55-Zh6-U-Nebo-U-air-surveillance-radar-dam-30-09-23.jpg,2023-10-06,37,233,3,7-372333
Russia,Russia,1 91N6A surveillance and tracking radar (for 40R6 S-400 'Triumf'),damaged,https://i.postimg.cc/fLBbyFKW/1011-91-N6-A-surveillance-and-tracking-radar-for-40-R6-S-400-Triumf-dam-24-04-25.jpg,2025-05-12,44,241,3,7-442413
Russia,Soviet Union,1 An-72 transport aircraft,damaged,https://i.postimg.cc/B6dXCW9J/1030-an72-dam-06-07-23.jpg,2023-07-07,62,258,3,7-622583
Russia,Soviet Union,1 BMK-MO towing and motor boat,damaged,https://i.postimg.cc/NMP650Cj/1040-BMK-MO-dam-3-11.jpg,2022-11-08,68,264,3,7-682643
Russia,Soviet Union,1 BTR-50 with BPU-1 turret,damaged,https://i.postimg.cc/1XFNKS6T/1041-btr50-with-bpu1-turret-dam-aband-25-12-23.jpg,2024-02-09,81,277,3,7-812773
Russia,Soviet Union,1 BTR-80 with 57mm UB-32 unguided aircraft rocket pods,damaged,https://twitter.com/UAWeapons/status/1670712082826764288,2023-06-21,84,280,3,7-842803
Russia,Russia,1 BTR-90,damaged,https://i.postimg.cc/J7JbkV0G/1033-btr90-dam-aband-22-10-23.jpg,2023-12-13,86,282,3,7-862823
Russia,Russia,1 Beriev Be-200 amphibious flying boat,damaged,https://i.postimg.cc/CxbSVzC8/1076-be-200-dam-05-04-24.jpg,2024-04-11,88,284,3,7-882843
Russia,Soviet Union,1 Il-22 airborne command post,damaged,https://i.postimg.cc/wxtPmTsw/1051-Il-22-dam-03-04-22.jpg,2023-02-12,105,303,3,7-1053033
Russia,Russia,1 Launcher for S-300 or S-400,damaged,https://i.postimg.cc/mg2845KD/1049-Launcher-for-S-300-or-400-dam-12-06-24.jpg,2024-06-15,125,324,3,7-1253243
Russia,Soviet Union,1 LuAZ-969,damaged,https://i.postimg.cc/j2G0Sdgk/1016-LUAZ-969-dam-capt.jpg,2022-10-12,128,327,3,7-1283273
Russia,Soviet Union,1 MT-LB with 82-mm automatic mortar 2B9 Vasilek,damaged,https://i.postimg.cc/nhSS6vgt/1037-MT-LB-with-82-mm-automatic-mortar-2-B9-Vasilek-dam-12-06-23.jpg,2023-06-14,137,337,3,7-1373373
Russia,Soviet Union,1 MTU-20 bridge layer,damaged,https://i.postimg.cc/853Ms5Vg/1032-MTU-20-bridge-layer-dam-aband-22-03-25.jpg,2025-05-14,145,346,3,7-1453463
Russia,Soviet Union,1 Mi-26 heavy transport helicopter,damaged,https://i.postimg.cc/LsfHKskt/1022-Mi-26-heavy-transport-helicopter-damaged-beyond-repair-28-06-25.jpg,2025-07-05,146,347,3,7-1463473
Russia,North Korea,1 Pongae M-2020,damaged,https://i.postimg.cc/Dw36LLXD/1007-Pongae-M-2020-dam-13-01-25.jpg,2025-01-16,163,364,3,7-1633643
Russia,Russia,1 Project 11356R Admiral Grigorovich-class frigate,damaged,https://twitter.com/UAWeapons/status/1586363908071489536,2022-10-30,166,367,3,7-1663673
Russia,Soviet Union,1 Project 1176 Ondatra-class landing craft,damaged,https://i.postimg.cc/bJrq67pm/1036-Ondatra-serna-class-dam-10-11-23.jpg,2023-11-14,167,368,3,7-1673683
Russia,Russia,1 Project 18280 'Yuri Ivanov' class reconnaissance ship,damaged,https://i.postimg.cc/s2kMtwKv/1029-Project-18280-Yuri-Ivanov-class-reconnaissance-ship-dam-23-03-24.jpg,2024-04-08,169,370,3,7-1693703
Russia,Russia,1 Project 266M Natya-class minesweeper,damaged,https://twitter.com/UAWeapons/status/1586363908071489536,2022-10-30,172,367,3,7-1723673
Russia,Russia,1 R-416GM radio relay station,damaged,https://i.postimg.cc/KjTFjMSQ/1028-R-416-GM-radio-relay-station-dam-13-06-24.jpg,2024-06-16,180,381,3,7-1803813
Russia,Russia,1 STS Sarmat-3,damaged,https://i.postimg.cc/wTRh0CDP/1055-STS-Sarmat-3-dam-23-10-24.jpg,2024-10-27,192,393,3,7-1923933
Russia,Soviet Union,1 Stenka-class patrol boat,damaged,https://i.postimg.cc/dt1W6k0n/1009-Project-205-P-Tarantul-class-border-patrol-ship-dam-29-12-23.jpg,2024-04-28,196,397,3,7-1963973
Russia,Soviet Union,1 Su-27 multirole aircraft,damaged,https://twitter.com/RALee85/status/1635691846977433616,2023-03-16,197,398,3,7-1973983
Russia,Russia,1 Su-57 Stealth multirole fighter,damaged,https://i.postimg.cc/q7jfGV73/1000-su57-dam-08-06-24.jpg,2024-06-09,199,400,3,7-1994003
Russia,Soviet Union,1 T-54-3M,damaged,https://i.postimg.cc/s29RHpfN/1036-T-54-3-M-dam-aband-21-02-24.jpg,2024-02-23,203,405,3,7-2034053
Russia,Soviet Union,1 T-55,damaged,https://i.postimg.cc/jdFBJdQb/1027-t55-dam-05-08-23.jpg,2023-08-09,205,407,3,7-2054073
Russia,Soviet Union,1 T-62MV,damaged,https://twitter.com/UAWeapons/status/1577189346587082752,2022-10-05,211,413,3,7-2114133
Russia,Soviet Union,1 Tu-22M3 strategic bomber,damaged,https://i.postimg.cc/9QQZqq8t/559.png,2022-12-06,227,430,3,7-2274303
Russia,Soviet Union,1 Tu-95MS strategic bomber,damaged,https://i.postimg.cc/DycJR6ZF/68.png,2022-12-08,228,431,3,7-2284313
Russia,Soviet Union,1 Unknown MT-LBu variant,damaged,https://i.postimg.cc/yd5p4vYg/1008-Buk-M3-dam-20-10-23.jpg,2023-10-22,236,439,3,7-2364393
Russia,Russia,1 Unknown Tor variant,damaged,https://i.postimg.cc/d0WhSC70/1026-Launcher-for-Tor-dam-02-07-23.jpg,2023-07-14,239,442,3,7-2394423
Russia,Russia,"1 VPK-59095S ""VPK-Ural""",damaged,https://i.postimg.cc/fTmSMP32/1036-VPK-59095-S-VPK-Ural-dam-13-10-23.jpg,2023-10-15,256,459,3,7-2564593
Russia,Russia,1 ZSA-Т Armoured Ambulance,damaged,https://i.postimg.cc/Vs7Q6c9C/1056-ZSA-Armoured-Ambulance-dam-21-01-24.jpg,2024-01-24,260,463,3,7-2604633
Russia,Russia,10 BMP-2M 675-sb3KDZ,damaged,https://i.postimg.cc/hvsT7fqR/1318-BMP-2-M-675-sb3-KDZ-dam-aband-21-10-24.jpg,2024-10-23,282,489,3,7-2824893
Russia,Russia,10 KamAZ-5350 with armoured cab,damaged,https://twitter.com/UAWeapons/status/1568344642105532418,2022-09-10,294,505,3,7-2945053
Russia,Soviet Union,10 Tu-95MS strategic bomber,damaged,https://x.com/MarcinRogowsk14/status/1948108094807932987,2025-07-27,309,523,3,7-3095233
Russia,Soviet Union,10 UAZ-452 van,damaged,https://i.postimg.cc/Hk2737Xj/1005-uaz452.jpg,2022-08-08,312,527,3,7-3125273
Russia,Soviet Union,1003 BMP-2(K),damaged,https://i.postimg.cc/c1RSYb7Q/1005-16-10-23.jpg,2023-10-18,328,564,3,7-3285643
Russia,Soviet Union,101 122mm BM-21 Grad,damaged,https://i.postimg.cc/rsCtznQq/1000-bm21-dam-31-01-23.jpg,2023-02-03,332,573,3,7-3325733
Russia,Soviet Union,1019 BMP-2(K),damaged,https://i.postimg.cc/8k7gWzN9/1043-bmp2-dam-22-10-23.jpg,2023-10-28,343,606,3,7-3436063
Russia,Soviet Union,1019 BMP-2(K),damaged,https://i.postimg.cc/FHtWY9Hy/1026-bmp2-dam-aband-24-10-23.jpg,2023-10-28,343,607,3,7-3436073
Russia,Soviet Union,102 T-80BV,damaged,https://twitter.com/UAWeapons/status/1572198403517419523,2022-09-22,349,619,3,7-3496193
Russia,Soviet Union,1021 BMP-2(K),damaged,https://i.postimg.cc/brS69FkB/1038-BMP-2-K-dam-22-10-23.jpg,2023-10-25,357,643,3,7-3576433
Russia,Soviet Union,1029 BMP-2(K),damaged,https://i.postimg.cc/fR4pJxQy/1006-bmp2-dam-aband-20-10-23.jpg,2023-11-02,362,658,3,7-3626583
Russia,Soviet Union,103 152mm 2A65 Msta-B howitzer,damaged,https://i.postimg.cc/15Kzks2R/1002-Msta-B-dam-09-08-23.jpg,2023-08-12,365,669,3,7-3656693
Russia,Soviet Union,103 152mm 2S19 Msta-S,damaged,https://twitter.com/UAWeapons/status/1624140520535560202,2023-02-12,366,670,3,7-3666703
Russia,Soviet Union,103 T-72B Obr. 1989,damaged,https://i.postimg.cc/RC7s855Y/1016-t72b1989-dam-aband-06-03-24.jpg,2024-04-08,369,681,3,7-3696813
Russia,Soviet Union,103 T-72B Obr. 1989,damaged,https://i.postimg.cc/XvBxktkQ/1024-t72b1989-dam-aband.png,2024-04-08,369,682,3,7-3696823
Russia,Soviet Union,104 152mm 2S19 Msta-S,damaged,https://i.postimg.cc/3wBPMFVV/1007-msta-s-dam-10-02-23.jpg,2023-02-21,380,704,3,7-3807043
Russia,Soviet Union,104 BMP-1(P),damaged,https://i.postimg.cc/906fchkJ/1004.jpg,2022-07-08,381,707,3,7-3817073
Russia,Soviet Union,1044 BMP-2(K),damaged,https://i.postimg.cc/C5NLY96W/1037-2x-dam-aband-bmp2-1x-brem-1-aband-08-11-23.jpg,2023-11-10,394,739,3,7-3947393
Russia,Soviet Union,1046 BMP-2(K),damaged,https://i.postimg.cc/XNRKK3g7/1010-1x-destr-2x-dam-aband-bmp2-11-11-23.jpg,2023-11-14,397,747,3,7-3977473
Russia,Soviet Union,105 152mm 2A65 Msta-B howitzer,damaged,https://i.postimg.cc/KYGDXkhW/1000-msta-b-dam-16-08-23.jpg,2023-08-21,401,755,3,7-4017553
Russia,Russia,105 T-80BVM,damaged,https://i.postimg.cc/26Nz63yR/1023-2x-bmp2-destr-2x-t72b-destr-T-80-BVM-abandoned-15-06-23.jpg,2023-11-24,407,763,3,7-4077633
Russia,Soviet Union,1052 BMP-2(K),damaged,https://i.postimg.cc/P5MjxXgB/1022-bmp2-dam-aband-16-11-23.jpg,2023-11-20,412,774,3,7-4127743
Russia,Soviet Union,1057 BMP-2(K),damaged,https://i.postimg.cc/sx548Vzw/1052-bmp2-dam-19-11-23.jpg,2023-11-27,414,778,3,7-4147783
Russia,Soviet Union,1057 BMP-2(K),damaged,https://twitter.com/666_mancer/status/1729869188200878223,2023-12-01,414,779,3,7-4147793
Russia,Soviet Union,1059 BMP-2(K),damaged,https://i.postimg.cc/qMDbsMNN/1003-bmp2-dam-aband-07-12-23.jpg,2023-12-10,415,782,3,7-4157823
Russia,Soviet Union,106 152mm 2A65 Msta-B howitzer,damaged,https://i.postimg.cc/6ptgzzG6/1003-Msta-B-dam-30-06-23.jpg,2023-08-24,417,784,3,7-4177843
Russia,Soviet Union,106 152mm 2S19 Msta-S,damaged,https://i.postimg.cc/wB6gvVZn/1030-msta-s-dam-22-02-23.jpg,2023-02-23,418,786,3,7-4187863
Russia,Russia,106 T-80BV Obr. 2022,damaged,https://i.postimg.cc/MTWJ3mRg/1007-T-80-Obr-2022-dam-aband-15-12-24.jpg,2025-05-30,423,796,3,7-4237963
Russia,Russia,106 T-80BVM,damaged,https://i.postimg.cc/2jP46K1C/1029-t80bvm-dam-aband-03-12-23.jpg,2023-12-08,424,797,3,7-4247973
Russia,Russia,106 T-80U,damaged,https://i.postimg.cc/442HwP3x/1000-T-80-U-dam-capt-23-03-22.jpg,2025-08-21,425,798,3,7-4257983
Russia,Russia,1060 KamAZ 6x6,damaged,https://i.postimg.cc/BbrGJXKs/1128-Kam-AZ-6x6-dam-07-10-24.jpg,2024-10-22,428,815,3,7-4288153
Russia,Soviet Union,1063 BMP-2(K),damaged,https://i.postimg.cc/sxqKXn8h/1045-bmp2-dam-aband-19-10-23.jpg,2023-12-13,430,820,3,7-4308203
Russia,Soviet Union,1063 BMP-2(K),damaged,https://i.postimg.cc/DzTjLMzQ/1065-bmp2-dam-aband-11-12-23.jpg,2023-12-13,430,821,3,7-4308213
Russia,Soviet Union,1067 BMP-2(K),damaged,https://i.postimg.cc/d1fPQpvM/1061-1x-bmp3-2x-bmp2-dam-aband-14-12-23.jpg,2023-12-17,433,834,3,7-4338343
Russia,Soviet Union,1067 BMP-2(K),damaged,https://i.postimg.cc/qBY4phMt/1063-bmp2-dam-aband-16-12-23.jpg,2023-12-17,433,835,3,7-4338353
Russia,Soviet Union,107 UAZ-452 van,damaged,https://twitter.com/Danspiun/status/1758266746853568920,2024-02-18,444,853,3,7-4448533
Russia,Soviet Union,108 152mm 2A65 Msta-B howitzer,damaged,https://i.postimg.cc/gkCctfsL/47.png,2023-09-04,454,872,3,7-4548723
Russia,Soviet Union,108 T-62M,damaged,https://i.postimg.cc/85J24WHX/1021-T-62-M-dam-13-09-24.jpg,2024-09-16,456,876,3,7-4568763
Russia,Russia,109 BTR-82AT,damaged,https://i.postimg.cc/KcRp6JKV/1009-BTR-82-AT-dam-aband-09-05-24.jpg,2024-05-24,467,899,3,7-4678993
Russia,Soviet Union,1094 BMP-2(K),damaged,https://twitter.com/NOELreports/status/1737582581040775382,2024-01-09,478,938,3,7-4789383
Russia,Soviet Union,1094 BMP-2(K),damaged,https://i.postimg.cc/9XN6K7d4/1044-bmp2-dam-24-12-23.jpg,2024-01-09,478,939,3,7-4789393
Russia,Soviet Union,1094 BMP-2(K),damaged,https://i.postimg.cc/1XMG7XCY/1037-bmp2-dam-aband-12-12-23.jpg,2024-01-09,478,940,3,7-4789403
Russia,Soviet Union,1094 BMP-2(K),damaged,https://i.postimg.cc/BvppPf17/1009-bmp2-aband-25-01-23.jpg,2024-01-09,478,941,3,7-4789413
Russia,Soviet Union,1094 BMP-2(K),damaged,https://i.postimg.cc/Gtqbx9Wm/1061-4x-bmp2-dam-aband-14-12-23.jpg,2024-01-09,478,943,3,7-4789433
Russia,Soviet Union,1094 BMP-2(K),damaged,https://i.postimg.cc/7YZnjtkT/1005-bmp2-dam-aband-20-12-23.png,2024-01-09,478,944,3,7-4789443
Russia,Soviet Union,1094 BMP-2(K),damaged,https://i.postimg.cc/02j8JvfS/1017-bmp2-dam-aband-15-12-23.jpg,2024-01-09,478,945,3,7-4789453
Russia,Soviet Union,1094 BMP-2(K),damaged,https://i.postimg.cc/wTndym3K/1031-bmp2-dam-aband-24-12-23.jpg,2024-01-09,478,946,3,7-4789463
Russia,Soviet Union,1094 BMP-2(K),damaged,https://i.postimg.cc/QC5CYVZs/1012-bmp2-dam-aband-28-12-23.jpg,2024-01-09,478,948,3,7-4789483
Russia,Soviet Union,1094 BMP-2(K),damaged,https://i.postimg.cc/SNQLhJp5/1014-bmp2-dam-aband-04-01-24.jpg,2024-01-09,478,951,3,7-4789513
Russia,Soviet Union,1098 BMP-2(K),damaged,https://i.postimg.cc/T3JS7sdQ/1012-bmp2-and-mtlb-aband-08-01-24.jpg,2024-01-10,481,958,3,7-4819583
Russia,Russia,11 122mm 2B17 Tornado-G,damaged,https://i.postimg.cc/KvhG6nKh/1003-bm21-grad-dam-capt.jpg,2022-10-18,486,964,3,7-4869643
Russia,Soviet Union,11 IMR-2(M) combat engineering vehicle,damaged,https://i.postimg.cc/B6tqKYCg/1014-IMR2.jpg,2022-09-12,510,994,3,7-5109943
Russia,Soviet Union,11 River link pontoon (for PP-2005 floating bridge system),damaged,https://i.postimg.cc/KYvS2sVb/1011-River-link-pontoon-for-PP-91-2005-floating-bridge-system-dam-20-08-24.jpg,2024-08-25,523,1008,3,7-52310083
Russia,Soviet Union,11 River link pontoon (for PP-2005 floating bridge system),damaged,https://i.postimg.cc/P5Hn6qQP/1010-River-link-pontoon-for-PP-91-2005-floating-bridge-system-dam-20-08-24.jpg,2024-08-25,523,1009,3,7-52310093
Russia,Soviet Union,11 Tu-22M3 strategic bomber,damaged,https://i.postimg.cc/8CDSHjKN/1050-Tu-22-M3-strategic-bomber-dam-01-06-25.jpg,2025-06-08,531,1023,3,7-53110233
Russia,Soviet Union,11 Tu-22M3 strategic bomber,damaged,https://i.postimg.cc/rw5TxS9f/1051-Tu-22-M3-strategic-bomber-dam-01-06-25.jpg,2025-06-08,531,1024,3,7-53110243
Russia,Soviet Union,11 UAZ-452 van,damaged,https://i.postimg.cc/HxGSMy5N/1013-uaz452.jpg,2022-08-18,534,1027,3,7-53410273
Russia,Soviet Union,1101 BMP-2(K),damaged,https://i.postimg.cc/L4Y70c5N/1015-bmp2-dam-aband-03-01-24.jpg,2024-01-19,550,1068,3,7-55010683
Russia,Russia,1104 KamAZ 6x6,damaged,https://i.postimg.cc/W1WL3grc/1027-Kam-AZ-6x6-dam-aband-09-01-25.jpg,2025-02-11,551,1077,3,7-55110773
Russia,Soviet Union,111 122mm BM-21 Grad,damaged,https://i.postimg.cc/50gQBpj6/1009-bm21-dam-25-03-23.jpg,2023-03-30,553,1083,3,7-55310833
Russia,Russia,111 T-80BVM,damaged,https://i.postimg.cc/XqF94zbR/1013-t80bvm-dam-08-01-24.jpg,2024-01-19,563,1099,3,7-56310993
Russia,Soviet Union,1112 BMP-2(K),damaged,https://i.postimg.cc/prMYWzBH/1065-bmp2-dam-aband-17-01-24.jpg,2024-01-21,567,1112,3,7-56711123
Russia,Soviet Union,1112 BMP-2(K),damaged,https://i.postimg.cc/PxwQn2Yy/1064-bmp2-dam-aband-17-01-24.jpg,2024-01-21,567,1113,3,7-56711133
Russia,Soviet Union,1112 BMP-2(K),damaged,https://i.postimg.cc/8P1MZ1Kt/1046-bmp2-dam-aband-18-01-24.jpg,2024-01-21,567,1114,3,7-56711143
Russia,Soviet Union,1119 BMP-2(K),damaged,https://i.postimg.cc/m2YVtZRZ/1018-bmp2-dam-aband-20-01-24.jpg,2024-01-24,571,1136,3,7-57111363
Russia,Soviet Union,1119 BMP-2(K),damaged,https://i.postimg.cc/sfZTC9Nh/1011-bmp2-dam-aband-21-01-24.jpg,2024-01-24,571,1137,3,7-57111373
Russia,Soviet Union,1119 BMP-2(K),damaged,https://i.postimg.cc/mkMj3BHw/1010-bmp2-dam-aband-21-01-24.jpg,2024-01-24,571,1138,3,7-57111383
Russia,Soviet Union,112 MT-LBVM and MT-LBVMK,damaged,https://i.postimg.cc/Y0Rs4CTd/2022-10-01-MT-LBVM.jpg,2022-10-02,577,1151,3,7-57711513
Russia,Russia,112 T-80BVM,damaged,https://i.postimg.cc/hPJTRzdX/1006-T-80-BVM-dam-aband-22-01-24.jpg,2024-01-24,578,1153,3,7-57811533
Russia,Soviet Union,112 Unknown BMP-1/2,damaged,https://i.postimg.cc/nz2SWCgX/31d.png,2023-03-29,579,1156,3,7-57911563
Russia,Soviet Union,1122 BMP-2(K),damaged,https://i.postimg.cc/90xyt7s1/1056-2x-bmp2-dam-aband-22-01-24.jpg,2024-01-27,582,1165,3,7-58211653
Russia,Soviet Union,113 122mm BM-21 Grad,damaged,https://i.postimg.cc/zDpt4zzV/1006-bm21-dam-24-04-23.jpg,2023-05-02,589,1186,3,7-58911863
Russia,Russia,113 T-80BVM,damaged,https://i.postimg.cc/5tBhF53K/1030-t80bvm-dam-16-02-24.jpg,2024-02-18,596,1204,3,7-59612043
Russia,Soviet Union,113 UAZ-452 van,damaged,https://i.postimg.cc/wvvSqcM0/1025-UAZ-452-dam-aband-08-03-24.jpg,2024-04-08,597,1208,3,7-59712083
Russia,Soviet Union,1131 BMP-2(K),damaged,https://i.postimg.cc/rpwxYVHt/1005-bmp2-dam-aband-18-12-23.jpg,2024-01-30,601,1218,3,7-60112183
Russia,Soviet Union,1131 BMP-2(K),damaged,https://i.postimg.cc/ZqwFTBNc/1010-bmp2-dam-aband-18-12-23.jpg,2024-01-30,601,1219,3,7-60112193
Russia,Soviet Union,1131 BMP-2(K),damaged,https://i.postimg.cc/ZR0P0bFh/1013-bmp2-dam-aband-23-01-24.jpg,2024-01-30,601,1220,3,7-60112203
Russia,Soviet Union,1131 BMP-2(K),damaged,https://i.postimg.cc/W1n0nF5v/1019-bmp2-dam-aband-18-12-23.jpg,2024-01-30,601,1221,3,7-60112213
Russia,Soviet Union,1131 BMP-2(K),damaged,https://i.postimg.cc/rwcSxCCj/1020-bmp2-dam-aband-28-01-24.jpg,2024-01-30,601,1222,3,7-60112223
Russia,Russia,114 BTR-82AT,damaged,https://i.postimg.cc/vZGdz2dg/1044-BTR-82-AT-dam-27-05-24.jpg,2024-05-31,604,1227,3,7-60412273
Russia,Soviet Union,1142 BMP-2(K),damaged,https://i.postimg.cc/ZKBthJgL/1005-bmp2-dam-04-02-24.jpg,2024-02-09,610,1242,3,7-61012423
Russia,Soviet Union,1142 BMP-2(K),damaged,https://i.postimg.cc/ZndMTxnx/1017-bmp2-dam-aband-28-01-24.jpg,2024-02-09,610,1243,3,7-61012433
Russia,Soviet Union,115 BMP-1(P),damaged,https://i.postimg.cc/4NDTHKWz/1000-bmp-1.jpg,2022-08-05,620,1274,3,7-62012743
Russia,Soviet Union,1154 BMP-2(K),damaged,https://i.postimg.cc/7Yq8y5KQ/1006-bmp2-dam-aband-06-02-24.jpg,2024-02-15,633,1296,3,7-63312963
Russia,Soviet Union,1154 BMP-2(K),damaged,https://i.postimg.cc/vHXR8Gj8/1039-bmp2-dam-aband-29-01-24.jpg,2024-02-15,633,1297,3,7-63312973
Russia,Soviet Union,1158 BMP-2(K),damaged,https://i.postimg.cc/FKxSJCnB/1017-bmp2-dam-17-02-24.jpg,2024-02-18,636,1304,3,7-63613043
Russia,Soviet Union,1158 BMP-2(K),damaged,https://i.postimg.cc/Bnnc0gRT/1002-T80-BV-destr-2x-bmp1-dam-aband-23-02-23.jpg,2024-02-18,636,1305,3,7-63613053
Russia,Soviet Union,116 152mm 2A65 Msta-B howitzer,damaged,https://i.postimg.cc/c4cqYB5w/1062-msta-b-dam-17-10-23.jpg,2023-10-22,637,1307,3,7-63713073
Russia,Soviet Union,116 152mm 2A65 Msta-B howitzer,damaged,https://i.postimg.cc/CK46FdKQ/1032-msta-b-dam-08-09-23.jpg,2024-01-09,637,1308,3,7-63713083
Russia,Soviet Union,116 BTR-80,damaged,https://i.postimg.cc/mZNMWDS4/1004-btr80-dam-aband.jpg,2022-10-21,638,1309,3,7-63813093
Russia,Soviet Union,1172 BMP-2(K),damaged,https://i.postimg.cc/jdnxJH0P/1010-bmp2-dam-aband-28-02-24.jpg,2024-03-02,663,1363,3,7-66313633
Russia,Russia,118 BTR-82AT,damaged,https://i.postimg.cc/8kbkD6Y0/1041-BTR-82-AT-dam-aband-02-06-24.jpg,2024-06-06,667,1369,3,7-66713693
Russia,Soviet Union,118 T-62M,damaged,https://i.postimg.cc/YSVJHGYS/1269-T-62-M-dam-aband-20-10-24.jpg,2024-10-22,670,1383,3,7-67013833
Russia,Russia,118 T-80BVM,damaged,https://i.postimg.cc/Qd4nbQGx/1027-t80bvm-dam-aband-27-02-24.jpg,2024-04-08,671,1387,3,7-67113873
Russia,Russia,118 T-80BVM,damaged,https://i.postimg.cc/BnbjCBjY/1040-T80-BVM-dam-aband-04-05-24.jpg,2024-05-09,671,1391,3,7-67113913
Russia,Soviet Union,12 152mm 2A36 Giatsint-B,damaged,https://twitter.com/UAWeapons/status/1615763761624764417,2023-01-21,693,1430,3,7-69314303
Russia,Soviet Union,12 PTS-2 tracked amphibious transport,damaged,https://i.postimg.cc/L6byhvCV/1003-PTS-2-dam-capt.jpg,2022-12-15,712,1452,3,7-71214523
Russia,Russia,12 T-90M,damaged,https://i.postimg.cc/NfvGCqFJ/1043-t90m-dam-aband-18-02-23.jpg,2023-02-21,723,1478,3,7-72314783
Russia,Soviet Union,12 UAZ-452 van,damaged,https://i.postimg.cc/02942jVH/1009-uar452.jpg,2022-09-09,726,1481,3,7-72614813
Russia,Soviet Union,120 152mm 2A65 Msta-B howitzer,damaged,https://i.postimg.cc/J4YF0n3h/1063-msta-b-dam-10-03-24.jpg,2024-04-08,732,1492,3,7-73214923
Russia,Soviet Union,120 UAZ-452 van,damaged,https://i.postimg.cc/wT68vWPY/1017-UAZ-452-dam-aband-18-08-24.jpg,2024-08-22,740,1503,3,7-74015033
Russia,Soviet Union,120mm 2B16 Nona-K howitzer,damaged,https://i.postimg.cc/q79rzL7Q/478.png,2022-04-06,745,1526,3,7-74515263
Russia,Soviet Union,121 152mm 2A65 Msta-B howitzer,damaged,https://i.postimg.cc/fyHVF5Dz/1014-2-A65-Msta-B-howitzer-dam-16-07-24.jpg,2024-09-05,749,1553,3,7-74915533
Russia,Soviet Union,122 Unknown BMP-1/2,damaged,https://i.postimg.cc/jdKxj2FJ/1019-2x-T64bv-destr-18-07-23.jpg,2023-07-20,771,1597,3,7-77115973
Russia,Soviet Union,1220 BMP-2(K),damaged,https://i.postimg.cc/kXnGx2Gb/1029-bmp2-dam-21-03-24.jpg,2024-04-08,773,1650,3,7-77316503
Russia,Soviet Union,1220 BMP-2(K),damaged,https://i.postimg.cc/C18BzF3J/1039-bmp2-dam-aband-26-03-24.jpg,2024-04-08,773,1651,3,7-77316513
Russia,Soviet Union,1220 BMP-2(K),damaged,https://i.postimg.cc/Fzhrg6r4/1032-bmp2-dam-aband-21-03-24.jpg,2024-04-08,773,1652,3,7-77316523
Russia,Soviet Union,1220 BMP-2(K),damaged,https://i.postimg.cc/DwRcXGM5/1036-bmp2-dam-aband-15-03-24.jpg,2024-04-08,773,1653,3,7-77316533
Russia,Soviet Union,1220 BMP-2(K),damaged,https://i.postimg.cc/D0y8Kyy3/1043-bmp2-dam-aband-09-03-24.jpg,2024-04-08,773,1654,3,7-77316543
Russia,Soviet Union,1220 BMP-2(K),damaged,https://i.postimg.cc/bN5dKh74/1046-bmp2-dam-aband-09-03-24.jpg,2024-04-08,773,1655,3,7-77316553
Russia,Soviet Union,1220 BMP-2(K),damaged,https://i.postimg.cc/gj4DXBC6/1077-2x-bmp2-dam-aband-19-03-24.jpg,2024-04-08,773,1656,3,7-77316563
Russia,Soviet Union,1220 BMP-2(K),damaged,https://i.postimg.cc/wTTF8gN5/1067-bmp2-dam-aband-17-03-24.jpg,2024-04-08,773,1657,3,7-77316573
Russia,Soviet Union,1220 BMP-2(K),damaged,https://i.postimg.cc/MpTqpTfs/1064-bmp2-dam-aband-01-04-24.jpg,2024-04-08,773,1658,3,7-77316583
Russia,Soviet Union,1220 BMP-2(K),damaged,https://i.postimg.cc/rmSLPR7p/1070-bmp2-dam-aband-01-04-24.jpg,2024-04-08,773,1659,3,7-77316593
Russia,Soviet Union,1220 BMP-2(K),damaged,https://i.postimg.cc/Zqvm6Mcp/1071-bmp2-dam-aband-01-04-24.jpg,2024-04-08,773,1660,3,7-77316603
Russia,Soviet Union,1220 BMP-2(K),damaged,https://i.postimg.cc/HLKNBQgf/1000-bmp2-dam-aband-17-03-24.jpg,2024-04-08,773,1661,3,7-77316613
Russia,Soviet Union,1220 BMP-2(K),damaged,https://i.postimg.cc/gkqfmXVZ/1002-bmp2-dam-aband-02-04-24.jpg,2024-04-08,773,1662,3,7-77316623
Russia,Soviet Union,122mm 2S1 Gvozdika,damaged,https://i.postimg.cc/pXrnFmJS/48j.png,2022-06-29,778,1707,3,7-77817073
Russia,Soviet Union,122mm 2S1 Gvozdika,damaged,https://i.postimg.cc/5t3YHBgX/1005-2s1-gvozdika.jpg,2022-08-31,778,1710,3,7-77817103
Russia,Soviet Union,122mm 2S1 Gvozdika,damaged,https://i.postimg.cc/7L6thF7Y/1051-2s1-dam-15-12-23.jpg,2023-12-17,778,1734,3,7-77817343
Russia,Soviet Union,122mm 2S1 Gvozdika,damaged,https://i.postimg.cc/QCf4BJ8C/1041-2s1-dam-06-06-24.jpg,2024-06-11,778,1762,3,7-77817623
Russia,Soviet Union,122mm 2S1 Gvozdika,damaged,https://i.postimg.cc/1RBYYsGS/1040-2s1-dam-06-06-24.jpg,2024-06-11,778,1763,3,7-77817633
Russia,Soviet Union,122mm 9P138 Grad-1,damaged,https://i.postimg.cc/7h5WjdG0/27.png,2023-09-13,779,1803,3,7-77918033
Russia,Soviet Union,122mm 9P138 Grad-1,damaged,https://i.postimg.cc/4yD1RPnn/41.png,2023-09-13,779,1804,3,7-77918043
Russia,Soviet Union,122mm 9P138 Grad-1,damaged,https://i.postimg.cc/Vs2vxf9Y/1058-9-P138-Grad-1-dam-05-05-24.jpg,2024-05-09,779,1812,3,7-77918123
Russia,Soviet Union,122mm 9P138 Grad-1,damaged,https://i.postimg.cc/CKwQ323K/1058-9-P138-for-9-K55-Grad-1-dam-06-09-24.jpg,2024-09-09,779,1816,3,7-77918163
Russia,Soviet Union,122mm BM-21 'Grad',damaged,https://i.postimg.cc/s2wR9DPH/768.png,2022-03-19,780,1841,3,7-78018413
Russia,Soviet Union,122mm BM-21 'Grad',damaged,https://i.postimg.cc/kGHcy5Hv/31.png,2022-03-26,780,1852,3,7-78018523
Russia,Soviet Union,122mm BM-21 'Grad',damaged,https://i.postimg.cc/jjfczBpW/856.jpg,2022-05-01,780,1869,3,7-78018693
Russia,Soviet Union,122mm BM-21 'Grad',damaged,https://i.postimg.cc/QtHX5cSf/332.png,2022-05-05,780,1870,3,7-78018703
Russia,Soviet Union,122mm BM-21 Grad,damaged,https://i.postimg.cc/RZnpMSc8/43f6.png,2022-05-23,781,1875,3,7-78118753
Russia,Soviet Union,122mm D-30 howitzer,damaged,https://i.postimg.cc/L6kyMdBp/76.png,2023-09-13,782,1888,3,7-78218883
Russia,Soviet Union,122mm D-30 howitzer,damaged,https://i.postimg.cc/QC9mmJjK/653.png,2023-09-22,782,1889,3,7-78218893
Russia,Soviet Union,122mm D-30 howitzer,damaged,https://i.postimg.cc/8ChZW4nt/1031-d30-dam-11-10-23.jpg,2023-10-15,782,1895,3,7-78218953
Russia,Soviet Union,122mm D-30 howitzer,damaged,https://i.postimg.cc/c4XpXBdj/1038-d30-dam-15-12-23.jpg,2023-12-17,782,1898,3,7-78218983
Russia,Soviet Union,122mm D-30 howitzer,damaged,https://i.postimg.cc/6pXCfvmd/1036-d30-dam-15-12-23.jpg,2024-01-09,782,1899,3,7-78218993
Russia,Soviet Union,122mm D-30 howitzer,damaged,https://i.postimg.cc/Y97WZJKx/1053-d30-dam-06-02-24.jpg,2024-02-09,782,1902,3,7-78219023
Russia,Soviet Union,122mm D-30 howitzer,damaged,https://i.postimg.cc/NG2Cg1Cy/1029-d30-dam-22-03-24.jpg,2024-04-08,782,1903,3,7-78219033
Russia,Soviet Union,122mm D-30 howitzer,damaged,https://i.postimg.cc/CLyPdz9c/1030-d30-dam-22-03-24.jpg,2024-04-08,782,1904,3,7-78219043
Russia,Soviet Union,122mm D-30 howitzer,damaged,https://i.postimg.cc/mrnNnpry/1032-D-30-howitzer-dam-27-03-24.jpg,2024-04-08,782,1905,3,7-78219053
Russia,Soviet Union,122mm D-30 howitzer,damaged,https://i.postimg.cc/26mJxnzT/1040-D-30-howitzer-dam-07-04-24.jpg,2024-04-11,782,1907,3,7-78219073
Russia,Soviet Union,122mm D-30 howitzer,damaged,https://i.postimg.cc/1z4hxFL8/1025-D-30-howitzer-dam-17-05-24.jpg,2024-05-24,782,1912,3,7-78219123
Russia,Soviet Union,122mm D-30 howitzer,damaged,https://i.postimg.cc/xChn9P7c/1007-2-A18-D-30-howitzer-dam-09-06-24.jpg,2024-06-16,782,1918,3,7-78219183
Russia,Soviet Union,122mm D-30 howitzer,damaged,https://i.postimg.cc/ry45hT8M/1014-2-A18-D-30-howitzer-dam-17-08-24.jpg,2024-08-22,782,1928,3,7-78219283
Russia,Soviet Union,122mm D-30 howitzer,damaged,https://i.postimg.cc/0ygg9zqd/1015-2-A18-D-30-howitzer-dam-28-08-24.jpg,2024-09-13,782,1929,3,7-78219293
Russia,Soviet Union,122mm D-30 howitzer,damaged,https://i.postimg.cc/HxhhvR9q/1037-D30-dam-07-01-25.jpg,2025-01-10,782,1931,3,7-78219313
Russia,Soviet Union,122mm D-30 howitzer,damaged,https://i.postimg.cc/hvQ3ksCf/1039-D30-dam-07-01-25.jpg,2025-01-10,782,1932,3,7-78219323
Russia,Soviet Union,122mm D-30 howitzer,damaged,https://i.postimg.cc/13Xc1BwL/1027-D30-dam-23-07-24.jpg,2025-01-16,782,1933,3,7-78219333
Russia,Soviet Union,122mm D-30 howitzer,damaged,https://i.postimg.cc/pLSQWjBy/1028-D30-dam-23-07-24.jpg,2025-01-16,782,1934,3,7-78219343
Russia,Soviet Union,122mm D-30 howitzer,damaged,https://i.postimg.cc/gJFvRPQW/1030-D30-dam-08-08-24.jpg,2025-01-16,782,1935,3,7-78219353
Russia,Soviet Union,122mm D-30 howitzer,damaged,https://i.postimg.cc/yNSmkNfj/1031-D30-dam-08-08-24.jpg,2025-01-16,782,1936,3,7-78219363
Russia,Soviet Union,122mm D-30 howitzer,damaged,https://i.postimg.cc/7hq0snqt/1032-D30-dam-08-08-24.jpg,2025-01-16,782,1937,3,7-78219373
Russia,Soviet Union,122mm D-30 howitzer,damaged,https://i.postimg.cc/QtQcJyZW/1033-D30-dam-31-12-24.jpg,2025-01-16,782,1938,3,7-78219383
Russia,Soviet Union,122mm D-30 howitzer,damaged,https://i.postimg.cc/GtzYZT2L/1035-D30-dam-24-08-24.jpg,2025-01-16,782,1939,3,7-78219393
Russia,Soviet Union,122mm D-30 howitzer,damaged,https://i.postimg.cc/gcKvwQKC/1037-D30-dam-12-12-24.jpg,2025-01-16,782,1940,3,7-78219403
Russia,Soviet Union,122mm D-30 howitzer,damaged,https://i.postimg.cc/02277nWb/1038-D30-dam-12-12-24.jpg,2025-01-16,782,1941,3,7-78219413
Russia,Soviet Union,122mm D-30 howitzer,damaged,https://i.postimg.cc/8PKM4v9w/1039-D30-dam-12-12-24.jpg,2025-01-16,782,1942,3,7-78219423
Russia,Soviet Union,122mm D-30 howitzer,damaged,https://i.postimg.cc/wj1JGvdz/1040-D30-dam-31-12-24.jpg,2025-01-16,782,1943,3,7-78219433
Russia,Soviet Union,122mm D-30 howitzer,damaged,https://i.postimg.cc/xCY3H1YH/1000-D30-dam-15-01-25.jpg,2025-01-22,782,1944,3,7-78219443
Russia,Soviet Union,122mm D-30 howitzer,damaged,https://i.postimg.cc/kGgN1Y2g/1001-D30-dam-15-01-25.jpg,2025-01-22,782,1945,3,7-78219453
Russia,Soviet Union,122mm D-30 howitzer,damaged,https://i.postimg.cc/XJ8cg67P/1002-D30-dam-15-01-25.jpg,2025-01-22,782,1946,3,7-78219463
Russia,Soviet Union,122mm D-30 howitzer,damaged,https://i.postimg.cc/LsjVn1d2/1013-D30-dam-19-01-25.jpg,2025-01-22,782,1947,3,7-78219473
Russia,Soviet Union,122mm D-30 howitzer,damaged,https://i.postimg.cc/QCYQRg7k/1014-D30-dam-19-01-25.jpg,2025-01-22,782,1948,3,7-78219483
Russia,Soviet Union,122mm D-30 howitzer,damaged,https://i.postimg.cc/nV3GjxWj/1015-D30-dam-19-01-25.jpg,2025-01-22,782,1949,3,7-78219493
Russia,Soviet Union,122mm D-30 howitzer,damaged,https://i.postimg.cc/023GnfP9/1016-D30-dam-19-01-25.jpg,2025-01-22,782,1950,3,7-78219503
Russia,Soviet Union,122mm D-30 howitzer,damaged,https://i.postimg.cc/NfL7RVhN/1017-D30-dam-19-01-25.jpg,2025-01-22,782,1951,3,7-78219513
Russia,Soviet Union,122mm D-30 howitzer,damaged,https://i.postimg.cc/dtMBSG0S/1038-D30-dam-22-02-24.jpg,2025-02-23,782,1953,3,7-78219533
Russia,Soviet Union,122mm D-30 howitzer,damaged,https://i.postimg.cc/WbMnRtFp/1039-D30-dam-22-02-24.jpg,2025-02-23,782,1954,3,7-78219543
Russia,Soviet Union,122mm D-30 howitzer,damaged,https://i.postimg.cc/RZdLF8Lj/1040-D30-dam-22-02-24.jpg,2025-02-23,782,1955,3,7-78219553
Russia,Soviet Union,122mm D-30 howitzer,damaged,https://i.postimg.cc/W1T7sjgG/1041-D30-dam-22-02-24.jpg,2025-02-23,782,1956,3,7-78219563
Russia,Soviet Union,122mm D-30 howitzer,damaged,https://i.postimg.cc/rs7xMHcW/1028-D-30-howitzer-dam-30-03-25.jpg,2025-04-13,782,1962,3,7-78219623
Russia,Soviet Union,122mm D-30 howitzer,damaged,https://i.postimg.cc/9f5F9TK6/1130-D30-dam-14-04-25.jpg,2025-04-17,782,1963,3,7-78219633
Russia,Soviet Union,122mm D-30 howitzer,damaged,https://i.postimg.cc/x1Gg5wJg/1021-2-A18-D-30-howitzer-dam-01-07-25.jpg,2025-07-02,782,1969,3,7-78219693
Russia,Soviet Union,1230 BMP-2(K),damaged,https://i.postimg.cc/15c8Z07B/1091-bmp2-dam-aband-30-03-24.jpg,2024-05-09,794,2022,3,7-79420223
Russia,Soviet Union,1232 BMP-2(K),damaged,https://i.postimg.cc/g2QfyTVc/1030-bmp2-dam-aband-09-04-24.jpg,2024-04-14,796,2032,3,7-79620323
Russia,Soviet Union,1232 BMP-2(K),damaged,https://i.postimg.cc/1XmT5hQB/1043-bmp2-dam-aband-25-02-24.jpg,2024-04-14,796,2033,3,7-79620333
Russia,Soviet Union,1233 BMP-2(K),damaged,https://i.postimg.cc/j5sbfq7v/1009-bmp2-dam-11-04-24.jpg,2024-04-17,797,2036,3,7-79720363
Russia,Soviet Union,1233 BMP-2(K),damaged,https://i.postimg.cc/qvgFBQhc/1100-bmp2-dam-11-04-22.jpg,2024-04-18,797,2037,3,7-79720373
Russia,Russia,124 BTR-82AT,damaged,https://i.postimg.cc/fThhvxfW/1031-BTR-82-AT-dam-aband-21-06-24.jpg,2024-06-24,801,2046,3,7-80120463
Russia,Russia,124 BTR-82AT,damaged,https://i.postimg.cc/jqfbN8Nk/1032-BTR-82-AT-dam-aband-21-06-24.jpg,2024-06-24,801,2047,3,7-80120473
Russia,Russia,124 BTR-82AT,damaged,https://i.postimg.cc/d3GcY1wK/1033-BTR-82-AT-dam-aband-21-06-24.jpg,2024-06-24,801,2048,3,7-80120483
Russia,Russia,124 GAZ Tigr-M,damaged,https://i.postimg.cc/VNfwTjSQ/1035-gaz-tigr-m-dam-09-02-23.jpg,2023-02-12,802,2052,3,7-80220523
Russia,Russia,125 BMP-3 688A-sb6-2KP,damaged,https://i.postimg.cc/tCND25ZL/1132-BMP-3-688-A-sb6-2-KP-dam-aband-25-01-24.jpg,2024-08-06,812,2083,3,7-81220833
Russia,Russia,125 GAZ Tigr-M,damaged,https://i.postimg.cc/02QTz78X/1033-tigr-m-dam-05-02-23.jpg,2023-02-13,814,2085,3,7-81420853
Russia,Russia,125 T-80BVM,damaged,https://i.postimg.cc/tJH8Dkb3/1026-T-80-BVM-dam-aband-21-06-24.jpg,2024-06-24,817,2089,3,7-81720893
Russia,Russia,125 T-80BVM,damaged,https://i.postimg.cc/7YgcL3mD/1052-T-80-BVM-dam-aband-05-07-24.jpg,2024-07-09,817,2090,3,7-81720903
Russia,Soviet Union,126 152mm 2A65 Msta-B howitzer,damaged,https://i.postimg.cc/Wzb52PtM/1021-2-A65-Msta-B-howitzer-dam-19-07-25.jpg,2025-08-17,826,2117,3,7-82621173
Russia,Russia,127 T-80BVM,damaged,https://i.postimg.cc/FKD7JWnw/1008-T-80-BVM-dam-aband-16-07-24.jpg,2024-07-21,845,2153,3,7-84521533
Russia,Russia,127 Ural-4320 tanker,damaged,https://i.postimg.cc/brjmRZVS/1018-ural-tanker-dam-capt.jpg,2022-11-01,848,2158,3,7-84821583
Russia,Russia,127 Ural-43206,damaged,https://twitter.com/Danspiun/status/1648806156951863306,2023-04-21,849,2161,3,7-84921613
Russia,Soviet Union,1281 BMP-2(K),damaged,https://i.postimg.cc/4yT1VqYz/1050-bmp2-dam-07-06-24.jpg,2024-06-09,862,2193,3,7-86221933
Russia,Soviet Union,1281 BMP-2(K),damaged,https://i.postimg.cc/XJ58Z4Yj/1007-BMP-2-K-dam-aband-30-05-24.jpg,2024-06-09,862,2194,3,7-86221943
Russia,Soviet Union,129 152mm 2S19 Msta-S,damaged,https://twitter.com/UAWeapons/status/1668898603564146688,2023-06-16,864,2197,3,7-86421973
Russia,Soviet Union,129 152mm 2S19 Msta-S,damaged,https://i.postimg.cc/3Ns4bgSG/1004-2-S19-Msta-S-dam-capt-14-06-23.jpg,2023-06-16,864,2198,3,7-86421983
Russia,Russia,129 BMP-3 688A-sb6-2KP,damaged,https://i.postimg.cc/g0npVwnw/1009-BMP-3-688-A-sb6-2-KP-dam-aband-12-08-24.jpg,2024-08-18,866,2204,3,7-86622043
Russia,Russia,129 KamAZ 6x6 tanker,damaged,https://i.postimg.cc/kXmQG6W5/1039-kamaz6x6-tanker-dam-22-12-22.jpg,2023-11-27,868,2206,3,7-86822063
Russia,Soviet Union,1297 BMP-2(K),damaged,https://i.postimg.cc/Bt9Zfm4R/1003-bmp2-dam-aband-09-06-24.jpg,2024-06-11,874,2231,3,7-87422313
Russia,Soviet Union,1297 BMP-2(K),damaged,https://i.postimg.cc/mZcQRhTS/1044-bmp2-dam-aband-06-06-24.jpg,2024-06-11,874,2232,3,7-87422323
Russia,Soviet Union,1297 BMP-2(K),damaged,https://i.postimg.cc/gJ7kNY5z/1056-bmp2-dam-aband-06-08-23.jpg,2024-06-11,874,2233,3,7-87422333
Russia,Soviet Union,13 120mm 2B16 Nona-K gun mortar,damaged,https://i.postimg.cc/52gQ5kvV/1053-120mm-2-B16-Nona-K-howitzer-dam-31-08-23.jpg,2024-01-09,878,2239,3,7-87822393
Russia,Soviet Union,13 1V13(M) battery fire control center,damaged,https://i.postimg.cc/4yqQF3pS/1000-1-V13-dam-capt.jpg,2022-11-08,881,2242,3,7-88122423
Russia,Russia,13 2K22M1 Tunguska,damaged,https://i.postimg.cc/qRGVRh1f/1022-2-S6-Tunguska-dam-13-05-23.jpg,2023-05-17,885,2248,3,7-88522483
Russia,Soviet Union,13 River link pontoon (for unknown floating bridge system),damaged,https://i.postimg.cc/SxgSLn3R/1034-River-link-pontoon-for-unknown-floating-bridge-system-dam-21-08-24.jpg,2024-08-22,908,2285,3,7-90822853
Russia,Soviet Union,13 River link pontoon (for unknown floating bridge system),damaged,https://i.postimg.cc/DydyZjcq/1033-River-link-pontoon-for-unknown-floating-bridge-system-dam-21-08-24.jpg,2024-08-22,908,2286,3,7-90822863
Russia,Soviet Union,13 T-62MV,damaged,https://i.postimg.cc/PrJqBtcm/1011-t62mv-dam-14-02-23.jpg,2023-02-18,911,2289,3,7-91122893
Russia,Soviet Union,131 152mm 2S19 Msta-S,damaged,https://i.postimg.cc/3r6w7Bkc/1060-Msta-S-dam-17-06-23.jpg,2023-06-28,937,2327,3,7-93723273
Russia,Soviet Union,131 T-62M,damaged,https://i.postimg.cc/Prcp2QRb/1411-T-62-M-dam-aband-10-01-25.jpg,2025-03-20,944,2346,3,7-94423463
Russia,Soviet Union,131 T-62M,damaged,https://i.postimg.cc/7PN62jcd/1067-T-62-M-dam-aband-04-03-25.jpg,2025-03-20,944,2347,3,7-94423473
Russia,Soviet Union,132 122mm BM-21 Grad,damaged,https://i.postimg.cc/7ZMXq8dX/1028-2x-122mm-BM-21-Grad-dam-24-06-23.jpg,2023-06-28,952,2367,3,7-95223673
Russia,Soviet Union,132 122mm BM-21 Grad,damaged,https://i.postimg.cc/FKTZJb9L/1019-bm21-dam-23-06-23.jpg,2023-06-28,952,2368,3,7-95223683
Russia,Soviet Union,132 BMP-1(P),damaged,https://i.postimg.cc/GmKgzL7N/1020-bmp1-2.jpg,2022-09-09,953,2369,3,7-95323693
Russia,Soviet Union,1320 BMP-2(K),damaged,https://i.postimg.cc/G3fH45xR/1008-bmp2-dam-aband-24-06-24.jpg,2024-06-30,965,2393,3,7-96523933
Russia,Soviet Union,1325 BMP-2(K),damaged,https://i.postimg.cc/NGzV8jvR/1041-BMP-2-K-dam-aband-07-01-24.jpg,2024-07-15,967,2399,3,7-96723993
Russia,Soviet Union,133 152mm 2S19 Msta-S,damaged,https://i.postimg.cc/xdKc0xWC/1023-Msta-S-dam-05-07-23.jpg,2023-07-07,970,2406,3,7-97024063
Russia,Russia,134 BMP-3 688A-sb6-2KP,damaged,https://i.postimg.cc/m2J7Vy5H/1009-BMP-3-688-A-sb6-2-KP-dam-aband-14-09-24.jpg,2024-09-20,982,2434,3,7-98224343
Russia,Russia,134 GAZ Tigr-M,damaged,https://i.postimg.cc/htPF84Mz/1041-tigr-m-dam-10-05-23.jpg,2023-05-11,984,2437,3,7-98424373
Russia,Russia,135 BMP-3 688A-sb6-2KP,damaged,https://i.postimg.cc/qvFyN15j/1057-BMP-3-688-A-sb6-2-KP-dam-aband-19-09-24.jpg,2024-09-21,998,2468,3,7-99824683
Russia,Soviet Union,135 MT-LBVM and MT-LBVMK,damaged,https://i.postimg.cc/WzxyjhM1/1012-mtlbvmk-dam-capt.jpg,2022-11-12,1002,2476,3,7-100224763
Russia,Soviet Union,1359 BMP-2(K),damaged,https://i.postimg.cc/Qdfhht63/1002-BMP-2-dam-aband-25-08-24.jpg,2024-08-30,1009,2495,3,7-100924953
Russia,Russia,136 BTR-82AT,damaged,https://i.postimg.cc/bN7WwySD/1041-BTR-82-AT-dam-aband-23-07-24.jpg,2024-07-31,1012,2500,3,7-101225003
Russia,Soviet Union,136 UAZ-452 van,damaged,https://i.postimg.cc/Yq3p0BYW/1012-UAZ-452-dam-10-06-25.jpg,2025-07-27,1017,2510,3,7-101725103
Russia,Russia,137 GAZ Tigr-M,damaged,https://i.postimg.cc/nhkK6K9P/1052-tigr-m-dam-25-06-23.jpg,2023-06-28,1028,2537,3,7-102825373
Russia,Soviet Union,139 Unknown BMP-1/2,damaged,https://i.postimg.cc/P5N8Cv7y/1042-unkn-bmp-dam-aband-22-01-24.jpg,2024-01-27,1059,2596,3,7-105925963
Russia,Soviet Union,14 100mm MT-12 anti-tank gun,damaged,https://twitter.com/UAWeapons/status/1648644868929998849,2023-04-21,1063,2603,3,7-106326033
Russia,Russia,14 2K22M1 Tunguska,damaged,https://i.postimg.cc/SQZLr1T9/1021-2-S6-M-combat-vehicle-for-2-K22-M-Tunguska-dam-09-04-24.jpg,2024-04-14,1071,2613,3,7-107126133
Russia,Soviet Union,14 IMR-2(M) combat engineering vehicle,damaged,https://twitter.com/UAWeapons/status/1569229469990227970,2022-09-13,1083,2628,3,7-108326283
Russia,Soviet Union,140 Unknown BMP-1/2,damaged,https://i.postimg.cc/hGNQqmL1/1039-unkn-bmp-dam-aband-09-01-24.jpg,2024-01-21,1110,2666,3,7-111026663
Russia,Soviet Union,140 Unknown BMP-1/2,damaged,https://i.postimg.cc/D0TWSKYW/1042-unkn-bmp-dam-aband-18-01-24.jpg,2024-01-21,1110,2667,3,7-111026673
Russia,Soviet Union,1400 BMP-2(K),damaged,https://i.postimg.cc/hGWygfrD/1196-BMP-2-K-dam-16-10-24.jpg,2024-10-22,1113,2684,3,7-111326843
Russia,Soviet Union,1400 BMP-2(K),damaged,https://i.postimg.cc/qMFDbm6C/1195-BMP-2-K-dam-16-10-24.jpg,2024-10-22,1113,2685,3,7-111326853
Russia,Soviet Union,1400 BMP-2(K),damaged,https://i.postimg.cc/ZRLDw46T/1142-BMP-2-K-dam-aband-03-10-24.jpg,2024-10-22,1113,2686,3,7-111326863
Russia,Soviet Union,1400 BMP-2(K),damaged,https://i.postimg.cc/vByN7cgq/1091-BMP-2-K-dam-aband-12-10-24.jpg,2024-10-22,1113,2687,3,7-111326873
Russia,Soviet Union,142 T-80BV,damaged,https://twitter.com/UAWeapons/status/1581721575597883392,2022-10-17,1137,2747,3,7-113727473
Russia,Soviet Union,1436 BMP-2(K),damaged,https://i.postimg.cc/3RjTypk8/1014-BMP-2-K-dam-aband-08-12-24.jpg,2024-12-12,1153,2790,3,7-115327903
Russia,Soviet Union,1436 BMP-2(K),damaged,https://i.postimg.cc/vZDbPcNh/1016-BMP-2-K-dam-aband-08-12-24.jpg,2024-12-12,1153,2791,3,7-115327913
Russia,Soviet Union,144 122mm BM-21 Grad,damaged,https://i.postimg.cc/y69xrm1L/1043-bm21-dam-15-07-23.jpg,2023-07-17,1155,2796,3,7-115527963
Russia,Soviet Union,144 BMP-1(P),damaged,https://twitter.com/UAWeapons/status/1569295685689954305,2022-09-13,1157,2800,3,7-115728003
Russia,Russia,144 T-80BVM,damaged,https://i.postimg.cc/PxTHf5tx/1101-T-80-BVM-dam-28-02-25.jpg,2025-03-20,1162,2810,3,7-116228103
Russia,Soviet Union,1441 BMP-2(K),damaged,https://i.postimg.cc/HLH9DY7B/1009-BMP-2-K-dam-aband-26-12-24.jpg,2024-12-31,1168,2828,3,7-116828283
Russia,Soviet Union,1449 BMP-2(K),damaged,https://i.postimg.cc/Jn2jNHqV/1002-BMP-2-K-dam-aband-08-01-25.jpg,2025-01-13,1172,2839,3,7-117228393
Russia,Soviet Union,1455 BMP-2(K),damaged,https://i.postimg.cc/QtRMBgwR/1038-BMP-2-dam-aband-31-12-24.jpg,2025-01-19,1182,2858,3,7-118228583
Russia,Soviet Union,146 T-80BV,damaged,https://i.postimg.cc/mgFkH5NF/1500-2x-t80bv-destr-1.jpg,2022-10-18,1190,2876,3,7-119028763
Russia,Russia,149 BTR-82AT,damaged,https://i.postimg.cc/nV1WLFhN/1028-BTR-82-AT-dam-15-08-24.jpg,2024-08-18,1220,2943,3,7-122029433
Russia,Russia,149 BTR-82AT,damaged,https://i.postimg.cc/fRPph8RL/1034-BTR-82-AT-dam-aband-16-08-24.jpg,2024-08-18,1220,2946,3,7-122029463
Russia,Russia,149 Ural-43206,damaged,https://i.postimg.cc/Y0SHCX1p/1073-Ural-43206-dam-08-09-23.jpg,2023-10-22,1225,2954,3,7-122529543
Russia,Soviet Union,15 120mm 2B16 Nona-K gun mortar,damaged,https://i.postimg.cc/wBJN9Gvb/1029-Nona-K-dam-23-07-24.jpg,2025-01-16,1232,2968,3,7-123229683
Russia,Russia,15 152mm 2S33 Msta-SM2,damaged,https://twitter.com/UAWeapons/status/1586070919994576896,2022-10-29,1233,2969,3,7-123329693
Russia,Russia,15 9A310M1-2 TELAR (for Buk-M1-2),damaged,https://i.postimg.cc/MG76ZRCY/1016-buk-dam-04-08-23.jpg,2023-08-06,1241,2979,3,7-124129793
Russia,Russia,15 9A310M1-2 TELAR (for Buk-M1-2),damaged,https://twitter.com/GloOouD/status/1729906105373847841,2023-11-30,1241,2980,3,7-124129803
Russia,Russia,15 BMP-1 675-sb3KDZ,damaged,https://i.postimg.cc/3RphP5Hp/1004-BMP-1-675-sb3-KDZ-dam-aband-30-05-24.jpg,2024-06-06,1243,2983,3,7-124329833
Russia,Soviet Union,15 T-62MV,damaged,https://i.postimg.cc/tgG55XHW/1022-t62mv-dam-aband-23-06-23.jpg,2023-06-25,1255,2997,3,7-125529973
Russia,Soviet Union,150 T-80BV,damaged,https://i.postimg.cc/X7sR125X/1003-t80bv-dam-capt.jpg,2022-10-24,1267,3014,3,7-126730143
Russia,Soviet Union,1508 BMP-2(K),damaged,https://i.postimg.cc/kgDSrzCB/1012-BMP-2-K-dam-aband-06-04-25.jpg,2025-04-10,1272,3028,3,7-127230283
Russia,Russia,151 GAZ Tigr-M,damaged,https://i.postimg.cc/MG5GT2Z0/255.png,2023-09-25,1276,3035,3,7-127630353
Russia,Soviet Union,1510 BMP-2(K),damaged,https://i.postimg.cc/SsdRsMGr/1015-BMP-2-K-dam-aband-07-04-25.jpg,2025-04-13,1282,3051,3,7-128230513
Russia,Russia,152 Ural-4320 tanker,damaged,https://i.postimg.cc/X70VgF1T/1017-ural-tanker-dam-23-02-23.jpg,2023-02-27,1290,3068,3,7-129030683
Russia,Soviet Union,152mm 2A36 Giatsint-B field-gun,damaged,https://i.postimg.cc/RFBncy4r/1006-152mm-2-A36-Giatsint-B-field-gun-dam-09-05-23.jpg,2023-05-17,1295,3088,3,7-129530883
Russia,Soviet Union,152mm 2A36 Giatsint-B field-gun,damaged,https://i.postimg.cc/MGRQfqkb/1007-152mm-2-A36-Giatsint-B-field-gun-dam-09-05-23.jpg,2023-05-17,1295,3089,3,7-129530893
Russia,Soviet Union,152mm 2A36 Giatsint-B field-gun,damaged,https://i.postimg.cc/TwRYntqQ/2465.png,2023-09-22,1295,3095,3,7-129530953
Russia,Soviet Union,152mm 2A36 Giatsint-B field-gun,damaged,https://i.postimg.cc/rmkrsNRy/1036-2-A36-Giatsint-B-dam-12-12-24.jpg,2025-01-16,1295,3109,3,7-129531093
Russia,Soviet Union,152mm 2A36 Giatsint-B field-gun,damaged,https://i.postimg.cc/6qbtp2Sr/1050-2-A36-Giatsint-B-dam-11-02-25.jpg,2025-02-12,1295,3110,3,7-129531103
Russia,Soviet Union,152mm 2A36 Giatsint-B field-gun,damaged,https://i.postimg.cc/cHmdP5B5/1051-2-A36-Giatsint-B-dam-11-02-25.jpg,2025-02-12,1295,3111,3,7-129531113
Russia,Soviet Union,152mm 2A36 Giatsint-B field-gun,damaged,https://i.postimg.cc/6qpBKLH6/1052-2-A36-Giatsint-B-dam-11-02-25.jpg,2025-02-12,1295,3112,3,7-129531123
Russia,Soviet Union,152mm 2A65 Msta-B howitzer,damaged,https://i.postimg.cc/yYx8J43v/Screenshot-8073.png,2022-03-19,1296,3118,3,7-129631183
Russia,Soviet Union,152mm 2A65 Msta-B howitzer,damaged,https://i.postimg.cc/Y9xbmgHf/6655.jpg,2022-03-30,1296,3125,3,7-129631253
Russia,Soviet Union,152mm 2A65 Msta-B howitzer,damaged,https://i.postimg.cc/QCTj6V1n/1003-1x-2-A65-Msta-B-damaged.jpg,2022-08-04,1296,3138,3,7-129631383
Russia,Soviet Union,152mm 2A65 Msta-B howitzer,damaged,https://postimg.cc/q6CYJkkd,2022-08-18,1296,3140,3,7-129631403
Russia,Soviet Union,152mm 2A65 Msta-B howitzer,damaged,https://i.postimg.cc/4338Nym4/1024-msta-b.jpg,2022-09-08,1296,3142,3,7-129631423
Russia,Soviet Union,152mm 2S19 Msta-S,damaged,https://i.postimg.cc/V6hfPDxL/19.png,2022-04-04,1297,3178,3,7-129731783
Russia,Soviet Union,152mm 2S19 Msta-S,damaged,https://i.postimg.cc/jqZ7G0y7/1005-msta-s-damaged.jpg,2022-08-15,1297,3209,3,7-129732093
Russia,Soviet Union,152mm 2S19 Msta-S,damaged,https://i.postimg.cc/ncrDxR1w/1006-msta-s-damaged.jpg,2022-08-15,1297,3210,3,7-129732103
Russia,Soviet Union,152mm 2S3 Akatsiya,damaged,https://i.postimg.cc/8kr2TQRq/324.png,2022-03-26,1298,3227,3,7-129832273
Russia,Soviet Union,152mm 2S3 Akatsiya,damaged,https://twitter.com/UAWeapons/status/1506371635754029059,2022-03-26,1298,3228,3,7-129832283
Russia,Soviet Union,152mm 2S3(M) Akatsiya,damaged,https://i.postimg.cc/PqxjwFyS/1028-2s3-dam-25-01-23.jpg,2023-01-30,1299,3264,3,7-129932643
Russia,Soviet Union,152mm 2S3(M) Akatsiya,damaged,https://twitter.com/naalsio26/status/1659011517675712513,2023-05-23,1299,3281,3,7-129932813
Russia,Soviet Union,152mm 2S3(M) Akatsiya,damaged,https://i.postimg.cc/43xvZKzN/1054-2s3-dam-27-06-23.jpg,2023-06-28,1299,3288,3,7-129932883
Russia,Soviet Union,152mm 2S3(M) Akatsiya,damaged,https://twitter.com/bayraktar_1love/status/1725114515967148400,2023-11-20,1299,3322,3,7-129933223
Russia,Soviet Union,152mm 2S3(M) Akatsiya,damaged,https://i.postimg.cc/ZnYNdcH6/1000-2s3-dam-31-10-23.jpg,2023-11-24,1299,3323,3,7-129933233
Russia,Soviet Union,152mm 2S3(M) Akatsiya,damaged,https://i.postimg.cc/9fZj1G87/1034-2-S3-dam-24-08-24.jpg,2025-01-16,1299,3357,3,7-129933573
Russia,Soviet Union,152mm 2S3(M) Akatsiya,damaged,https://i.postimg.cc/8k9BL7pL/1034-2-S3-M-Akatsiya-dam-aband-30-11-24.jpg,2025-02-11,1299,3364,3,7-129933643
Russia,Soviet Union,152mm D-20 gun-howitzer,damaged,https://i.postimg.cc/gj2R3Wt5/1018-D-20-destr.jpg,2022-10-04,1301,3381,3,7-130133813
Russia,Soviet Union,152mm D-20 gun-howitzer,damaged,https://twitter.com/Danspiun/status/1625209496111878164,2023-02-15,1301,3387,3,7-130133873
Russia,Soviet Union,152mm D-20 gun-howitzer,damaged,https://i.postimg.cc/y6gPkS2D/1026-152mm-D-20-gun-howitzer-dam-23-06-23.jpg,2023-06-28,1301,3389,3,7-130133893
Russia,Soviet Union,152mm D-20 gun-howitzer,damaged,https://i.postimg.cc/xCLzgtZt/1005-d20-dam-26-08-23.jpg,2023-08-27,1301,3394,3,7-130133943
Russia,Soviet Union,152mm D-20 gun-howitzer,damaged,https://i.postimg.cc/QdN2qKRP/1059-d20-dam-17-10-23.jpg,2023-10-22,1301,3396,3,7-130133963
Russia,Soviet Union,152mm D-20 gun-howitzer,damaged,https://i.postimg.cc/HnPTXbfg/1043-d20-dam-05-11-23.jpg,2023-11-06,1301,3399,3,7-130133993
Russia,Soviet Union,152mm D-20 gun-howitzer,damaged,https://i.postimg.cc/XJJm5mt9/1027-d20-dam-27-02-24.jpg,2024-04-08,1301,3404,3,7-130134043
Russia,Soviet Union,152mm D-20 gun-howitzer,damaged,https://i.postimg.cc/t42z34Qf/1022-D20-howitzer-dam-28-03-24.jpg,2024-04-08,1301,3405,3,7-130134053
Russia,Soviet Union,152mm D-20 gun-howitzer,damaged,https://i.postimg.cc/vTZF4VwJ/1022-D-20-gun-howitzer-dam-01-05-24.jpg,2024-05-09,1301,3408,3,7-130134083
Russia,Soviet Union,152mm D-20 gun-howitzer,damaged,https://i.postimg.cc/zBtKZ5gD/1047-D-20-gun-howitzer-dam-29-04-24.jpg,2024-09-21,1301,3418,3,7-130134183
Russia,Soviet Union,152mm D-20 gun-howitzer,damaged,https://i.postimg.cc/c6yYf6L8/1044-D-20-gun-howitzer-dam-27-10-24.jpg,2024-10-30,1301,3419,3,7-130134193
Russia,Soviet Union,152mm D-20 gun-howitzer,damaged,https://i.postimg.cc/NFzzZrR2/1078-D-20-gun-howitzer-dam-05-03-25.jpg,2025-03-20,1301,3423,3,7-130134233
Russia,Russia,154 BTR-82AT,damaged,https://i.postimg.cc/gJ6y5GGT/1005-BTR-82-AT-dam-aband-22-08-24.jpg,2024-08-25,1319,3462,3,7-131934623
Russia,Soviet Union,154 T-80BV,damaged,https://i.postimg.cc/50gzxD1g/1025-t80bv-dam.jpg,2022-10-27,1323,3470,3,7-132334703
Russia,Soviet Union,155 122mm BM-21 Grad,damaged,https://twitter.com/UAWeapons/status/1689694053770604545,2023-08-12,1327,3478,3,7-132734783
Russia,Russia,155 BMP-3 688A-sb6-2KP,damaged,https://i.postimg.cc/pXCfdkt1/1222-BMP-3-688-A-sb6-2-KP-dam-aband-23-09-24.jpg,2024-10-22,1330,3495,3,7-133034953
Russia,Soviet Union,157 122mm BM-21 Grad,damaged,https://i.postimg.cc/Hk5qjTCm/3887.png,2023-09-07,1348,3539,3,7-134835393
Russia,Russia,158 Ural-43206,damaged,https://i.postimg.cc/jjPxQMLX/1020-ural43206-dam-26-10-23.jpg,2024-01-09,1367,3570,3,7-136735703
Russia,Soviet Union,159 T-80BV,damaged,https://twitter.com/UAWeapons/status/1587378383465455617,2022-11-02,1373,3581,3,7-137335813
Russia,Soviet Union,16 120mm 2B16 Nona-K gun mortar,damaged,https://i.postimg.cc/CxfxdJPC/1131-Nona-K-dam-14-04-25.jpg,2025-04-17,1379,3588,3,7-137935883
Russia,Russia,16 122mm 2B17 Tornado-G,damaged,https://i.postimg.cc/RCcF8nBy/1015-Tornado-G-dam-03-07-23.jpg,2023-07-04,1380,3590,3,7-138035903
Russia,Soviet Union,16 82mm 2B9 Vasilek automatic gun mortar,damaged,https://i.postimg.cc/7htkmCRH/1022-82mm-2-B9-Vasilek-dam-01-03-24.jpg,2024-04-08,1387,3597,3,7-138735973
Russia,Russia,16 BMP-2M Berezhok,damaged,https://i.postimg.cc/65qh99ZT/380.png,2023-04-21,1391,3601,3,7-139136013
Russia,Soviet Union,16 BTR-70,damaged,https://i.postimg.cc/fbb1nz0L/1259-BTR-70-dam-aband-18-10-24.jpg,2024-10-22,1393,3605,3,7-139336053
Russia,Soviet Union,16 River link pontoon (for unknown floating bridge system),damaged,https://i.postimg.cc/fyvrHwWt/1031-River-link-pontoon-for-unknown-floating-bridge-system-dam-26-09-24.jpg,2024-09-29,1403,3620,3,7-140336203
Russia,Russia,16 T-80BV Obr. 2022,damaged,https://i.postimg.cc/Pq5p5TJ3/1040-T-80-BVM-obr2022-1x-destr-1x-dam-aband-07-02-24.jpg,2024-02-09,1408,3633,3,7-140836333
Russia,Russia,16 Unknown Buk M1-2/M2/M3 TEL(AR),damaged,https://i.postimg.cc/q7jRQ9zT/1002-Launcher-for-Buk-dam-30-11-24.jpg,2025-02-02,1413,3640,3,7-141336403
Russia,Russia,161 Ural-43206,damaged,https://i.postimg.cc/wBDJS7WK/1010-Ural-43206-dam-11-02-24.jpg,2024-02-18,1433,3669,3,7-143336693
Russia,Soviet Union,164 BMP-1(P),damaged,https://twitter.com/Blue_Sauron/status/1577397473257361408,2022-10-05,1446,3696,3,7-144636963
Russia,Soviet Union,167 T-80BV,damaged,https://i.postimg.cc/W1JgfSHX/1044-t80bv-dam.jpg,2022-11-08,1472,3749,3,7-147237493
Russia,Soviet Union,167 T-80BV,damaged,https://twitter.com/UAWeapons/status/1588498074787512320,2022-11-08,1472,3750,3,7-147237503
Russia,Soviet Union,167 Unknown BMP-1/2,damaged,https://i.postimg.cc/VL1rD7G5/1012-unkn-bmp-dam-aband-20-03-24.jpg,2024-04-08,1473,3764,3,7-147337643
Russia,Soviet Union,167 Unknown BMP-1/2,damaged,https://i.postimg.cc/k5mQM6tR/1057-unkn-bmp-dam-aband-09-03-24.jpg,2024-04-08,1473,3765,3,7-147337653
Russia,Soviet Union,167 Unknown BMP-1/2,damaged,https://i.postimg.cc/Cx2jZV7j/1013-unkn-bmp-dam-aband-30-03-24.jpg,2024-04-08,1473,3766,3,7-147337663
Russia,Soviet Union,167 Unknown BMP-1/2,damaged,https://i.postimg.cc/Wb2mC8tJ/1014-unkn-bmp-dam-aband-30-03-24.jpg,2024-04-08,1473,3767,3,7-147337673
Russia,Soviet Union,167 Unknown BMP-1/2,damaged,https://i.postimg.cc/T2ST3mXp/1081-unkn-bmp-dam-aband-02-04-24.jpg,2024-04-08,1473,3768,3,7-147337683
Russia,Soviet Union,167 Unknown BMP-1/2,damaged,https://i.postimg.cc/pVwRRWkt/1012-unkn-bmp-dam-aband-02-04-24.jpg,2024-04-08,1473,3769,3,7-147337693
Russia,Soviet Union,167 Unknown BMP-1/2,damaged,https://i.postimg.cc/6p0XrdK9/1045-unkn-bmp-dam-aband-05-04-24.jpg,2024-04-08,1473,3770,3,7-147337703
Russia,Russia,167 Unknown tank,damaged,https://twitter.com/UAWeapons/status/1593253796855001093,2022-11-18,1474,3776,3,7-147437763
Russia,Soviet Union,168 T-80BV,damaged,https://i.postimg.cc/26pW1mc1/1500-T-80-BV-damaged-1-captured.jpg,2022-11-10,1482,3794,3,7-148237943
Russia,Russia,17 Mi-28 attack helicopter,damaged,https://x.com/MarcinRogowsk14/status/1907523268887626196,2025-04-07,1521,3863,3,7-152138633
Russia,Russia,17 Pantsir-S1,damaged,https://twitter.com/UAWeapons/status/1658032248031985666,2023-05-17,1522,3865,3,7-152238653
Russia,Soviet Union,17 T-72AV,damaged,https://i.postimg.cc/3W5fP1mH/1020-T-72-AV-dam-aband-09-04-24.jpg,2024-04-14,1525,3868,3,7-152538683
Russia,Soviet Union,170 152mm 2S19 Msta-S,damaged,https://i.postimg.cc/kgNFxGrm/1004-msta-s-dam-08-12-23.jpg,2023-12-10,1532,3875,3,7-153238753
Russia,Russia,174 BMP-3 688A-sb6-2KP,damaged,https://i.postimg.cc/cJtgxFZL/1049-BMP-3-688-A-sb6-2-KP-dam-aband-11-11-24.jpg,2024-11-14,1564,3927,3,7-156439273
Russia,Soviet Union,174 Unknown BMP-1/2,damaged,https://i.postimg.cc/mrn8tBpZ/1051-unkn-bmp-dam-12-04-24.jpg,2024-04-14,1569,3936,3,7-156939363
Russia,Soviet Union,175 122mm BM-21 Grad,damaged,https://i.postimg.cc/qqbTT9dp/1009-bm21-dam-25-10-23.jpg,2023-10-26,1573,3944,3,7-157339443
Russia,Soviet Union,175 BTR-80,damaged,https://i.postimg.cc/YqN4CPXT/1036-btr80-dam-aband-30-05-23.jpg,2023-10-06,1575,3946,3,7-157539463
Russia,Russia,176 BTR-82AT,damaged,https://i.postimg.cc/vZ3mTYRv/1026-BTR-82-AT-dam-aband-30-09-24.jpg,2024-10-03,1585,3963,3,7-158539633
Russia,Russia,176 BTR-82AT,damaged,https://i.postimg.cc/3JQNbfC2/1027-BTR-82-AT-dam-aband-30-09-24.jpg,2024-10-03,1585,3964,3,7-158539643
Russia,Soviet Union,176 MT-LBVM and MT-LBVMK,damaged,https://i.postimg.cc/yYthh002/1037-MT-LBVMK-dam-aband-03-07-23.jpg,2023-07-14,1587,3967,3,7-158739673
Russia,Soviet Union,177 BTR-80,damaged,https://i.postimg.cc/05mySw8r/1022-btr80-dam-13-10-23.jpg,2023-10-15,1595,3987,3,7-159539873
Russia,Soviet Union,177 Unknown BMP-1/2,damaged,https://i.postimg.cc/V672K6Gn/1016-unkn-bmp-dam-aband-20-03-24.jpg,2024-04-27,1597,3989,3,7-159739893
Russia,Soviet Union,178 BMP-1(P),damaged,https://i.postimg.cc/hvfV2RLZ/1033-bmp-1-dam-capt.jpg,2022-10-16,1601,3999,3,7-160139993
Russia,Russia,178 Unknown tank,damaged,https://twitter.com/UAWeapons/status/1603095789768769536,2022-12-15,1606,4006,3,7-160640063
Russia,Russia,178 Ural-43206,damaged,https://i.postimg.cc/k5PnGGFs/1026-Ural-43206-dam-16-06-24.jpg,2024-07-24,1608,4009,3,7-160840093
Russia,Soviet Union,179 122mm BM-21 Grad,damaged,https://i.postimg.cc/LsBRvcrv/1045-bm21-dam-05-11-23.jpg,2023-11-06,1609,4011,3,7-160940113
Russia,Russia,179 Unknown tank,damaged,https://twitter.com/GloOouD/status/1615255676070027264,2023-01-18,1616,4026,3,7-161640263
Russia,Soviet Union,18 152mm 2S5 Giatsint-S,damaged,https://twitter.com/UAWeapons/status/1619335226995666945,2023-01-30,1623,4034,3,7-162340343
Russia,Russia,18 Pantsir-S1,damaged,https://twitter.com/DefMon3/status/1664340320673230848,2023-06-03,1641,4052,3,7-164140523
Russia,Soviet Union,18 T-62MV,damaged,https://i.postimg.cc/Df6cQRq6/1002-t62mv-dam-aband-08-01-23.jpg,2024-01-10,1644,4055,3,7-164440553
Russia,Soviet Union,180 BTR-80,damaged,https://i.postimg.cc/ZRKFWJrb/1046-2x-BTR-80-1x-destr-1x-dam-14-10-23.jpg,2023-10-19,1654,4067,3,7-165440673
Russia,Soviet Union,181 BTR-80,damaged,https://i.postimg.cc/CMR82vVH/1065-btr80-dam-aband-11-10-23.jpg,2023-10-22,1662,4075,3,7-166240753
Russia,Soviet Union,181 T-80BV,damaged,https://i.postimg.cc/2857gx7R/1019-t80bv-dam-aband.jpg,2022-12-05,1665,4080,3,7-166540803
Russia,Soviet Union,182 122mm BM-21 Grad,damaged,https://i.postimg.cc/vBvwjf4L/1012-bm21-dam-17-11-23.jpg,2023-11-20,1668,4085,3,7-166840853
Russia,Russia,182 Unknown tank,damaged,https://i.postimg.cc/mkr5X8Cn/1022-unkn-tank-dam-16-01-23.jpg,2023-01-21,1673,4095,3,7-167340953
Russia,Russia,182 Unknown tank,damaged,https://i.postimg.cc/QCnnR1qd/1025-unkn-tank-dam-12-01-23.jpg,2023-01-21,1673,4096,3,7-167340963
Russia,Soviet Union,183 BTR-80,damaged,https://i.postimg.cc/056Mq5Lk/1065-btr80-dam-aband-11-10-23.jpg,2023-11-02,1680,4108,3,7-168041083
Russia,Soviet Union,183 Unknown BMP-1/2,damaged,https://i.postimg.cc/1thyq5LX/1027-unkn-bmp-dam-aband-10-05-24.jpg,2024-05-15,1683,4114,3,7-168341143
Russia,Soviet Union,185 BTR-80,damaged,https://i.postimg.cc/sggTN8y2/1010-mtlb-destr-btr80-dam-aband-05-11-23.jpg,2023-11-10,1696,4139,3,7-169641393
Russia,Soviet Union,187 122mm BM-21 Grad,damaged,https://twitter.com/bayraktar_1love/status/1730566743574065593,2023-12-04,1704,4152,3,7-170441523
Russia,Russia,188 GAZ Tigr-M,damaged,https://i.postimg.cc/zB78mWts/1066-GAZ-Tigr-M-dam-25-08-24.jpg,2024-09-09,1711,4173,3,7-171141733
Russia,Soviet Union,188 Unknown BMP-1/2,damaged,https://i.postimg.cc/LX032CkS/1006-unkn-bmp-dam-aband-23-05-24.jpg,2024-05-26,1713,4179,3,7-171341793
Russia,Soviet Union,189 T-80BV,damaged,https://twitter.com/UAWeapons/status/1601187630577688578,2022-12-11,1722,4198,3,7-172241983
Russia,Soviet Union,189 T-80BV,damaged,https://twitter.com/UAWeapons/status/1601185077626810368,2022-12-11,1722,4200,3,7-172242003
Russia,Russia,19 122mm 2B17 Tornado-G,damaged,https://i.postimg.cc/bN1xJrDj/1038-Tornado-G-dam-14-10-23.jpg,2023-10-15,1727,4207,3,7-172742073
Russia,Russia,19 BMP-2M 675-sb3KDZ,damaged,https://i.postimg.cc/jqHnnxnR/1046-BMP-2-M-675-sb3-KDZ-dam-aband-06-02-25.jpg,2025-02-11,1734,4214,3,7-173442143
Russia,Soviet Union,19 KamAZ 8x8 (for PP-2005 floating bridge system),damaged,https://i.postimg.cc/jqz3yMVN/1016-Kam-AZ-8x8-for-PP-2005-floating-bridge-system-dam-05-09-24.jpg,2024-09-13,1739,4220,3,7-173942203
Russia,Russia,19 KamAZ with MM-501 armoured cabin,damaged,https://i.postimg.cc/Pr5JSm8F/1000-Kam-AZ-5350-truck-with-a-MM-501-armored-cabin-dam.jpg,2022-10-22,1740,4221,3,7-174042213
Russia,Russia,19 Pantsir-S1,damaged,https://i.postimg.cc/HWb0XgSt/1016-pantsir-s1-dam-14-08-23.jpg,2023-08-16,1742,4223,3,7-174242233
Russia,Russia,19 R-149AKSh-1 command and signals vehicle,damaged,https://i.postimg.cc/W16X8ZmR/1028-R149-AKSh-1-dam-04-11-23.jpg,2023-11-06,1743,4224,3,7-174342243
Russia,Russia,19 T-90M,damaged,https://i.postimg.cc/Wz5LW03n/1005-t90m-dam-30-04-23.jpg,2023-05-02,1747,4228,3,7-174742283
Russia,Soviet Union,191 152mm 2S19 Msta-S,damaged,https://i.postimg.cc/dtQ3Rq7d/1019-msta-s-dam-07-03-24.jpg,2024-04-08,1761,4259,3,7-176142593
Russia,Soviet Union,192 MT-LBVM and MT-LBVMK,damaged,https://i.postimg.cc/LXGVB2Ps/1043-mtlb-dam-aband-24-12-23.jpg,2024-01-09,1767,4271,3,7-176742713
Russia,Russia,194 GAZ Tigr-M,damaged,https://i.postimg.cc/rFYWY8Lf/1061-GAZ-Tigr-M-dam-aband-04-09-24.jpg,2024-09-21,1777,4295,3,7-177742953
Russia,Soviet Union,195 BTR-80,damaged,https://i.postimg.cc/85jwTscC/1037-btr80-dam-24-02-24.jpg,2024-02-26,1782,4308,3,7-178243083
Russia,Soviet Union,196 T-80BV,damaged,https://i.postimg.cc/Vk38X9Fv/1000-t80bv-dam-aband.jpg,2022-12-30,1792,4334,3,7-179243343
Russia,Soviet Union,197 122mm BM-21 Grad,damaged,https://twitter.com/bayraktar_1love/status/1741891760282890621,2024-01-09,1796,4346,3,7-179643463
Russia,Russia,198 Unknown tank,damaged,https://i.postimg.cc/L52GF2Ln/1001-unkn-tank-dam-23-02-23.jpg,2023-02-24,1807,4374,3,7-180743743
Russia,Soviet Union,199 152mm 2S19 Msta-S,damaged,https://i.postimg.cc/cJXf0tDY/1027-2-S19-Msta-S-dam-04-06-24.jpg,2024-06-09,1809,4380,3,7-180943803
Russia,Soviet Union,199 BMP-1(P),damaged,https://i.postimg.cc/T3Nz9Vsd/1008-bmp1-dam-7-11.jpg,2022-11-08,1810,4381,3,7-181043813
Russia,Soviet Union,199 BMP-1(P),damaged,https://i.postimg.cc/L857nq8r/1010-bmp1-dam-7-11.jpg,2022-11-08,1810,4382,3,7-181043823
Russia,Soviet Union,199 BMP-1(P),damaged,https://i.postimg.cc/brQPVZt6/1007-bmp1-dam-capt-7-11.jpg,2022-11-08,1810,4383,3,7-181043833
Russia,Soviet Union,199 BTR-80,damaged,https://i.postimg.cc/RVbdVpj1/1050-btr80-dam-aband-01-03-24.jpg,2024-03-02,1811,4387,3,7-181143873
Russia,Soviet Union,199 BTR-80,damaged,https://i.postimg.cc/59gpD2gR/1000-BTR-80-dam-aband-27-02-24.jpg,2024-03-02,1811,4388,3,7-181143883
Russia,Soviet Union,199 BTR-80,damaged,https://i.postimg.cc/wMq23Cq2/1017-BTR-80-dam-aband-27-02-24.jpg,2024-03-02,1811,4389,3,7-181143893
Russia,Soviet Union,199 BTR-80,damaged,https://i.postimg.cc/02NZv1H2/1019-BTR-80-dam-aband-26-02-24.jpg,2024-03-02,1811,4390,3,7-181143903
Russia,Soviet Union,199 MT-LBVM and MT-LBVMK,damaged,https://i.postimg.cc/GpZLHJpq/1021-mtlbvmk-dam-aband-10-10-23.jpg,2024-02-28,1812,4391,3,7-181243913
Russia,Soviet Union,1L219 (for Zoopark counter-battery radar complex),damaged,https://i.postimg.cc/xThJ3Xjy/1007-1-L219-for-Zoopark-dam-25-03-23.jpg,2023-03-30,1816,4397,3,7-181643973
Russia,Russia,1L261 (for 1L260 Zoopark-1M counter-battery radar complex),damaged,https://i.postimg.cc/Jzb04G7J/1013-Zoopark-destr-13-01-23.jpg,2023-01-14,1817,4403,3,7-181744033
Russia,Russia,1L261 (for 1L260 Zoopark-1M counter-battery radar complex),damaged,https://twitter.com/UAWeapons/status/1638930911357022213,2023-03-26,1817,4404,3,7-181744043
Russia,Russia,1L261 (for 1L260 Zoopark-1M counter-battery radar complex),damaged,https://twitter.com/bayraktar_1love/status/1720367512884273594,2023-11-06,1817,4407,3,7-181744073
Russia,Russia,1L261 (for 1L260 Zoopark-1M counter-battery radar complex),damaged,https://i.postimg.cc/1tLTNLQv/1000-1-L261-counter-battery-radar-for-1-L260-Zoopark-1-M-dam-05-08-24.jpg,2024-08-09,1817,4409,3,7-181744093
Russia,Russia,1L261 (for 1L260 Zoopark-1M counter-battery radar complex),damaged,https://i.postimg.cc/7PSbHbkm/1006-1-L261-counter-battery-radar-for-1-L260-Zoopark-1-M-dam-29-08-24.jpg,2024-09-03,1817,4410,3,7-181744103
Russia,Russia,1L261 (for 1L260 Zoopark-1M counter-battery radar complex),damaged,https://i.postimg.cc/7YSmHRwV/1011-1-L261-counter-battery-radar-for-1-L260-Zoopark-1-M-destr-29-11-24.jpg,2024-12-03,1817,4412,3,7-181744123
Russia,Russia,1L261 (for 1L260 Zoopark-1M counter-battery radar complex),damaged,https://i.postimg.cc/Fz2YybWT/1013-1-L261-counter-battery-radar-for-1-L260-Zoopark-1-M-dam-21-06-25.jpg,2025-06-27,1817,4414,3,7-181744143
Russia,Soviet Union,1V14 battery command and forward observer vehicle,damaged,https://i.postimg.cc/sDTPR0kN/23.jpg,2022-04-09,1826,4454,3,7-182644543
Russia,Russia,2 122mm 2B26 Grad-K,damaged,https://i.postimg.cc/NMcCvL2r/1001-2-B26-Grad-K-dam-30-04-23.jpg,2023-05-02,1830,4459,3,7-183044593
Russia,Russia,2 1L119 Nebo-SVU VHF multi-functional radar,damaged,https://i.postimg.cc/qB6zGFV5/1013-1-L119-Nebo-SVU-multi-functional-radar-dam-03-07-24.jpg,2024-07-06,1837,4466,3,7-183744663
Russia,Soviet Union,2 203mm 2S7M Malka,damaged,https://i.postimg.cc/kXvxwvLv/1008.jpg,2022-07-25,1842,4471,3,7-184244713
Russia,Russia,2 55Zh6U Nebo-U air surveillance radar,damaged,https://i.postimg.cc/MHM0Qcwz/1005-55-Zh6-U-Nebo-U-surveillance-radar-dam-15-12-24.jpg,2024-12-18,1845,4475,3,7-184544753
Russia,Russia,2 9S32M1 (for S-300V),damaged,https://i.postimg.cc/MpKmqX4N/1006-9-S32-M1-radar-for-S-300-V4-dam-23-04-24.jpg,2024-04-28,1853,4482,3,7-185344823
Russia,Russia,2 BMPT Terminator,damaged,https://twitter.com/UAWeapons/status/1690356279439507456,2023-08-15,1869,4501,3,7-186945013
Russia,Soviet Union,2 BTR-50,damaged,https://i.postimg.cc/pT5HgGxq/1004-BTR-50-dam-aband-24-10-23.jpg,2024-01-21,1875,4509,3,7-187545093
Russia,Russia,2 Early warning SHF radar Voronezh DM:,damaged,https://i.postimg.cc/kGQXv88F/1057-2x-early-warning-SHF-radar-Voronezh-DM-damaged-23-05-24.jpg,2024-05-31,1882,4521,3,7-188245213
Russia,Russia,2 T-62MV Obr. 2022,damaged,https://i.postimg.cc/5tGf06Ch/1052-T-62-MV-Obr-2022-dam-21-01-24.jpg,2024-01-27,1944,4593,3,7-194445933
Russia,Soviet Union,2 T-72 'Ural',damaged,https://i.postimg.cc/59CtGKz2/1018-t72ural-dam-aband-19-05-23.jpg,2023-05-23,1946,4595,3,7-194645953
Russia,Russia,2 T-72B3 Obr. 2025,damaged,https://i.postimg.cc/8krFw4sd/1009-T-72-B3-Obr-2025-dam-aband-04-07-25.jpg,2025-07-17,1949,4599,3,7-194945993
Russia,Soviet Union,2 T-80B,damaged,https://i.postimg.cc/BQ0pVZmx/1031-t80b-dam-aband-02-11-23.jpg,2023-11-11,1950,4600,3,7-195046003
Russia,Soviet Union,2 T-80BVK,damaged,https://i.postimg.cc/KjgLdNVP/1010.jpg,2022-07-27,1952,4602,3,7-195246023
Russia,Russia,2 T-80BVM Obr. 2022,damaged,https://twitter.com/UAWeapons/status/1660286197497753600,2023-05-22,1953,4604,3,7-195346043
Russia,Russia,2 TOS-2 'Tosochka',damaged,https://i.postimg.cc/9QknvGTD/1000-TOS-2-Tosochka-dam-26-03-25.jpg,2025-03-30,1956,4607,3,7-195646073
Russia,Russia,2 Unknown Tor TLAR,damaged,https://i.postimg.cc/q7fmzSQN/1023-sa15-dam-14-10-23.jpg,2023-10-15,1969,4624,3,7-196946243
Russia,Russia,20 122mm 2B17 Tornado-G,damaged,https://i.postimg.cc/VNj7071C/1012-2-B17-M-BM-21-1-for-9-K51-M-Tornado-G-dam-22-12-24.jpg,2024-12-26,1980,4638,3,7-198046383
Russia,Soviet Union,20 152mm 2S5 Giatsint-S,damaged,https://i.postimg.cc/vBFH9SZB/1019-2-S5-dam-06-02-23.jpg,2023-02-12,1982,4643,3,7-198246433
Russia,Soviet Union,20 BRM-1K reconnaissance vehicle,damaged,https://twitter.com/Blue_Sauron/status/1577397473257361408,2022-10-05,1991,3696,3,7-199136963
Russia,Soviet Union,20 T-62M,damaged,https://i.postimg.cc/prnz7SMr/1502-t62m-dam-capt.jpg,2022-10-09,2004,4670,3,7-200446703
Russia,Soviet Union,20 T-62M,damaged,https://i.postimg.cc/JnFjpLgS/1503-t62m-dam-capt.jpg,2022-10-09,2004,4671,3,7-200446713
Russia,Soviet Union,20 T-62MV,damaged,https://i.postimg.cc/NfyGNJk5/1016-T-62-MV-dam-aband-11-02-24.jpg,2024-03-02,2005,4673,3,7-200546733
Russia,Russia,20 T-72BA,damaged,https://i.postimg.cc/3rtkQs7z/1013-t72ba-dam-capt.jpg,2022-11-01,2007,4676,3,7-200746763
Russia,Soviet Union,200 Unknown BMP-1/2,damaged,https://i.postimg.cc/PxJ3DdNk/1059-unkn-bmp-dam-aband-28-07-24.jpg,2024-07-31,2017,4689,3,7-201746893
Russia,Soviet Union,200 Unknown BMP-1/2,damaged,https://i.postimg.cc/nzWdYNQ9/1060-unkn-bmp-dam-aband-28-07-24.jpg,2024-07-31,2017,4690,3,7-201746903
Russia,Russia,201 BMP-3 688A-sb6-2KP,damaged,https://i.postimg.cc/pV1C8hr5/1032-BMP-3-688-A-sb6-2-KP-dam-aband-19-01-25.jpg,2025-01-25,2019,4700,3,7-201947003
Russia,Russia,201 BMP-3 688A-sb6-2KP,damaged,https://i.postimg.cc/CL34P3jF/1033-BMP-3-688-A-sb6-2-KP-dam-aband-19-01-25.jpg,2025-01-25,2019,4701,3,7-201947013
Russia,Soviet Union,204 BTR-80,damaged,https://i.postimg.cc/cHnRfNG8/1105-btr80-dam-aband-08-12-23.jpg,2024-04-08,2043,4758,3,7-204347583
Russia,Soviet Union,204 BTR-80,damaged,https://i.postimg.cc/9fDbktsP/1069-btr80-dam-aband-10-03-24.jpg,2024-04-08,2043,4759,3,7-204347593
Russia,Soviet Union,204 BTR-80,damaged,https://i.postimg.cc/g0hJGG2t/1042-btr80-dam-aband-14-03-24.jpg,2024-04-08,2043,4760,3,7-204347603
Russia,Russia,204 Unknown tank,damaged,https://twitter.com/UAWeapons/status/1557732021937455104,2022-08-13,2046,4771,3,7-204647713
Russia,Russia,204 Unknown tank,damaged,https://i.postimg.cc/8kwYcCfR/1002-unkn-tank.jpg,2022-08-13,2046,4772,3,7-204647723
Russia,Russia,207 BTR-82AT,damaged,https://i.postimg.cc/rsv80Rq6/1102-BTR-82-AT-dam-aband-20-10-24.jpg,2024-10-30,2066,4823,3,7-206648233
Russia,Soviet Union,208 MT-LBVM and MT-LBVMK,damaged,https://i.postimg.cc/Df486Qbc/1029-MT-LBVM-K-dam-aband-04-09-24.jpg,2024-09-05,2076,4846,3,7-207648463
Russia,Soviet Union,209 T-80BV,damaged,https://i.postimg.cc/cL0nqm9W/1040-t80bv-01-02-23.jpg,2023-02-03,2085,4860,3,7-208548603
Russia,Soviet Union,209 T-80BV,damaged,https://i.postimg.cc/NMSHWvVC/1014-t80bv-dam-aband-31-01-23.jpg,2023-02-03,2085,4861,3,7-208548613
Russia,Soviet Union,21 203mm 2S7(M) Pion/Malka,damaged,https://twitter.com/NOELreports/status/1741044540050448593,2024-01-09,2092,4873,3,7-209248733
Russia,Russia,21 R-149AKSh-1 command and signals vehicle,damaged,https://i.postimg.cc/2y9PX4jw/1047-R-149-AKSh-1-command-and-staff-vehicle-dam-31-08-23.jpg,2024-01-24,2107,4892,3,7-210748923
Russia,Soviet Union,21 T-72AV,damaged,https://i.postimg.cc/C51YbwX0/1012-T-72-AV-dam-aband-16-06-24.jpg,2024-06-20,2111,4896,3,7-211148963
Russia,Soviet Union,21 UAZ-469 jeep,damaged,https://i.postimg.cc/SKyxvxQ2/1009-uaz469-dam-capt.jpg,2022-10-20,2115,4905,3,7-211549053
Russia,Russia,21 Unknown Buk M1-2/M2/M3 TEL(AR),damaged,https://i.postimg.cc/TPJ8sCzs/1027-Launcher-for-Buk-dam-02-06-25.jpg,2025-06-08,2116,4907,3,7-211649073
Russia,Soviet Union,211 BMP-1(P),damaged,https://i.postimg.cc/jdr64fMQ/1021-bmp1-dam-aband.jpg,2022-11-16,2125,4922,3,7-212549223
Russia,Soviet Union,211 BMP-1(P),damaged,https://i.postimg.cc/SRc6pQxM/1031-bmp1-dam-capt.jpg,2022-11-16,2125,4923,3,7-212549233
Russia,Soviet Union,213 152mm 2S19 Msta-S,damaged,https://i.postimg.cc/tgT6Fz3h/1020-152mm-2-S19-Msta-S-dam-15-08-24.jpg,2024-08-18,2134,4940,3,7-213449403
Russia,Soviet Union,213 BMP-1(P),damaged,https://twitter.com/UAWeapons/status/1593346084767678465,2022-11-18,2135,4941,3,7-213549413
Russia,Soviet Union,213 Unknown BMP-1/2,damaged,https://i.postimg.cc/VNbpz1Jz/1010-BMP-1-or-2-dam-aband-04-09-24.jpg,2024-09-09,2137,4945,3,7-213749453
Russia,Soviet Union,214 122mm BM-21 Grad,damaged,https://i.postimg.cc/vT47YvQM/1021-2-B17-BM-21-Grad-dam-13-03-24.jpg,2024-04-08,2138,4959,3,7-213849593
Russia,Soviet Union,214 152mm 2S19 Msta-S,damaged,https://i.postimg.cc/Nf3Fkvwg/1053-152mm-2-S19-Msta-S-dam-aband-15-08-24.jpg,2024-08-19,2139,4960,3,7-213949603
Russia,Russia,214 Unknown tank,damaged,https://twitter.com/ServiceSsu/status/1637017523727003648,2023-03-20,2144,4980,3,7-214449803
Russia,Soviet Union,216 T-80BV,damaged,https://i.postimg.cc/k4WcDnQ1/1029-t80bv-dam-05-02-23.jpg,2023-02-12,2155,5005,3,7-215550053
Russia,Soviet Union,216 T-80BV,damaged,https://i.postimg.cc/hvbpZShz/1039-t80bv-dam-05-02-23.jpg,2023-02-12,2155,5006,3,7-215550063
Russia,Soviet Union,216 T-80BV,damaged,https://twitter.com/UAWeapons/status/1622943432581779459,2023-02-12,2155,5007,3,7-215550073
Russia,Soviet Union,216 T-80BV,damaged,https://i.postimg.cc/bvw7VLZ7/1032-t80bv-dam-09-02-23.jpg,2023-02-12,2155,5008,3,7-215550083
Russia,Soviet Union,216 Unknown BMP-1/2,damaged,https://i.postimg.cc/FHz0FMDY/1034-BMP-1-or-2-dam-aband-20-09-24.jpg,2024-09-21,2156,5010,3,7-215650103
Russia,Soviet Union,216 Unknown BMP-1/2,damaged,https://i.postimg.cc/jjJNPzVK/1062-BMP-1-or-2-dam-aband-17-07-24.jpg,2024-09-21,2156,5011,3,7-215650113
Russia,Russia,217 BTR-82AT,damaged,https://i.postimg.cc/fyLWHdDW/1012-BTR-82-AT-dam-aband-01-11-24.jpg,2024-11-05,2159,5018,3,7-215950183
Russia,Soviet Union,218 T-80BV,damaged,https://i.postimg.cc/8zVxQgLR/1042-2x-t80bv-dam-aband-12-02-23.jpg,2023-02-13,2167,5029,3,7-216750293
Russia,Soviet Union,218 T-80BV,damaged,https://i.postimg.cc/gkxT6kHq/1026-t80bv-aband-06-02-23.jpg,2023-02-13,2167,5030,3,7-216750303
Russia,Soviet Union,219 Unknown BMP-1/2,damaged,https://i.postimg.cc/x87cFnrZ/1009-unkn-bmp-dam-aband-23-09-24.jpg,2024-09-25,2172,5039,3,7-217250393
Russia,Soviet Union,22 203mm 2S7(M) Pion/Malka,damaged,https://i.postimg.cc/1zrgC4Ht/1014-2s7-dam-31-10-23.jpg,2024-04-14,2177,5046,3,7-217750463
Russia,Soviet Union,22 River link pontoon (for PMP(-M) floating bridge system),damaged,https://i.postimg.cc/qvbFyzhJ/1046-River-link-pontoon-for-PMP-M-floating-bridge-system-dam-24-06-22.jpg,2024-01-23,2191,5082,3,7-219150823
Russia,Russia,22 T-90M,damaged,https://i.postimg.cc/XJZzhWPM/1020-t90m-dam-01-06-23.jpg,2023-06-04,2194,5091,3,7-219450913
Russia,Russia,22 Unknown Buk M1-2/M2/M3 TEL(AR),damaged,https://i.postimg.cc/HLT6jPhY/1005-Launcher-for-Buk-dam-06-06-25.jpg,2025-06-27,2198,5096,3,7-219850963
Russia,Soviet Union,220mm BM-27 Uragan,damaged,https://i.postimg.cc/6qTQDVp0/1027-bm27-dam-16-06-23.jpg,2023-06-23,2205,5164,3,7-220551643
Russia,Soviet Union,220mm BM-27 Uragan,damaged,https://twitter.com/bayraktar_1love/status/1741891760282890621,2024-01-09,2205,4346,3,7-220543463
Russia,Soviet Union,220mm BM-27 Uragan,damaged,https://i.postimg.cc/qMS8rg8w/1007-2x-220mm-BM-27-Uragan-dam-16-01-24.jpg,2024-01-21,2205,5182,3,7-220551823
Russia,Soviet Union,220mm BM-27 Uragan,damaged,https://i.postimg.cc/YjcPYKVd/1027-9-P140-BM-27-for-9-K57-Uragan-dam-21-03-25.jpg,2025-03-24,2205,5193,3,7-220551933
Russia,Russia,220mm TOS-1A,damaged,https://i.postimg.cc/C5BcPB1R/54f.png,2022-04-04,2206,5204,3,7-220652043
Russia,Russia,220mm TOS-1A,damaged,https://i.postimg.cc/JhPdySQX/69.png,2022-04-10,2206,5205,3,7-220652053
Russia,Russia,220mm TOS-1A,damaged,https://i.postimg.cc/HL58qWkz/76.jpg,2022-05-03,2206,5206,3,7-220652063
Russia,Russia,220mm TOS-1A,damaged,https://i.postimg.cc/BbybtzsD/4311.png,2022-05-10,2206,5209,3,7-220652093
Russia,Russia,220mm TOS-1A,damaged,https://twitter.com/bayraktar_1love/status/1727960355026960398,2023-11-27,2206,5219,3,7-220652193
Russia,Russia,220mm TOS-1A,damaged,https://i.postimg.cc/1z1TzXLK/1028-unkn-bmp-destr-TOS1-dam-16-02-24.jpg,2024-02-18,2206,3507,3,7-220635073
Russia,Russia,220mm TOS-1A,damaged,https://i.postimg.cc/x8GmQSvC/1035-damaged-TOS1-and-destroyed-loader-24-02-24.jpg,2024-02-26,2206,5226,3,7-220652263
Russia,Russia,220mm TOS-1A,damaged,https://twitter.com/NOELreports/status/1772933098193256559,2024-04-08,2206,5229,3,7-220652293
Russia,Russia,220mm TOS-1A,damaged,https://i.postimg.cc/C1mSZxXN/1044-220mm-TOS-1-A-Solntsepek-dam-08-07-24.jpg,2024-07-09,2206,5233,3,7-220652333
Russia,Russia,220mm TOS-1A,damaged,https://i.postimg.cc/cHJ1fvCt/1056-TOS-1-A-Solntsepek-dam-10-09-24.jpg,2024-09-13,2206,5235,3,7-220652353
Russia,Russia,221 BMP-3 688A-sb6-2KP,damaged,https://i.postimg.cc/tCMvDmHM/1019-BMP-3-688-A-sb6-2-KP-dam-aband-17-10-24.jpg,2025-04-20,2209,5245,3,7-220952453
Russia,Russia,221 T-72B3,damaged,https://twitter.com/RALee85/status/1586990650523803649,2022-11-01,2212,5250,3,7-221252503
Russia,Soviet Union,221 T-80BV,damaged,https://i.postimg.cc/PrCzZhMc/1014-t80bv-dam-13-02-23.jpg,2023-02-15,2213,5253,3,7-221352533
Russia,Russia,222 Unknown tank,damaged,https://i.postimg.cc/c4vCHb58/132.png,2023-03-26,2218,5265,3,7-221852653
Russia,Russia,222 Unknown tank,damaged,https://i.postimg.cc/KjFWWwkp/3320.png,2023-03-26,2218,5266,3,7-221852663
Russia,Russia,223 BTR-82AT,damaged,https://i.postimg.cc/VsXXnR0C/1051-BTR-82-AT-dam-aband-07-11-24.jpg,2024-11-11,2221,5275,3,7-222152753
Russia,Soviet Union,224 Unknown BMP-1/2,damaged,https://i.postimg.cc/sx81f2mc/1331-BMP-1-or-2-dam-20-10-24.jpg,2024-10-24,2229,5298,3,7-222952983
Russia,Russia,224 Unknown tank,damaged,https://i.postimg.cc/HsLjWZ4N/331f.png,2023-03-28,2230,5301,3,7-223053013
Russia,Russia,225 T-72B3,damaged,https://twitter.com/UAWeapons/status/1584871803377586176,2022-10-26,2234,5308,3,7-223453083
Russia,Russia,225 T-72B3,damaged,https://twitter.com/UAWeapons/status/1589590305158107137,2022-11-08,2234,5312,3,7-223453123
Russia,Russia,226 Unknown tank,damaged,https://i.postimg.cc/g0JBYvSX/443f.png,2023-04-04,2239,5322,3,7-223953223
Russia,Soviet Union,227 BMP-1(P),damaged,https://i.postimg.cc/R0kDQ427/1012-bmp1-dam-capt.jpg,2022-12-11,2241,5328,3,7-224153283
Russia,Russia,227 BMP-3 688A-sb6-2KP,damaged,https://i.postimg.cc/hPzssNrM/1021-BMP-3-688-A-sb6-2-KP-dam-aband-11-05-25.jpg,2025-05-18,2242,5330,3,7-224253303
Russia,Russia,227 T-72B3,damaged,https://i.postimg.cc/wvnP920k/1000-t72b3-dam-capt.jpg,2022-11-09,2244,5336,3,7-224453363
Russia,Russia,228 T-72B3,damaged,https://i.postimg.cc/Z5csPstY/1001-t72b3-dam-capt.jpg,2022-11-10,2251,5346,3,7-225153463
Russia,Soviet Union,229 T-80BV,damaged,https://twitter.com/UAWeapons/status/1626579093801271304,2023-02-18,2256,5358,3,7-225653583
Russia,Soviet Union,229 T-80BV,damaged,https://i.postimg.cc/3NRK5BLK/1025-2x-t80bv-1x-aband-1x-dam-aband-11-02-23.jpg,2023-02-18,2256,5359,3,7-225653593
Russia,Russia,229 Unknown tank,damaged,https://i.postimg.cc/0Q2wX91K/1018-2x-unkn-tank-dam-aband-02-05-23.jpg,2023-05-06,2257,5365,3,7-225753653
Russia,Soviet Union,23 120mm 2S9 Nona,damaged,https://twitter.com/RALee85/status/1625019873700065281,2023-02-15,2259,5367,3,7-225953673
Russia,Soviet Union,23 152mm 2S5 Giatsint-S,damaged,https://i.postimg.cc/PfbnJy6S/1029-152mm-2-S5-Giatsint-S-dam-15-05-23.jpg,2023-05-23,2261,5371,3,7-226153713
Russia,Russia,23 9A310M1-2 TELAR (for Buk-M1-2),damaged,https://i.postimg.cc/tCBB5qV7/1019-9-A310-M1-2-TELAR-for-9-K37-M1-2-Buk-M1-2-dam-13-04-24.jpg,2024-04-17,2263,5373,3,7-226353733
Russia,Russia,23 T-90M,damaged,https://i.postimg.cc/KzPDFFmB/1000-t90m-dam-28-06-23.jpg,2023-06-30,2278,5392,3,7-227853923
Russia,Soviet Union,23 UAZ-452 van,damaged,https://i.postimg.cc/NjY7tfX7/1026-uaz452-dam-capt.jpg,2022-10-20,2280,5394,3,7-228053943
Russia,Soviet Union,230 BMP-1(P),damaged,https://i.postimg.cc/jSdqvwhm/1015-bmp1-dam.jpg,2022-12-13,2284,5400,3,7-228454003
Russia,Soviet Union,230 BMP-1(P),damaged,https://i.postimg.cc/6p4Fs207/1022-bmp1-dam-capt.jpg,2022-12-13,2284,5402,3,7-228454023
Russia,Russia,230 T-72B3,damaged,https://i.postimg.cc/52swFDRw/1008-t72b3-capt.jpg,2022-11-12,2286,5405,3,7-228654053
Russia,Soviet Union,232 Unknown BMP-1/2,damaged,https://i.postimg.cc/wj1Kb7pD/1055-BMP-1-or-2-dam-aband-01-11-24.jpg,2024-11-11,2300,5438,3,7-230054383
Russia,Soviet Union,232 Unknown BMP-1/2,damaged,https://i.postimg.cc/SNTFrcwy/1060-BMP-1-or-2-dam-aband-29-10-24.jpg,2024-11-11,2300,5439,3,7-230054393
Russia,Russia,233 BTR-82A(M),damaged,https://twitter.com/UAWeapons/status/1570423464971976705,2022-09-16,2303,5448,3,7-230354483
Russia,Russia,233 BTR-82A(M),damaged,https://i.postimg.cc/yxpp9Gb4/2022-09-17-BTR-82-A.png,2022-09-19,2303,5452,3,7-230354523
Russia,Soviet Union,233 T-80BV,damaged,https://i.postimg.cc/7ZD6h8yG/1023-t80bv-dam-18-02-23.jpg,2023-02-21,2305,5455,3,7-230554553
Russia,Soviet Union,233 T-80BV,damaged,https://i.postimg.cc/fWGk4S2v/1026-t80bv-dam-19-02-23.jpg,2023-02-21,2305,5456,3,7-230554563
Russia,Soviet Union,233 T-80BV,damaged,https://i.postimg.cc/2yRYthkb/1036-t80bv-dam-aband-19-02-23.jpg,2023-02-21,2305,5457,3,7-230554573
Russia,Soviet Union,233 T-80BV,damaged,https://i.postimg.cc/sgM7gJPw/1001-bmp3-and-t-80bv-dam-aband-06-02-23.jpg,2023-02-23,2305,5458,3,7-230554583
Russia,Russia,234 T-72B3,damaged,https://twitter.com/UAWeapons/status/1593277101003755521,2022-11-18,2313,5474,3,7-231354743
Russia,Soviet Union,236 BMP-1(P),damaged,https://twitter.com/UAWeapons/status/1607727356835254272,2022-12-28,2324,5494,3,7-232454943
Russia,Soviet Union,238 BMP-1(P),damaged,https://i.postimg.cc/Sx4JFz5n/1027-bmp1-dam.jpg,2022-12-30,2337,5517,3,7-233755173
Russia,Soviet Union,238 BMP-1(P),damaged,https://i.postimg.cc/XJPbVTY2/1015-bmp1-dam-aband.jpg,2022-12-30,2337,5518,3,7-233755183
Russia,Soviet Union,239 152mm 2S19 Msta-S,damaged,https://i.postimg.cc/FKX9FX6C/1028-2-S19-Msta-S-dam-10-01-25.jpg,2025-05-14,2345,5527,3,7-234555273
Russia,Soviet Union,23mm ZU-23-2,damaged,https://twitter.com/UAWeapons/status/1567822704601858048,2022-09-09,2351,5540,3,7-235155403
Russia,Russia,24 EOV-3521 excavator,damaged,https://i.postimg.cc/j2B58p7Q/1036-EOV-3521-excavator-dam-aband-14-06-24.jpg,2024-08-06,2363,5558,3,7-236355583
Russia,Soviet Union,24 IMR-2(M) combat engineering vehicle,damaged,https://i.postimg.cc/XXMtDyMz/1109-imr2-dam-aband-06-02-23.jpg,2023-02-12,2365,5560,3,7-236555603
Russia,Russia,24 KamAZ Avtozaks,damaged,https://i.postimg.cc/05BPkMNb/1004-Kam-AZ-Avtozaks.jpg,2022-08-24,2367,5563,3,7-236755633
Russia,Soviet Union,24 MT-LB with ZU-23 AA gun,damaged,https://i.postimg.cc/LXw1Nj5p/370.png,2023-04-18,2369,5566,3,7-236955663
Russia,Soviet Union,240mm 2S4 Tyulpan,damaged,https://i.postimg.cc/vTv16M2v/1026-2-S4-Tulipan-dam.jpg,2022-12-30,2387,5603,3,7-238756033
Russia,Soviet Union,240mm 2S4 Tyulpan,damaged,https://i.postimg.cc/Kz2Tx596/1024-2s4-tulip-dam-24-04-23.jpg,2023-04-28,2387,5608,3,7-238756083
Russia,Soviet Union,240mm 2S4 Tyulpan,damaged,https://twitter.com/UAWeapons/status/1671786493147336705,2023-06-24,2387,5613,3,7-238756133
Russia,Soviet Union,240mm 2S4 Tyulpan,damaged,https://i.postimg.cc/mgRJ41qj/1035-2s4-dam-18-02-24.jpg,2024-02-21,2387,5644,3,7-238756443
Russia,Soviet Union,240mm 2S4 Tyulpan,damaged,https://i.postimg.cc/Xqt9xdnN/1023-2s4-dam-13-03-24.jpg,2024-04-08,2387,5649,3,7-238756493
Russia,Russia,241 BMP-3 688A-sb6-2KP,damaged,https://i.postimg.cc/G36nQXpY/1010-BMP-3-688-A-sb6-2-KP-dam-aband-23-07-25.jpg,2025-08-14,2390,5671,3,7-239056713
Russia,Russia,242 BTR-82AT,damaged,https://i.postimg.cc/fbQJG5QQ/1023-BTR-82-AT-dam-aband-27-11-24.jpg,2024-11-30,2394,5683,3,7-239456833
Russia,Russia,242 Unknown tank,damaged,https://i.postimg.cc/nrbnpZmc/1041-unkn-tank-aband-10-05-23.png,2023-05-23,2396,5690,3,7-239656903
Russia,Russia,242 Unknown tank,damaged,https://i.postimg.cc/tg4f3Wt4/1014-unkn-tank-dam-02-06-23.jpg,2023-06-04,2396,5693,3,7-239656933
Russia,Russia,243 T-72B3,damaged,https://i.postimg.cc/fbYcYqDX/1004-t72b3-dam-capt.jpg,2022-12-05,2402,5706,3,7-240257063
Russia,Russia,244 BTR-82AT,damaged,https://i.postimg.cc/J7g8Wf02/1031-BTR-82-AT-dam-aband-30-11-24.jpg,2024-12-03,2405,5713,3,7-240557133
Russia,Soviet Union,244 T-80BV,damaged,https://i.postimg.cc/52RyPWV1/1006-t80bv-dam-aband-03-03-23.jpg,2023-03-04,2407,5717,3,7-240757173
Russia,Soviet Union,244 T-80BV,damaged,https://i.postimg.cc/XYJXc7tQ/1007-t80bv-dam-aband-03-03-23.jpg,2023-03-04,2407,5718,3,7-240757183
Russia,Russia,246 Unknown tank,damaged,https://i.postimg.cc/bNwK7CFd/1029-unkn-tank-dam-04-06-23.jpg,2023-06-09,2416,5738,3,7-241657383
Russia,Russia,247 Unknown tank,damaged,https://i.postimg.cc/Qt5Ch12q/1021-unkn-tank-dam-10-06-23.jpg,2023-06-11,2420,5744,3,7-242057443
Russia,Soviet Union,25 100mm MT-12 anti-tank gun,damaged,https://i.postimg.cc/x1tCjV1v/43156.png,2023-09-25,2426,5755,3,7-242657553
Russia,Russia,25 GAZ-3308,damaged,https://i.postimg.cc/SKByZkkH/1020-GAZ-3308-Sadko-dam-24-01-24.jpg,2025-02-02,2440,5772,3,7-244057723
Russia,Soviet Union,25 River link pontoon (for PMP(-M) floating bridge system),damaged,https://i.postimg.cc/Pq8zcLyj/1008-River-link-pontoon-for-PMP-M-floating-bridge-system-dam-aband-28-08-24.jpg,2024-09-03,2447,5780,3,7-244757803
Russia,Russia,25 T-80BV Obr. 2022,damaged,https://i.postimg.cc/JnqpPXqP/1020-T-80-BV-Obr2022-dam-aband-19-01-24.jpg,2024-04-11,2452,5810,3,7-245258103
Russia,Russia,25 T-90M,damaged,https://twitter.com/NOELreports/status/1678411936394891267,2023-07-11,2453,5811,3,7-245358113
Russia,Soviet Union,25 UAZ-469 jeep,damaged,https://i.postimg.cc/y62V9SyR/1002-uaz469-dam-capt.jpg,2022-10-28,2455,5814,3,7-245558143
Russia,Soviet Union,250 Unknown BMP-1/2,damaged,https://i.postimg.cc/MT4kfJfv/1033-BMP-1-or-2-dam-aband-25-01-25.jpg,2025-01-31,2459,5823,3,7-245958233
Russia,Soviet Union,253 BTR-80,damaged,https://i.postimg.cc/nzm8K5RM/1047-BTR-80-dam-aband-13-11-24.jpg,2024-11-17,2466,5846,3,7-246658463
Russia,Russia,253 BTR-82AT,damaged,https://i.postimg.cc/HxDqTN4y/1015-BTR-82-AT-dam-aband-01-12-24.jpg,2024-12-09,2467,5855,3,7-246758553
Russia,Russia,255 T-72B3,damaged,https://i.postimg.cc/WbkKpN96/1008-t72b3-dam-06-01-23.jpg,2023-01-08,2473,5866,3,7-247358663
Russia,Russia,255 Unknown tank,damaged,https://i.postimg.cc/k5CtcZM1/1032-unkn-tank-dam-13-06-23.jpg,2023-06-14,2475,5873,3,7-247558733
Russia,Russia,255 Unknown tank,damaged,https://i.postimg.cc/MZLM4XKj/1034-unkn-tank-dam-aband-13-06-23.jpg,2023-06-14,2475,5874,3,7-247558743
Russia,Soviet Union,256 T-80BV,damaged,https://twitter.com/UAWeapons/status/1632836792662491136,2023-03-07,2479,5885,3,7-247958853
Russia,Soviet Union,256 T-80BV,damaged,https://i.postimg.cc/524HDy1N/1000-t80bv-dam-aband-2x-bmp2-destr-27-02-23.jpg,2023-03-07,2479,5887,3,7-247958873
Russia,Soviet Union,26 100mm MT-12 anti-tank gun,damaged,https://i.postimg.cc/VLTtJhnR/1034-100mm-MT-12-anti-tank-gun-dam-30-09-23.jpg,2023-10-06,2495,5919,3,7-249559193
Russia,Soviet Union,26 BRM-1 and BRM-1K reconnaissance vehicle,damaged,https://i.postimg.cc/MH5RvRmc/1009-bmp1-dam-aband-26-01-23.jpg,2023-01-30,2506,5932,3,7-250659323
Russia,Soviet Union,26 River link pontoon (for PP/91-2005 floating bridge system),damaged,https://i.postimg.cc/QxNyb5Nm/1023-River-link-pontoon-for-PP-91-2005-floating-bridge-system-dam-15-05-22.jpg,2024-04-08,2514,5942,3,7-251459423
Russia,Soviet Union,26 UAZ-452 van,damaged,https://i.postimg.cc/qRSDvdB5/1008-uaz452-dam-capt.jpg,2022-10-24,2521,5951,3,7-252159513
Russia,Soviet Union,260 122mm BM-21 Grad,damaged,https://i.postimg.cc/nz1tznHR/1019-2-B17-BM-21-1-for-9-K51-Grad-dam-14-11-24.jpg,2024-11-27,2526,5958,3,7-252659583
Russia,Soviet Union,260 122mm BM-21 Grad,damaged,https://i.postimg.cc/pTvHRmt5/1020-2-B17-BM-21-1-for-9-K51-Grad-dam-14-11-24.jpg,2024-11-27,2526,5959,3,7-252659593
Russia,Soviet Union,261 BMP-1(P),damaged,https://i.postimg.cc/bNrQH1Xq/1005-bmp1-dam-capt-21-01-23.jpg,2023-01-22,2532,5971,3,7-253259713
Russia,Russia,262 Unknown tank,damaged,https://i.postimg.cc/6TJJTbQf/1015-unkn-tank-dam-07-07-23.jpg,2023-07-09,2540,5987,3,7-254059873
Russia,Soviet Union,264 BMP-1(P),damaged,https://twitter.com/RALee85/status/1617596495405907987,2023-01-24,2547,6003,3,7-254760033
Russia,Soviet Union,264 Unknown BMP-1/2,damaged,https://i.postimg.cc/1X3DZnJP/1009-BMP-1-or-2-dam-aband-11-03-25.jpg,2025-03-20,2549,6009,3,7-254960093
Russia,Soviet Union,266 T-80BV,damaged,https://i.postimg.cc/P5rfXBWG/1028-t80bv-dam-aband-16-03-23.jpg,2023-03-20,2557,6024,3,7-255760243
Russia,Soviet Union,266 T-80BV,damaged,https://i.postimg.cc/T1V21xNx/1032-t80bv-dam-aband-28-11-22.jpg,2023-03-20,2557,6025,3,7-255760253
Russia,Russia,266 Unknown tank,damaged,https://i.postimg.cc/T20K5LrQ/1020-1x-destr-1x-dam-aband-unkn-tank-19-08-23.jpg,2023-08-21,2559,6029,3,7-255960293
Russia,Soviet Union,267 BMP-1(P),damaged,https://i.postimg.cc/LX02XWKr/1007-t72b-destr-and-bmp1-dam-27-01-23.jpg,2023-01-30,2561,6036,3,7-256160363
Russia,Soviet Union,267 BMP-1(P),damaged,https://i.postimg.cc/8ktswz18/1012-bmp1-dam-aband-28-01-23.jpg,2023-01-30,2561,6037,3,7-256160373
Russia,Soviet Union,27 203mm 2S7(M) Pion/Malka,damaged,https://i.postimg.cc/htGmPtbv/1034-2-S7-M-Pion-Malka-dam-24-08-24.jpg,2024-09-13,2575,6067,3,7-257560673
Russia,Russia,27 T-80BV Obr. 2022,damaged,https://i.postimg.cc/63KVv1vf/1016-t80bv-obr2022-dam-aband-18-04-24.jpg,2024-04-21,2592,6088,3,7-259260883
Russia,Soviet Union,271 BMP-1(P),damaged,https://i.postimg.cc/26hVmcLJ/1006-bmp1-dam-aband-02-02-23.jpg,2023-02-05,2603,6105,3,7-260361053
Russia,Soviet Union,273 122mm BM-21 Grad,damaged,https://i.postimg.cc/gc19MfsS/1183-2-B17-BM-21-1-for-9-K51-Grad-dam-15-03-25.jpg,2025-03-20,2609,6120,3,7-260961203
Russia,Soviet Union,273 T-80BV,damaged,https://i.postimg.cc/rpfGkc17/5541.png,2023-03-26,2611,6127,3,7-261161273
Russia,Soviet Union,275 T-80BV,damaged,https://i.postimg.cc/wxF35sSp/5579.png,2023-03-27,2615,6140,3,7-261561403
Russia,Soviet Union,275 Unknown BMP-1/2,damaged,https://i.postimg.cc/fLzSS4JB/1057-BMP-1-or-2-dam-aband-01-04-25.jpg,2025-04-07,2616,6149,3,7-261661493
Russia,Russia,276 Unknown tank,damaged,https://i.postimg.cc/DZRMmPFy/1042-unkn-tank-dam-08-10-23.jpg,2023-10-09,2621,6166,3,7-262161663
Russia,Russia,277 T-72B3,damaged,https://i.postimg.cc/6QHXBFs6/1002-t72b3-dam-aband-09-02-23.jpg,2023-02-12,2624,6174,3,7-262461743
Russia,Russia,277 T-72B3,damaged,https://i.postimg.cc/y823p1WS/1100-t72b3-dam-aband-06-02-23.jpg,2023-02-12,2624,6175,3,7-262461753
Russia,Russia,277 T-72B3,damaged,https://i.postimg.cc/FFGd5g7v/1101-t72b3-dam-aband-06-02-23.jpg,2023-02-12,2624,6176,3,7-262461763
Russia,Russia,277 T-72B3,damaged,https://i.postimg.cc/6qZJL38T/1004-1x-mtlb-dam-aband-2x-bmp2-1x-destr-1x-dam-aband-2x-t72b3-dam-aband-09-02-23.jpg,2023-02-12,2624,6177,3,7-262461773
Russia,Russia,277 T-72B3,damaged,https://i.postimg.cc/8kxTJ87j/1006-1x-t72b3-destr-1x-t90a-destr-09-02-23.jpg,2023-02-12,2624,6178,3,7-262461783
Russia,Russia,277 T-72B3,damaged,https://i.postimg.cc/pV0T1W6X/1103-t72b3-dam-aband-06-02-23.jpg,2023-02-12,2624,6179,3,7-262461793
Russia,Soviet Union,279 BTR-80,damaged,https://i.postimg.cc/X7mYsys6/1023-BTR-80-dam-aband-17-04-25.jpg,2025-05-12,2631,6192,3,7-263161923
Russia,Russia,279 Unknown tank,damaged,https://i.postimg.cc/HWXLWfZ8/1010-2x-unkn-tank-dam-aband-12-10-23.jpg,2023-10-15,2634,6201,3,7-263462013
Russia,Soviet Union,28 IMR-2(M) combat engineering vehicle,damaged,https://twitter.com/RALee85/status/1657123146032459777,2023-05-17,2646,6217,3,7-264662173
Russia,Soviet Union,28 River link pontoon (for PMP(-M) floating bridge system),damaged,https://i.postimg.cc/rFdg7Tzj/1040-River-link-pontoon-for-PMP-M-floating-bridge-system-dam-07-09-24.jpg,2024-09-09,2650,6221,3,7-265062213
Russia,Soviet Union,28 River link pontoon (for PMP(-M) floating bridge system),damaged,https://i.postimg.cc/dVr6t92T/1041-River-link-pontoon-for-PMP-M-floating-bridge-system-dam-07-09-24.jpg,2024-09-09,2650,6222,3,7-265062223
Russia,Soviet Union,28 River link pontoon (for PMP(-M) floating bridge system),damaged,https://i.postimg.cc/GhZzCfyC/1042-River-link-pontoon-for-PMP-M-floating-bridge-system-dam-07-09-24.jpg,2024-09-09,2650,6223,3,7-265062233
Russia,Russia,28 T-90M,damaged,https://i.postimg.cc/C5J6np7R/1006-t90m-dam-17-07-23.jpg,2023-07-31,2655,6228,3,7-265562283
Russia,Russia,281 BTR-82AT,damaged,https://i.postimg.cc/cHzLdpqb/1036-BTR-82-AT-dam-aband-31-12-24.jpg,2025-01-07,2665,6245,3,7-266562453
Russia,Soviet Union,283 T-80BV,damaged,https://i.postimg.cc/s29yBnP9/1021-t80bv-dam-aband-07-05-23.jpg,2023-05-11,2670,6258,3,7-267062583
Russia,Russia,284 T-72B3,damaged,https://i.postimg.cc/5y05sMWX/1010-t72b3-dam-14-02-23.jpg,2023-02-15,2673,6264,3,7-267362643
Russia,Russia,284 T-72B3,damaged,https://i.postimg.cc/zvW2tVvv/1000-2x-T-72b3-1x-t72-2x-bmp3-2x-btr82-dan-aband-1x-bmp3-destr-24-01-23.jpg,2023-02-15,2673,6265,3,7-267362653
Russia,Russia,285 Unknown tank,damaged,https://i.postimg.cc/Hn3cL4TR/1024-1x-destr-1x-dam-aband-unkn-tank-Remdiesel-Z-STS-Akhmat-destr-15-10-23.jpg,2023-10-18,2676,6274,3,7-267662743
Russia,Soviet Union,287 BMP-1(P),damaged,https://twitter.com/UAWeapons/status/1622943432581779459,2023-02-12,2680,5007,3,7-268050073
Russia,Soviet Union,287 BMP-1(P),damaged,https://i.postimg.cc/MH8VrTP7/1044-bmp1-dam-aband-04-02-23.jpg,2023-02-12,2680,6291,3,7-268062913
Russia,Soviet Union,287 BMP-1(P),damaged,https://i.postimg.cc/Y9T1JFFx/1000-2x-bmp-1-1x-destr-1x-dam-09-02-23.jpg,2023-02-12,2680,6286,3,7-268062863
Russia,Soviet Union,287 BMP-1(P),damaged,https://i.postimg.cc/sfTvfdC0/1007-bmp1-dam-aband-07-02-23.jpg,2023-02-12,2680,6292,3,7-268062923
Russia,Russia,287 T-72B3,damaged,https://i.postimg.cc/9Fkf265s/1026-t80bv-destr-and-t72b3-dam-aband-16-02-23.jpg,2023-02-18,2681,5356,3,7-268153563
Russia,Soviet Union,288 T-80BV,damaged,https://i.postimg.cc/kGwTKndp/1070-t80bv-dam-15-05-23.jpg,2023-05-17,2685,6306,3,7-268563063
Russia,Russia,288 Unknown tank,damaged,https://i.postimg.cc/2jXcjkDY/1010-unkn-tank-dam-aband-10-12-23.jpg,2024-01-09,2686,6314,3,7-268663143
Russia,Russia,288 Unknown tank,damaged,https://i.postimg.cc/T1ZJVPdW/1032-unkn-tank-dam-aband-10-12-23.jpg,2024-01-09,2686,6315,3,7-268663153
Russia,Russia,288 Unknown tank,damaged,https://i.postimg.cc/85ffVGYz/1015-unkn-tank-dam-aband-28-12-23.jpg,2024-01-09,2686,6316,3,7-268663163
Russia,Russia,289 Unknown tank,damaged,https://i.postimg.cc/nzpZYVhR/1004-unkn-tank-dam-aband-20-10-23.jpg,2023-10-26,2689,6318,3,7-268963183
Russia,Russia,289 Unknown tank,damaged,https://i.postimg.cc/8C8TcmQV/1005-unkn-tank-and-btr82-aband-2x-unkn-afv-destr-20-10-23.jpg,2023-10-26,2689,6319,3,7-268963193
Russia,Soviet Union,29 100mm MT-12 anti-tank gun,damaged,https://i.postimg.cc/4d19gBXR/1027-2x-mt12-dam-29-01-24.jpg,2024-02-09,2690,6320,3,7-269063203
Russia,Soviet Union,29 120mm 2S9 Nona,damaged,https://i.postimg.cc/XqZqgh0x/39.png,2023-04-17,2691,6321,3,7-269163213
Russia,Russia,29 152mm 2S33 Msta-SM2,damaged,https://twitter.com/RALee85/status/1658359422421221376,2023-05-17,2693,6323,3,7-269363233
Russia,Russia,29 T-90M,damaged,https://i.postimg.cc/VN02R8fZ/1023-t90m-dam-aband-04-08-23.jpg,2023-08-06,2707,6340,3,7-270763403
Russia,Russia,290 Unknown tank,damaged,https://i.postimg.cc/GpJxThQG/1003-Unknown-tank-dam-aband-26-11-23.jpg,2024-01-19,2713,6356,3,7-271363563
Russia,Russia,291 T-72B3,damaged,https://i.postimg.cc/ZKvYVYJy/1009-t72b3-dam-11-02-23.jpg,2023-02-21,2714,6363,3,7-271463633
Russia,Russia,291 T-72B3,damaged,https://i.postimg.cc/ZnYH71hW/1003-t72b3-dam-aband-25-02-23.jpg,2023-02-27,2714,6366,3,7-271463663
Russia,Soviet Union,292 T-80BV,damaged,https://i.postimg.cc/q7sJgVvm/1007-t80bv-dam-aband-15-05-23.jpg,2023-05-24,2720,6398,3,7-272063983
Russia,Russia,293 Unknown tank,damaged,https://i.postimg.cc/prWp6z4L/1000-unkn-tank-dam-aband-28-12-23.jpg,2024-01-21,2724,6411,3,7-272464113
Russia,Russia,294 BTR-82AT,damaged,https://i.postimg.cc/c4JjZqrQ/1029-BTR-82-AT-dam-aband-28-01-25.jpg,2025-02-16,2726,6414,3,7-272664143
Russia,Russia,294 Unknown tank,damaged,https://i.postimg.cc/DZPHr1xP/1017-unkn-tank-dam-aband-31-10-23.jpg,2023-11-02,2728,6419,3,7-272864193
Russia,Russia,295 T-72B3,damaged,https://i.postimg.cc/CxcZ00LC/1004-t72b3-dam-aband-04-03-23.jpg,2023-03-07,2732,6431,3,7-273264313
Russia,Russia,297 T-72B3,damaged,https://i.postimg.cc/t4mYxw9n/1304-5x-BMP1-and-1x-t72b3-destroyed-21-02-23.jpg,2023-03-09,2738,6452,3,7-273864523
Russia,Soviet Union,298 T-80BV,damaged,https://i.postimg.cc/qMDY0QPX/1040-t80bv-dam-03-06-23.jpg,2023-06-04,2740,6458,3,7-274064583
Russia,Russia,2K22M1 Tunguska,damaged,https://i.postimg.cc/9MqLyHJZ/764.png,2022-03-19,2742,6462,3,7-274264623
Russia,Russia,2K22M1 Tunguska,damaged,https://i.postimg.cc/L8ZkVWLr/698.png,2022-04-09,2742,6465,3,7-274264653
Russia,Russia,3 152mm 2S43 Malva,damaged,https://i.postimg.cc/XqsPjKmx/1057-2-S43-Malva-dam-11-05-25.jpg,2025-05-15,2751,6476,3,7-275164763
Russia,Russia,"3 1K148 ""Yastreb-AV"" artillery reconnaissance complex",damaged,https://i.postimg.cc/vHYPfgTp/1059-1-K148-Yastreb-AV-dam-31-05-23.jpg,2024-04-17,2753,6479,3,7-275364793
Russia,Russia,3 92N6A engagement radar (for S-400),damaged,https://i.postimg.cc/90BdVYRp/1024-92-N6-A-engagement-radar-for-40-P6-S-400-Triumf-dam-02-06-24.jpg,2024-06-06,2763,6491,3,7-276364913
Russia,Russia,3 9S18 Kupol (for Buk-M1-2/M2),damaged,https://i.postimg.cc/kMRkFtZY/1030-9-S18-Kupol-target-aquisition-radar-for-9-K317-Buk-M2-dam-10-04-25.jpg,2025-04-13,2765,6493,3,7-276564933
Russia,Russia,3 BAZ-69092 (for S-400),damaged,https://i.postimg.cc/ZqLD3kjB/1003-BAZ-69092-dam-13-08-24.jpg,2024-08-15,2771,6500,3,7-277165003
Russia,Soviet Union,3 BMK-MO towing and motor boat,damaged,https://i.postimg.cc/0NVWL5m4/1036-tugboat-BMK-MO-dam-capt-17-03-23.jpg,2023-03-20,2774,6503,3,7-277465033
Russia,Russia,3 BMP-2M,damaged,https://twitter.com/UAWeapons/status/1572504785693310978,2022-09-22,2777,6506,3,7-277765063
Russia,Russia,3 BMP-3 4S24 NKDZ,damaged,https://i.postimg.cc/bJ1MYky3/1000-BMP-3-4-S24-NKDZ-dam-aband-03-08-25.jpg,2025-08-14,2778,6507,3,7-277865073
Russia,Russia,3 BMPT Terminator,damaged,https://i.postimg.cc/HsMrPc9H/1017-bmpt-terminator-dam-27-09-23.jpg,2023-10-05,2779,6508,3,7-277965083
Russia,Russia,3 BREM-L armoured recovery vehicle,damaged,https://i.postimg.cc/63tVphPr/1006-brem-l-dam-05-01-23.jpg,2024-01-09,2783,6513,3,7-278365133
Russia,Soviet Union,3 Coastal link pontoon (for unknown floating bridge system),damaged,https://i.postimg.cc/mgLZFYdK/1032-Coastal-link-pontoon-for-unknown-floating-bridge-system-dam-21-08-24.jpg,2024-08-22,2787,6518,3,7-278765183
Russia,Soviet Union,3 Coastal link pontoon (for unknown floating bridge system),damaged,https://i.postimg.cc/KzR6K3xs/1031-Coastal-link-pontoon-for-unknown-floating-bridge-system-dam-21-08-24.jpg,2024-08-25,2787,6519,3,7-278765193
Russia,Soviet Union,3 Il-22 airborne command post,damaged,https://i.postimg.cc/GhSMk9xw/1024-Il-22-airborne-command-post-dam-14-01-24.jpg,2024-01-19,2794,6526,3,7-279465263
Russia,Russia,3 KamAZ-4385,damaged,https://i.postimg.cc/ZnW7XB1P/1005-Kam-AZ-4385-dam-aband-10-11-24.jpg,2024-12-12,2799,6531,3,7-279965313
Russia,Russia,3 RIDA 'Buran ASV',damaged,https://i.postimg.cc/FFwv0gGK/1035-RIDA-Buran-ASV-dam-aband-26-11-24.jpg,2025-01-19,2823,6558,3,7-282365583
Russia,Russia,3 STS Sarmat-3,damaged,https://i.postimg.cc/3NyfpCBT/1025-STS-Sarmat-3-dam-04-12-24.jpg,2024-12-09,2828,6567,3,7-282865673
Russia,Soviet Union,3 Su-27 strike aircraft,damaged,https://i.postimg.cc/htSzKrCH/1045-Su-27-P-dam-14-12-24.jpg,2024-12-18,2830,6569,3,7-283065693
Russia,Soviet Union,3 T-62MV,damaged,https://i.postimg.cc/MX2V8YzD/1501-t72mv-capt.jpg,2022-10-09,2834,6575,3,7-283465753
Russia,Soviet Union,3 T-64A,damaged,https://i.postimg.cc/v86rnJdt/1040-T-64-A-dam-14-10-23.jpg,2023-10-15,2836,6577,3,7-283665773
Russia,Soviet Union,3 Unknown T-54/55,damaged,https://i.postimg.cc/pTqMF7mQ/1081-unkn-t54-55-dam-aband-17-02-24.jpg,2024-04-08,2855,6603,3,7-285566033
Russia,Russia,3 Unknown fighter jet,damaged,https://i.postimg.cc/wj8BcHrB/1027-unkn-fighter-jet-dam-22-08-24.jpg,2024-08-25,2856,6604,3,7-285666043
Russia,Russia,3 Unknown radar,damaged,https://i.postimg.cc/ncLKFdWQ/1030-unkn-radar-dam-20-04-24.jpg,2024-04-24,2858,6606,3,7-285866063
Russia,Soviet Union,30 122mm D-30 howitzer,damaged,https://i.postimg.cc/ZRrPVHSv/1169-d30.jpg,2022-08-23,2865,6614,3,7-286566143
Russia,Russia,30 152mm 2S33 Msta-SM2,damaged,https://i.postimg.cc/K8z692mW/1036-152mm-2-S33-Msta-SM2-dam-19-05-23.jpg,2023-05-23,2866,6615,3,7-286666153
Russia,Soviet Union,30 IMR-2(M) combat engineering vehicle,damaged,https://i.postimg.cc/FHkWFNbt/1034-imr2-dam-aband-09-10-23.jpg,2023-10-15,2876,6630,3,7-287666303
Russia,Russia,30 T-80BVM,damaged,https://i.postimg.cc/MKnvkmBv/1020-t80bvm-nr14.jpg,2022-08-13,2886,6649,3,7-288666493
Russia,Russia,301 T-72B3,damaged,https://i.postimg.cc/fTvTV3hd/1002-t72b3-dam-20-04-23.jpg,2023-04-24,2898,6678,3,7-289866783
Russia,Soviet Union,301 T-80BV,damaged,https://i.postimg.cc/ZKmBYsKv/1019-t80bv-dam-aband-10-06-23.jpg,2023-06-11,2899,6685,3,7-289966853
Russia,Soviet Union,302 BMP-1(P),damaged,https://twitter.com/UAWeapons/status/1628044473635598340,2023-02-23,2900,6686,3,7-290066863
Russia,Soviet Union,303 T-80BV,damaged,https://i.postimg.cc/XYjF1Bnb/1019-t80bv-dam-capt-10-06-23.jpg,2023-06-14,2905,6699,3,7-290566993
Russia,Russia,303 Unknown tank,damaged,https://i.postimg.cc/qR34C4cz/1048-Unknown-tank-dam-aband-23-01-24.jpg,2024-01-27,2906,6701,3,7-290667013
Russia,Russia,304 BTR-82AT,damaged,https://i.postimg.cc/2yWZhjcd/1043-BTR-82-AT-dam-aband-18-02-25.jpg,2025-02-27,2908,6706,3,7-290867063
Russia,Russia,304 T-72B3,damaged,https://twitter.com/UAWeapons/status/1638845891254558720,2023-03-26,2910,5937,3,7-291059373
Russia,Russia,304 T-72B3,damaged,https://postlmg.cc/dhTQRzCD,2023-03-26,2910,6712,3,7-291067123
Russia,Russia,304 Unknown tank,damaged,https://i.postimg.cc/wvfySgx5/1022-unkn-tank-dam-aband-17-01-24.jpg,2024-01-24,2911,6725,3,7-291167253
Russia,Soviet Union,307 Unknown BMP-1/2,damaged,https://i.postimg.cc/02Ht69cN/1076-BMP-1-or-2-dam-aband-02-04-25.jpg,2025-05-12,2919,6778,3,7-291967783
Russia,Russia,31 BMP-1 675-sb3KDZ,damaged,https://i.postimg.cc/Bv9pcs9g/1034-BMP-1-675-sb3-KDZ-dam-aband-06-10-24.jpg,2024-10-09,2932,6798,3,7-293267983
Russia,Russia,31 BMP-1 675-sb3KDZ,damaged,https://i.postimg.cc/R07Rg8vz/1051-BMP-1-AM-675-sb3-KDZ-dam-aband-08-10-24.jpg,2024-10-09,2932,6799,3,7-293267993
Russia,Soviet Union,31 BREM-1 armoured recovery vehicle,damaged,https://i.postimg.cc/DwFvf0H4/1016-BREM-1-BTR-82-A-T-72-A-T-72-B3-dam-aband-08-07-23.jpg,2023-07-09,2934,6801,3,7-293468013
Russia,Russia,31 Pantsir-S1,damaged,https://i.postimg.cc/VNX56q61/1162-72-V6-combat-vehicle-for-96-K6-Pantsir-S1-dam-14-03-25.jpg,2025-03-20,2941,6813,3,7-294168133
Russia,Russia,31 R-149MA3 command and staff vehicle,damaged,https://i.postimg.cc/qvy9mBSj/1013-R-149-MA3-dmg-capt.jpg,2022-10-02,2942,6814,3,7-294268143
Russia,Russia,31 T-80BVM,damaged,https://i.postimg.cc/rwk9X6Y1/1000-t80bvm-nr-14.jpg,2022-08-14,2948,6822,3,7-294868223
Russia,Soviet Union,31 UAZ-452 van,damaged,https://i.postimg.cc/Jn98dRsx/1008-uaz452-dam-capt.jpg,2022-11-21,2949,6823,3,7-294968233
Russia,Russia,312 T-72B3,damaged,https://i.postimg.cc/x1xNCV6F/1030-1x-t72b3-dam-aband-09-02-23.jpg,2023-06-04,2961,6847,3,7-296168473
Russia,Soviet Union,314 T-80BV,damaged,https://i.postimg.cc/W4Cnqvrg/1035-t80bv-dam-17-06-23.jpg,2023-06-28,2966,6858,3,7-296668583
Russia,Russia,314 Unknown tank,damaged,https://i.postimg.cc/1zQtT62N/1046-Unknown-tank-dam-aband-18-12-24.jpg,2024-02-23,2967,6859,3,7-296768593
Russia,Russia,314 Unknown tank,damaged,https://i.postimg.cc/LX98xV1y/1056-unkn-tank-dam-aband-21-02-24.jpg,2024-02-23,2967,6860,3,7-296768603
Russia,Russia,314 Unknown tank,damaged,https://i.postimg.cc/1z3hGr77/1000-Unknown-tank-dam-23-02-24.jpg,2024-02-26,2967,6861,3,7-296768613
Russia,Russia,315 T-72B3,damaged,https://i.postimg.cc/PrcKCW36/1005-t72b3-dam-aband-22-06-23.jpg,2023-06-25,2969,6868,3,7-296968683
Russia,Russia,316 T-72B3,damaged,https://i.postimg.cc/Znhxjxwq/1016-t72b3-dam-aband-22-06-23.jpg,2023-06-28,2973,6884,3,7-297368843
Russia,Soviet Union,316 Unknown BMP-1/2,damaged,https://i.postimg.cc/fWHyQJ86/1060-BMP-1-or-2-dam-aband-25-05-25.jpg,2025-05-30,2974,6885,3,7-297468853
Russia,Russia,319 T-72B3,damaged,https://twitter.com/UAWeapons/status/1676873776187731969,2023-07-07,2982,6902,3,7-298269023
Russia,Russia,319 Unknown tank,damaged,https://i.postimg.cc/8c5932Vx/1022-2x-t80bv-and-unkn-tank-dam-aband-17-02-24.jpg,2024-02-18,2984,6908,3,7-298469083
Russia,Russia,32 T-90M,damaged,https://i.postimg.cc/wv9NX1YJ/1027-t90m-dam-09-08-23.jpg,2023-08-12,3004,6937,3,7-300469373
Russia,Russia,320 T-72B3,damaged,https://i.postimg.cc/DwFvf0H4/1016-BREM-1-BTR-82-A-T-72-A-T-72-B3-dam-aband-08-07-23.jpg,2023-07-09,3010,6801,3,7-301068013
Russia,Russia,321 T-72B3,damaged,https://i.postimg.cc/T3nKTC1X/1017-t72b3-aband-09-07-23.jpg,2023-07-10,3015,6966,3,7-301569663
Russia,Russia,323 Unknown tank,damaged,https://i.postimg.cc/m2jhnBNM/1013-Unknown-tank-dam-aband-02-02-24.jpg,2024-02-09,3023,6989,3,7-302369893
Russia,Russia,323 Unknown tank,damaged,https://i.postimg.cc/44bxXzLL/1024-unkn-tank-dam-aband-30-01-24.jpg,2024-02-09,3023,6991,3,7-302369913
Russia,Russia,323 Unknown tank,damaged,https://i.postimg.cc/MT1pmSpn/1014-Unknown-tank-dam-aband-02-02-24.jpg,2024-02-09,3023,6994,3,7-302369943
Russia,Russia,323 Unknown tank,damaged,https://i.postimg.cc/8CrH6BWJ/1011-unkn-tank-dam-aband-27-12-23.jpg,2024-02-09,3023,6995,3,7-302369953
Russia,Russia,323 Unknown tank,damaged,https://i.postimg.cc/3JSCfbF0/1018-Unknown-tank-dam-aband-03-02-24.jpg,2024-02-09,3023,6996,3,7-302369963
Russia,Russia,323 Unknown tank,damaged,https://i.postimg.cc/dVgRwkXq/1019-Unknown-tank-dam-aband-03-02-24.jpg,2024-02-09,3023,6997,3,7-302369973
Russia,Russia,323 Unknown tank,damaged,https://i.postimg.cc/y6gRR1P2/1050-Unknown-tank-dam-aband-07-02-24.jpg,2024-02-09,3023,6998,3,7-302369983
Russia,Soviet Union,324 T-80BV,damaged,https://twitter.com/UAWeapons/status/1674481857386168320,2023-06-30,3024,6999,3,7-302469993
Russia,Soviet Union,324 T-80BV,damaged,https://i.postimg.cc/gkSqGgbS/1012-t80bv-dam-aband-28-06-23.jpg,2023-06-30,3024,7003,3,7-302470033
Russia,Russia,325 BTR-82A(M),damaged,https://i.postimg.cc/wvZ3tPpJ/1030-btr82a-dam-aband-and-t80bv-destr.jpg,2022-11-03,3025,3652,3,7-302536523
Russia,Russia,325 BTR-82AT,damaged,https://i.postimg.cc/7PQf247j/1006-BTR-82-AT-dam-aband-29-03-25.jpg,2025-04-02,3026,7010,3,7-302670103
Russia,Russia,325 T-72B3,damaged,https://i.postimg.cc/tCJhvnZN/1034-T-72-B3-dam-07-08-23.jpg,2023-08-12,3027,7012,3,7-302770123
Russia,Russia,326 T-72B3,damaged,https://i.postimg.cc/G90xtbhX/1500-t72b3-dam-09-08-23.jpg,2023-08-17,3030,7021,3,7-303070213
Russia,Russia,328 BTR-82AT,damaged,https://i.postimg.cc/hP4KXXKN/1058-BTR-82-AT-dam-09-04-25.jpg,2025-04-10,3032,7025,3,7-303270253
Russia,Russia,328 T-72B3,damaged,https://i.postimg.cc/FzCFWSp4/1044-t72b3-dam-aband-17-08-23.jpg,2023-08-21,3033,7026,3,7-303370263
Russia,Soviet Union,328 T-80BV,damaged,https://i.postimg.cc/15nMCvcY/1010-t80bv-dam-capt-31-10-22.jpg,2023-07-07,3034,7029,3,7-303470293
Russia,Soviet Union,329 BMP-1(P),damaged,https://i.postimg.cc/xTwhH3Pb/1002-bmp1-dam-12-03-23.jpg,2023-03-13,3035,7031,3,7-303570313
Russia,Russia,329 T-72B3,damaged,https://i.postimg.cc/J0tMSfm3/1005-72-B3-and-80-BVM-dam-aband-20-08-23.jpg,2023-08-24,3036,7032,3,7-303670323
Russia,Russia,329 Unknown tank,damaged,https://i.postimg.cc/CxVmX5gg/1102-unkn-tank-dam-aband-05-04-24.jpg,2024-04-26,3037,7033,3,7-303770333
Russia,Soviet Union,33 152mm 2S5 Giatsint-S,damaged,https://i.postimg.cc/qMBZqG5R/1044-2s5-dam-16-07-23.jpg,2023-07-17,3042,7039,3,7-304270393
Russia,Russia,33 KamAZ 4x4,damaged,https://i.postimg.cc/BbYN8YW8/1056-Kam-AZ-4x4-dam-27-06-24.jpg,2024-06-30,3049,7051,3,7-304970513
Russia,Russia,33 T-80BV Obr. 2022,damaged,https://i.postimg.cc/9QFV42Xc/1045-t80bv-obr2022-dam-aband-04-06-24.jpg,2024-06-06,3056,7058,3,7-305670583
Russia,Russia,33 T-80BV Obr. 2022,damaged,https://i.postimg.cc/VsqcDvdY/1067-t80bv-obr2022-dam-aband-01-06-24.jpg,2024-06-06,3056,7059,3,7-305670593
Russia,Russia,33 T-80BVM,damaged,https://i.postimg.cc/qRpN5jRw/1002-t80bvm.jpg,2022-08-15,3057,7061,3,7-305770613
Russia,Russia,330 T-72B3,damaged,https://i.postimg.cc/wvF0yczL/1016-t72b3-dam-23-08-23.jpg,2023-08-26,3064,7071,3,7-306470713
Russia,Russia,330 Unknown tank,damaged,https://i.postimg.cc/q7Gy2dNP/1029-Unknown-tank-dam-31-03-24.jpg,2024-04-28,3066,7075,3,7-306670753
Russia,Russia,330 Unknown tank,damaged,https://i.postimg.cc/1zSDgz30/1005-Unknown-tank-dam-aband-21-04-24.jpg,2024-04-28,3066,7076,3,7-306670763
Russia,Russia,332 Unknown tank,damaged,https://i.postimg.cc/BQ7CVgrJ/1008-Unknown-tank-dam-15-04-24.jpg,2024-04-21,3073,7095,3,7-307370953
Russia,Russia,332 Unknown tank,damaged,https://i.postimg.cc/QxdbmPn6/1010-Unknown-tank-dam-aband-01-04-24.jpg,2024-04-21,3073,7096,3,7-307370963
Russia,Soviet Union,333 BMP-1(P),damaged,https://i.postimg.cc/vTMbqnZD/1019-bmp1-dam-aband-26-02-23.jpg,2023-03-16,3074,7100,3,7-307471003
Russia,Russia,334 Unknown tank,damaged,https://i.postimg.cc/FF3fNh4w/1036-Unknown-tank-dam-aband-01-03-24.jpg,2024-04-08,3079,7126,3,7-307971263
Russia,Russia,334 Unknown tank,damaged,https://i.postimg.cc/zGJHx646/1024-Unknown-tank-dam-aband-22-01-24.jpg,2024-04-08,3079,7127,3,7-307971273
Russia,Russia,334 Unknown tank,damaged,https://i.postimg.cc/prrhNXq5/1041-unkn-tank-dam-aband-09-03-24.jpg,2024-04-08,3079,7130,3,7-307971303
Russia,Russia,334 Unknown tank,damaged,https://i.postimg.cc/FKG0HmTD/1036-Unknown-tank-dam-aband-22-03-24.jpg,2024-04-08,3079,7131,3,7-307971313
Russia,Russia,334 Unknown tank,damaged,https://i.postimg.cc/prBcPftc/1014-Unknown-tank-dam-aband-02-04-24.jpg,2024-04-08,3079,7132,3,7-307971323
Russia,Russia,334 Unknown tank,damaged,https://i.postimg.cc/rpCrnQGH/1042-Unknown-tank-dam-aband-05-04-24.jpg,2024-04-08,3079,7134,3,7-307971343
Russia,Russia,334 Unknown tank,damaged,https://i.postimg.cc/cHx8VwXL/1043-unkn-tank-dam-aband-05-04-24.jpg,2024-04-08,3079,7135,3,7-307971353
Russia,Russia,334 Unknown tank,damaged,https://i.postimg.cc/FKq5s8Jg/1015-Unknown-tank-dam-aband-09-03-24.jpg,2024-05-02,3079,7139,3,7-307971393
Russia,Russia,335 Unknown tank,damaged,https://i.postimg.cc/Hnn9zhjk/1036-unkn-tank-dam-aband-07-04-24.jpg,2024-04-11,3080,7140,3,7-308071403
Russia,Russia,335 Ural-4320,damaged,https://i.postimg.cc/zfZxn94Q/1118_Ural-4320_damaged_and_abandoned.jpg,2022-07-28,3081,7170,3,7-308171703
Russia,Russia,339 T-72B3,damaged,https://i.postimg.cc/bwbMh8NJ/3212.png,2023-09-11,3091,7227,3,7-309172273
Russia,Russia,34 9A310M1-2 TELAR (for Buk-M1-2),damaged,https://i.postimg.cc/kMwQCWr5/1034-9-A310-M1-2-TELAR-for-9-K37-M1-2-Buk-M1-2-dam-06-01-25.jpg,2025-01-10,3097,7234,3,7-309772343
Russia,Soviet Union,34 IMR-2(M) combat engineering vehicle,damaged,https://i.postimg.cc/Y2fTHhkk/1024-imr2-dam-aband-01-05-24.jpg,2024-05-09,3102,7240,3,7-310272403
Russia,Russia,34 T-90M,damaged,https://twitter.com/UAWeapons/status/1691132746171666448,2023-08-15,3113,7257,3,7-311372573
Russia,Soviet Union,34 UAZ-469 jeep,damaged,https://i.postimg.cc/43YNV25f/1061-uaz-469-dam-30-09-23.jpg,2023-10-06,3115,7260,3,7-311572603
Russia,Russia,341 Ural-4320,damaged,https://i.postimg.cc/D0HCdSTm/1000-ural4320.jpg,2022-08-13,3124,7280,3,7-312472803
Russia,Russia,341 Ural-4320,damaged,https://postimg.cc/mhsHRWKh,2022-08-13,3124,7281,3,7-312472813
Russia,Russia,343 KamAZ 6x6,damaged,https://i.postimg.cc/zvHZkHg5/1001-kamaz-6x6.jpg,2022-08-09,3131,7295,3,7-313172953
Russia,Russia,343 Ural-4320,damaged,https://i.postimg.cc/NF1WZv0L/1002-ural4320.jpg,2022-08-17,3134,7307,3,7-313473073
Russia,Russia,345 T-72B3,damaged,https://i.postimg.cc/tJs3scZ6/1023-t72b3-dam-16-11-23.jpg,2023-11-20,3137,7311,3,7-313773113
Russia,Soviet Union,346 BMP-1(P),damaged,https://twitter.com/GloOouD/status/1641418947315613696,2023-03-31,3139,7313,3,7-313973133
Russia,Soviet Union,347 BMP-1(P),damaged,https://i.postimg.cc/brvzBDvp/1001-bmp1-dam-aband-04-04-23.jpg,2023-04-05,3143,7323,3,7-314373233
Russia,Soviet Union,347 BMP-1(P),damaged,https://twitter.com/UAWeapons/status/1643343199321161729,2023-04-06,3143,7324,3,7-314373243
Russia,Soviet Union,347 BMP-1(P),damaged,https://i.postimg.cc/W4thWvnf/332d5.png,2023-04-06,3143,7325,3,7-314373253
Russia,Russia,347 BTR-82AT,damaged,https://i.postimg.cc/zD2w70Wt/1036-BTR-82-AT-dam-22-01-25.jpg,2025-05-12,3145,7334,3,7-314573343
Russia,Russia,347 T-72B3,damaged,https://i.postimg.cc/YS0HdtjY/1017-T-72-B3-dam-aband-11-11-23.jpg,2023-11-27,3146,7337,3,7-314673373
Russia,Russia,347 Unknown tank,damaged,https://i.postimg.cc/90XmQcT8/1098-Unknown-tank-dam-aband-30-03-24.jpg,2024-05-09,3147,7343,3,7-314773433
Russia,Russia,347 Unknown tank,damaged,https://i.postimg.cc/9F8MzwLG/1094-Unknown-tank-dam-aband-30-03-24.jpg,2024-05-09,3147,7344,3,7-314773443
Russia,Russia,347 Unknown tank,damaged,https://i.postimg.cc/L665H339/1092-Unknown-tank-dam-aband-30-03-24.jpg,2024-05-09,3147,7346,3,7-314773463
Russia,Soviet Union,348 BMP-1(P),damaged,https://i.postimg.cc/gJ9YRcqv/7767.png,2023-04-08,3148,7349,3,7-314873493
Russia,Russia,348 T-72B3,damaged,https://i.postimg.cc/8z9bq15T/1000-t72b3-dam-27-10-23.jpg,2023-11-06,3150,7352,3,7-315073523
Russia,Russia,349 T-72B3,damaged,https://i.postimg.cc/MT8FVxxQ/1003-72-B3-dam-aband-25-10-23.jpg,2023-10-28,3154,7359,3,7-315473593
Russia,Russia,349 T-72B3,damaged,https://i.postimg.cc/L616QY0Y/1016-T-72-B3-dam-aband-11-02-24.jpg,2024-02-15,3154,7368,3,7-315473683
Russia,Russia,349 T-72B3,damaged,https://i.postimg.cc/cJNScDW3/1013-t72b3-dam-aband-16-02-24.jpg,2024-02-23,3154,7370,3,7-315473703
Russia,Soviet Union,35 203mm 2S7(M) Pion/Malka,damaged,https://i.postimg.cc/qvSdR9Zr/1014-2-S7-M-Pion-dam-12-05-25.jpg,2025-06-27,3161,7382,3,7-316173823
Russia,Russia,35 9A310M1-2 TELAR (for Buk-M1-2),damaged,https://i.postimg.cc/15qM8Jfw/1022-9-A310-M1-2-TELAR-for-9-K37-M1-2-Buk-M1-2-dam-12-01-25.jpg,2025-01-16,3162,7383,3,7-316273833
Russia,Soviet Union,35 9P149 Shturm-S,damaged,https://i.postimg.cc/W3TYnDFn/1057-shuturm-s-dam-21-06-23.jpg,2023-06-23,3163,7384,3,7-316373843
Russia,Soviet Union,35 IMR-2(M) combat engineering vehicle,damaged,https://i.postimg.cc/ry1TRTVZ/1050-imr2-dam-11-05-24.jpg,2024-05-15,3167,7388,3,7-316773883
Russia,Soviet Union,35 Su-25 close air support aircraft,damaged,https://i.postimg.cc/zvM73xtC/1009-su25-dam-beyond-economic-repair-06-10-24.jpg,2024-11-02,3170,7392,3,7-317073923
Russia,Russia,35 T-80BVM,damaged,https://i.postimg.cc/qMTDvQnb/1003-t80bvm.jpg,2022-08-30,3174,7397,3,7-317473973
Russia,Russia,35 T-90M,damaged,https://postimg.cc/7C4qWVjY,2023-09-05,3175,7398,3,7-317573983
Russia,Soviet Union,35 ZiL-131,damaged,https://i.postimg.cc/3wTjWyF7/1003-Zi-L-131-dam-27-01-24.jpg,2024-02-09,3179,7406,3,7-317974063
Russia,Russia,350 BTR-82AT,damaged,https://i.postimg.cc/yYvHb7PT/1021-BTR-82-AT-dam-aband-21-01-25.jpg,2025-05-14,3181,7411,3,7-318174113
Russia,Russia,350 T-72B3,damaged,https://i.postimg.cc/0Qdznct4/1031-t72b3-dam-aband-15-01-24.jpg,2024-01-21,3182,7417,3,7-318274173
Russia,Russia,350 T-72B3,damaged,https://i.postimg.cc/ydVYv7LH/1036-T-72-B3-dama-aband-29-02-24.jpg,2024-03-02,3182,7419,3,7-318274193
Russia,Soviet Union,351 BMP-1(P),damaged,https://i.postimg.cc/15YfS1G5/t.png,2023-04-17,3183,7421,3,7-318374213
Russia,Russia,351 Unknown tank,damaged,https://i.postimg.cc/G2m95094/1004-Unknown-tank-dam-aband-19-05-24.jpg,2024-05-24,3185,7427,3,7-318574273
Russia,Soviet Union,352 BMP-1(P),damaged,https://i.postimg.cc/RFMKbwc6/779j.png,2023-04-18,3186,7429,3,7-318674293
Russia,Russia,352 T-72B3,damaged,https://i.postimg.cc/66PRrcQp/1019-T-72-B3-dam-aband-22-04-24.jpg,2024-04-27,3189,7436,3,7-318974363
Russia,Russia,352 Unknown tank,damaged,https://i.postimg.cc/Wpm9ZW6y/1030-unkn-tank-dam-aband-14-05-24.jpg,2024-05-18,3190,7440,3,7-319074403
Russia,Russia,353 KamAZ 6x6,damaged,https://i.postimg.cc/gktrF01S/1001-REM-KL-Kamaz-6x6.jpg,2022-08-13,3193,7448,3,7-319374483
Russia,Russia,353 T-72B3,damaged,https://i.postimg.cc/X77WTjkb/1057-t72b3-dam-aband-15-12-23.jpg,2024-01-09,3194,7453,3,7-319474533
Russia,Russia,355 BTR-82A(M),damaged,https://twitter.com/UAWeapons/status/1597208161047703553,2022-11-30,3199,7466,3,7-319974663
Russia,Russia,356 T-72B3,damaged,https://i.postimg.cc/HWbXJzMb/1037-T72-B3-dam-aband-30-04-24.jpg,2024-05-09,3203,7473,3,7-320374733
Russia,Soviet Union,357 BMP-1(P),damaged,https://i.postimg.cc/RVmjGpWv/27.png,2023-04-21,3204,7478,3,7-320474783
Russia,Russia,357 T-72B3,damaged,https://i.postimg.cc/vm67mHLp/1040-t72b3-dam-15-03-24.jpg,2024-04-08,3205,7486,3,7-320574863
Russia,Russia,358 Unknown tank,damaged,https://i.postimg.cc/qM6r8dyy/1049-Unknown-tank-dam-aband-22-05-24.jpg,2024-05-26,3208,7496,3,7-320874963
Russia,Soviet Union,359 T-80BV,damaged,https://i.postimg.cc/hPDJyZFk/1027-t80bv-dam-aband-22-07-23.jpg,2023-07-24,3212,7505,3,7-321275053
Russia,Russia,36 9A310M1-2 TELAR (for Buk-M1-2),damaged,https://i.postimg.cc/mgp5yH0c/1045-9-A310-M1-2-TELAR-for-9-K37-M1-2-Buk-M1-2-dam-21-03-25.jpg,2025-03-24,3216,7509,3,7-321675093
Russia,Russia,36 T-90M,damaged,https://i.postimg.cc/jj76dcgj/335.png,2023-09-08,3229,7527,3,7-322975273
Russia,Russia,360 Ural-4320,damaged,https://i.postimg.cc/zG5zScVY/1144-ural-dam-capt.jpg,2022-08-23,3236,7558,3,7-323675583
Russia,Soviet Union,361 T-80BV,damaged,https://i.postimg.cc/dQHHfxMS/1007-t80bv-dam-23-07-23.jpg,2023-07-25,3238,7566,3,7-323875663
Russia,Russia,363 T-72B3,damaged,https://i.postimg.cc/d0LwjG1s/1046-T-72-B3-dam-18-05-24.jpg,2024-05-24,3245,7585,3,7-324575853
Russia,Russia,363 T-72B3,damaged,https://i.postimg.cc/Y23TBgKB/1038-T-72-B3-dam-aband-12-06-24.jpg,2024-06-17,3245,7586,3,7-324575863
Russia,Russia,363 Unknown tank,damaged,https://i.postimg.cc/W1PMqkx8/1058-Unknown-tank-dam-aband-29-05-24.jpg,2024-05-31,3247,7594,3,7-324775943
Russia,Russia,363 Unknown tank,damaged,https://i.postimg.cc/QNymCVXY/1011-unkn-tank-dam-aband-17-05-24.jpg,2024-05-31,3247,7595,3,7-324775953
Russia,Russia,365 BTR-82AT,damaged,https://i.postimg.cc/8CySMrbm/1015-BTR-82-AT-dam-02-07-25.jpg,2025-07-05,3250,7598,3,7-325075983
Russia,Russia,365 T-72B3,damaged,https://i.postimg.cc/02hxJRfg/1030-T-72-B3-dam-aband-17-06-24.jpg,2024-06-20,3251,7600,3,7-325176003
Russia,Russia,365 Ural-4320,damaged,https://i.postimg.cc/fRrqKKD6/1008-ural4320.png,2022-09-09,3253,7604,3,7-325376043
Russia,Russia,366 Unknown tank,damaged,https://i.postimg.cc/gjFmr6j7/1003-Unknown-tank-dam-aband-29-05-24.jpg,2024-06-06,3256,7614,3,7-325676143
Russia,Russia,369 T-72B3,damaged,https://i.postimg.cc/mkx2pHHB/1024-t72b3-dam-aband-12-06-24.jpg,2024-07-15,3263,7629,3,7-326376293
Russia,Soviet Union,37 120mm 2S9 Nona,damaged,https://twitter.com/UAWeapons/status/1703759553945289125,2023-09-19,3266,7635,3,7-326676353
Russia,Russia,370 BTR-82A(M),damaged,https://i.postimg.cc/QM9zTHYN/1024-bmp3-and-btr82a-dam-aband.jpg,2022-12-11,3291,7679,3,7-329176793
Russia,Russia,370 Unknown tank,damaged,https://i.postimg.cc/Zn2WyJkK/1009-Unknown-tank-dam-aband-30-05-24.jpg,2024-06-09,3294,7686,3,7-329476863
Russia,Russia,370 Unknown tank,damaged,https://i.postimg.cc/3wYdGLqp/1032-Unknown-tank-dam-aband-24-05-24.jpg,2024-06-09,3294,7687,3,7-329476873
Russia,Soviet Union,372 BMP-1(P),damaged,https://twitter.com/UAWeapons/status/1660286197497753600,2023-05-22,3298,4604,3,7-329846043
Russia,Soviet Union,374 T-80BV,damaged,https://i.postimg.cc/L8PQYk8t/1005-t80bv-dam-aband-07-08-23.jpg,2023-08-09,3308,7726,3,7-330877263
Russia,Soviet Union,38 100mm MT-12 anti-tank gun,damaged,https://i.postimg.cc/XYHxFZHm/1011-2-A29-MT-12-Rapira-anti-tank-gun-dam-28-12-24.jpg,2024-12-31,3326,7761,3,7-332677613
Russia,Soviet Union,38 IMR-2(M) combat engineering vehicle,damaged,https://i.postimg.cc/ncNS1ttG/1056-imr2-dam-aband-08-07-24.jpg,2024-07-09,3339,7775,3,7-333977753
Russia,Soviet Union,38 T-62M,damaged,https://twitter.com/UAWeapons/status/1590474674999558145,2022-11-10,3344,7782,3,7-334477823
Russia,Russia,38 T-80BV Obr. 2022,damaged,https://i.postimg.cc/SRw2ySX0/1040-t80bv-obr2022-dam-aband-12-07-24.jpg,2024-07-24,3345,7788,3,7-334577883
Russia,Soviet Union,381 BMP-1(P),damaged,https://i.postimg.cc/RFF6KnLs/1018-bmp1-dan-aband-24-05-23.jpg,2023-06-01,3354,7799,3,7-335477993
Russia,Soviet Union,384 T-80BV,damaged,https://twitter.com/UAWeapons/status/1690356279439507456,2023-08-15,3360,4501,3,7-336045013
Russia,Russia,384 Unknown tank,damaged,https://i.postimg.cc/y63XYrdf/1014-Unknown-tank-dam-aband-31-05-24.jpg,2024-07-03,3361,7817,3,7-336178173
Russia,Russia,384 Unknown tank,damaged,https://i.postimg.cc/tC0d1tn9/1013-Unknown-tank-dam-aband-31-05-24.jpg,2024-07-03,3361,7818,3,7-336178183
Russia,Russia,386 KamAZ 6x6,damaged,https://i.postimg.cc/pLHBThD2/1132-kamaz-capt-dam.jpg,2022-08-23,3366,7863,3,7-336678633
Russia,Soviet Union,39 100mm MT-12 anti-tank gun,damaged,https://i.postimg.cc/6Ts1tZSz/1038-MT-12-rapira-dam-07-01-25.jpg,2025-01-10,3373,7874,3,7-337378743
Russia,Soviet Union,39 IMR-2(M) combat engineering vehicle,damaged,https://i.postimg.cc/j534nsfz/1050-IMR-2-M-combat-engineering-vehicle-dam-aband-28-10-24.jpg,2024-10-30,3380,7882,3,7-338078823
Russia,Soviet Union,392 BMP-1(P),damaged,https://i.postimg.cc/rFDYndMN/1014-bmp1-dam-aband-11-06-23.jpg,2023-06-23,3397,7911,3,7-339779113
Russia,Russia,392 KamAZ 6x6,damaged,https://twitter.com/UAWeapons/status/1568341095591088130,2022-09-10,3398,7912,3,7-339879123
Russia,Russia,397 Unknown tank,damaged,https://i.postimg.cc/JnvgsKf7/1011-Unknown-tank-dam-aband-04-07-24.jpg,2024-07-09,3407,7948,3,7-340779483
Russia,Russia,398 Ural-4320,damaged,https://twitter.com/UAWeapons/status/1570482813857837056,2022-09-16,3408,7950,3,7-340879503
Russia,Russia,399 BTR-82A(M),damaged,https://i.postimg.cc/GtxPG6dm/1016-2x-btr82a-dam-26-01-23.jpg,2023-01-30,3409,7958,3,7-340979583
Russia,Russia,399 BTR-82A(M),damaged,https://i.postimg.cc/brhHGqX5/1017-btr82a-dam-26-01-23.jpg,2023-01-30,3409,7959,3,7-340979593
Russia,Russia,399 BTR-82A(M),damaged,https://i.postimg.cc/Kv83yg9v/1021-btr82a-dam-aband-24-01-23.jpg,2023-01-30,3409,7960,3,7-340979603
Russia,Soviet Union,4 122mm 9P138 Grad-1,damaged,https://i.postimg.cc/7ZDMsthz/1056-9-P138-Grad-1-dam-27-06-23.jpg,2023-06-28,3412,7966,3,7-341279663
Russia,Soviet Union,4 130mm M-46 field gun,damaged,https://i.postimg.cc/qRs4N1k0/1019-M-46-field-gun-dam-08-06-25.jpg,2025-07-17,3413,7967,3,7-341379673
Russia,Russia,4 1L259 (for Zoopark-1 counter-battery radar complex),damaged,https://twitter.com/bayraktar_1love/status/1720367512884273594,2023-11-06,3416,4407,3,7-341644073
Russia,Russia,4 48Ya6-K1 Podlet-K1 low-altitude S-band surveillance radar,damaged,https://i.postimg.cc/44H39KpZ/1030-48-Ya6-K1-Podlet-K1-surveillance-radar-dam-27-04-24.jpg,2024-05-02,3421,7975,3,7-342179753
Russia,Russia,4 T-72B Obr. 2022,damaged,https://i.postimg.cc/cLKTshcY/1016-t72b-2022-dam-aband-14-07-23.jpg,2023-07-17,3469,8031,3,7-346980313
Russia,Russia,4 T-90M,damaged,https://twitter.com/UAWeapons/status/1581733028870488064,2022-10-17,3476,8041,3,7-347680413
Russia,Russia,4 UAZ-394511 ‘Esaul’,damaged,https://i.postimg.cc/3ww79TFW/1000-Esaul.png,2022-08-13,3480,8049,3,7-348080493
Russia,Soviet Union,4 Unknown T-54/55,damaged,https://i.postimg.cc/KjbMBZLR/1106-unkn-t54-55-dam-aband-31-03-24.jpg,2024-06-11,3486,8059,3,7-348680593
Russia,Soviet Union,4 Unknown T-72,damaged,https://twitter.com/UAWeapons/status/1566072209642340352,2022-09-04,3487,8060,3,7-348780603
Russia,Russia,4 Unknown Tor TLAR,damaged,https://i.postimg.cc/Z5Q8yf40/1007-tor-dam-27-11-23.jpg,2023-12-01,3489,8061,3,7-348980613
Russia,Russia,4 Unknown Tor TLAR,damaged,https://i.postimg.cc/qRx6QQVs/1009-tor-dam-29-11-23.jpg,2023-12-01,3489,8062,3,7-348980623
Russia,Soviet Union,4 Unknown towed artillery,damaged,https://i.postimg.cc/9FRhFdXp/1009-unkn-towed-art.jpg,2022-08-31,3493,8066,3,7-349380663
Russia,Soviet Union,40 BRM-1(K) reconnaissance vehicle,damaged,https://i.postimg.cc/zBM4jR6D/1003-BRM-1-K-reconnaissance-vehicle-dam-08-03-22.jpg,2025-03-24,3507,8090,3,7-350780903
Russia,Soviet Union,40 River link pontoon (for PMP(-M) floating bridge system),damaged,https://i.postimg.cc/3JqDfB7J/1003-River-link-pontoon-for-PMP-M-floating-bridge-system-dam-08-09-24.jpg,2024-09-13,3512,8097,3,7-351280973
Russia,Soviet Union,40 River link pontoon (for PMP(-M) floating bridge system),damaged,https://i.postimg.cc/tR26WbM6/1004-River-link-pontoon-for-PMP-M-floating-bridge-system-dam-08-09-24.jpg,2024-09-13,3512,8098,3,7-351280983
Russia,Soviet Union,40 River link pontoon (for PMP(-M) floating bridge system),damaged,https://i.postimg.cc/7ZTJF2Y1/1005-River-link-pontoon-for-PMP-M-floating-bridge-system-dam-08-09-24.jpg,2024-09-13,3512,8099,3,7-351280993
Russia,Soviet Union,40 River link pontoon (for PMP(-M) floating bridge system),damaged,https://i.postimg.cc/bNrtR57B/1006-River-link-pontoon-for-PMP-M-floating-bridge-system-dam-08-09-24.jpg,2024-09-13,3512,8100,3,7-351281003
Russia,Soviet Union,40 River link pontoon (for PMP(-M) floating bridge system),damaged,https://i.postimg.cc/SsmXY1LV/1007-River-link-pontoon-for-PMP-M-floating-bridge-system-dam-08-09-24.jpg,2024-09-13,3512,8101,3,7-351281013
Russia,Soviet Union,40 River link pontoon (for PMP(-M) floating bridge system),damaged,https://i.postimg.cc/vmFxbZcJ/1008-River-link-pontoon-for-PMP-M-floating-bridge-system-dam-08-09-24.jpg,2024-09-13,3512,8102,3,7-351281023
Russia,Soviet Union,40 River link pontoon (for PMP(-M) floating bridge system),damaged,https://i.postimg.cc/R076FxtN/1009-River-link-pontoon-for-PMP-M-floating-bridge-system-dam-08-09-24.jpg,2024-09-13,3512,8103,3,7-351281033
Russia,Soviet Union,40 River link pontoon (for PMP(-M) floating bridge system),damaged,https://i.postimg.cc/PJxP2LRw/1010-River-link-pontoon-for-PMP-M-floating-bridge-system-dam-08-09-24.jpg,2024-09-13,3512,8104,3,7-351281043
Russia,Soviet Union,40 River link pontoon (for PMP(-M) floating bridge system),damaged,https://i.postimg.cc/BbVtyqrw/1011-River-link-pontoon-for-PMP-M-floating-bridge-system-dam-08-09-24.jpg,2024-09-13,3512,8105,3,7-351281053
Russia,Soviet Union,40 River link pontoon (for PMP(-M) floating bridge system),damaged,https://i.postimg.cc/2jcq3w1F/1012-River-link-pontoon-for-PMP-M-floating-bridge-system-dam-08-09-24.jpg,2024-09-13,3512,8106,3,7-351281063
Russia,Soviet Union,40 River link pontoon (for PMP(-M) floating bridge system),damaged,https://i.postimg.cc/3JkkGvpM/1013-River-link-pontoon-for-PMP-M-floating-bridge-system-dam-08-09-24.jpg,2024-09-13,3512,8107,3,7-351281073
Russia,Soviet Union,40 River link pontoon (for PMP(-M) floating bridge system),damaged,https://i.postimg.cc/VL2dWkBJ/1014-River-link-pontoon-for-PMP-M-floating-bridge-system-dam-08-09-24.jpg,2024-09-13,3512,8108,3,7-351281083
Russia,Soviet Union,40 T-72A,damaged,https://i.postimg.cc/3N1qRr1N/1015-t72a-dam-aband-04-08-23.jpg,2023-08-06,3515,8113,3,7-351581133
Russia,Russia,401 Unknown tank,damaged,https://i.postimg.cc/KYVbgM9g/1033-Unknown-tank-dam-aband-23-07-24.jpg,2024-07-25,3522,8125,3,7-352281253
Russia,Soviet Union,402 BMP-1(P),damaged,https://i.postimg.cc/ncQYNzsm/1031-BMP-1-P-dam-19-06-23.jpg,2023-06-28,3523,8131,3,7-352381313
Russia,Soviet Union,402 BMP-1(P),damaged,https://i.postimg.cc/q7pstx1c/1048-bmp1-dam-aband-25-06-23.jpg,2023-06-28,3523,8132,3,7-352381323
Russia,Russia,404 KamAZ 6x6,damaged,https://twitter.com/UAWeapons/status/1568628787457433600,2022-09-14,3528,8146,3,7-352881463
Russia,Soviet Union,405 BMP-1(P),damaged,https://i.postimg.cc/KzQ1h797/1027-bmp1-dam-28-06-23.jpg,2023-07-01,3529,8148,3,7-352981483
Russia,Soviet Union,405 BMP-1(P),damaged,https://i.postimg.cc/WpWd9nqT/1022-bmp1-dam-27-06-23.jpg,2023-07-01,3529,8149,3,7-352981493
Russia,Russia,405 Unknown tank,damaged,https://i.postimg.cc/QM8xSWr5/1010-Unknown-tank-dam-aband-25-07-24.jpg,2024-07-30,3530,8153,3,7-353081533
Russia,Russia,405 Unknown tank,damaged,https://i.postimg.cc/GmdnFwkS/1063-Unknown-tank-dam-aband-25-07-24.jpg,2024-07-30,3530,8154,3,7-353081543
Russia,Russia,406 BTR-82A(M),damaged,https://i.postimg.cc/zvW2tVvv/1000-2x-T-72b3-1x-t72-2x-bmp3-2x-btr82-dan-aband-1x-bmp3-destr-24-01-23.jpg,2023-02-15,3531,6265,3,7-353162653
Russia,Russia,408 BTR-82A(M),damaged,https://i.postimg.cc/bwqNQWSB/1001-btr82a-dam-17-02-23.jpg,2023-02-18,3534,8164,3,7-353481643
Russia,Soviet Union,418 BMP-1(P),damaged,https://i.postimg.cc/3RLRLwrL/1015-bmp1-damaged-and-abandoned-09-07-23.jpg,2023-07-10,3569,8232,3,7-356982323
Russia,Russia,419 Unknown tank,damaged,https://i.postimg.cc/9QDPrhYC/1057-unkn-tank-dam-aband-14-08-24.jpg,2024-08-19,3572,8243,3,7-357282433
Russia,Soviet Union,42 T-62M,damaged,https://i.postimg.cc/SNKbZnT3/1015_t62m_dam_capt.jpg,2022-11-19,3581,8254,3,7-358182543
Russia,Russia,42 Unknown BTR-80/BTR-82A,damaged,https://twitter.com/UAWeapons/status/1570482813857837056,2022-09-16,3585,7950,3,7-358579503
Russia,Russia,420 Ural-4320,damaged,https://twitter.com/UAWeapons/status/1573229914483998720,2022-09-24,3588,8267,3,7-358882673
Russia,Russia,420 Ural-4320,damaged,https://i.postimg.cc/4dMmdk4Y/1006-ural4320.jpg,2022-09-24,3588,8268,3,7-358882683
Russia,Soviet Union,425 BMP-1(P),damaged,https://i.postimg.cc/gJg9QWh7/1001-bmp1-dam-aband-13-07-23.jpg,2023-07-14,3597,8288,3,7-359782883
Russia,Russia,429 BTR-82A(M),damaged,https://i.postimg.cc/59X00x1h/1014-btr82a-dam-23-03-23.jpg,2023-03-30,3607,8307,3,7-360783073
Russia,Soviet Union,43 BRM-1(K) reconnaissance vehicle,damaged,https://i.postimg.cc/mg2vnPxj/1031-BRM-1-K-reconnaissance-vehicle-dam-aband-27-03-25.jpg,2025-04-07,3619,8333,3,7-361983333
Russia,Soviet Union,43 IMR-2(M) combat engineering vehicle,damaged,https://i.postimg.cc/9MvRsL3j/1061-IMR-2-M-combat-engineering-vehicle-dam-aband-12-12-24.jpg,2024-12-18,3620,8335,3,7-362083353
Russia,Soviet Union,43 River link pontoon (for PMP(-M) floating bridge system),damaged,https://i.postimg.cc/NfSsCKhn/1046-River-link-pontoon-for-PMP-M-floating-bridge-system-dam-20-03-25.jpg,2025-03-24,3623,8341,3,7-362383413
Russia,Russia,436 KamAZ 6x6,damaged,https://i.postimg.cc/9z58PTRG/2022-09-19-Kam-AZ-6x6-1.jpg,2022-09-22,3640,8380,3,7-364083803
Russia,Russia,439 BTR-82A(M),damaged,https://i.postimg.cc/N0W0fZ2F/1003-btr82a-dam-17-05-23.jpg,2023-05-23,3645,8402,3,7-364584023
Russia,Soviet Union,44 152mm 2S5 Giatsint-S,damaged,https://i.postimg.cc/T3W7ff9S/3265.png,2023-09-25,3654,8416,3,7-365484163
Russia,Russia,440 Ural-4320,damaged,https://i.postimg.cc/FRFP7LCS/1000-ural4320-dam-capt.jpg,2022-10-05,3672,8461,3,7-367284613
Russia,Russia,444 BTR-82A(M),damaged,https://i.postimg.cc/BnD73d88/1031-btr82a-dam-20-06-23.jpg,2023-06-23,3678,8472,3,7-367884723
Russia,Russia,449 BTR-82A(M),damaged,https://i.postimg.cc/d3xDLscL/1013-btr82a-dam-28-06-23.jpg,2023-07-01,3686,8493,3,7-368684933
Russia,Russia,449 Unknown tank,damaged,https://i.postimg.cc/Zqz2wBtt/1270-unkn-tank-dam-aband-20-10-24.jpg,2024-10-22,3688,8510,3,7-368885103
Russia,Soviet Union,45 River link pontoon (for PMP(-M) floating bridge system),damaged,https://i.postimg.cc/nhswQ56K/1077-River-link-pontoon-for-PMP-M-floating-bridge-system-dam-01-04-25.jpg,2025-04-07,3701,8524,3,7-370185243
Russia,Soviet Union,45 River link pontoon (for PMP(-M) floating bridge system),damaged,https://i.postimg.cc/cHWD2J6T/1078-River-link-pontoon-for-PMP-M-floating-bridge-system-dam-01-04-25.jpg,2025-04-07,3701,8525,3,7-370185253
Russia,Russia,452 Ural-4320,damaged,https://i.postimg.cc/m2zB6qFF/1038-ural4320-dam-capt.jpg,2022-10-10,3708,8537,3,7-370885373
Russia,Russia,453 Unknown tank,damaged,https://i.postimg.cc/ZRGjYJSG/1047-Unknown-tank-dam-aband-24-10-24.jpg,2024-10-27,3710,8543,3,7-371085433
Russia,Soviet Union,456 BMP-1(P),damaged,https://i.postimg.cc/RFV4wcgY/1017-bmp1-dam-01-08-23.jpg,2023-08-04,3715,8554,3,7-371585543
Russia,Russia,456 BTR-82A(M),damaged,https://i.postimg.cc/DwFvf0H4/1016-BREM-1-BTR-82-A-T-72-A-T-72-B3-dam-aband-08-07-23.jpg,2023-07-09,3716,6801,3,7-371668013
Russia,Russia,458 KamAZ 6x6,damaged,https://i.postimg.cc/VvtRYvjh/1005-kamaz-6x6-capt-dam.jpg,2022-10-02,3723,8566,3,7-372385663
Russia,Soviet Union,46 IMR-2(M) combat engineering vehicle,damaged,https://i.postimg.cc/JhFKbNMz/1001-IMR-2-M-combat-engineering-vehicle-dam-ababd-14-01-25.jpg,2025-01-31,3734,8581,3,7-373485813
Russia,Russia,462 BTR-82A(M),damaged,https://i.postimg.cc/qMbzTh46/1023-btr82a-dam-capt-30-11-22.jpg,2023-07-17,3743,8610,3,7-374386103
Russia,Russia,462 BTR-82A(M),damaged,https://i.postimg.cc/y6hMNP97/1014-btr82a-dam-17-07-23.jpg,2023-07-20,3743,8611,3,7-374386113
Russia,Russia,462 BTR-82A(M),damaged,https://i.postimg.cc/L8sKw1J2/1001-btr82a-dam-aband-17-07-23.jpg,2023-07-20,3743,8612,3,7-374386123
Russia,Russia,466 Unknown tank,damaged,https://i.postimg.cc/ncvnBbF0/1018-Unknown-tank-dam-aband-10-01-25.jpg,2025-01-13,3756,8648,3,7-375686483
Russia,Russia,469 Unknown tank,damaged,https://i.postimg.cc/htgKQQZP/1016-Unknown-tank-dam-aband-09-01-25.jpg,2025-01-16,3763,8665,3,7-376386653
Russia,Soviet Union,47 122mm D-30 howitzer,damaged,https://i.postimg.cc/ydLdQpsx/1028-d30-dam-16-06-23.jpg,2023-06-23,3766,8671,3,7-376686713
Russia,Russia,47 Unknown BTR-80/BTR-82A,damaged,https://i.postimg.cc/mkHsVtZD/1026-unkn-btr-dam-20-03-23.jpg,2023-03-22,3780,8693,3,7-378086933
Russia,Russia,471 Unknown tank,damaged,https://i.postimg.cc/wxsBPMzq/1029-Unknown-tank-dam-aband-31-01-25.jpg,2025-02-11,3784,8706,3,7-378487063
Russia,Russia,472 KamAZ 6x6,damaged,https://i.postimg.cc/43zbPyRM/1024-2-A36-Giatsint-B-dam.jpg,2022-10-09,3786,8711,3,7-378687113
Russia,Russia,474 Unknown tank,damaged,https://i.postimg.cc/fyJ3TSyt/1019-Unknown-tank-dam-aband-16-02-25.jpg,2025-02-23,3790,8723,3,7-379087233
Russia,Soviet Union,479 BMP-1(P),damaged,https://i.postimg.cc/V648Y3sp/436.png,2023-08-29,3798,8741,3,7-379887413
Russia,Soviet Union,48 152mm 2S5 Giatsint-S,damaged,https://i.postimg.cc/8cGRDtXf/1014-2-S5-Giatsint-S-dam-10-10-23.jpg,2023-10-12,3807,8754,3,7-380787543
Russia,Soviet Union,48 T-64BV,damaged,https://i.postimg.cc/dtFr6Q9b/1000-t64bv-dam-29-12-22.jpg,2023-01-01,3813,8761,3,7-381387613
Russia,Russia,48 T-80BVM,damaged,https://i.postimg.cc/W3S234zd/1031-t80bvm-dam-capt.jpg,2022-10-10,3816,8765,3,7-381687653
Russia,Soviet Union,48 Unknown T-72,damaged,https://twitter.com/UAWeapons/status/1568696183836577798,2022-09-11,3818,8768,3,7-381887683
Russia,Soviet Union,481 BMP-1(P),damaged,https://i.postimg.cc/wThTZxST/4f.png,2023-08-30,3821,8790,3,7-382187903
Russia,Russia,481 Unknown tank,damaged,https://i.postimg.cc/X7nXNgK7/1029-Unknown-tank-dam-aband-23-02-25.jpg,2025-02-27,3823,8796,3,7-382387963
Russia,Russia,484 BTR-82A(M),damaged,https://i.postimg.cc/qBwXRcYV/42f.png,2023-08-30,3828,8803,3,7-382888033
Russia,Russia,486 Unknown tank,damaged,https://i.postimg.cc/fyP1dzhY/1150-Unknown-tank-dam-aband-11-03-25.jpg,2025-03-20,3834,8820,3,7-383488203
Russia,Russia,488 Unknown tank,damaged,https://i.postimg.cc/0jkzx5Ty/1000-Unknown-tank-dam-aband-27-03-25.jpg,2025-04-02,3838,8829,3,7-383888293
Russia,Soviet Union,49 IMR-2(M) combat engineering vehicle,damaged,https://i.postimg.cc/tR5C4h6K/1005-IMR-2-M-combat-engineering-vehicle-dam-aband-08-03-25.jpg,2025-05-12,3850,8848,3,7-385088483
Russia,Russia,49 T-80BVM,damaged,https://i.postimg.cc/SNjfMJpJ/1035-t80bvm-dam.jpg,2022-10-12,3854,8853,3,7-385488533
Russia,Soviet Union,490 BMP-1(P),damaged,https://i.postimg.cc/vTcrKxqJ/32766.png,2023-09-08,3857,8864,3,7-385788643
Russia,Soviet Union,490 BMP-1(P),damaged,https://i.postimg.cc/QtRwN793/652.png,2023-09-08,3857,8865,3,7-385788653
Russia,Russia,496 BTR-82A(M),damaged,https://twitter.com/naalsio26/status/1705741204028092867,2023-09-25,3870,8415,3,7-387084153
Russia,Russia,496 Unknown tank,damaged,https://i.postimg.cc/W3xtfmFB/1080-Unknown-tank-dam-aband-06-01-24.jpg,2025-04-07,3871,8900,3,7-387189003
Russia,Russia,499 Unknown tank,damaged,https://i.postimg.cc/jS6Y4XYs/1008-Unknown-tank-dam-aband-19-03-25.jpg,2025-04-13,3877,8925,3,7-387789253
Russia,Russia,5 48Ya6-K1 Podlet-K1 low-altitude S-band surveillance radar,damaged,https://i.postimg.cc/q7SPXNQn/1013-48-Ya6-K1-Podlet-K1-surveillance-radar-dam-23-10-24.jpg,2024-11-05,3888,8939,3,7-388889393
Russia,Soviet Union,5 5I57(A) diesel power plant or 63T6A converter,damaged,https://i.postimg.cc/pLZWsbNz/1001-5-I57-A-diesel-power-plant-or-63-T6-A-converter-dam-20-07-25.jpg,2025-08-14,3889,8940,3,7-388989403
Russia,Russia,5 92N6A engagement radar (for S-400),damaged,https://i.postimg.cc/J4YMZ7jS/1200-92-N6-A-engagement-radar-for-40-R6-S-400-Triumf-dam-20-04-24.jpg,2024-11-27,3890,8942,3,7-389089423
Russia,Russia,5 AMN-590951,damaged,https://twitter.com/UAWeapons/status/1660389486730067974,2023-05-23,3893,8944,3,7-389389443
Russia,Soviet Union,5 BTR-70,damaged,https://i.postimg.cc/tTXLQHCk/1032-btr70-dam-16-02-24.jpg,2024-02-18,3903,8956,3,7-390389563
Russia,Russia,5 KamAZ-5350 with KS-45719-7M crane,damaged,https://i.postimg.cc/brrYjVdG/1015.jpg,2022-06-26,3910,8963,3,7-391089633
Russia,Soviet Union,5 MT-LBM 6MB,damaged,https://i.postimg.cc/1zfLqhP3/1029-MT-LBM-6-BM-dam.jpg,2022-10-10,3916,8973,3,7-391689733
Russia,Soviet Union,5 MT-LBM 6MB,damaged,https://i.postimg.cc/rpMDVjLj/1028-MT-LBM-6-BM-cam-capt.jpg,2022-10-10,3916,8974,3,7-391689743
Russia,Russia,5 Mi-8MTPR-1 electronic warfare helicopter,damaged,https://i.postimg.cc/PJLqFSGF/1062-3x-Mi8-MTPR-1x-destr-2x-dam-1x-mi35-destr-1x-mi28-dam-24-26-23.jpg,2023-06-25,3920,8978,3,7-392089783
Russia,Russia,5 R-934B 'Sinitsa' automated jamming station,damaged,https://i.postimg.cc/6qBt7qKN/1022-R-934-B-Synitsa-EW-dam-25-07-23.jpg,2023-07-26,3922,8981,3,7-392289813
Russia,Russia,5 T-90M,damaged,https://twitter.com/UAWeapons/status/1586020392044761089,2022-10-29,3930,8988,3,7-393089883
Russia,Russia,50 (Unknown) vehicle,damaged,https://i.postimg.cc/Xq6GD1t0/1002-Unknown-vehicle-dam-aband-28-12-23.jpg,2024-01-21,3951,9013,3,7-395190133
Russia,Russia,50 R-149MA1 command and staff vehicle,damaged,https://i.postimg.cc/pdvXZrd8/268.png,2022-09-15,3957,9023,3,7-395790233
Russia,Russia,50 Unknown BTR-80/BTR-82A,damaged,https://i.postimg.cc/7hnvvt65/1009-unkn-btr80-82a-dam-05-07-23.jpg,2023-07-14,3961,9032,3,7-396190323
Russia,Russia,505 Ural-4320,damaged,https://i.postimg.cc/3rsx9fB9/1022-ural4320-dam-capt.jpg,2022-11-13,3970,9058,3,7-397090583
Russia,Soviet Union,507 BMP-2(K),damaged,https://twitter.com/UAWeapons/status/1576153130751827969,2022-10-02,3971,9060,3,7-397190603
Russia,Russia,51 BMP-1AM,damaged,https://i.postimg.cc/JzWdHv03/1043-BMP-1-AM-Basurmanin-dam-aband-10-09-24.jpg,2024-10-06,3978,9077,3,7-397890773
Russia,Russia,51 Unknown BTR-80/BTR-82A,damaged,https://i.postimg.cc/2S03jFcL/1039-BTR-80-82-A-dam-aband-08-11-23.jpg,2023-11-14,3982,9090,3,7-398290903
Russia,Russia,512 Ural-4320,damaged,https://i.postimg.cc/Kc5VLmNz/1025-ural4320-dam-capt.jpg,2022-11-16,3991,9132,3,7-399191323
Russia,Russia,518 BTR-82A(M),damaged,https://i.postimg.cc/8C8TcmQV/1005-unkn-tank-and-btr82-aband-2x-unkn-afv-destr-20-10-23.jpg,2023-10-26,3998,6319,3,7-399863193
Russia,Soviet Union,52 T-64BV,damaged,https://i.postimg.cc/cJ1RNdnM/337.png,2023-04-08,4006,9164,3,7-400691643
Russia,Russia,52 Unknown BTR-80/BTR-82A,damaged,https://twitter.com/Danspiun/status/1729921777881554999,2023-11-30,4010,9171,3,7-401091713
Russia,Russia,52 Unknown BTR-80/BTR-82A,damaged,https://twitter.com/Danspiun/status/1729917483702714576,2023-11-30,4010,9172,3,7-401091723
Russia,Russia,52 Unknown BTR-80/BTR-82A,damaged,https://i.postimg.cc/7ZrJthXQ/1054-BTR-80-or-82-dam-aband-02-04-24.jpg,2024-04-08,4010,9175,3,7-401091753
Russia,Soviet Union,521 BMP-2(K),damaged,https://i.postimg.cc/zBJ4yRy2/1009-bmp2-dam-capt.jpg,2022-10-07,4014,9184,3,7-401491843
Russia,Russia,523 KamAZ 6x6,damaged,https://i.postimg.cc/yxFbqm3T/1021-2x-kamaz6x6-dam-capt.jpg,2022-11-01,4017,9196,3,7-401791963
Russia,Russia,524 Ural-4320,damaged,https://i.postimg.cc/MThD1B6p/1018-ural4320-dam-capt.jpg,2022-11-30,4018,9203,3,7-401892033
Russia,Russia,529 BTR-82A(M),damaged,https://i.postimg.cc/mrs55bxL/1007-BTR-82-A-dam-19-08-23.jpg,2023-10-28,4024,9246,3,7-402492463
Russia,Russia,529 BTR-82A(M),damaged,https://i.postimg.cc/GtWQTQdL/1042-BTR-82-A-dam-19-10-23.jpg,2023-10-28,4024,9247,3,7-402492473
Russia,Russia,53 BMD-4M,damaged,https://i.postimg.cc/NfryXnSw/1032-BMD4-M.jpg,2022-07-28,4033,9275,3,7-403392753
Russia,Russia,53 T-80BV Obr. 2022,damaged,https://i.postimg.cc/P5HSsTJR/1021-t80bv-obr2022-dam-aband-29-09-24.jpg,2024-10-09,4040,9288,3,7-404092883
Russia,Russia,536 BTR-82A(M),damaged,https://i.postimg.cc/L547Nh7K/1010-t72b3obr2016-destr-btr82a-dam-28-10-23.jpg,2023-11-02,4053,9318,3,7-405393183
Russia,Russia,536 KamAZ 6x6,damaged,https://i.postimg.cc/Hkm9qsS8/1020-kamaz6x6-dam-4-11.jpg,2022-11-08,4054,9322,3,7-405493223
Russia,Russia,539 KamAZ 6x6,damaged,https://i.postimg.cc/SszGPD5M/1008-kamaz6x6-dam-capt.jpg,2022-11-10,4057,9328,3,7-405793283
Russia,Russia,539 Unknown tank,damaged,https://i.postimg.cc/XYwhMyVW/1022-Unknown-tank-dam-aband-16-01-24.jpg,2025-05-30,4058,9337,3,7-405893373
Russia,Russia,539 Unknown tank,damaged,https://i.postimg.cc/QMhzjxtT/1024-Unknown-tank-dam-aband-30-03-24.jpg,2025-05-30,4058,9338,3,7-405893383
Russia,Soviet Union,54 T-62M,damaged,https://i.postimg.cc/bJ7wHhYW/4477.png,2023-04-12,4068,9352,3,7-406893523
Russia,Russia,54 Unknown BTR-80/BTR-82A,damaged,https://i.postimg.cc/yYRSS0nc/1012-unkn-BTR-dam-01-12-23.jpg,2024-01-09,4071,9364,3,7-407193643
Russia,Russia,548 Ural-4320,damaged,https://i.postimg.cc/RhNMYrZH/2022-04-04-Ural-4320-damaged-and-captured-Novyi-Bykiv.jpg,2022-12-09,4079,9401,3,7-407994013
Russia,Soviet Union,55 T-62M,damaged,https://i.postimg.cc/QC25V0xC/1004-3-destr-BMP-2-2-destr-Kam-AZ-6x6-4-damaged-T-62-M-09-03-23.jpg,2023-03-11,4091,9427,3,7-409194273
Russia,Russia,550 KamAZ 6x6,damaged,https://i.postimg.cc/fbkTfw9R/t3.png,2022-11-12,4098,9444,3,7-409894443
Russia,Russia,556 BTR-82A(M),damaged,https://i.postimg.cc/J0548CWL/1007-btr82a-dam-20-11-23.jpg,2023-11-24,4104,9459,3,7-410494593
Russia,Russia,556 BTR-82A(M),damaged,https://i.postimg.cc/gkG2Djvk/1004-btr82-dam-20-11-23.jpg,2023-11-24,4104,9460,3,7-410494603
Russia,Soviet Union,56 122mm D-30 howitzer,damaged,https://i.postimg.cc/JnVRYpjY/1014-d30-dam-28-06-23.jpg,2023-07-01,4112,9481,3,7-411294813
Russia,Soviet Union,56 T-64BV,damaged,https://i.postimg.cc/8c7Fcgw5/1001-t64bv-dam-11-06-23.jpg,2023-06-14,4118,9490,3,7-411894903
Russia,Russia,56 T-80BVM,damaged,https://twitter.com/UAWeapons/status/1589003470040100869,2022-11-08,4121,9495,3,7-412194953
Russia,Russia,560 BTR-82A(M),damaged,https://i.postimg.cc/hj626ydP/1046-btr82a-dam-aband-25-11-23.jpg,2023-11-27,4125,9504,3,7-412595043
Russia,Russia,560 BTR-82A(M),damaged,https://i.postimg.cc/Gp3VBy52/1021-btr82-dam-28-11-23.jpg,2023-12-01,4125,9509,3,7-412595093
Russia,Soviet Union,57 152mm 2A65 Msta-B howitzer,damaged,https://twitter.com/UAWeapons/status/1582098520143974401,2022-10-18,4141,9540,3,7-414195403
Russia,Russia,571 BTR-82A(M),damaged,https://twitter.com/Danspiun/status/1732093601784467720,2023-12-08,4150,9555,3,7-415095553
Russia,Russia,571 BTR-82A(M),damaged,https://twitter.com/Danspiun/status/1732013886268694558,2023-12-08,4150,9556,3,7-415095563
Russia,Russia,572 Ural-4320,damaged,https://i.postimg.cc/cCvb3dPV/1020-ural4320-dam-capt-14-11-22.jpg,2023-01-12,4151,9560,3,7-415195603
Russia,Russia,577 BTR-82A(M),damaged,https://i.postimg.cc/wBXQG6jc/1025-btr82a-dam-aband-09-12-23.jpg,2023-12-10,4157,9606,3,7-415796063
Russia,Soviet Union,58 152mm 2S3(M) Akatsiya,damaged,https://twitter.com/UAWeapons/status/1569742426469720066,2022-09-14,4162,9611,3,7-416296113
Russia,Russia,581 KamAZ 6x6,damaged,https://i.postimg.cc/dVB4gDB5/1023-kamaz-dam-capt.jpg,2022-11-30,4173,9639,3,7-417396393
Russia,Russia,587 BTR-82A(M),damaged,https://i.postimg.cc/25NSBJK7/1061-btr82a-dam-aband-11-12-23.jpg,2023-12-13,4180,9660,3,7-418096603
Russia,Russia,587 BTR-82A(M),damaged,https://i.postimg.cc/J4gnRt3g/1060-btr82a-dam-aband-11-12-23.jpg,2023-12-13,4180,9661,3,7-418096613
Russia,Russia,587 BTR-82A(M),damaged,https://i.postimg.cc/BQtbW2FH/1049-btr82a-dam-aband-19-10-23.jpg,2023-12-13,4180,9662,3,7-418096623
Russia,Soviet Union,59 122mm 2S1 Gvozdika,damaged,https://i.postimg.cc/MGjWYCfj/1006-2s1-dam-29-06-23.jpg,2023-07-01,4185,9677,3,7-418596773
Russia,Soviet Union,59 152mm 2S5 Giatsint-S,damaged,https://i.postimg.cc/fRfDhMDN/1044-2-S5-Giatsint-S-dam-20-01-24.jpg,2024-01-27,4189,9684,3,7-418996843
Russia,Russia,59 R-149MA1 command and staff vehicle,damaged,https://twitter.com/Poutsup/status/1580257159769571328,2022-10-16,4191,9686,3,7-419196863
Russia,Soviet Union,6 152mm 2A36 Giatsint-B,damaged,https://i.postimg.cc/43zbPyRM/1024-2-A36-Giatsint-B-dam.jpg,2022-10-09,4215,8711,3,7-421587113
Russia,Russia,6 220mm TOS-1A,damaged,https://twitter.com/UAWeapons/status/1633514509879975941,2023-03-09,4219,9755,3,7-421997553
Russia,Russia,6 48Ya6-K1 Podlet-K1 low-altitude S-band surveillance radar,damaged,https://i.postimg.cc/cHRh2g5B/1013-Antenna-vehicle-for-48-Ya6-K1-Podlet-K1-surveillance-radar-dam-26-02-25.jpg,2025-03-24,4221,9757,3,7-422197573
Russia,Russia,6 92N6A engagement radar (for S-400),damaged,https://i.postimg.cc/gkbGdkm3/1002-92-N6-A-engagement-radar-for-40-R6-S-400-Triumf-dam-20-07-25.jpg,2025-08-14,4223,9759,3,7-422397593
Russia,Soviet Union,6 T-62MV,damaged,https://i.postimg.cc/xjWHFMwX/1000-t62mv-dam-aband.jpg,2022-10-20,4253,9796,3,7-425397963
Russia,Russia,6 T-72BA,damaged,https://i.postimg.cc/D0DT1XGd/1006-t72ba.jpg,2022-08-20,4254,9801,3,7-425498013
Russia,Russia,6 T-80BV Obr. 2022,damaged,https://i.postimg.cc/prLXJCDC/1042-t80bvm-unkn-t80-bmp1-and-bmp2-destr-20-08-23.jpg,2023-08-21,4255,8724,3,7-425587243
Russia,Russia,6 T-90S,damaged,https://twitter.com/UAWeapons/status/1622633889314250752,2023-02-07,4257,9803,3,7-425798033
Russia,Russia,6 UAZ Patriot jeep,damaged,https://i.postimg.cc/CMbZpJKx/1022-UAZ-Patriot-jeep-dam-07-10-23.jpg,2023-10-09,4258,9804,3,7-425898043
Russia,Russia,6 UAZ-394511 ‘Esaul’,damaged,https://i.postimg.cc/YSW4kzy3/1095-UAZ-394511-Esaul-dam-21-04-25.jpg,2025-05-12,4259,9805,3,7-425998053
Russia,Russia,6 Unknown SPG,damaged,https://i.postimg.cc/brmSsT57/1001-unkn-spg.jpg,2022-08-23,4263,9810,3,7-426398103
Russia,Soviet Union,60 122mm 2S1 Gvozdika,damaged,https://i.postimg.cc/PJkqJdmS/1002-2s1-dam-25-06-23.jpg,2023-07-04,4278,9829,3,7-427898293
Russia,Soviet Union,60 122mm D-30 howitzer,damaged,https://i.postimg.cc/g2ZyYq5w/1048-2-A18-D-30-dam-10-07-23.jpg,2023-07-14,4279,9832,3,7-427998323
Russia,Russia,601 BTR-82A(M),damaged,https://i.postimg.cc/rpL79S63/1016-btr82at-dam-12-12-23.jpg,2024-01-09,4290,9871,3,7-429098713
Russia,Russia,601 BTR-82A(M),damaged,https://i.postimg.cc/SxvfVq3P/1021-btr82a-dam-03-01-24.jpg,2024-01-09,4290,9872,3,7-429098723
Russia,Russia,602 BTR-82A(M),damaged,https://i.postimg.cc/bw4qFryL/1021-btr82a-dam-aband-17-02-24.jpg,2024-04-08,4292,9899,3,7-429298993
Russia,Russia,602 BTR-82A(M),damaged,https://i.postimg.cc/sfc0kzqJ/1030-btr82a-dam-aband-08-03-24.jpg,2024-04-08,4292,9900,3,7-429299003
Russia,Russia,602 BTR-82A(M),damaged,https://i.postimg.cc/JnQGgB8Q/1016-btr82a-dam-aband-21-02-24.jpg,2024-04-08,4292,9901,3,7-429299013
Russia,Russia,602 BTR-82A(M),damaged,https://i.postimg.cc/7ZJwpntx/1047-btr82a-dam-aband-01-04-24.jpg,2024-04-08,4292,9903,3,7-429299033
Russia,Russia,602 BTR-82A(M),damaged,https://i.postimg.cc/Qxrt20vX/1063-btr82a-dam-aband-05-04-24.jpg,2024-04-08,4292,9904,3,7-429299043
Russia,Soviet Union,606 BMP-2(K),damaged,https://twitter.com/UAWeapons/status/1589590305158107137,2022-11-08,4297,5312,3,7-429753123
Russia,Russia,607 BTR-82A(M),damaged,https://i.postimg.cc/rFq0cMr3/1045-btr82a-dam-aband-19-01-24.jpg,2024-01-21,4301,9930,3,7-430199303
Russia,Russia,609 BTR-82A(M),damaged,https://i.postimg.cc/sDdwjQk0/1027-btr82a-dam-aband-21-01-24.jpg,2024-01-24,4304,9937,3,7-430499373
Russia,Russia,609 BTR-82A(M),damaged,https://i.postimg.cc/zDhN7gNy/1007-btr82a-dam-15-04-24.jpg,2024-04-21,4304,9940,3,7-430499403
Russia,Soviet Union,61 122mm BM-21 Grad,damaged,https://i.postimg.cc/43SsyRyt/1000-bm21.jpg,2022-09-09,4306,9943,3,7-430699433
Russia,Soviet Union,61 122mm BM-21 Grad,damaged,https://i.postimg.cc/FKBjwrRR/1015-bm21-grad.jpg,2022-09-09,4306,9944,3,7-430699443
Russia,Russia,61 Ural-43206,damaged,https://i.postimg.cc/R0QNMfTp/1141-Ural-43206-abandoned-and-damaged.jpg,2022-07-28,4317,9966,3,7-431799663
Russia,Soviet Union,61 ZiL-131,damaged,https://i.postimg.cc/fbyFMqsr/1039-Zi-L-131-dam-aband-04-02-25.jpg,2025-02-12,4319,9970,3,7-431999703
Russia,Russia,610 BTR-82A(M),damaged,https://i.postimg.cc/Z5G342dJ/1057-btr82a-dam-aband-14-04-24.jpg,2024-04-17,4320,9974,3,7-432099743
Russia,Russia,610 BTR-82A(M),damaged,https://i.postimg.cc/9MV7q9bS/1058-btr82a-dam-aband-14-04-24.jpg,2024-04-17,4320,9975,3,7-432099753
Russia,Russia,613 KamAZ 6x6,damaged,https://i.postimg.cc/k4xtYPg3/1001-kamaz6x6-damaged.jpg,2022-12-11,4324,9997,3,7-432499973
Russia,Russia,616 BTR-82A(M),damaged,https://i.postimg.cc/pTX4cvzz/1024-btr82-dam-29-01-24.jpg,2024-02-09,4326,10005,3,7-4326100053
Russia,Russia,616 BTR-82A(M),damaged,https://i.postimg.cc/4yYMZ183/1028-btr82a-dam-29-01-24.jpg,2024-02-09,4326,10006,3,7-4326100063
Russia,Russia,616 BTR-82A(M),damaged,https://i.postimg.cc/RFprq0pY/1023-btr82a-dam-aband-11-12-23.jpg,2024-05-02,4326,10010,3,7-4326100103
Russia,Soviet Union,617 BMP-2(K),damaged,https://i.postimg.cc/fLVPtcWv/1026-bmp2-dam.jpg,2022-11-12,4327,10018,3,7-4327100183
Russia,Russia,618 Ural-4320,damaged,https://i.postimg.cc/yNMPL8LX/1300.png,2023-03-26,4329,10031,3,7-4329100313
Russia,Russia,62 Unknown BTR-80/BTR-82A,damaged,https://i.postimg.cc/Wzf1VR47/1047-unkn-btr-dam-aband-04-06-24.jpg,2024-06-06,4343,10057,3,7-4343100573
Russia,Russia,624 BTR-82A(M),damaged,https://i.postimg.cc/RVxcnZMG/1014-btr82a-dam-aband-17-02-24.jpg,2024-02-23,4351,10082,3,7-4351100823
Russia,Russia,625 BTR-82A(M),damaged,https://i.postimg.cc/15PrL2dr/1039-btr82a-dam-aband-08-05-24.jpg,2024-05-12,4354,10097,3,7-4354100973
Russia,Russia,629 KamAZ 6x6,damaged,https://i.postimg.cc/T33BKY7m/c6.png,2022-12-23,4360,10117,3,7-4360101173
Russia,Russia,63 Unknown BTR-80/BTR-82A,damaged,https://i.postimg.cc/50MmrN7z/1007-unkn-btr-dam-14-06-24.jpg,2024-06-24,4372,10139,3,7-4372101393
Russia,Russia,63 Ural-43206,damaged,https://i.postimg.cc/9F3SwNRP/1007-ural43206.jpg,2022-08-04,4373,10140,3,7-4373101403
Russia,Russia,631 BTR-82A(M),damaged,https://i.postimg.cc/QNwYh11M/1015-BTR-82-A-dam-20-05-24.jpg,2024-05-24,4376,10150,3,7-4376101503
Russia,Russia,632 Ural-4320,damaged,https://twitter.com/naalsio26/status/1642912603025334276,2023-04-04,4379,10157,3,7-4379101573
Russia,Russia,635 Ural-4320,damaged,https://twitter.com/naalsio26/status/1645236853363048449,2023-04-11,4383,10171,3,7-4383101713
Russia,Russia,637 BTR-82A(M),damaged,https://i.postimg.cc/sXSNkbqL/1046-BTR-82-A-M-dam-05-06-24.jpg,2024-06-09,4386,10186,3,7-4386101863
Russia,Russia,637 BTR-82A(M),damaged,https://i.postimg.cc/d0gfSJHd/1008-BTR-82-A-M-dam-aband-30-05-24.jpg,2024-06-09,4386,10187,3,7-4386101873
Russia,Soviet Union,64 122mm BM-21 Grad,damaged,https://twitter.com/UAWeapons/status/1550508867930529794,2022-07-24,4393,10200,3,7-4393102003
Russia,Soviet Union,64 T-64BV,damaged,https://i.postimg.cc/857XmMJg/1069-t80bv-dam-02-10-23.jpg,2023-10-06,4400,10210,3,7-4400102103
Russia,Russia,642 BTR-82A(M),damaged,https://i.postimg.cc/gjKgKHFn/1058-btr82a-dam-aband-23-05-24.jpg,2024-06-15,4406,10226,3,7-4406102263
Russia,Soviet Union,647 BMP-2(K),damaged,https://i.postimg.cc/439HV9jy/1009-bmp2-dam-capt.jpg,2022-11-30,4411,10242,3,7-4411102423
Russia,Soviet Union,65 152mm 2A65 Msta-B howitzer,damaged,https://i.postimg.cc/90BMsYQ0/1004-msta-b-dam-capt.jpg,2022-11-14,4422,10271,3,7-4422102713
Russia,Russia,65 KamAZ 6x6 tanker,damaged,https://i.postimg.cc/DyJTzQPv/1002-kamaz-tanker-x2-damaged.jpg,2022-08-05,4426,10278,3,7-4426102783
Russia,Russia,65 T-80BV Obr. 2022,damaged,https://i.postimg.cc/HstgS62W/1106-T-80-BV-Obr2022-dam-aband-11-11-24.jpg,2024-12-09,4429,10284,3,7-4429102843
Russia,Russia,658 BTR-82A(M),damaged,https://i.postimg.cc/2y8CVRgL/1018-btr82a-dam-aband-07-07-24.jpg,2024-07-15,4446,10340,3,7-4446103403
Russia,Russia,660 BTR-82A(M),damaged,https://i.postimg.cc/cCsxxkjk/1025-BTR-82-A-M-dam-aband-17-07-24.jpg,2024-07-21,4465,10367,3,7-4465103673
Russia,Soviet Union,667 BMP-2(K),damaged,https://twitter.com/UAWeapons/status/1607727356835254272,2022-12-28,4474,5494,3,7-447454943
Russia,Soviet Union,67 120mm 2S9 Nona,damaged,https://i.postimg.cc/nLy9kY89/1041-2-S9-Nona-S-dam-08-09-24.jpg,2024-09-13,4478,10402,3,7-4478104023
Russia,Soviet Union,67 122mm D-30 howitzer,damaged,https://i.postimg.cc/qvXxZcSn/1028-ural4320-destr-d30-dam-26-07-23.jpg,2023-08-21,4480,10405,3,7-4480104053
Russia,Soviet Union,67 152mm 2A65 Msta-B howitzer,damaged,https://twitter.com/UAWeapons/status/1592967105892462592,2022-11-18,4481,10406,3,7-4481104063
Russia,Russia,67 R-149MA1 command and staff vehicle,damaged,https://i.postimg.cc/HLwGZths/1013-R-149-MA1-dam-capt.jpg,2022-12-02,4484,10409,3,7-4484104093
Russia,Soviet Union,67 T-62M,damaged,https://i.postimg.cc/Jzf348Lr/1021-t62m-dam-aband-21-12-23.jpg,2024-01-10,4485,10410,3,7-4485104103
Russia,Soviet Union,67 T-64BV,damaged,https://i.postimg.cc/ydGDx8dC/1037-t64bv-dam-14-10-23.jpg,2023-10-15,4486,10412,3,7-4486104123
Russia,Soviet Union,67 T-80BV,damaged,https://twitter.com/UAWeapons/status/1564716856950366208,2022-08-31,4487,10413,3,7-4487104133
Russia,Russia,673 BTR-82A(M),damaged,https://i.postimg.cc/m2X6QmMw/1012-BTR-82-A-M-dam-aband-15-08-24.jpg,2024-08-18,4501,10447,3,7-4501104473
Russia,Russia,676 Ural-4320,damaged,https://i.postimg.cc/qMcHc095/1017-ural4320-msta-b-dam-25-05-23.jpg,2023-05-26,4508,10464,3,7-4508104643
Russia,Russia,68 T-80BV Obr. 2022,damaged,https://i.postimg.cc/Y0JGXQdf/1006-T-80-BV-Obr2022-dam-aband-16-12-24.jpg,2024-12-23,4522,10486,3,7-4522104863
Russia,Russia,682 Ural-4320,damaged,https://i.postimg.cc/2jMk98Vw/1007-Ural-4320-dam-30-05-23.jpg,2023-06-04,4532,10504,3,7-4532105043
Russia,Russia,683 KamAZ 6x6,damaged,https://i.postimg.cc/5NPYPv9z/1003-kamaz6x6-capt-dam-17-02-23.jpg,2023-03-09,4533,10505,3,7-4533105053
Russia,Russia,686 BTR-82A(M),damaged,https://i.postimg.cc/3JMDJQnn/1012-BTR-82-A-M-dam-aband-04-09-24.jpg,2024-09-09,4536,10513,3,7-4536105133
Russia,Russia,686 BTR-82A(M),damaged,https://i.postimg.cc/JnvHkfm7/1061-BTR-82-A-M-dam-aband-04-09-24.jpg,2024-09-09,4536,10514,3,7-4536105143
Russia,Russia,687 BTR-82A(M),damaged,https://i.postimg.cc/HkyjZ8Tq/1057-BTR-82-A-M-dam-10-09-24.jpg,2024-09-13,4538,10517,3,7-4538105173
Russia,Soviet Union,69 T-64BV,damaged,https://i.postimg.cc/0NcRYBJS/1046-t64bv-dam-aband-18-10-23.jpg,2023-10-22,4551,10546,3,7-4551105463
Russia,Russia,69 T-80BV Obr. 2022,damaged,https://i.postimg.cc/C1Y8mZzV/1004-T-80-BV-Obr-2022-dam-aband-01-01-25.jpg,2025-01-07,4552,10549,3,7-4552105493
Russia,Russia,690 BTR-82A(M),damaged,https://i.postimg.cc/PrJY4GYd/1019-BTR-82-A-M-dam-aband-12-09-24.jpg,2024-09-21,4558,10557,3,7-4558105573
Russia,Russia,692 KamAZ 6x6,damaged,https://i.postimg.cc/sxw8yGsn/1013-kamaz6x6-dam-capt-06-10-22.jpg,2023-03-16,4562,10567,3,7-4562105673
Russia,Soviet Union,7 152mm 2A36 Giatsint-B,damaged,https://twitter.com/UAWeapons/status/1591878699577647108,2022-11-14,4572,10593,3,7-4572105933
Russia,Russia,7 BMP-1 765-SB3KDZ,damaged,https://i.postimg.cc/pTD5Z43D/1042-BMP-1-SB3-KDZ-dam-aband-25-02-24.jpg,2024-04-14,4583,10604,3,7-4583106043
Russia,Russia,7 BREM-L armoured recovery vehicle,damaged,https://i.postimg.cc/G36GB29z/1305-brem-L-dam-aband-17-02-24.jpg,2024-04-08,4588,10615,3,7-4588106153
Russia,Russia,7 KamAZ low-loader,damaged,https://i.postimg.cc/YCWZvMxN/1045-Kam-AZ-6x6-tractor-unit-dam-05-09-24.jpg,2024-09-13,4598,10625,3,7-4598106253
Russia,Russia,7 MTU-72 bridge layer,damaged,https://i.postimg.cc/ZKy88nFF/1053-MTU-72-bridge-layer-dam-aband-03-01-25.jpg,2025-02-23,4601,10628,3,7-4601106283
Russia,Russia,7 R-934B 'Sinitsa' automated jamming station,damaged,https://i.postimg.cc/G340tq5V/1009-R-934-B-Sinitsa-dam-20-09-23.jpg,2023-11-10,4604,10630,3,7-4604106303
Russia,Soviet Union,7 UAZ-469 jeep,damaged,https://i.postimg.cc/1tx1VCKR/1088-UAZ-469.jpg,2022-07-28,4615,10643,3,7-4615106433
Russia,Russia,7 Ural-63704-0010 Tornado-U,damaged,https://twitter.com/UAWeapons/status/1568628787457433600,2022-09-14,4623,8146,3,7-462381463
Russia,Soviet Union,70 T-62M,damaged,https://i.postimg.cc/DzKczbq7/1025-T-62-M-dam-09-11-22.jpg,2024-01-19,4635,10675,3,7-4635106753
Russia,Soviet Union,70 UAZ-452 van,damaged,https://i.postimg.cc/Mp63HhYL/1057-UAZ-452-dam-18-09-23.jpg,2023-10-06,4640,10688,3,7-4640106883
Russia,Soviet Union,702 BMP-2(K),damaged,https://i.postimg.cc/NF4LLtyM/1004-2x-bmp2-dam-aband-1x-BTR82-A-destr-25-01-23.jpg,2023-01-30,4646,7951,3,7-464679513
Russia,Soviet Union,702 BMP-2(K),damaged,https://i.postimg.cc/gk7jFtXN/1013-bmp2-dam-aband-28-01-23.jpg,2023-01-30,4646,10702,3,7-4646107023
Russia,Soviet Union,702 BMP-2(K),damaged,https://i.postimg.cc/vT31VQms/1020-bmp2-dam-aband-24-01-23.jpg,2023-01-30,4646,10703,3,7-4646107033
Russia,Soviet Union,706 BMP-2(K),damaged,https://i.postimg.cc/KjtNZD62/1030-bmp2-dam-31-01-23.jpg,2023-02-03,4649,10718,3,7-4649107183
Russia,Soviet Union,708 BMP-2(K),damaged,https://i.postimg.cc/HLJrvsYT/1001-unkn-bmp-destr-bmp2-dam-03-02-2023.jpg,2023-02-05,4652,583,3,7-46525833
Russia,Russia,71 T-80BV Obr. 2022,damaged,https://i.postimg.cc/59wLMjZs/1026-T-80-BV-Obr2022-dam-aband-23-11-24.jpg,2025-01-19,4663,10743,3,7-4663107433
Russia,Russia,710 BTR-82A(M),damaged,https://i.postimg.cc/DzSLBbMv/1042-BTR-82-A-M-dam-aband-06-09-24.jpg,2024-10-22,4670,10766,3,7-4670107663
Russia,Russia,710 BTR-82A(M),damaged,https://i.postimg.cc/Jz6jNQKY/1159-BTR-82-A-M-dam-aband-10-10-24.jpg,2024-10-22,4670,10767,3,7-4670107673
Russia,Russia,710 Ural-4320,damaged,https://i.postimg.cc/GmsZqGns/1005-ural4320-dam-28-02-23.jpg,2023-06-28,4671,10777,3,7-4671107773
Russia,Russia,710 Ural-4320,damaged,https://i.postimg.cc/QCtz5WqC/1049-ural4320-dam-aband-25-06-23.jpg,2023-06-28,4671,10778,3,7-4671107783
Russia,Russia,716 BTR-82A(M),damaged,https://i.postimg.cc/sD5rP2HN/1034-BTR-82-A-M-dam-aband-25-10-24.jpg,2024-10-27,4675,10791,3,7-4675107913
Russia,Soviet Union,72 152mm 2S5 Giatsint-S,damaged,https://i.postimg.cc/vZVLKp77/1002-2-S5-Giatsint-S-dam-05-08-24.jpg,2024-08-09,4683,10807,3,7-4683108073
Russia,Soviet Union,72 T-64BV,damaged,https://i.postimg.cc/Dyzd0W42/1016-64-BV-and-72-B-dam-aband-19-10-23.jpg,2023-11-06,4687,10816,3,7-4687108163
Russia,Soviet Union,72 T-72B Obr. 1989,damaged,https://twitter.com/Blue_Sauron/status/1575425367027892226,2022-09-30,4688,2723,3,7-468827233
Russia,Russia,726 BTR-82A(M),damaged,https://i.postimg.cc/fRXzgDnd/1035-BTR-82-A-M-dam-aband-26-10-24.jpg,2024-11-05,4701,10842,3,7-4701108423
Russia,Russia,726 BTR-82A(M),damaged,https://i.postimg.cc/ZKkVhnpr/1050-BTR-82-A-M-dam-aband-07-11-24.jpg,2024-11-11,4701,10843,3,7-4701108433
Russia,Russia,726 BTR-82A(M),damaged,https://i.postimg.cc/Yq1827zT/1052-BTR-82-A-M-dam-aband-07-11-24.jpg,2024-11-11,4701,10844,3,7-4701108443
Russia,Soviet Union,73 T-62M,damaged,https://i.postimg.cc/XvQVBwXh/1036-T-62-M-dam-aband-12-02-24.jpg,2024-02-15,4707,10856,3,7-4707108563
Russia,Soviet Union,73 UAZ-452 van,damaged,https://i.postimg.cc/4yRmhHWG/1021-UAZ-452-dam-07-10-23.jpg,2023-10-09,4710,10861,3,7-4710108613
Russia,Russia,733 Ural-4320,damaged,https://i.postimg.cc/44HvzHpb/1013-Ural-4320-dam-26-07-22.jpg,2023-07-14,4716,10882,3,7-4716108823
Russia,Soviet Union,734 BMP-2(K),damaged,https://twitter.com/UAWeapons/status/1622943432581779459,2023-02-12,4717,5007,3,7-471750073
Russia,Soviet Union,734 BMP-2(K),damaged,https://i.postimg.cc/6qZJL38T/1004-1x-mtlb-dam-aband-2x-bmp2-1x-destr-1x-dam-aband-2x-t72b3-dam-aband-09-02-23.jpg,2023-02-12,4717,6177,3,7-471761773
Russia,Soviet Union,734 BMP-2(K),damaged,https://i.postimg.cc/7653s956/1001-bmp2-dam-aband-09-02-23.jpg,2023-02-12,4717,10892,3,7-4717108923
Russia,Soviet Union,734 BMP-2(K),damaged,https://twitter.com/UAWeapons/status/1624007672965083136,2023-02-12,4717,10895,3,7-4717108953
Russia,Soviet Union,734 BMP-2(K),damaged,https://i.postimg.cc/m2hhtXbZ/1004-2x-bmp2-dam-aband-07-02-23.jpg,2023-02-12,4717,10896,3,7-4717108963
Russia,Soviet Union,734 BMP-2(K),damaged,https://i.postimg.cc/TYyYRK9p/1013-bmp2-dam-aband-07-02-23.jpg,2023-02-12,4717,10898,3,7-4717108983
Russia,Russia,737 KamAZ 6x6,damaged,https://i.postimg.cc/SRFQnp7t/1024-kamaz6x6-dam-27-04-23.jpg,2023-05-06,4720,10911,3,7-4720109113
Russia,Russia,737 KamAZ 6x6,damaged,https://i.postimg.cc/GptmNKmz/1025-kamaz6x6-dam-27-04-23.jpg,2023-05-06,4720,10912,3,7-4720109123
Russia,Russia,74 T-80BVM,damaged,https://twitter.com/UAWeapons/status/1636692524830957571,2023-03-20,4734,10946,3,7-4734109463
Russia,Russia,741 BTR-82A(M),damaged,https://i.postimg.cc/pXkqzLjn/1055-BTR-82-A-M-dam-aband-07-11-24.jpg,2024-11-14,4739,10966,3,7-4739109663
Russia,Russia,742 Ural-4320,damaged,https://i.postimg.cc/kXWqsSXC/1031-ural4320-dam-17-07-23.jpg,2023-07-22,4740,10970,3,7-4740109703
Russia,Soviet Union,746 BMP-2(K),damaged,https://i.postimg.cc/L6t8g25P/1017-bmp2-dam-capt-16-02-23.jpg,2023-02-18,4744,10983,3,7-4744109833
Russia,Soviet Union,749 BMP-2(K),damaged,https://i.postimg.cc/TYVNdf9t/1008-bmp2-dam-19-02-23.jpg,2023-02-23,4748,11001,3,7-4748110013
Russia,Russia,750 Ural-4320,damaged,https://i.postimg.cc/CKPwZS1Z/1010-6-destr-1-dam-Kr-AZ-260-tanker-and-ural4320-dam-09-08-22.jpg,2023-07-26,4762,11029,3,7-4762110293
Russia,Russia,750 Ural-4320,damaged,https://i.postimg.cc/Qdq83pZJ/1024-ural4320-dam-25-07-23.jpg,2023-07-26,4762,11030,3,7-4762110303
Russia,Soviet Union,755 BMP-2(K),damaged,https://i.postimg.cc/9Qg2PRT1/1002-T80-BV-destr-2x-bmp1-dam-aband-23-02-23.jpg,2023-02-24,4767,5475,3,7-476754753
Russia,Soviet Union,755 BMP-2(K),damaged,https://i.postimg.cc/3wgdtFBY/1009-bmp2-dam-capt-23-02-23.jpg,2023-02-24,4767,11044,3,7-4767110443
Russia,Russia,759 BTR-82A(M),damaged,https://i.postimg.cc/BvF2DX44/1022-BTR-82-A-M-dam-aband-27-11-24.jpg,2024-11-30,4770,11054,3,7-4770110543
Russia,Soviet Union,76 122mm BM-21 Grad,damaged,https://twitter.com/UAWeapons/status/1575041804738523137,2022-09-28,4773,96,3,7-4773963
Russia,Soviet Union,76 T-62M,damaged,https://i.postimg.cc/q7Znqz75/1026-1x-destr-2x-dam-aband-T62-M-06-02-23.jpg,2024-02-18,4779,11067,3,7-4779110673
Russia,Soviet Union,764 BMP-2(K),damaged,https://i.postimg.cc/Wbrt5H4J/1033-2x-bmp2-1x-destr-1x-dam-aband-02-03-23.jpg,2023-03-04,4793,11100,3,7-4793111003
Russia,Russia,769 Ural-4320,damaged,https://i.postimg.cc/25nnb6Q0/1022-Ural-4320-dam-16-08-23.jpg,2023-08-24,4798,11110,3,7-4798111103
Russia,Soviet Union,77 T-62M,damaged,https://i.postimg.cc/C17RhWt3/1105-t62m-dam-18-03-24.jpg,2024-04-08,4809,11127,3,7-4809111273
Russia,Soviet Union,77 T-72B Obr. 1989,damaged,https://i.postimg.cc/3RdHN97X/1005-1x-bmp2-destr-1x-mtlb-aband-1x-t72b3-aband-09-02-23.jpg,2023-02-12,4811,10893,3,7-4811108933
Russia,Soviet Union,77 T-72B Obr. 1989,damaged,https://i.postimg.cc/jdLjppp6/1104-t72b1989-dam-aband-06-02-23.jpg,2023-02-12,4811,11133,3,7-4811111333
Russia,Soviet Union,77 T-72B Obr. 1989,damaged,https://i.postimg.cc/gkQ0mMpC/1105-t72b1989-dam-aband-06-02-23.jpg,2023-02-12,4811,11134,3,7-4811111343
Russia,Russia,770 BTR-82A(M),damaged,https://i.postimg.cc/50CRGSh2/1066-BTR-82-A-M-dam-aband-07-12-24.jpg,2024-12-09,4815,11149,3,7-4815111493
Russia,Russia,770 BTR-82A(M),damaged,https://i.postimg.cc/vmjK3NSK/1082-BTR-82-A-M-dam-aband-03-12-24.jpg,2024-12-09,4815,11150,3,7-4815111503
Russia,Soviet Union,775 BMP-2(K),damaged,https://i.postimg.cc/3RgMmgNK/1038-bmp2-dam-capt-05-03-23.jpg,2023-03-07,4822,11173,3,7-4822111733
Russia,Russia,777 Ural-4320,damaged,https://i.postimg.cc/hP9TLyLq/4380.png,2023-09-07,4824,11183,3,7-4824111833
Russia,Soviet Union,78 BTR-D,damaged,https://i.postimg.cc/C5Hs9B4P/1029-BTR-D-dam-aband-13-08-23.jpg,2023-08-15,4832,11191,3,7-4832111913
Russia,Soviet Union,78 T-72B Obr. 1989,damaged,https://twitter.com/UAWeapons/status/1628044473635598340,2023-02-23,4836,6686,3,7-483666863
Russia,Soviet Union,782 BMP-2(K),damaged,https://i.postimg.cc/DfLrm4bN/1017-bmp2-dam-10-03-23.jpg,2023-03-11,4842,11208,3,7-4842112083
Russia,Russia,782 BTR-82A(M),damaged,https://i.postimg.cc/vBNWS9tz/1008-BTR-82-A-M-dam-aband-23-12-24.jpg,2024-12-26,4843,11214,3,7-4843112143
Russia,Russia,783 KamAZ 6x6,damaged,https://i.postimg.cc/CxtySJS1/1024-Kam-AZ-6x6-dam-23-06-23.jpg,2023-06-28,4846,11225,3,7-4846112253
Russia,Soviet Union,789 BMP-2(K),damaged,https://i.postimg.cc/B60r409V/1000-bmp2-dam-14-03-23.jpg,2023-03-16,4856,11246,3,7-4856112463
Russia,Soviet Union,789 BMP-2(K),damaged,https://twitter.com/UAWeapons/status/1635313931731492865,2023-03-16,4856,7097,3,7-485670973
Russia,Soviet Union,79 122mm BM-21 Grad,damaged,https://i.postimg.cc/R0wcBGnP/1012-bm21-capt.jpg,2022-10-04,4859,11251,3,7-4859112513
Russia,Russia,79 KamAZ 6x6 tanker,damaged,https://i.postimg.cc/MGNqLr79/1000-kamaz-tanker-dam-capt.jpg,2022-10-06,4864,11257,3,7-4864112573
Russia,Russia,79 R-149MA1 command and staff vehicle,damaged,https://i.postimg.cc/Qtx1kf1W/1067-r149ma1-dam-24-06-23.jpg,2023-06-25,4865,11258,3,7-4865112583
Russia,Russia,79 R-149MA1 command and staff vehicle,damaged,https://i.postimg.cc/02Ywpr6H/1002-R-149-MA1-dam-17-07-23.jpg,2023-08-01,4865,11261,3,7-4865112613
Russia,Soviet Union,79 T-62M,damaged,https://i.postimg.cc/bwQcFjyb/1032-T-62-M-dam-aband-12-04-24.jpg,2024-04-17,4866,11262,3,7-4866112623
Russia,Soviet Union,79 T-62M,damaged,https://i.postimg.cc/mktWdzk2/1033-T-62-M-dam-aband-12-04-24.jpg,2024-04-17,4866,11263,3,7-4866112633
Russia,Russia,8 9A310M1-2 TELAR (for Buk-M1-2),damaged,https://i.postimg.cc/13gLvvv6/1031-9-A310-M1-2-dam-04-06-23.jpg,2023-06-09,4897,11323,3,7-4897113233
Russia,Russia,8 BMP-2M,damaged,https://twitter.com/UAWeapons/status/1577686060473225217,2022-10-06,4903,11330,3,7-4903113303
Russia,Russia,8 BMP-2M 675-sb3KDZ,damaged,https://i.postimg.cc/90TDgqzt/1004-BMP-2-M-675-sb3-KDZ-dam-aband-27-07-24.jpg,2024-07-31,4904,11332,3,7-4904113323
Russia,Russia,8 K-53949 Linza,damaged,https://twitter.com/UAWeapons/status/1568899249688952833,2022-09-12,4911,7819,3,7-491178193
Russia,Soviet Union,8 T-62M,damaged,https://i.postimg.cc/FHvqwqSC/1007-t62m-dam-aban.jpg,2022-10-04,4927,11355,3,7-4927113553
Russia,Russia,8 T-90M,damaged,https://twitter.com/UAWeapons/status/1603095789768769536,2022-12-15,4931,4006,3,7-493140063
Russia,Soviet Union,80 120mm 2S9 Nona,damaged,https://i.postimg.cc/qvY8pnBD/1049-2-S9-Nona-S-dam-31-03-25.jpg,2025-04-02,4942,11374,3,7-4942113743
Russia,Soviet Union,80 T-62M,damaged,https://i.postimg.cc/Wpn8MjSF/1006-T-62-M-dam-06-04-24.jpg,2024-04-21,4949,11383,3,7-4949113833
Russia,Soviet Union,803 BMP-2(K),damaged,https://i.postimg.cc/qRTWsjhN/1027-bmp2-dam-20-03-23.jpg,2023-03-22,4959,11414,3,7-4959114143
Russia,Russia,803 BTR-82A(M),damaged,https://i.postimg.cc/SRmycdfP/1005-BTR-82-A-M-dam-29-01-25.jpg,2025-02-02,4960,11417,3,7-4960114173
Russia,Soviet Union,804 BMP-2(K),damaged,https://twitter.com/UAWeapons/status/1638845891254558720,2023-03-26,4961,5937,3,7-496159373
Russia,Soviet Union,81 T-62M,damaged,https://i.postimg.cc/V63LKJWz/1020-T-62-M-dam-aband-20-04-24.jpg,2024-04-24,4974,11440,3,7-4974114403
Russia,Soviet Union,81 T-64BV,damaged,https://i.postimg.cc/QtnrhwF4/1008-T-64-BV-dam-aband-18-12-23.jpg,2024-01-30,4975,11443,3,7-4975114433
Russia,Soviet Union,81 T-64BV,damaged,https://i.postimg.cc/tJKQV6tF/1009-T-64-BV-dam-aband-18-12-23.jpg,2024-01-30,4975,11444,3,7-4975114443
Russia,Soviet Union,812 BMP-2(K),damaged,https://i.postimg.cc/Df4bs5S5/1044-bmp2-dam-aband-28-04-23.jpg,2023-05-02,4981,11472,3,7-4981114723
Russia,Soviet Union,813 BMP-2(K),damaged,https://postimg.cc/ZBQwMT73,2023-04-22,4982,11477,3,7-4982114773
Russia,Soviet Union,814 BMP-2(K),damaged,https://i.postimg.cc/wM3zbrF6/4430.png,2023-04-08,4984,11487,3,7-4984114873
Russia,Soviet Union,82 T-64BV,damaged,https://i.postimg.cc/3JhTtQnG/1030-T-64-BV-dam-21-03-24.jpg,2024-04-08,4992,11502,3,7-4992115023
Russia,Russia,82 Unknown BTR-80/82A,damaged,https://i.postimg.cc/cL20SBkQ/1040-BTR-80-or-82-dam-aband-15-02-25.jpg,2025-02-18,4997,11512,3,7-4997115123
Russia,Russia,821 BTR-82A(M),damaged,https://i.postimg.cc/pLvZrTGN/1132-BTR-82-A-M-dam-aband-28-02-25.jpg,2025-03-20,5002,11533,3,7-5002115333
Russia,Russia,826 KamAZ 6x6,damaged,https://i.postimg.cc/ZRwPN13f/1016-kamaz6x6-dam-30-07-23.jpg,2023-08-01,5010,11548,3,7-5010115483
Russia,Soviet Union,827 BMP-2(K),damaged,https://twitter.com/UAWeapons/status/1660286197497753600,2023-05-22,5011,4604,3,7-501146043
Russia,Soviet Union,828 BMP-2(K),damaged,https://i.postimg.cc/TYGpb87W/1005-bmp2-dam-17-05-23.jpg,2023-05-23,5014,11558,3,7-5014115583
Russia,Soviet Union,83 120mm 2S9 Nona,damaged,https://i.postimg.cc/Y9Y0VbtF/1015-2-S9-Nona-S-dam-17-06-25.jpg,2025-06-27,5018,11563,3,7-5018115633
Russia,Soviet Union,83 T-72B Obr. 1989,damaged,https://i.postimg.cc/sX6f34fy/1301-t72b1989-dam-aband.jpg,2023-03-20,5024,11573,3,7-5024115733
Russia,Russia,83 T-80BVM,damaged,https://i.postimg.cc/2Sgct83P/1022-t80bvm-destr-13-06-23.jpg,2023-06-23,5025,11577,3,7-5025115773
Russia,Russia,83 T-80U,damaged,https://twitter.com/UAWeapons/status/1570479830562672640,2022-09-16,5026,11579,3,7-5026115793
Russia,Russia,83 T-80U,damaged,https://twitter.com/UAWeapons/status/1571501699348430849,2022-09-19,5026,11580,3,7-5026115803
Russia,Russia,835 KamAZ 6x6,damaged,https://i.postimg.cc/dtqHdm6h/1010-kamaz6x6-dam-18-08-23.jpg,2023-08-21,5036,11599,3,7-5036115993
Russia,Russia,836 BTR-82A(M),damaged,https://i.postimg.cc/9MJfmVBc/1012-BTR-82-A-M-dam-aband-07-05-25.jpg,2025-05-12,5038,11610,3,7-5038116103
Russia,Soviet Union,839 BMP-2(K),damaged,https://i.postimg.cc/rmHCm9LG/1006-bmp2-dam-30-05-23.jpg,2023-06-09,5042,11616,3,7-5042116163
Russia,Soviet Union,84 152mm 2S19 Msta-S,damaged,https://twitter.com/UAWeapons/status/1580092689995173888,2022-10-13,5045,11621,3,7-5045116213
Russia,Soviet Union,84 T-72B Obr. 1989,damaged,https://i.postimg.cc/bNSwnVvB/245.png,2023-03-29,5050,11632,3,7-5050116323
Russia,Soviet Union,84 T-72B Obr. 1989,damaged,https://i.postimg.cc/NFVwhZYY/1007-t72-1989-dam-06-05-23.jpg,2023-05-11,5050,11633,3,7-5050116333
Russia,Soviet Union,845 BMP-2(K),damaged,https://i.postimg.cc/bwCDkRVW/1014-bmp2-dam-12-06-23.jpg,2023-06-14,5066,11666,3,7-5066116663
Russia,Soviet Union,848 BMP-2(K),damaged,https://i.postimg.cc/qRxT21ns/1016-2x-bmp2-1x-destr-1x-dam-aband-18-06-23.jpg,2023-06-19,5072,11674,3,7-5072116743
Russia,Soviet Union,850 BMP-2(K),damaged,https://i.postimg.cc/7hfXWc8Z/1006-bmp2-dam-capt-30-09-22.jpg,2023-06-23,5086,11693,3,7-5086116933
Russia,Russia,86 T-80BVM,damaged,https://i.postimg.cc/c4R5jpYr/1001-t80bvm-dam-aband-10-07-23.jpg,2023-07-14,5099,11722,3,7-5099117223
Russia,Russia,86 Ural-4320 tanker,damaged,https://i.postimg.cc/JhRL94Pf/1026-ural-tanker.jpg,2022-09-10,5103,11741,3,7-5103117413
Russia,Soviet Union,864 BMP-2(K),damaged,https://i.postimg.cc/FspCR7hB/1021-bmp2-dam-29-06-23.jpg,2023-07-04,5109,11751,3,7-5109117513
Russia,Soviet Union,87 122mm BM-21 Grad,damaged,https://i.postimg.cc/kgGVRzTM/09-13-2022-Grad-K-damaged.png,2022-11-08,5115,11765,3,7-5115117653
Russia,Soviet Union,87 152mm 2A65 Msta-B howitzer,damaged,https://i.postimg.cc/qMcHc095/1017-ural4320-msta-b-dam-25-05-23.jpg,2023-05-26,5116,10464,3,7-5116104643
Russia,Russia,87 T-80BVM,damaged,https://i.postimg.cc/FHqWc8KD/1032-t80bvm-dam-aband-15-07-23.jpg,2023-07-17,5123,11780,3,7-5123117803
Russia,Soviet Union,88 T-80BV,damaged,https://twitter.com/UAWeapons/status/1570138425843408896,2022-09-15,5137,7789,3,7-513777893
Russia,Soviet Union,88 UAZ-452 van,damaged,https://i.postimg.cc/2yBMYW6K/1002-uaz452-dam-18-11-23.jpg,2023-11-20,5140,11823,3,7-5140118233
Russia,Soviet Union,88 Unknown T-72,damaged,https://i.postimg.cc/Qt6bWPzx/2022-05-10-unk-t-72.jpg,2022-10-17,5142,11828,3,7-5142118283
Russia,Soviet Union,887 BMP-2(K),damaged,https://i.postimg.cc/HnWkGHNt/1036-bmp2-dam-15-07-23.jpg,2023-07-17,5145,11843,3,7-5145118433
Russia,Soviet Union,89 122mm BM-21 Grad,damaged,https://twitter.com/UAWeapons/status/1589961984120098816,2022-11-09,5146,11845,3,7-5146118453
Russia,Russia,89 BTR-82AT,damaged,https://i.postimg.cc/4dwbSfy7/1050-BTR-82-AT-dam-aband-07-03-24.jpg,2024-04-08,5151,11881,3,7-5151118813
Russia,Russia,89 BTR-82AT,damaged,https://i.postimg.cc/hjkjPrj1/1020-BTR-82-AT-dam-aband-02-04-24.jpg,2024-04-08,5151,11882,3,7-5151118823
Russia,Russia,89 BTR-82AT,damaged,https://i.postimg.cc/Xq9vZCBS/1021-BTR-82-AT-dam-aband-02-04-24.jpg,2024-04-08,5151,11883,3,7-5151118833
Russia,Russia,891 KamAZ 6x6,damaged,https://i.postimg.cc/g0csLvLS/1075-Kam-AZ-6x6-dam-13-10-23.jpg,2023-10-22,5157,11897,3,7-5157118973
Russia,Soviet Union,896 BMP-2(K),damaged,https://i.postimg.cc/CxtZTS0s/1041-2x-bmp3-destr-1x-bmp2-dam-aband-21-07-23.jpg,2023-07-22,5161,11906,3,7-5161119063
Russia,Russia,897 KamAZ 6x6,damaged,https://i.postimg.cc/FzYKr1Yy/1001-kamaz6x6-dam-14-09-23.jpg,2023-11-02,5164,11910,3,7-5164119103
Russia,Soviet Union,9 82mm 2B9 Vasilek automatic gun mortar,damaged,https://i.postimg.cc/c4vBxx7x/1037-2-B9-Vasilek-dam-capt-06-10-23.jpg,2023-10-09,5176,11921,3,7-5176119213
Russia,Soviet Union,9 KrAZ-255 (for PMP floating bridge system),damaged,https://i.postimg.cc/Nfp4rvFW/1009-Kr-AZ-255-for-PMP-floating-bridge-system-dam-aband-28-08-24.jpg,2024-09-03,5195,11949,3,7-5195119493
Russia,Soviet Union,9 KrAZ-260 tanker,damaged,https://i.postimg.cc/CKPwZS1Z/1010-6-destr-1-dam-Kr-AZ-260-tanker-and-ural4320-dam-09-08-22.jpg,2023-07-26,5196,11029,3,7-5196110293
Russia,Russia,9 T-62MV Obr. 2022,damaged,https://i.postimg.cc/3J9ZznYP/1019-T62-MV-Obr2022-dam-aband-02-05-24.jpg,2024-05-04,5209,11973,3,7-5209119733
Russia,Russia,9 T-62MV Obr. 2022,damaged,https://i.postimg.cc/nL9YjxBJ/1009-T62-MV-Obr2022-dam-aband-01-05-24.jpg,2024-05-04,5209,11974,3,7-5209119743
Russia,Russia,9 T-62MV Obr. 2022,damaged,https://i.postimg.cc/3RMj2qFD/1010-T62-MV-Obr2022-dam-aband-01-05-24.jpg,2024-05-04,5209,11975,3,7-5209119753
Russia,Russia,9 T-62MV Obr. 2022,damaged,https://i.postimg.cc/NFB1zrVs/1011-T62-MV-Obr2022-dam-aband-01-05-24.jpg,2024-05-04,5209,11976,3,7-5209119763
Russia,Soviet Union,9 T-72AV,damaged,https://i.postimg.cc/mrW6qDwc/2022-03-01-T-72-AV-Makoshyne.jpg,2022-12-11,5210,11978,3,7-5210119783
Russia,Russia,9 T-90M,damaged,https://twitter.com/UAWeapons/status/1608913553704226816,2022-12-31,5213,2741,3,7-521327413
Russia,Soviet Union,9 Tu-95MS strategic bomber,damaged,https://x.com/MarcinRogowsk14/status/1931440311378858157,2025-06-08,5215,11993,3,7-5215119933
Russia,Soviet Union,9 UAZ-3303,damaged,https://i.postimg.cc/nrKMKVWD/1020-UAZ-3303-dam-07-10-23.jpg,2023-10-09,5216,11994,3,7-5216119943
Russia,Russia,9 Ural-4320 with 57mm AZP S-60,damaged,https://i.postimg.cc/fbg292fx/1012-Ural-4320-with-S-60-AA-gun-dam-19-02-24.jpg,2024-02-23,5221,12000,3,7-5221120003
Russia,Soviet Union,9 ZiL-131,damaged,https://i.postimg.cc/tCWmqrwD/2022-09-19-Zi-L-131.jpg,2022-09-22,5224,12004,3,7-5224120043
Russia,Soviet Union,90 MT-LBVM and MT-LBVMK,damaged,https://postimg.cc/mP4082r3,2022-08-13,5230,12018,3,7-5230120183
Russia,Russia,90 T-80U,damaged,https://i.postimg.cc/GhVxv3yB/1002-t80u-dam.jpg,2022-12-28,5235,12034,3,7-5235120343
Russia,Soviet Union,90 Unknown T-72,damaged,https://twitter.com/UAWeapons/status/1583472053293699072,2022-10-22,5237,12038,3,7-5237120383
Russia,Russia,90 Ural-43206,damaged,https://i.postimg.cc/vm3ZFwDP/1008-ural43206-dam-capt.jpg,2022-10-20,5239,12039,3,7-5239120393
Russia,Russia,903 KamAZ 6x6,damaged,https://i.postimg.cc/Cx87858N/1033-2x-kamaz6x6-dam-10-11-23.jpg,2023-11-14,5244,12045,3,7-5244120453
Russia,Soviet Union,91 UAZ-452 van,damaged,https://twitter.com/Danspiun/status/1730295914374275173,2023-12-04,5259,12079,3,7-5259120793
Russia,Soviet Union,917 BMP-2(K),damaged,https://i.postimg.cc/Kj66pL5x/1024-bmp2-dam-02-08-23.jpg,2023-08-04,5269,12099,3,7-5269120993
Russia,Russia,919 KamAZ 6x6,damaged,https://i.postimg.cc/q7PBg87m/1033-kamaz6x6-dam-09-01-24.jpg,2024-01-19,5274,12123,3,7-5274121233
Russia,Soviet Union,92 T-62M,damaged,https://i.postimg.cc/Gm7wrvPR/1002-T-62-M-dam-aband-02-06-24.jpg,2024-06-24,5282,12140,3,7-5282121403
Russia,Russia,92 T-80BVM,damaged,https://i.postimg.cc/g0tqwf3M/1032-T-80-BVM-dam-16-07-23.jpg,2023-07-22,5286,12151,3,7-5286121513
Russia,Russia,921 KamAZ 6x6,damaged,https://i.postimg.cc/jSfTQCBX/1017-Kam-AZ-6x6-dam-26-02-24.jpg,2024-02-29,5294,12175,3,7-5294121753
Russia,Soviet Union,922 BMP-2(K),damaged,https://twitter.com/NOELreports/status/1689657017521090560,2023-08-12,5295,12178,3,7-5295121783
Russia,Soviet Union,926 BMP-2(K),damaged,https://i.postimg.cc/sxC5ZQPr/1018-bmp2-dam-aband-12-08-23.jpg,2023-08-16,5298,12186,3,7-5298121863
Russia,Soviet Union,929 BMP-2(K),damaged,https://i.postimg.cc/g2JqkKZ7/1003-bmp2-dam-16-08-23.jpg,2023-08-18,5299,12189,3,7-5299121893
Russia,Soviet Union,93 T-64BV,damaged,https://i.postimg.cc/sfB5C7hg/1022-T-64-BV-dam-aband-11-05-25.jpg,2025-05-18,5307,12198,3,7-5307121983
Russia,Soviet Union,933 BMP-2(K),damaged,https://i.postimg.cc/dVZ5HK6k/1026-brem1-destr-and-bmp2-dam-aband-19-08-23.jpg,2023-08-21,5314,7386,3,7-531473863
Russia,Russia,935 KamAZ 6x6,damaged,https://i.postimg.cc/Fz4RG2p7/1054-Kam-AZ-6x6-dam-16-03-24.jpg,2024-04-08,5315,12230,3,7-5315122303
Russia,Russia,939 KamAZ 6x6,damaged,https://i.postimg.cc/vZMxxwbd/1016-Kam-AZ-6x6-dam-04-04-24.jpg,2024-04-14,5318,12240,3,7-5318122403
Russia,Soviet Union,947 BMP-2(K),damaged,https://i.postimg.cc/PfLvPxS9/226.png,2023-09-05,5342,12285,3,7-5342122853
Russia,Russia,949 KamAZ 6x6,damaged,https://i.postimg.cc/nzq9cVWS/1025-Kam-AZ-6x6-dam-03-05-24.jpg,2024-05-12,5344,12288,3,7-5344122883
Russia,Soviet Union,95 152mm 2A65 Msta-B howitzer,damaged,https://i.postimg.cc/PJFCx3R9/1002-msta-b-dam-20-06-23.jpg,2023-06-23,5345,12291,3,7-5345122913
Russia,Soviet Union,95 T-72B Obr. 1989,damaged,https://i.postimg.cc/MGkFg94Y/1000-T-72-B-Obr-1989-dam-18-08-23.jpg,2023-11-02,5352,12302,3,7-5352123023
Russia,Russia,95 T-80BVM,damaged,https://i.postimg.cc/J0tMSfm3/1005-72-B3-and-80-BVM-dam-aband-20-08-23.jpg,2023-08-24,5353,7032,3,7-535370323
Russia,Russia,95 Ural-43206,damaged,https://i.postimg.cc/3xKn0s3B/1003-Ural-43206-dam-capt.jpg,2022-11-12,5356,12307,3,7-5356123073
Russia,Russia,954 KamAZ 6x6,damaged,https://i.postimg.cc/Y0fQzztF/1023-Kam-AZ-6x6-dam-03-06-24.jpg,2024-06-06,5360,12316,3,7-5360123163
Russia,Soviet Union,97 T-72B Obr. 1989,damaged,https://i.postimg.cc/029Gq8r4/1024-T72b1989-aband-and-T80bvm-destr-15-10-23.jpg,2023-12-09,5382,851,3,7-53828513
Russia,Soviet Union,970 BMP-2(K),damaged,https://i.postimg.cc/s2zyRwj8/328.png,2023-09-14,5391,12378,3,7-5391123783
Russia,Soviet Union,976 BMP-2(K),damaged,https://i.postimg.cc/0NfNx9pj/2249.png,2023-09-21,5396,12395,3,7-5396123953
Russia,Russia,98 T-80U,damaged,https://i.postimg.cc/Gmk4H0Xd/1031-T-80-U-dam-aband-24-05-24.jpg,2024-06-09,5413,12430,3,7-5413124303
Russia,Soviet Union,981 BMP-2(K),damaged,https://i.postimg.cc/jdghmMFT/376.png,2023-09-30,5419,12437,3,7-5419124373
Russia,Soviet Union,99 T-72B Obr. 1989,damaged,https://i.postimg.cc/5071gLHB/1015-T-72-B-Obr-1989-dam-aband-01-02-24.jpg,2024-03-02,5434,12469,3,7-5434124693
Russia,Soviet Union,99 T-80BV,damaged,https://i.postimg.cc/MpQzsjSp/1007-t80bv.jpg,2022-09-20,5435,12470,3,7-5435124703
Russia,Russia,9A310M1 TELAR (for Buk-M1-2),damaged,https://i.postimg.cc/DZXDG2k3/779.png,2022-03-19,5450,12499,3,7-5450124993
Russia,Russia,9A317 TELAR (for Buk-M2),damaged,https://i.postimg.cc/JnCgXRXL/1016-9-A317.jpg,2022-08-23,5454,12523,3,7-5454125233
Russia,Russia,9A317 TELAR (for Buk-M2),damaged,https://i.postimg.cc/tgRGVwdw/1061-9-A317-TELAR-for-9-K317-Buk-M2-dam-06-05-24.jpg,2024-06-15,5454,12530,3,7-5454125303
Russia,Russia,9A317M TELAR (for Buk-M3),damaged,https://i.postimg.cc/WbCGRFPb/1002-9-A317-M-TELAR-for-9-K317-M-Buk-M3-dam-28-03-24.jpg,2024-04-14,5455,12537,3,7-5455125373
Russia,Russia,9A317M TELAR (for Buk-M3),damaged,https://i.postimg.cc/prKnDs41/1044-9-K317-M-Buk-M3-dam-04-10-24.jpg,2024-10-09,5455,12540,3,7-5455125403
Russia,Russia,9A317M TELAR (for Buk-M3),damaged,https://i.postimg.cc/dtkyq9Sm/1039-9-A317-M-TELAR-for-9-K317-M-Buk-M3-dam-22-05-25.jpg,2025-05-23,5455,12546,3,7-5455125463
Russia,Soviet Union,9A330 Tor TLAR (for 9K330 Tor),damaged,https://i.postimg.cc/x18N2bPf/g4.jpg,2022-04-06,5456,12548,3,7-5456125483
Russia,Soviet Union,9A330 Tor TLAR (for 9K330 Tor),damaged,https://i.postimg.cc/KvJ3w5Bp/g5.jpg,2022-04-06,5456,12549,3,7-5456125493
Russia,Soviet Union,9A330 Tor TLAR (for 9K330 Tor),damaged,https://i.postimg.cc/1XzB0gjR/7j7.png,2022-04-13,5456,12551,3,7-5456125513
Russia,Soviet Union,9A330 Tor TLAR (for 9K330 Tor),damaged,https://i.postimg.cc/CMbpsN0w/553.jpg,2022-04-20,5456,12552,3,7-5456125523
Russia,Soviet Union,9A330 Tor TLAR (for 9K330 Tor),damaged,https://i.postimg.cc/xdk8jXD4/1018-sa15-dam-08-02-23.jpg,2023-02-12,5456,12555,3,7-5456125553
Russia,Soviet Union,9A330 Tor TLAR (for 9K330 Tor),damaged,https://i.postimg.cc/1zpTkHHX/1013-sa15-dam-11-02-23.jpg,2023-02-13,5456,12556,3,7-5456125563
Russia,Soviet Union,9A330 Tor TLAR (for 9K330 Tor),damaged,https://i.postimg.cc/pr4GN9Fz/1006-9-A330-Tor-TLAR-dam-09-06-23.jpg,2023-06-11,5456,12557,3,7-5456125573
Russia,Soviet Union,9A330 Tor TLAR (for 9K330 Tor),damaged,https://i.postimg.cc/pXjn56rJ/1003-tor-dam-13-06-23.jpg,2023-06-16,5456,12558,3,7-5456125583
Russia,Soviet Union,9A330 Tor TLAR (for 9K330 Tor-M),damaged,https://i.postimg.cc/mgHPxQR3/5k.png,2022-03-19,5457,12560,3,7-5457125603
Russia,Russia,9A331 TLAR (for 9K331 Tor-M1),damaged,https://i.postimg.cc/4xpgymN1/1046-TOR-M1-dam-14-11-23.jpg,2023-11-20,5458,12573,3,7-5458125733
Russia,Russia,9A331M TLAR (for 9K332 Tor-M2),damaged,https://twitter.com/UAWeapons/status/1618200812018368513,2023-01-30,5459,12582,3,7-5459125823
Russia,Russia,9A331M TLAR (for 9K332 Tor-M2),damaged,https://i.postimg.cc/FzyBf4jg/1301-tor-m2-dam-11-02-23.jpg,2023-02-23,5459,12583,3,7-5459125833
Russia,Russia,9A331M TLAR (for 9K332 Tor-M2),damaged,https://i.postimg.cc/GmZZtqDQ/1009-tor-m2-dam-11-02-23.jpg,2023-02-23,5459,12584,3,7-5459125843
Russia,Russia,9A331M TLAR (for 9K332 Tor-M2),damaged,https://i.postimg.cc/gJZhvdV5/1020-tor-m2-dam-18-13-23.jpg,2023-03-20,5459,12585,3,7-5459125853
Russia,Russia,9A331M TLAR (for 9K332 Tor-M2),damaged,https://twitter.com/UAWeapons/status/1656730488092885018,2023-05-12,5459,12588,3,7-5459125883
Russia,Russia,9A331M TLAR (for 9K332 Tor-M2),damaged,https://i.postimg.cc/dQBCTnCh/1023-9-A331-M-TLAR-for-9-K332-Tor-M2-dam-14-06-23.jpg,2023-06-23,5459,12590,3,7-5459125903
Russia,Russia,9A331M TLAR (for 9K332 Tor-M2),damaged,https://i.postimg.cc/8Csz5MZ2/1011-9-331-dam-29-07-23.jpg,2023-08-01,5459,12592,3,7-5459125923
Russia,Russia,9A331M TLAR (for 9K332 Tor-M2),damaged,https://twitter.com/bayraktar_1love/status/1748393620053307477,2024-01-21,5459,12595,3,7-5459125953
Russia,Russia,9A331M TLAR (for 9K332 Tor-M2),damaged,https://i.postimg.cc/yYkmrhtb/1001-9-A331-M-TLAR-for-9-K332-Tor-M2-dam-09-04-24.jpg,2024-04-14,5459,12597,3,7-5459125973
Russia,Russia,9A331M TLAR (for 9K332 Tor-M2),damaged,https://i.postimg.cc/59q7Xq4B/1018-9-A331-M-TLAR-for-9-K332-Tor-M2-dam-12-04-24.jpg,2024-04-17,5459,12598,3,7-5459125983
Russia,Russia,9A331M TLAR (for 9K332 Tor-M2),damaged,https://i.postimg.cc/8CPqKGxD/1011-9-A331-M-TLAR-for-9-K332-Tor-M2-dam-03-05-24.jpg,2024-05-09,5459,12599,3,7-5459125993
Russia,Russia,9A331M TLAR (for 9K332 Tor-M2),damaged,https://i.postimg.cc/DzHLS3Ty/1000-9-A331-M-TLAR-for-9-K332-Tor-M2-dam-05-06-24.jpg,2024-06-09,5459,12600,3,7-5459126003
Russia,Russia,9A331M TLAR (for 9K332 Tor-M2),damaged,https://i.postimg.cc/90VDjCrV/1042-9-A331-M-TLAR-for-9-K332-Tor-M2-dam-29-06-24.jpg,2024-06-30,5459,12601,3,7-5459126013
Russia,Russia,9A331M TLAR (for 9K332 Tor-M2),damaged,https://i.postimg.cc/6p7btjbW/1042-9-A331-M-TLAR-for-9-K332-Tor-M2-dam-10-07-24.jpg,2024-07-15,5459,12602,3,7-5459126023
Russia,Russia,9A331M TLAR (for 9K332 Tor-M2),damaged,https://i.postimg.cc/nLcyT5wQ/1033-9-A331-M-TLAR-for-9-K332-Tor-M2-dam-11-07-24.jpg,2024-07-15,5459,12603,3,7-5459126033
Russia,Russia,9A39M1-2 TEL (for Buk-M1-2),damaged,https://i.postimg.cc/xdwktKQX/1043-9-A39-M1-2-TEL-for-9-K37-M1-2-Buk-M1-2-dam-29-06-24.jpg,2024-06-30,5461,12618,3,7-5461126183
Russia,Russia,9A39M1-2 TEL (for Buk-M1-2),damaged,https://i.postimg.cc/hPZ3FWrZ/1041-9-A39-M1-2-TEL-for-9-K37-M1-2-Buk-M1-2-dam-10-07-24.jpg,2024-07-15,5461,12619,3,7-5461126193
Russia,Soviet Union,9K33 Osa,damaged,https://i.postimg.cc/PxkdsRX3/438.png,2022-03-19,5466,12626,3,7-5466126263
Russia,Soviet Union,9K33 Osa,damaged,https://i.postimg.cc/d3V7sFsP/1013-9-K33-Osa-dam-03-05-23.jpg,2023-05-06,5466,12636,3,7-5466126363
Russia,Soviet Union,9K33 Osa,damaged,https://i.postimg.cc/vTbjzZZK/1001-9-A33-BM-OSA-AKM-dam-27-04-23.jpg,2023-07-24,5466,12637,3,7-5466126373
Russia,Soviet Union,9K33 Osa,damaged,https://twitter.com/NOELreports/status/1732011572074037673,2023-12-08,5466,4645,3,7-546646453
Russia,Soviet Union,9K33 Osa,damaged,https://i.postimg.cc/gjpVfTJj/1049-9-K33-M3-Osa-AKM-dam-04-06-24.jpg,2024-06-06,5466,12644,3,7-5466126443
Russia,Soviet Union,9K33 Osa,damaged,https://i.postimg.cc/FFLrWChT/1041-9-A33-BM-TELAR-for-9-K33-M3-Osa-AKM-dam-02-11-24.jpg,2024-11-11,5466,12649,3,7-5466126493
Russia,Soviet Union,9K35 Strela-10,damaged,https://i.postimg.cc/ZnPB8wZF/1027-strela10-dam-01-07-23.jpg,2023-07-04,5468,12678,3,7-5468126783
Russia,Soviet Union,9K35 Strela-10,damaged,https://i.postimg.cc/3RzBrgVL/1028-strela10-dam-15-07-23.jpg,2023-07-17,5468,12679,3,7-5468126793
Russia,Soviet Union,9K35 Strela-10,damaged,https://i.postimg.cc/NMHG8Yqb/1015-strela10-dam-30-07-23.jpg,2023-08-01,5468,12684,3,7-5468126843
Russia,Soviet Union,9K35 Strela-10,damaged,https://i.postimg.cc/2y5Yx1NF/24.png,2023-09-18,5468,12688,3,7-5468126883
Russia,Soviet Union,9K35 Strela-10,damaged,https://i.postimg.cc/0yMzgR1z/1033-9-A34-M-35-M-TELAR-for-9-K35-Strela-10-dam-10-03-25.jpg,2025-03-20,5468,12710,3,7-5468127103
Russia,Soviet Union,9P148 Konkurs,damaged,https://i.postimg.cc/KYLvDyD2/1007-9-P148-Konkurs-dmg-capt.jpg,2022-10-02,5474,12740,3,7-5474127403
Russia,Russia,9S36 (for Buk-M2),damaged,https://i.postimg.cc/pVGqyqVm/1027-9-S36-fire-control-radar-for-9-K317-Buk-M2-dam-20-05-25.jpg,2025-05-23,5480,12767,3,7-5480127673
Russia,Russia,9T244 transloader (for 9A330/1 Tor),damaged,https://i.postimg.cc/x1t6g70s/d34.jpg,2022-04-06,5486,12785,3,7-5486127853
Russia,Russia,9T244 transloader (for 9A330/1 Tor),damaged,https://twitter.com/UAWeapons/status/1580118004875939840,2022-10-13,5486,10598,3,7-5486105983
Russia,Russia,AMN-590951,damaged,https://i.postimg.cc/13hGxb01/1038-ural-59095-dam-aband-18-10-23.jpg,2023-10-22,5488,12808,3,7-5488128083
Russia,Russia,AMN-590951,damaged,https://i.postimg.cc/7PR195f6/1045-ural-59095-dam-aband-18-10-23.jpg,2023-10-22,5488,12809,3,7-5488128093
Russia,Russia,AMN-590951,damaged,https://i.postimg.cc/Vkv9vyy3/1022-amn-dam-29-11-23.jpg,2023-12-01,5488,12812,3,7-5488128123
Russia,Russia,AMN-590951,damaged,https://i.postimg.cc/qMn4FmFP/1001-AMN-590951-VPK-Ural-dam-18-08-24.jpg,2024-08-22,5488,12826,3,7-5488128263
Russia,Russia,AMN-590951,damaged,https://i.postimg.cc/PrXmXP2d/1162-AMN-590951-VPK-Ural-dam-30-09-24.jpg,2024-10-22,5488,12831,3,7-5488128313
Russia,Russia,AMN-590951 VPK Ural,damaged,https://i.postimg.cc/N0SPkDRH/1044-AMN-590951-VPK-Ural-dam-aband28-12-24.jpg,2025-01-07,5489,12849,3,7-5489128493
Russia,Russia,AMN-590951 VPK Ural,damaged,https://i.postimg.cc/L8XhJq0G/1009-AMN-590951-VPK-Ural-dam-aband-06-02-25.jpg,2025-02-11,5489,12855,3,7-5489128553
Russia,Russia,AMN-590951 VPK Ural,damaged,https://i.postimg.cc/rmyjrgWW/1005-AMN-590951-VPK-Ural-dam-aband-06-04-25.jpg,2025-04-10,5489,12863,3,7-5489128633
Russia,Russia,Armoured SUV,damaged,https://i.postimg.cc/JhV6T907/329.png,2022-03-19,5492,12876,3,7-5492128763
Russia,Soviet Union,BAT-2 heavy engineering vehicle,damaged,https://i.postimg.cc/ZqMrGfJf/1001-BAT-2-dam-26-07-23.jpg,2023-07-28,5493,12884,3,7-5493128843
Russia,Soviet Union,BAT-2 heavy engineering vehicle,damaged,https://i.postimg.cc/gc1ST6V3/1006-bat2-dam-17-10-23.jpg,2023-10-19,5493,12885,3,7-5493128853
Russia,Soviet Union,BAT-2 heavy engineering vehicle,damaged,https://i.postimg.cc/02PWXdtR/1016-BAT-2-dam-aband-27-12-23.jpg,2024-02-09,5493,12886,3,7-5493128863
Russia,Soviet Union,BAT-2 heavy engineering vehicle,damaged,https://i.postimg.cc/C1LJKyLN/1029-bat2-dam-08-01-24.jpg,2024-03-02,5493,12887,3,7-5493128873
Russia,Soviet Union,BMD-2,damaged,https://i.postimg.cc/hvdB25Hw/j2.jpg,2022-03-19,5495,12913,3,7-5495129133
Russia,Soviet Union,BMD-2,damaged,https://i.postimg.cc/MTmVp6Hz/c5.png,2022-03-19,5495,12919,3,7-5495129193
Russia,Soviet Union,BMD-2,damaged,https://twitter.com/UAWeapons/status/1522706604977762313,2022-05-10,5495,12988,3,7-5495129883
Russia,Soviet Union,BMD-2,damaged,https://twitter.com/UAWeapons/status/1534592976671866884,2022-06-09,5495,12993,3,7-5495129933
Russia,Soviet Union,BMD-2,damaged,https://i.postimg.cc/nc5hKV4Y/1027-bmd2.jpg,2022-08-22,5495,13026,3,7-5495130263
Russia,Soviet Union,BMD-2,damaged,https://i.postimg.cc/X7HkcTPY/1000-bmd2.jpg,2022-08-30,5495,13028,3,7-5495130283
Russia,Soviet Union,BMD-2,damaged,https://i.postimg.cc/PxmkcXR1/1001-bmd2-dam-capt.jpg,2022-10-25,5495,13065,3,7-5495130653
Russia,Soviet Union,BMD-2,damaged,https://i.postimg.cc/bJXcZ6zC/1020-bmd2-dam-capt-06-03-23.jpg,2023-03-07,5495,13104,3,7-5495131043
Russia,Soviet Union,BMD-2,damaged,https://i.postimg.cc/pd3x9ZVG/1033-bmd2-dam-02-05-23.jpg,2023-05-06,5495,13115,3,7-5495131153
Russia,Soviet Union,BMD-2,damaged,https://i.postimg.cc/8CqpssDP/1026-bmd2-dam-09-06-23.jpg,2023-06-11,5495,13120,3,7-5495131203
Russia,Soviet Union,BMD-2,damaged,https://i.postimg.cc/ncKxWZrF/1020-bmd2-dam-aband-08-07-23.jpg,2023-07-09,5495,13126,3,7-5495131263
Russia,Soviet Union,BMD-2,damaged,https://i.postimg.cc/J4JgJPsR/1008-bmd2-dam-aband-24-07-23.jpg,2023-07-26,5495,13128,3,7-5495131283
Russia,Soviet Union,BMD-2,damaged,https://i.postimg.cc/9QnP4qPQ/1007-bmd2-dam-10-08-23.jpg,2023-08-18,5495,13137,3,7-5495131373
Russia,Soviet Union,BMD-2,damaged,https://i.postimg.cc/L5WKwCtW/1004-bmd2-dam-aband-20-10-23.jpg,2023-10-22,5495,13147,3,7-5495131473
Russia,Soviet Union,BMD-2,damaged,https://i.postimg.cc/mDrk5PTb/1043-bmd2-dam-aband-13-12-23.jpg,2023-12-17,5495,13165,3,7-5495131653
Russia,Soviet Union,BMD-2,damaged,https://i.postimg.cc/Kj3BYv3v/1046-bmd2-dam-aband-10-12-23.jpg,2024-01-09,5495,13169,3,7-5495131693
Russia,Soviet Union,BMD-2,damaged,https://i.postimg.cc/bvPbrfLn/1006-bmd2-dam-aband-14-02-24.jpg,2024-02-18,5495,13174,3,7-5495131743
Russia,Soviet Union,BMD-2,damaged,https://i.postimg.cc/NfVPy6TZ/1056-BMD-2-dam-aband-04-04-24.jpg,2024-04-11,5495,13190,3,7-5495131903
Russia,Soviet Union,BMD-2,damaged,https://i.postimg.cc/WzLVdxhh/1006-BMD-2-dam-aband-28-05-24.jpg,2024-06-02,5495,13201,3,7-5495132013
Russia,Soviet Union,BMD-2,damaged,https://i.postimg.cc/ZRq731ff/1054-BMD-2-dam-aband-18-05-24.jpg,2024-07-15,5495,13205,3,7-5495132053
Russia,Soviet Union,BMD-2,damaged,https://i.postimg.cc/X7bmP9Zr/1040-BMD-2-dam-aband-29-09-24.jpg,2024-10-03,5495,13222,3,7-5495132223
Russia,Soviet Union,BMD-2,damaged,https://i.postimg.cc/2SBXt7ZK/1004-BMD-2-dam-aband-15-11-24.jpg,2024-11-20,5495,13234,3,7-5495132343
Russia,Soviet Union,BMD-2,damaged,https://i.postimg.cc/6prYYvFh/1018-BMD-2-dam-aband-30-11-24.jpg,2024-12-03,5495,13241,3,7-5495132413
Russia,Soviet Union,BMD-2,damaged,https://i.postimg.cc/ZKZX5KLG/1041-BMD-2-dam-aband-12-12-24.jpg,2024-12-16,5495,13251,3,7-5495132513
Russia,Soviet Union,BMD-2,damaged,https://i.postimg.cc/6QfVfqtj/1036-BMD-2-dam-aband-24-11-24.jpg,2025-01-19,5495,13273,3,7-5495132733
Russia,Soviet Union,BMD-2,damaged,https://i.postimg.cc/d1S7739r/1002-BMD-2-dam-aband-14-01-25.jpg,2025-01-31,5495,13282,3,7-5495132823
Russia,Soviet Union,BMD-2,damaged,https://i.postimg.cc/5Nx0z4Pt/1001-BMD-2-dam-aband-29-01-25.jpg,2025-02-02,5495,13283,3,7-5495132833
Russia,Soviet Union,BMD-2,damaged,https://i.postimg.cc/BnprpRkz/1204-BMD-2-dam-aband-06-03-25.jpg,2025-03-20,5495,13316,3,7-5495133163
Russia,Russia,BMD-4M,damaged,https://i.postimg.cc/2jGTdhtw/45.jpg,2022-04-06,5496,13365,3,7-5496133653
Russia,Russia,BMD-4M,damaged,https://i.postimg.cc/Prdbgvm8/1025-bmd4m-dam-27-07-23.jpg,2023-07-28,5496,13389,3,7-5496133893
Russia,Russia,BMD-4M,damaged,https://i.postimg.cc/KYVQ34Vs/1012-BMD-4-dam-aband-30-06-23.jpg,2023-08-01,5496,13391,3,7-5496133913
Russia,Russia,BMD-4M,damaged,https://i.postimg.cc/k5cn6cNQ/1030-bmd4m-dam-10-08-23.jpg,2023-08-12,5496,13392,3,7-5496133923
Russia,Russia,BMD-4M,damaged,https://i.postimg.cc/44w2nPnd/1019-BMD-4-M-dam-capt-18-08-23.jpg,2023-08-21,5496,13395,3,7-5496133953
Russia,Russia,BMD-4M,damaged,https://i.postimg.cc/5txMTsc2/1011-bmd4m-dam-22-08-23.jpg,2023-08-24,5496,13397,3,7-5496133973
Russia,Russia,BMD-4M,damaged,https://i.postimg.cc/zv6MwhLd/1002-bmd4m-dam-aband-31-10-23.jpg,2023-11-02,5496,13403,3,7-5496134033
Russia,Russia,BMD-4M,damaged,https://i.postimg.cc/kgsfqXbH/1050-bmd4m-dam-aband-24-11-23.jpg,2023-11-27,5496,13405,3,7-5496134053
Russia,Russia,BMD-4M,damaged,https://i.postimg.cc/gJJ3fKYh/1040-BMD-4-M-dam-13-12-23.jpg,2024-01-09,5496,13416,3,7-5496134163
Russia,Russia,BMD-4M,damaged,https://i.postimg.cc/6qTP948g/1001-bmd4m-dam-30-12-23.jpg,2024-01-09,5496,13417,3,7-5496134173
Russia,Russia,BMD-4M,damaged,https://i.postimg.cc/V6jvQVLz/1049-bmd4m-dam-aband-17-01-24.jpg,2024-01-21,5496,13423,3,7-5496134233
Russia,Russia,BMD-4M,damaged,https://i.postimg.cc/wjf72hK0/1000-bmd4m-dam-aband-04-03-24.jpg,2024-04-08,5496,13433,3,7-5496134333
Russia,Russia,BMD-4M,damaged,https://i.postimg.cc/SNQvwNj6/1017-BMD-4-M-dam-aband-13-05-24.jpg,2024-08-09,5496,13440,3,7-5496134403
Russia,Russia,BMD-4M,damaged,https://i.postimg.cc/5NSTWjvn/1030-BMD-4-M-dam-aband-30-09-24.jpg,2024-10-03,5496,13445,3,7-5496134453
Russia,Russia,BMD-4M,damaged,https://i.postimg.cc/L6qq7W4Y/1054-BMD-4-M-dam-aband-13-11-24.jpg,2024-11-27,5496,13453,3,7-5496134533
Russia,Russia,BMD-4M,damaged,https://i.postimg.cc/B69M7MYr/1040-BMD-4-M-dam-aband-12-12-24.jpg,2024-12-16,5496,13469,3,7-5496134693
Russia,Russia,BMD-4M,damaged,https://i.postimg.cc/zDcCj9Yr/1003-BMD-4-M-dam-14-01-25.jpg,2025-01-19,5496,13477,3,7-5496134773
Russia,Russia,BMD-4M,damaged,https://i.postimg.cc/90NnphXw/1103-BMD-4-M-dam-aband-11-01-25.jpg,2025-02-23,5496,13490,3,7-5496134903
Russia,Russia,BMD-4M,damaged,https://i.postimg.cc/fTKDpC0L/1030-BMD-4-M-dam-aband-25-03-25.jpg,2025-03-27,5496,13493,3,7-5496134933
Russia,Soviet Union,BMP-1(P),damaged,https://postimg.cc/DJp7JbvH,2022-03-19,5500,13525,3,7-5500135253
Russia,Soviet Union,BMP-1(P),damaged,https://twitter.com/RALee85/status/1521768997900984321,2022-05-05,5500,13556,3,7-5500135563
Russia,Soviet Union,BMP-1(P),damaged,https://i.postimg.cc/QMPbRrpP/8j.png,2022-05-14,5500,13558,3,7-5500135583
Russia,Soviet Union,BMP-1(P),damaged,https://i.postimg.cc/W4wTp5Qd/6h5.png,2022-05-26,5500,13583,3,7-5500135833
Russia,Soviet Union,BMP-1(P),damaged,https://i.postimg.cc/CLz7N7gC/d3.jpg,2022-06-11,5500,13596,3,7-5500135963
Russia,Soviet Union,BMP-1(P),damaged,https://twitter.com/UAWeapons/status/1535717957652865029,2022-06-26,5500,13601,3,7-5500136013
Russia,Soviet Union,BMP-1(P),damaged,https://i.postimg.cc/Z5cKsDdh/478.png,2022-06-26,5500,13602,3,7-5500136023
Russia,Soviet Union,BMP-1(P),damaged,https://twitter.com/UAWeapons/status/1536424104957460480,2022-06-26,5500,13597,3,7-5500135973
Russia,Soviet Union,BMP-1(P),damaged,https://i.postimg.cc/MHhSpxcG/4335.png,2023-09-25,5500,13610,3,7-5500136103
Russia,Soviet Union,BMP-1(P),damaged,https://i.postimg.cc/vBKR0Mtv/8873.png,2023-09-25,5500,13611,3,7-5500136113
Russia,Soviet Union,BMP-1(P),damaged,https://i.postimg.cc/SR33DXqF/1053-bmp1-dam-21-10-23.jpg,2023-10-22,5500,13630,3,7-5500136303
Russia,Soviet Union,BMP-1(P),damaged,https://i.postimg.cc/htTWZ0fC/1039-bmp1-dam-aband-18-10-23.jpg,2023-10-22,5500,13631,3,7-5500136313
Russia,Soviet Union,BMP-1(P),damaged,https://i.postimg.cc/LsSdcZPm/1040-bmp1-dam-aband-18-10-23.jpg,2023-10-22,5500,13632,3,7-5500136323
Russia,Soviet Union,BMP-1(P),damaged,https://i.postimg.cc/FKxtNsb3/1041-bmp1-dam-aband-18-10-23.jpg,2023-10-22,5500,13633,3,7-5500136333
Russia,Soviet Union,BMP-1(P),damaged,https://i.postimg.cc/SRR2SMT3/1040-1x-unkn-tank-destr-2x-bmp1-dam-aband-04-11-23.jpg,2023-11-06,5500,6399,3,7-550063993
Russia,Soviet Union,BMP-1(P),damaged,https://i.postimg.cc/CxMnZsGG/1002-bmp1-dam-aband-06-11-23.jpg,2023-11-10,5500,13650,3,7-5500136503
Russia,Soviet Union,BMP-1(P),damaged,https://i.postimg.cc/RZ9c8R8k/1001-bmp1-dam-aband-10-11-23.jpg,2023-11-14,5500,13651,3,7-5500136513
Russia,Soviet Union,BMP-1(P),damaged,https://i.postimg.cc/GmKWRMYR/1043-bmp1-dam-14-11-23.jpg,2023-11-20,5500,13654,3,7-5500136543
Russia,Soviet Union,BMP-1(P),damaged,https://i.postimg.cc/9Xv5XZZv/1018-bmp1-dam-aband-03-12-23.jpg,2023-12-08,5500,13662,3,7-5500136623
Russia,Soviet Union,BMP-1(P),damaged,https://i.postimg.cc/9fnw5pbq/1056-bmp1-dam-aband-12-10-23.jpg,2023-12-13,5500,13671,3,7-5500136713
Russia,Soviet Union,BMP-1(P),damaged,https://i.postimg.cc/fW0ms66W/1026-bmp1-dam-aband-24-10-23.jpg,2023-12-13,5500,13672,3,7-5500136723
Russia,Soviet Union,BMP-1(P),damaged,https://twitter.com/Danspiun/status/1736003718909157560,2024-01-09,5500,13691,3,7-5500136913
Russia,Soviet Union,BMP-1(P),damaged,https://i.postimg.cc/zfRkDJvV/1014-bmp1-dam-aband-10-12-23.jpg,2024-01-09,5500,13692,3,7-5500136923
Russia,Soviet Union,BMP-1(P),damaged,https://twitter.com/NOELreports/status/1737736296049582440,2024-01-09,5500,13693,3,7-5500136933
Russia,Soviet Union,BMP-1(P),damaged,https://i.postimg.cc/LXx7RwqF/1041-bmp1-dam-aband-25-12-23.jpg,2024-01-09,5500,13696,3,7-5500136963
Russia,Soviet Union,BMP-1(P),damaged,https://i.postimg.cc/Yqvc2rfn/1005-bmp1-dam-aband-29-12-23.jpg,2024-01-09,5500,13697,3,7-5500136973
Russia,Soviet Union,BMP-1(P),damaged,https://i.postimg.cc/QdF3kDhz/1037-bmp1-dam-aband-19-01-24.jpg,2024-01-21,5500,13711,3,7-5500137113
Russia,Soviet Union,BMP-1(P),damaged,https://i.postimg.cc/4NLG9ykt/1012-bmp1-dam-aband-18-10-23.jpg,2024-01-21,5500,13712,3,7-5500137123
Russia,Soviet Union,BMP-1(P),damaged,https://i.postimg.cc/t4HzDHyh/1006-BMP-1-P-dam-aband-18-12-23.jpg,2024-01-30,5500,13724,3,7-5500137243
Russia,Soviet Union,BMP-1(P),damaged,https://i.postimg.cc/Df9NxHpj/1032-bmp1-dam-aband-27-01-24.jpg,2024-02-09,5500,13733,3,7-5500137333
Russia,Soviet Union,BMP-1(P),damaged,https://i.postimg.cc/B6dmwPpL/1053-bmp1-dam-aband-01-02-24.jpg,2024-02-09,5500,13734,3,7-5500137343
Russia,Soviet Union,BMP-1(P),damaged,https://i.postimg.cc/FzS3ZqS5/1012-bmp1-dam-aband-27-12-23.jpg,2024-02-09,5500,13735,3,7-5500137353
Russia,Soviet Union,BMP-1(P),damaged,https://i.postimg.cc/zvSsgNGj/1038-BMP-1-dam-aband-29-01-24.jpg,2024-02-15,5500,13747,3,7-5500137473
Russia,Soviet Union,BMP-1(P),damaged,https://i.postimg.cc/Bb5bdj9w/1035-bmp1-dam-16-02-24.jpg,2024-02-18,5500,13749,3,7-5500137493
Russia,Soviet Union,BMP-1(P),damaged,https://i.postimg.cc/sg6QKjRk/1019-bmp1-dam-aband-17-02-24.jpg,2024-02-23,5500,13761,3,7-5500137613
Russia,Soviet Union,BMP-1(P),damaged,https://i.postimg.cc/5ydFvsMj/1000-bmp1-dam-aband-31-08-23.jpg,2024-02-23,5500,13762,3,7-5500137623
Russia,Soviet Union,BMP-1(P),damaged,https://i.postimg.cc/jSrmtNmQ/1109-bmp1-dam-aband-31-05-23.jpg,2024-02-23,5500,13763,3,7-5500137633
Russia,Soviet Union,BMP-1(P),damaged,https://i.postimg.cc/Dy7cVj47/1040-BMP-1-P-dam-aband-20-02-24.jpg,2024-02-23,5500,13764,3,7-5500137643
Russia,Soviet Union,BMP-1(P),damaged,https://i.postimg.cc/G347ST1K/1051-bmp1-dam-aband-19-02-24.jpg,2024-02-23,5500,13765,3,7-5500137653
Russia,Soviet Union,BMP-1(P),damaged,https://i.postimg.cc/NMZ1R91t/1015-BMP-1-P-dam-aband-23-02-24.jpg,2024-02-29,5500,13777,3,7-5500137773
Russia,Soviet Union,BMP-1(P),damaged,https://i.postimg.cc/1tBHNwJh/1041-BMP-1-P-dam-aband-22-03-24.jpg,2024-04-08,5500,13818,3,7-5500138183
Russia,Soviet Union,BMP-1(P),damaged,https://i.postimg.cc/9QSTtTXR/1009-BMP-1-P-dam-aband-08-03-24.jpg,2024-04-08,5500,13819,3,7-5500138193
Russia,Soviet Union,BMP-1(P),damaged,https://i.postimg.cc/tTbs2NKT/1026-bmp1-dam-aband-08-03-24.jpg,2024-04-08,5500,13820,3,7-5500138203
Russia,Soviet Union,BMP-1(P),damaged,https://i.postimg.cc/8CR5Jr7V/1049-bmp1-dam-aband-19-02-24.jpg,2024-04-08,5500,13821,3,7-5500138213
Russia,Soviet Union,BMP-1(P),damaged,https://i.postimg.cc/tCBNRW5Y/1070-BMP-1-P-dam-aband-17-03-24.jpg,2024-04-08,5500,13822,3,7-5500138223
Russia,Soviet Union,BMP-1(P),damaged,https://i.postimg.cc/hGJffNjZ/1017-BMP-1-P-dam-aband-20-03-24.jpg,2024-04-08,5500,13823,3,7-5500138233
Russia,Soviet Union,BMP-1(P),damaged,https://i.postimg.cc/LsZ8HfCr/1020-BMP-1-P-dam-aband-20-03-24.jpg,2024-04-08,5500,13824,3,7-5500138243
Russia,Soviet Union,BMP-1(P),damaged,https://i.postimg.cc/9039p4dv/1002-bmp1-dam-aband-24-03-24.jpg,2024-04-08,5500,13826,3,7-5500138263
Russia,Soviet Union,BMP-1(P),damaged,https://i.postimg.cc/zf508LcM/1009-BMP-1-P-dam-aband-30-03-24.jpg,2024-04-08,5500,13827,3,7-5500138273
Russia,Soviet Union,BMP-1(P),damaged,https://i.postimg.cc/pr7sHqwY/1015-BMP-1-P-dam-aband-27-03-24.jpg,2024-04-08,5500,13828,3,7-5500138283
Russia,Soviet Union,BMP-1(P),damaged,https://i.postimg.cc/bv5gp3Dv/1070-BMP-1-P-dam-capt-12-02-23.jpg,2024-04-08,5500,13829,3,7-5500138293
Russia,Soviet Union,BMP-1(P),damaged,https://i.postimg.cc/k4BkL9Tr/1056-bmp1-dam-aband-09-04-24.jpg,2024-04-14,5500,13845,3,7-5500138453
Russia,Soviet Union,BMP-1(P),damaged,https://i.postimg.cc/Y9ZJHVPv/1068-BMP-1-P-dam-aband-10-04-24.jpg,2024-04-14,5500,13846,3,7-5500138463
Russia,Soviet Union,BMP-1(P),damaged,https://i.postimg.cc/ZKJR2cV9/1042-bmp1-dam-aband-09-01-24.jpg,2024-04-21,5500,13858,3,7-5500138583
Russia,Soviet Union,BMP-1(P),damaged,https://i.postimg.cc/mgrbQvvL/1019-bmp1-dam-aband-21-04-24.jpg,2024-04-24,5500,13867,3,7-5500138673
Russia,Soviet Union,BMP-1(P),damaged,https://i.postimg.cc/J7X8f1Y5/1084-bmp1-dam-aband-06-04-24.jpg,2024-05-09,5500,13882,3,7-5500138823
Russia,Soviet Union,BMP-1(P),damaged,https://i.postimg.cc/3N2HmB0c/1085-bmp1-dam-aband-06-04-24.jpg,2024-05-09,5500,13883,3,7-5500138833
Russia,Soviet Union,BMP-1(P),damaged,https://i.postimg.cc/6pWN4CWM/1090-bmp1-dam-aband-24-03-24.jpg,2024-05-09,5500,13884,3,7-5500138843
Russia,Soviet Union,BMP-1(P),damaged,https://i.postimg.cc/s2kcrp7x/1033-bmp1-dam-aband-09-08-22.jpg,2024-05-15,5500,13890,3,7-5500138903
Russia,Soviet Union,BMP-1(P),damaged,https://i.postimg.cc/CxVvf0vT/1026-bmp1-dam-aband-17-05-24.jpg,2024-05-24,5500,13894,3,7-5500138943
Russia,Soviet Union,BMP-1(P),damaged,https://i.postimg.cc/Z5bjx4hv/1055-bmp1-dam-aband-09-06-24.jpg,2024-06-11,5500,13909,3,7-5500139093
Russia,Soviet Union,BMP-1(P),damaged,https://i.postimg.cc/jj8RGD8T/1007-bmp1-dam-aband-24-06-24.jpg,2024-06-30,5500,13918,3,7-5500139183
Russia,Soviet Union,BMP-1(P),damaged,https://i.postimg.cc/rst82C4K/1005-bmp1-dam-aband-08-07-24.jpg,2024-07-15,5500,13929,3,7-5500139293
Russia,Soviet Union,BMP-1(P),damaged,https://i.postimg.cc/MZcRpCbj/1006-bmp1-dam-aband-08-07-24.jpg,2024-07-15,5500,13930,3,7-5500139303
Russia,Soviet Union,BMP-1(P),damaged,https://i.postimg.cc/Z5JFZqtt/1008-bmp1-dam-aband-23-09-24.jpg,2024-09-25,5500,13971,3,7-5500139713
Russia,Soviet Union,BMP-1(P),damaged,https://i.postimg.cc/SsXHNw9q/1018-BMP-1-P-dam-aband-09-10-24.jpg,2024-10-22,5500,13988,3,7-5500139883
Russia,Soviet Union,BMP-1(P),damaged,https://i.postimg.cc/HkCjT4Pp/1001-BMP-1-P-dam-aband-02-11-24.jpg,2024-11-11,5500,13998,3,7-5500139983
Russia,Soviet Union,BMP-1(P),damaged,https://i.postimg.cc/brqjWDYZ/1015-BMP-1-P-dam-aband-21-12-24.jpg,2024-12-26,5500,14020,3,7-5500140203
Russia,Soviet Union,BMP-1(P),damaged,https://i.postimg.cc/Wb3Y0WNg/1036-BMP-1-P-dam-aband-07-01-25.jpg,2025-01-10,5500,14029,3,7-5500140293
Russia,Soviet Union,BMP-1(P),damaged,https://i.postimg.cc/YStNMH9V/1001-BMP-1-P-dam-aband-08-01-25.jpg,2025-01-13,5500,14030,3,7-5500140303
Russia,Soviet Union,BMP-1(P),damaged,https://i.postimg.cc/3RX9YQz1/1061-BMP-1-P-dam-aband-31-03-25.jpg,2025-04-07,5500,14058,3,7-5500140583
Russia,Soviet Union,BMP-1(P),damaged,https://i.postimg.cc/Hsg1m493/1004-BMP-1-P-dam-aband-21-12-24.jpg,2025-06-01,5500,14095,3,7-5500140953
Russia,Russia,BMP-1AM,damaged,https://i.postimg.cc/0Nbx8HDv/dc.jpg,2022-05-08,5501,14103,3,7-5501141033
Russia,Russia,BMP-1AM,damaged,https://i.postimg.cc/HLqkkqg0/1003-bmp1am.jpg,2022-08-08,5501,14117,3,7-5501141173
Russia,Russia,BMP-1AM,damaged,https://twitter.com/UAWeapons/status/1558386570432073728,2022-08-14,5501,14119,3,7-5501141193
Russia,Russia,BMP-1AM,damaged,https://i.postimg.cc/RZnJ6Wy7/1003-bmp1am.jpg,2022-08-15,5501,14121,3,7-5501141213
Russia,Russia,BMP-1AM,damaged,https://twitter.com/UAWeapons/status/1592896768194535424,2022-11-18,5501,14125,3,7-5501141253
Russia,Russia,BMP-1AM,damaged,https://i.postimg.cc/qvkx4tbF/11-14-2022-BMP-1-AM-damaged.png,2022-11-28,5501,14128,3,7-5501141283
Russia,Russia,BMP-1AM,damaged,https://i.postimg.cc/xTp3WtGk/1029-bmp1am-dam-20-01-23.jpg,2023-01-22,5501,14130,3,7-5501141303
Russia,Russia,BMP-1AM,damaged,https://twitter.com/UAWeapons/status/1628467332648411137,2023-02-23,5501,14131,3,7-5501141313
Russia,Russia,BMP-1AM,damaged,https://i.postimg.cc/XvQ0b93c/1002-bmp1am-dam-17-08-23.jpg,2023-08-24,5501,14140,3,7-5501141403
Russia,Russia,BMP-1AM,damaged,https://i.postimg.cc/2SNYFz2v/1023-BMP-1-P-dam-aband-15-08-23.jpg,2023-08-24,5501,14141,3,7-5501141413
Russia,Russia,BMP-1AM,damaged,https://i.postimg.cc/3rnkfHx6/548.png,2023-09-14,5501,14144,3,7-5501141443
Russia,Russia,BMP-1AM,damaged,https://i.postimg.cc/wx5Vnw3G/1052-bmp1am-dam-aband-12-10-23.jpg,2023-12-13,5501,14151,3,7-5501141513
Russia,Russia,BMP-1AM,damaged,https://i.postimg.cc/q7QZ3FSR/1030-BMP-1-AM-dam-29-01-24.jpg,2024-02-09,5501,14154,3,7-5501141543
Russia,Russia,BMP-1AM,damaged,https://i.postimg.cc/mg5gCBMn/1029-bmp1am-dam-aband-05-03-24.jpg,2024-04-08,5501,14161,3,7-5501141613
Russia,Soviet Union,BMP-2,damaged,https://i.postimg.cc/vBy9TRg0/77699.png,2022-03-19,5504,14214,3,7-5504142143
Russia,Soviet Union,BMP-2,damaged,https://i.postimg.cc/XYyYKfsy/Screenshot-8236.png,2022-03-19,5504,14215,3,7-5504142153
Russia,Soviet Union,BMP-2,damaged,https://i.postimg.cc/2jX5hmCS/u1.jpg,2022-03-19,5504,14216,3,7-5504142163
Russia,Soviet Union,BMP-2,damaged,https://i.postimg.cc/RhxT6Pz9/663.png,2022-03-19,5504,14226,3,7-5504142263
Russia,Soviet Union,BMP-2,damaged,https://i.postimg.cc/rF84w7J1/fsl.png,2022-03-19,5504,14227,3,7-5504142273
Russia,Soviet Union,BMP-2,damaged,https://i.postimg.cc/y80rBVY6/469.png,2022-03-26,5504,14265,3,7-5504142653
Russia,Soviet Union,BMP-2,damaged,https://i.postimg.cc/4nCw32NC/43133.png,2022-03-26,5504,14266,3,7-5504142663
Russia,Soviet Union,BMP-2,damaged,https://i.postimg.cc/MpqBBJ4S/bmp22222222222222.jpg,2022-03-31,5504,14296,3,7-5504142963
Russia,Soviet Union,BMP-2,damaged,https://i.postimg.cc/3x5FhZtV/bmmp2.jpg,2022-04-13,5504,14363,3,7-5504143633
Russia,Soviet Union,BMP-2,damaged,https://postlmg.cc/XXqxFmgP,2022-05-01,5504,14393,3,7-5504143933
Russia,Soviet Union,BMP-2,damaged,https://i.postimg.cc/NLqKRCD1/g54.jpg,2022-05-06,5504,14408,3,7-5504144083
Russia,Soviet Union,BMP-2,damaged,https://twitter.com/UAWeapons/status/1527761851441881089,2022-05-23,5504,14438,3,7-5504144383
Russia,Russia,BMP-2 675-sb3KDZ,damaged,https://i.postimg.cc/05pQKcnw/1031-BMP-2-675-sb3-KDZ-dam-capt.jpg,2022-11-14,5505,14447,3,7-5505144473
Russia,Russia,BMP-2 675-sb3KDZ,damaged,https://i.postimg.cc/C1NZgPmR/4453.png,2023-09-12,5505,14451,3,7-5505144513
Russia,Russia,BMP-2 675-sb3KDZ,damaged,https://i.postimg.cc/prQqWJfy/1014-BMP-2-675-sb3-KDZ-dam-18-11-23.jpg,2023-11-20,5505,14457,3,7-5505144573
Russia,Russia,BMP-2 675-sb3KDZ,damaged,https://twitter.com/Danspiun/status/1732390628149907536,2023-12-08,5505,14459,3,7-5505144593
Russia,Russia,BMP-2 675-sb3KDZ,damaged,https://twitter.com/NOELreports/status/1740382512319255035,2024-01-09,5505,14463,3,7-5505144633
Russia,Russia,BMP-2 675-sb3KDZ,damaged,https://i.postimg.cc/bvy9cHZr/1007-BMP-2-675-SB3-KDZ-dam-aband-21-12-23.jpg,2024-01-30,5505,14470,3,7-5505144703
Russia,Russia,BMP-2 675-sb3KDZ,damaged,https://i.postimg.cc/MZf7qcFP/1013-BMP-2-675-SB3-KDZ-dam-aband-27-12-23.jpg,2024-02-09,5505,14473,3,7-5505144733
Russia,Russia,BMP-2 675-sb3KDZ,damaged,https://i.postimg.cc/TY8rwd8R/1017-BMP-2-675-SB3-KDZ-dam-aband-27-12-23.jpg,2024-02-09,5505,14474,3,7-5505144743
Russia,Russia,BMP-2 675-sb3KDZ,damaged,https://i.postimg.cc/bv05S8Pf/1024-BMP-2-675-SB3-KDZ-dam-aband-17-02-24.jpg,2024-02-18,5505,14477,3,7-5505144773
Russia,Russia,BMP-2 675-sb3KDZ,damaged,https://i.postimg.cc/SNHL5tSr/1055-BMP-2-675-sb3-KDZ-dam-aband-09-03-24.jpg,2024-04-08,5505,14511,3,7-5505145113
Russia,Russia,BMP-2 675-sb3KDZ,damaged,https://i.postimg.cc/x1WJb2gL/1039-BMP-2-675-SB3-KDZ-dam-aband-09-03-24.jpg,2024-04-08,5505,14512,3,7-5505145123
Russia,Russia,BMP-2 675-sb3KDZ,damaged,https://i.postimg.cc/kGMCttsM/1036-BMP-2-675-SB3-KDZ-dam-aband-25-02-24.jpg,2024-04-08,5505,14513,3,7-5505145133
Russia,Russia,BMP-2 675-sb3KDZ,damaged,https://i.postimg.cc/gkST7FyF/1003-BMP-2-675-SB3-KDZ-dam-aband-21-03-24.jpg,2024-04-08,5505,14514,3,7-5505145143
Russia,Russia,BMP-2 675-sb3KDZ,damaged,https://i.postimg.cc/cLLmghSN/1020-BMP-2-675-SB3-KDZ-dam-aband-28-03-24.jpg,2024-04-08,5505,14515,3,7-5505145153
Russia,Russia,BMP-2 675-sb3KDZ,damaged,https://i.postimg.cc/gjMZQ0zZ/1024-BMP-2-SB3-KDZ-dam-aband-21-01-24.jpg,2024-04-11,5505,14527,3,7-5505145273
Russia,Russia,BMP-2 675-sb3KDZ,damaged,https://i.postimg.cc/5t9sByJ4/1113-BMP-2-SB3-KDZ-dam-aband-13-04-24.jpg,2024-04-26,5505,14532,3,7-5505145323
Russia,Russia,BMP-2 675-sb3KDZ,damaged,https://i.postimg.cc/mgxJXKwX/1031-BMP-2-SB3-KDZ-dam-aband-24-04-24.jpg,2024-04-27,5505,14533,3,7-5505145333
Russia,Russia,BMP-2 675-sb3KDZ,damaged,https://i.postimg.cc/MpvBN31J/1056-BMP-2-675-sb3-KDZ-dam-aband-29-04-24.jpg,2024-05-02,5505,14536,3,7-5505145363
Russia,Russia,BMP-2 675-sb3KDZ,damaged,https://i.postimg.cc/c4YKQHk7/1044-BMP-2-675-sb3-KDZ-dam-aband-04-06-24.jpg,2024-06-06,5505,14551,3,7-5505145513
Russia,Russia,BMP-2 675-sb3KDZ,damaged,https://i.postimg.cc/Jnz5jqVw/1017-BMP-2-675-sb3-KDZ-dam-aband-07-06-24.jpg,2024-06-11,5505,14553,3,7-5505145533
Russia,Russia,BMP-2 675-sb3KDZ,damaged,https://i.postimg.cc/VvzCR4qt/1012-BMP-2-675-sb3-KDZ-dam-aband-15-05-24.jpg,2024-07-03,5505,14571,3,7-5505145713
Russia,Russia,BMP-2 675-sb3KDZ,damaged,https://i.postimg.cc/T2KR65tL/1002-BMP-2-675-sb3-KDZ-dam-aband-04-06-24.jpg,2024-07-06,5505,14572,3,7-5505145723
Russia,Russia,BMP-2 675-sb3KDZ,damaged,https://i.postimg.cc/vTJHQrYC/1057-BMP-2-675-sb3-KDZ-dam-aband-05-07-24.jpg,2024-07-09,5505,14573,3,7-5505145733
Russia,Russia,BMP-2 675-sb3KDZ,damaged,https://i.postimg.cc/sgHWG74g/1034-BMP-2-675-sb3-KDZ-dam-aband-18-07-24.jpg,2024-07-21,5505,14585,3,7-5505145853
Russia,Russia,BMP-2 675-sb3KDZ,damaged,https://i.postimg.cc/3JLG9s3H/1020-BMP-2-675-sb3-KDZ-dam-aband-28-07-24.jpg,2024-08-03,5505,14596,3,7-5505145963
Russia,Russia,BMP-2 675-sb3KDZ,damaged,https://i.postimg.cc/tg9x5QTF/1075-BMP-2-675-sb3-KDZ-dam-aband-30-07-24.jpg,2024-08-16,5505,14611,3,7-5505146113
Russia,Russia,BMP-2 675-sb3KDZ,damaged,https://i.postimg.cc/pVhV7dVV/1026-BMP-2-675-sb3-KDZ-dam-aband-31-08-24.jpg,2024-09-03,5505,14618,3,7-5505146183
Russia,Russia,BMP-2 675-sb3KDZ,damaged,https://i.postimg.cc/FzpBjMMM/1004-BMP-2-675-sb3-KDZ-dam-aband-20-09-24.jpg,2024-09-21,5505,14633,3,7-5505146333
Russia,Russia,BMP-2 675-sb3KDZ,damaged,https://i.postimg.cc/8crMXsPt/1033-BMP-2-675-sb3-KDZ-dam-aband-26-09-24.jpg,2024-09-29,5505,14650,3,7-5505146503
Russia,Russia,BMP-2 675-sb3KDZ,damaged,https://i.postimg.cc/QtzcqcsF/1048-BMP-2-675-sb3-KDZ-dam-aband-27-09-24.jpg,2024-09-29,5505,14651,3,7-5505146513
Russia,Russia,BMP-2 675-sb3KDZ,damaged,https://i.postimg.cc/kgXYfBcD/1268-BMP-2-675-sb3-KDZ-dam-aband-20-10-24.jpg,2024-10-22,5505,14664,3,7-5505146643
Russia,Russia,BMP-2 675-sb3KDZ,damaged,https://i.postimg.cc/j2ty5ymh/1320-BMP-2-675-sb3-KDZ-dam-aband-20-10-24.jpg,2024-10-23,5505,14665,3,7-5505146653
Russia,Russia,BMP-2 675-sb3KDZ,damaged,https://i.postimg.cc/3rbkFLhv/1332-BMP-2-675-sb3-KDZ-dam-aband-20-10-24.jpg,2024-10-24,5505,14666,3,7-5505146663
Russia,Russia,BMP-2 675-sb3KDZ,damaged,https://i.postimg.cc/02zcYf2p/1043-BMP-2-675-sb3-KDZ-dam-aband-29-10-24.jpg,2024-11-14,5505,14690,3,7-5505146903
Russia,Russia,BMP-2 675-sb3KDZ,damaged,https://i.postimg.cc/SsBtkChW/1055-BMP-2-675-sb3-KDZ-dam-aband-25-11-24.jpg,2024-11-27,5505,14702,3,7-5505147023
Russia,Russia,BMP-2 675-sb3KDZ,damaged,https://i.postimg.cc/255twCGB/1049-BMP-2-675-sb3-KDZ-dam-aband-26-11-24.jpg,2024-11-27,5505,14703,3,7-5505147033
Russia,Russia,BMP-2 675-sb3KDZ,damaged,https://i.postimg.cc/bwpWZx2g/1048-BMP-2-675-sb3-KDZ-dam-aband-26-11-24.jpg,2024-11-27,5505,14704,3,7-5505147043
Russia,Russia,BMP-2 675-sb3KDZ,damaged,https://i.postimg.cc/rwKQHKvP/1051-BMP-2-675-sb3-KDZ-dam-aband-04-12-24.jpg,2024-12-23,5505,14722,3,7-5505147223
Russia,Russia,BMP-2 675-sb3KDZ,damaged,https://i.postimg.cc/zftpmcvR/1015-BMP-2-675-sb3-KDZ-dam-aband-26-12-24.jpg,2024-12-29,5505,14730,3,7-5505147303
Russia,Russia,BMP-2 675-sb3KDZ,damaged,https://i.postimg.cc/4yVxp7Tn/1037-BMP-2-675-sb3-KDZ-dam-aband-31-12-24.jpg,2025-01-19,5505,14745,3,7-5505147453
Russia,Russia,BMP-2 675-sb3KDZ,damaged,https://i.postimg.cc/wMBRdTNQ/1002-BMP-2-675-sb3-KDZ-dam-aband-27-03-25.jpg,2025-04-02,5505,14805,3,7-5505148053
Russia,Russia,BMP-2 675-sb3KDZ,damaged,https://i.postimg.cc/V6fB3th3/1028-BMP-2-675-sb3-KDZ-dam-aband-12-04-25.jpg,2025-04-17,5505,14837,3,7-5505148373
Russia,Russia,BMP-2 675-sb3KDZ,damaged,https://i.postimg.cc/SNT33xcV/1051-BMP-2-675-sb3-KDZ-dam-aband-18-02-25.jpg,2025-04-20,5505,14840,3,7-5505148403
Russia,Russia,BMP-2 675-sb3KDZ,damaged,https://i.postimg.cc/HxGRrTWM/1018-BMP-2-675-sb3-KDZ-dam-16-04-25.jpg,2025-05-12,5505,14863,3,7-5505148633
Russia,Russia,BMP-2 675-sb3KDZ,damaged,https://i.postimg.cc/c41jg9WF/1028-BMP-2-675-sb3-KDZ-dam-aband-16-04-25.jpg,2025-05-12,5505,14864,3,7-5505148643
Russia,Russia,BMP-2 675-sb3KDZ,damaged,https://i.postimg.cc/gcQgTGdw/1010-BMP-2-675-sb3-KDZ-dam-aband-04-07-25.jpg,2025-07-17,5505,14887,3,7-5505148873
Russia,Soviet Union,BMP-2(K),damaged,https://twitter.com/UAWeapons/status/1536726507061751808,2022-06-30,5506,14919,3,7-5506149193
Russia,Soviet Union,BMP-2(K),damaged,https://twitter.com/UAWeapons/status/1542986188100886529,2022-07-02,5506,6665,3,7-550666653
Russia,Soviet Union,BMP-2(K),damaged,https://i.postimg.cc/q7PzsbP6/1012.jpg,2022-07-03,5506,14923,3,7-5506149233
Russia,Soviet Union,BMP-2(K),damaged,https://twitter.com/UAWeapons/status/1543979310171684864,2022-07-05,5506,14925,3,7-5506149253
Russia,Soviet Union,BMP-2(K),damaged,https://i.postimg.cc/G38ZY9w0/1003-bmp2-damaged-abandoned.jpg,2022-08-04,5506,14952,3,7-5506149523
Russia,Soviet Union,BMP-2(K),damaged,https://twitter.com/UAWeapons/status/1560014804869414916,2022-08-18,5506,14968,3,7-5506149683
Russia,Soviet Union,BMP-2(K),damaged,https://i.postimg.cc/G2kXxmxm/1017-bmp2.jpg,2022-08-18,5506,14969,3,7-5506149693
Russia,Soviet Union,BMP-2(K),damaged,https://i.postimg.cc/858BR3qV/1170-bmp2.jpg,2022-08-23,5506,15005,3,7-5506150053
Russia,Soviet Union,BMP-2(K),damaged,https://twitter.com/Danspiun/status/1565338559099600896,2022-09-02,5506,15014,3,7-5506150143
Russia,Soviet Union,BMP-2(K),damaged,https://twitter.com/UAWeapons/status/1566915724031008769,2022-09-05,5506,15023,3,7-5506150233
Russia,Soviet Union,BMP-2(K),damaged,https://twitter.com/UAWeapons/status/1567956407768547328,2022-09-09,5506,78,3,7-5506783
Russia,Soviet Union,BMP-2(K),damaged,https://i.postimg.cc/GmKgzL7N/1020-bmp1-2.jpg,2022-09-09,5506,2369,3,7-550623693
Russia,Soviet Union,BMP-2(K),damaged,https://i.postimg.cc/W3RXhzqz/1008-bmp2.jpg,2022-09-10,5506,15040,3,7-5506150403
Russia,Soviet Union,BMP-2(K),damaged,https://i.postimg.cc/8cST7mhc/1003-bmp2-2x.jpg,2022-09-16,5506,15075,3,7-5506150753
Russia,Soviet Union,BMP-2(K),damaged,https://i.postimg.cc/90PmvbJk/1007-bmp2.jpg,2022-09-17,5506,15077,3,7-5506150773
Russia,Soviet Union,BMP-2(K),damaged,https://twitter.com/UAWeapons/status/1571499575663370241,2022-09-19,5506,15084,3,7-5506150843
Russia,Soviet Union,BMP-2(K),damaged,https://twitter.com/Blue_Sauron/status/1572514821471608832,2022-09-22,5506,15087,3,7-5506150873
Russia,Russia,BMP-2M Berezhok,damaged,https://i.postimg.cc/DZCRZH73/1013-bmp2m-dam-30-10-23.jpg,2023-11-02,5509,15127,3,7-5509151273
Russia,Russia,BMP-2M Berezhok,damaged,https://i.postimg.cc/L8Pz5wyS/1005-bmp2m-dam-aband-14-12-23.jpg,2024-01-09,5509,15130,3,7-5509151303
Russia,Russia,BMP-2M Berezhok,damaged,https://i.postimg.cc/j58yHrJc/1001-bmp2m-dam-aband-17-03-24.jpg,2024-04-08,5509,15135,3,7-5509151353
Russia,Russia,BMP-2M Berezhok,damaged,https://i.postimg.cc/kg9W7GGf/1100-bmp2m-dam-aband-28-12-23.jpg,2024-07-15,5509,15140,3,7-5509151403
Russia,Russia,BMP-3,damaged,https://i.postimg.cc/HxnCghHt/446.jpg,2022-03-19,5510,15168,3,7-5510151683
Russia,Russia,BMP-3,damaged,https://i.postimg.cc/WpmBhMvM/4d.png,2022-04-11,5510,15215,3,7-5510152153
Russia,Russia,BMP-3,damaged,https://i.postimg.cc/6qQy4ByR/588.png,2022-04-11,5510,15216,3,7-5510152163
Russia,Russia,BMP-3,damaged,https://i.postimg.cc/BQHt6Xc9/439.jpg,2022-05-05,5510,15238,3,7-5510152383
Russia,Russia,BMP-3,damaged,https://twitter.com/UAWeapons/status/1522706604977762313,2022-05-10,5510,12988,3,7-5510129883
Russia,Russia,BMP-3,damaged,https://twitter.com/UAWeapons/status/1531274223427125248,2022-05-31,5510,15255,3,7-5510152553
Russia,Russia,BMP-3,damaged,https://twitter.com/UAWeapons/status/1533100107402563589,2022-06-05,5510,15258,3,7-5510152583
Russia,Russia,BMP-3,damaged,https://i.postimg.cc/fy3wzKJk/1005-bmp3.jpg,2022-08-30,5510,15299,3,7-5510152993
Russia,Russia,BMP-3,damaged,https://twitter.com/UAWeapons/status/1567823899785658368,2022-09-09,5510,7900,3,7-551079003
Russia,Russia,BMP-3,damaged,https://i.postimg.cc/q7z1vV8B/1024-bmp3-dmg.jpg,2022-10-01,5510,15320,3,7-5510153203
Russia,Russia,BMP-3,damaged,https://i.postimg.cc/KYrmDcyM/1036-bmp3-dam.jpg,2022-10-12,5510,15329,3,7-5510153293
Russia,Russia,BMP-3,damaged,https://twitter.com/UAWeapons/status/1581947467175964672,2022-10-18,5510,3537,3,7-551035373
Russia,Russia,BMP-3,damaged,https://i.postimg.cc/sgbnxw8h/1011-bmp3-dam-7-11.jpg,2022-11-08,5510,15355,3,7-5510153553
Russia,Russia,BMP-3,damaged,https://i.postimg.cc/nzJ0YMnV/1012-bmp3-dam-7-11.jpg,2022-11-08,5510,15356,3,7-5510153563
Russia,Russia,BMP-3,damaged,https://i.postimg.cc/k502thvh/1000-bmp3-dam-capt.jpg,2022-11-19,5510,15366,3,7-5510153663
Russia,Russia,BMP-3,damaged,https://i.postimg.cc/76Sf1MBP/1002-bmp3-dam-capt.jpg,2022-11-19,5510,15367,3,7-5510153673
Russia,Russia,BMP-3,damaged,https://i.postimg.cc/Tw5r9XNr/1012-bmp3-dam.jpg,2022-12-06,5510,15374,3,7-5510153743
Russia,Russia,BMP-3,damaged,https://i.postimg.cc/QM9zTHYN/1024-bmp3-and-btr82a-dam-aband.jpg,2022-12-11,5510,7679,3,7-551076793
Russia,Russia,BMP-3,damaged,https://i.postimg.cc/c1p81YYf/1005-bmp3-dam-14-01-23.jpg,2023-01-16,5510,15384,3,7-5510153843
Russia,Russia,BMP-3,damaged,https://i.postimg.cc/NMWX9DZ8/1001-bmp3-dam-aband-21-01-23.jpg,2023-01-24,5510,15387,3,7-5510153873
Russia,Russia,BMP-3,damaged,https://twitter.com/UAWeapons/status/1618686362693279744,2023-01-30,5510,4830,3,7-551048303
Russia,Russia,BMP-3,damaged,https://i.postimg.cc/PxbvdbsN/1019-bmp3-dam-aband-24-01-23.jpg,2023-01-30,5510,15390,3,7-5510153903
Russia,Russia,BMP-3,damaged,https://i.postimg.cc/P5jGs2FZ/1043-bmp3-dam-capt-29-01-23.jpg,2023-01-30,5510,15391,3,7-5510153913
Russia,Russia,BMP-3,damaged,https://twitter.com/UAWeapons/status/1623428747310366721,2023-02-12,5510,15398,3,7-5510153983
Russia,Russia,BMP-3,damaged,https://i.postimg.cc/JzRKzTQN/1013-bmp3-dam-aband-05-02-23.jpg,2023-02-12,5510,15399,3,7-5510153993
Russia,Russia,BMP-3,damaged,https://i.postimg.cc/KvfBJmnT/1037-bmp3-dam-aband-05-02-23.jpg,2023-02-12,5510,15400,3,7-5510154003
Russia,Russia,BMP-3,damaged,https://i.postimg.cc/NF7mhcSW/1038-bmp3-dad-aband-06-02-23.jpg,2023-02-12,5510,15401,3,7-5510154013
Russia,Russia,BMP-3,damaged,https://i.postimg.cc/zvW2tVvv/1000-2x-T-72b3-1x-t72-2x-bmp3-2x-btr82-dan-aband-1x-bmp3-destr-24-01-23.jpg,2023-02-15,5510,6265,3,7-551062653
Russia,Russia,BMP-3,damaged,https://i.postimg.cc/sgM7gJPw/1001-bmp3-and-t-80bv-dam-aband-06-02-23.jpg,2023-02-23,5510,5458,3,7-551054583
Russia,Russia,BMP-3,damaged,https://i.postimg.cc/vmXsPW9n/1028-bmp3-dam-aband-02-03-23.jpg,2023-03-04,5510,15412,3,7-5510154123
Russia,Russia,BMP-3,damaged,https://i.postimg.cc/s2LYGpck/1018-bmp3-dam-09-03-23.jpg,2023-03-11,5510,15414,3,7-5510154143
Russia,Russia,BMP-3,damaged,https://i.postimg.cc/QCTHH3jq/66580.jpg,2023-03-29,5510,15422,3,7-5510154223
Russia,Russia,BMP-3,damaged,https://i.postimg.cc/tJZLHSKc/1012-bmp3-dam-24-03-23.jpg,2023-03-30,5510,15423,3,7-5510154233
Russia,Russia,BMP-3,damaged,https://i.postimg.cc/tCbqt238/1023-bmp3-dam-27-04-23.jpg,2023-05-06,5510,15434,3,7-5510154343
Russia,Russia,BMP-3,damaged,https://i.postimg.cc/1RFzrJ4M/1067-bmp3-dam-14-05-23.jpg,2023-05-17,5510,15435,3,7-5510154353
Russia,Russia,BMP-3,damaged,https://i.postimg.cc/dt4tThZz/1054-bmp3-dam-22-05-23.jpg,2023-05-23,5510,15439,3,7-5510154393
Russia,Russia,BMP-3,damaged,https://i.postimg.cc/gJcgvjgR/1032-bmp3-dam-20-06-23.jpg,2023-06-23,5510,15445,3,7-5510154453
Russia,Russia,BMP-3,damaged,https://i.postimg.cc/d31Ls7Xb/1007-bmp3-dam-29-06-23.jpg,2023-07-01,5510,15447,3,7-5510154473
Russia,Russia,BMP-3,damaged,https://i.postimg.cc/9FdjL0ny/1044-bmd-3-dam-02-08-23.jpg,2023-08-04,5510,15461,3,7-5510154613
Russia,Russia,BMP-3,damaged,https://i.postimg.cc/YC6dqCSH/1011-bmp3-dam-aband-03-08-23.jpg,2023-08-06,5510,15462,3,7-5510154623
Russia,Russia,BMP-3,damaged,https://i.postimg.cc/Kcs8DJ6Q/1035-bmp3-dam-aband-10-08-23.jpg,2023-08-12,5510,15465,3,7-5510154653
Russia,Russia,BMP-3,damaged,https://i.postimg.cc/xC55Jjf7/1045-bmp3-dam-aband-17-08-23.jpg,2023-08-21,5510,15470,3,7-5510154703
Russia,Russia,BMP-3,damaged,https://i.postimg.cc/y8jfPYmB/3870.png,2023-09-07,5510,15475,3,7-5510154753
Russia,Russia,BMP-3,damaged,https://i.postimg.cc/gJ32txyc/1041-BMP-3-dam-aband-06-11-23.jpg,2023-11-10,5510,15498,3,7-5510154983
Russia,Russia,BMP-3,damaged,https://twitter.com/Danspiun/status/1732470404894060709,2023-12-07,5510,13658,3,7-5510136583
Russia,Russia,BMP-3,damaged,https://twitter.com/Danspiun/status/1732745197669228736,2023-12-08,5510,15507,3,7-5510155073
Russia,Russia,BMP-3,damaged,https://i.postimg.cc/d1fPQpvM/1061-1x-bmp3-2x-bmp2-dam-aband-14-12-23.jpg,2023-12-17,5510,834,3,7-55108343
Russia,Russia,BMP-3,damaged,https://i.postimg.cc/NFWv1C8Y/1010-2x-bmp3-1x-destr-1x-dam-aband-08-01-23.jpg,2024-01-10,5510,15521,3,7-5510155213
Russia,Russia,BMP-3,damaged,https://i.postimg.cc/J4CTYt9z/1043-bmp3-dam-aband-11-01-24.jpg,2024-01-19,5510,15523,3,7-5510155233
Russia,Russia,BMP-3,damaged,https://i.postimg.cc/gcVXfnn3/1043-bmp3-dam-aband-17-01-24.jpg,2024-01-21,5510,15526,3,7-5510155263
Russia,Russia,BMP-3,damaged,https://i.postimg.cc/J4Kyzv3n/1047-bmp3-dam-aband-04-01-24.jpg,2024-01-21,5510,15527,3,7-5510155273
Russia,Russia,BMP-3,damaged,https://i.postimg.cc/gJwRmMmz/1032-2x-bmp3-dam-aband-25-01-24.jpg,2024-01-30,5510,15531,3,7-5510155313
Russia,Russia,BMP-3,damaged,https://twitter.com/Danspiun/status/1758263611724550626,2024-02-18,5510,15535,3,7-5510155353
Russia,Russia,BMP-3,damaged,https://i.postimg.cc/DfbhZFMJ/1043-bmp3-dam-aband-17-02-24.jpg,2024-02-21,5510,15539,3,7-5510155393
Russia,Russia,BMP-3,damaged,https://i.postimg.cc/Y0zfGgZc/1047-BMP-3-dam-aband-18-02-24.jpg,2024-02-23,5510,15541,3,7-5510155413
Russia,Russia,BMP-3,damaged,https://i.postimg.cc/CMD8WKGZ/1038-bmp3-dam-aband-27-02-24.jpg,2024-02-29,5510,15552,3,7-5510155523
Russia,Russia,BMP-3,damaged,https://i.postimg.cc/Wbd1myd8/1079-BMP-3-dam-aband-17-02-24.jpg,2024-04-08,5510,15571,3,7-5510155713
Russia,Russia,BMP-3,damaged,https://i.postimg.cc/3wTrTJnf/1078-BMP-3-dam-aband-17-02-24.jpg,2024-04-08,5510,15572,3,7-5510155723
Russia,Russia,BMP-3,damaged,https://i.postimg.cc/g0mDBJWm/1304-BMP-3-dam-aband-17-02-24.jpg,2024-04-08,5510,15573,3,7-5510155733
Russia,Russia,BMP-3,damaged,https://i.postimg.cc/9MpcYMk7/1010-BMP-3-dam-aband-02-04-24.jpg,2024-04-08,5510,15574,3,7-5510155743
Russia,Russia,BMP-3,damaged,https://i.postimg.cc/2SsjzgvV/1013-BMP-3-dam-aband-02-04-24.jpg,2024-04-08,5510,15575,3,7-5510155753
Russia,Russia,BMP-3,damaged,https://i.postimg.cc/pVJNd0mP/1028-BMP-3-dam-aband-06-04-24.jpg,2024-04-24,5510,15583,3,7-5510155833
Russia,Russia,BMP-3,damaged,https://i.postimg.cc/KjFdNTHX/1015-BMP-3-dam-aband-17-04-24.jpg,2024-04-24,5510,15584,3,7-5510155843
Russia,Russia,BMP-3,damaged,https://i.postimg.cc/W1MKQSY2/1027-BMP-3-dam-aband-17-04-24.jpg,2024-04-27,5510,15586,3,7-5510155863
Russia,Russia,BMP-3,damaged,https://i.postimg.cc/HLxGXG43/1034-bmp3-dam-aband-27-05-24.jpg,2024-05-31,5510,15596,3,7-5510155963
Russia,Russia,BMP-3,damaged,https://i.postimg.cc/mZ0hvML2/1049-BMP-3-dam-aband-14-06-24.jpg,2024-06-18,5510,15604,3,7-5510156043
Russia,Russia,BMP-3,damaged,https://i.postimg.cc/c1DRtS7T/1051-BMP-3-dam-aband-16-09-24.jpg,2024-09-20,5510,15638,3,7-5510156383
Russia,Russia,BMP-3,damaged,https://i.postimg.cc/HknkSS1D/1008-BMP-3-dam-aband-27-01-25.jpg,2025-02-02,5510,15703,3,7-5510157033
Russia,Russia,BMP-3,damaged,https://i.postimg.cc/nrQs5cny/1066-BMP-3-dam-aband-09-10-24.jpg,2025-04-17,5510,15720,3,7-5510157203
Russia,Russia,BMP-3 688A-sb6-2KP,damaged,https://i.postimg.cc/1zgtCRc7/1004-BMP-3-688-A-sb6-2-KP-dam-aband-09-05-24.jpg,2024-05-12,5511,15749,3,7-5511157493
Russia,Russia,BMP-3 688A-sb6-2KP,damaged,https://i.postimg.cc/FRZY5W6Y/1013-BMP-3-688-A-sb6-2-KP-dam-aband-14-05-24.jpg,2024-05-18,5511,15753,3,7-5511157533
Russia,Russia,BMP-3 688M sb. 3KDZ,damaged,https://i.postimg.cc/xjMSj5NC/1300-bmp3-dad-aband-06-02-23.jpg,2023-05-24,5512,15759,3,7-5512157593
Russia,Russia,BMP-3 688M sb. 3KDZ,damaged,https://i.postimg.cc/rpbqN2hC/1302-bmp3-uparmored-damaged-and-abandoned-24-01-23.jpg,2023-05-24,5512,15760,3,7-5512157603
Russia,Russia,BMP-3 688M sb. 3KDZ,damaged,https://twitter.com/UAWeapons/status/1667268315712987136,2023-06-11,5512,15761,3,7-5512157613
Russia,Russia,BMP-3 688M sb. 3KDZ,damaged,https://i.postimg.cc/T1PkzZc5/1055-bmp3-668-M-dam-21-06-23.jpg,2023-06-23,5512,15764,3,7-5512157643
Russia,Russia,BMP-3 688M sb. 3KDZ,damaged,https://i.postimg.cc/VvH7mD7G/1056-bmp3-668-M-dam-21-06-23.jpg,2023-06-23,5512,15765,3,7-5512157653
Russia,Russia,BMP-3 688M sb. 3KDZ,damaged,https://i.postimg.cc/YCKXHWMR/1014-bmp3m688-dam-aband-04-08-23.jpg,2023-08-06,5512,15768,3,7-5512157683
Russia,Russia,BMP-3 688M sb. 3KDZ,damaged,https://i.postimg.cc/qRprBHqz/1009-BMP-3-688-M-sb-3-KDZ-dam-aband-24-12-23.jpg,2024-01-09,5512,15771,3,7-5512157713
Russia,Russia,BMP-3 688M sb. 3KDZ,damaged,https://i.postimg.cc/k5Q9dgn0/1010-BMP-3-688-M-sb-3-KDZ-dam-aband-24-12-23.jpg,2024-01-09,5512,15772,3,7-5512157723
Russia,Russia,BMP-3 688M sb. 3KDZ,damaged,https://i.postimg.cc/XqdCyprt/1031-BMP-3-688-M-SB3-KDZ-dam-aband-21-01-24.jpg,2024-01-30,5512,15774,3,7-5512157743
Russia,Russia,BMP-3 688M sb. 3KDZ,damaged,https://i.postimg.cc/dVBSt1sp/1036-BMP-3-688-M-SB3-KDZ-dam-aband-29-01-24.jpg,2024-02-09,5512,15776,3,7-5512157763
Russia,Russia,BMP-3 688M sb. 3KDZ,damaged,https://i.postimg.cc/GhRymgQ5/1004-BMP-3-688-M-SB3-KDZ-dam-aband-16-02-24.jpg,2024-02-23,5512,15778,3,7-5512157783
Russia,Russia,BMP-3 688M sb. 3KDZ,damaged,https://i.postimg.cc/T15TmXz8/1036-BMP-3-688-M-SB3-KDZ-dam-aband-01-04-24.jpg,2024-04-08,5512,15805,3,7-5512158053
Russia,Russia,BMP-3 688M sb. 3KDZ,damaged,https://i.postimg.cc/BnrtbVMk/1027-BMP-3-SB3-KDZ-dam-aband-06-04-24.jpg,2024-04-11,5512,15808,3,7-5512158083
Russia,Russia,BMP-3 688M sb. 3KDZ,damaged,https://i.postimg.cc/YCZL5FvJ/1041-BMP-3-SB3-KDZ-dam-aband-17-04-24.jpg,2024-04-21,5512,15810,3,7-5512158103
Russia,Soviet Union,BREM-1 armoured recovery vehicle,damaged,https://i.postimg.cc/0jt9Gg8M/1035-brem1-dam-20-10-23.jpg,2023-10-22,5515,15847,3,7-5515158473
Russia,Soviet Union,BREM-1 armoured recovery vehicle,damaged,https://i.postimg.cc/rySZ9YNN/1020-brem1-dam-aband-30-01-24.jpg,2024-02-09,5515,15854,3,7-5515158543
Russia,Soviet Union,BREM-1 armoured recovery vehicle,damaged,https://i.postimg.cc/KzQfrC0R/1049-brem1-dam-aband-07-02-24.jpg,2024-02-09,5515,15855,3,7-5515158553
Russia,Soviet Union,BREM-1 armoured recovery vehicle,damaged,https://i.postimg.cc/pdQg6dxy/1036-brem1-dam-aband-15-02-24.jpg,2024-02-18,5515,15856,3,7-5515158563
Russia,Soviet Union,BREM-1 armoured recovery vehicle,damaged,https://i.postimg.cc/MGzyMwW9/1079-1x-aband-1x-dam-aband-BREM-1-18-03-24.jpg,2024-04-08,5515,15862,3,7-5515158623
Russia,Soviet Union,BREM-1 armoured recovery vehicle,damaged,https://i.postimg.cc/Y0C76NbD/1027-brem1-dam-aband-21-03-24.jpg,2024-04-08,5515,15863,3,7-5515158633
Russia,Soviet Union,BREM-1 armoured recovery vehicle,damaged,https://i.postimg.cc/xC43V1hJ/1005-brem1-dam-31-03-24.jpg,2024-05-18,5515,15871,3,7-5515158713
Russia,Soviet Union,BREM-1 armoured recovery vehicle,damaged,https://i.postimg.cc/2jKrpvvj/1066-BREM-1-armoured-recovery-vehicle-dam-aband-16-03-24.jpg,2024-06-11,5515,15876,3,7-5515158763
Russia,Soviet Union,BREM-1 armoured recovery vehicle,damaged,https://i.postimg.cc/7L4VCT9t/1059-BREM-1-armoured-recovery-vehicle-dam-aband-04-09-24.jpg,2024-09-09,5515,15883,3,7-5515158833
Russia,Soviet Union,BREM-1 armoured recovery vehicle,damaged,https://i.postimg.cc/x1sYGfHW/1061-BREM-1-armoured-recovery-vehicle-dam-aband-25-09-24.jpg,2024-11-27,5515,15892,3,7-5515158923
Russia,Soviet Union,BTR-80,damaged,https://i.postimg.cc/HsQGV9qw/nm.jpg,2022-03-19,5526,15975,3,7-5526159753
Russia,Soviet Union,BTR-80,damaged,https://i.postimg.cc/HWZKdnQ8/46p.png,2022-03-30,5526,16002,3,7-5526160023
Russia,Soviet Union,BTR-80,damaged,https://i.postimg.cc/rmL9smDd/4f5.jpg,2022-04-06,5526,16007,3,7-5526160073
Russia,Soviet Union,BTR-80,damaged,https://twitter.com/UAWeapons/status/1514213065268596737,2022-04-13,5526,16011,3,7-5526160113
Russia,Soviet Union,BTR-80,damaged,https://i.postimg.cc/HWbk4YLL/b1.jpg,2022-06-06,5526,16022,3,7-5526160223
Russia,Russia,BTR-82A,damaged,https://i.postimg.cc/RZQbNvvr/54.jpg,2022-03-19,5527,16068,3,7-5527160683
Russia,Russia,BTR-82A,damaged,https://i.postimg.cc/j5kxgNCW/g66.jpg,2022-03-19,5527,16069,3,7-5527160693
Russia,Russia,BTR-82A,damaged,https://i.postimg.cc/BbS69p4N/66588.png,2022-03-19,5527,16077,3,7-5527160773
Russia,Russia,BTR-82A,damaged,https://i.postimg.cc/TY0tRgBM/4766.png,2022-04-01,5527,16119,3,7-5527161193
Russia,Russia,BTR-82A,damaged,https://i.postimg.cc/4dcC0KqK/btr88222.jpg,2022-04-23,5527,16177,3,7-5527161773
Russia,Russia,BTR-82A,damaged,https://i.postimg.cc/Y0xCJmg2/44f.jpg,2022-04-23,5527,16178,3,7-5527161783
Russia,Russia,BTR-82A,damaged,https://twitter.com/UAWeapons/status/1516395004935213061,2022-04-23,5527,16179,3,7-5527161793
Russia,Russia,BTR-82A,damaged,https://i.postimg.cc/J4mqZVzj/btr8822.jpg,2022-04-25,5527,16186,3,7-5527161863
Russia,Russia,BTR-82A,damaged,https://twitter.com/UAWeapons/status/1524456618091589635,2022-05-14,5527,16213,3,7-5527162133
Russia,Russia,BTR-82A,damaged,https://twitter.com/UAWeapons/status/1525936384434913281,2022-05-24,5527,16217,3,7-5527162173
Russia,Russia,BTR-82A(M),damaged,https://twitter.com/UAWeapons/status/1558035528339128322,2022-08-13,5528,16245,3,7-5528162453
Russia,Soviet Union,BTR-D,damaged,https://i.postimg.cc/9QZR97zk/7799.png,2022-04-18,5529,16303,3,7-5529163033
Russia,Soviet Union,BTR-D,damaged,https://i.postimg.cc/L6V1m8C0/1040-BTR-D.jpg,2022-07-28,5529,16324,3,7-5529163243
Russia,Soviet Union,BTR-D,damaged,https://twitter.com/Danspiun/status/1730295914374275173,2023-12-04,5529,12079,3,7-5529120793
Russia,Russia,BTR-MDM 'Rakushka',damaged,https://i.postimg.cc/BQty5xVw/4fn.png,2022-03-28,5531,16378,3,7-5531163783
Russia,Russia,BTR-MDM 'Rakushka',damaged,https://i.postimg.cc/Pxh8Yvkm/1016-mdm-dam-06-03-23.jpg,2023-03-07,5531,16384,3,7-5531163843
Russia,Russia,BTR-MDM Rakushka,damaged,https://i.postimg.cc/zvLGTpQv/1047-BTR-MDM-Rakushka-dam-14-02-24.jpg,2024-02-15,5532,16397,3,7-5532163973
Russia,Russia,BTR-MDM Rakushka,damaged,https://i.postimg.cc/YCbFBBSN/1005-BTR-MDM-Rakushka-dam-aband-28-05-24.jpg,2024-06-02,5532,16408,3,7-5532164083
Russia,Russia,BTR-MDM Rakushka,damaged,https://i.postimg.cc/TYbfy74m/1010-BTR-MDM-Rakushka-dam-aband-17-01-25.jpg,2025-01-22,5532,16418,3,7-5532164183
Russia,Soviet Union,BTS-4A armoured recovery vehicle,damaged,https://i.postimg.cc/J4bcvNY5/1050-BTS-4-dam-15-05-23.jpg,2023-05-17,5535,16430,3,7-5535164303
Russia,Soviet Union,BTS-4A armoured recovery vehicle,damaged,https://i.postimg.cc/R0LsJTcj/429.png,2023-09-14,5535,16432,3,7-5535164323
Russia,Soviet Union,BTS-4A armoured recovery vehicle,damaged,https://twitter.com/666_mancer/status/1729869188200878223,2023-12-01,5535,779,3,7-55357793
Russia,Soviet Union,BTS-4A armoured recovery vehicle,damaged,https://i.postimg.cc/fR8kJhtb/1038-bts4a-dam-aband-22-03-24.jpg,2024-04-08,5535,16434,3,7-5535164343
Russia,Soviet Union,BTS-4A armoured recovery vehicle,damaged,https://i.postimg.cc/mkRq9GY0/1021-bts4a-arv-dam-aband-30-03-24.jpg,2024-05-09,5535,16435,3,7-5535164353
Russia,Soviet Union,BTS-4A armoured recovery vehicle,damaged,https://i.postimg.cc/nc692Swj/1021-BTS-4-A-armoured-recovery-vehicle-dam-20-06-24.jpg,2024-06-24,5535,16440,3,7-5535164403
Russia,Russia,GAZ Tigr-M,damaged,https://i.postimg.cc/ZKDrDbck/85.png,2022-03-19,5549,16543,3,7-5549165433
Russia,Russia,GAZ Tigr-M,damaged,https://i.postimg.cc/vZRf920n/t1.jpg,2022-03-19,5549,16544,3,7-5549165443
Russia,Russia,GAZ Tigr-M,damaged,https://i.postimg.cc/qv8nGcF5/t2.jpg,2022-03-19,5549,16545,3,7-5549165453
Russia,Russia,GAZ Tigr-M,damaged,https://i.postimg.cc/25GZskrd/t3.jpg,2022-03-19,5549,16546,3,7-5549165463
Russia,Russia,GAZ Tigr-M,damaged,https://i.postimg.cc/rpD3MW3F/5774.jpg,2022-04-01,5549,16575,3,7-5549165753
Russia,Russia,GAZ Tigr-M,damaged,https://i.postimg.cc/50gTqtJF/35g.png,2022-04-04,5549,16578,3,7-5549165783
Russia,Russia,GAZ Tigr-M,damaged,https://i.postimg.cc/XqyHHVHS/382.png,2022-09-15,5549,16627,3,7-5549166273
Russia,Soviet Union,GAZ-66,damaged,https://i.postimg.cc/zByHJ18m/1014-GAZ-66-dam-aband-24-05-25.jpg,2025-06-01,5552,16729,3,7-5552167293
Russia,Soviet Union,Il-76 transport aircraft,damaged,https://i.postimg.cc/bY4N2WyD/543.png,2023-08-31,5558,16758,3,7-5558167583
Russia,Soviet Union,Il-76 transport aircraft,damaged,https://i.postimg.cc/W1R5JSBN/24k.png,2023-09-01,5558,16760,3,7-5558167603
Russia,Soviet Union,Il-76 transport aircraft,damaged,https://twitter.com/Lars693168870/status/1697676970278969376,2023-09-04,5558,16761,3,7-5558167613
Russia,Italy,Iveco LMV 'Rys',damaged,https://i.postimg.cc/4xrt6Lwt/542.png,2022-03-19,5559,16774,3,7-5559167743
Russia,Italy,Iveco LMV 'Rys',damaged,https://i.postimg.cc/q7834FHV/355.png,2022-03-26,5559,16778,3,7-5559167783
Russia,Italy,Iveco LMV 'Rys',damaged,https://i.postimg.cc/7YV8ty42/6j.png,2022-05-23,5559,16785,3,7-5559167853
Russia,Italy,Iveco LMV Rys,damaged,https://i.postimg.cc/4d4Bvtwn/1024.jpg,2022-07-09,5560,16789,3,7-5560167893
Russia,Italy,Iveco LMV Rys,damaged,https://twitter.com/UAWeapons/status/1567533093568892928,2022-09-08,5560,16790,3,7-5560167903
Russia,Italy,Iveco LMV Rys,damaged,https://twitter.com/UAWeapons/status/1569049877882994692,2022-09-12,5560,16791,3,7-5560167913
Russia,Italy,Iveco LMV Rys,damaged,https://i.postimg.cc/0QnvxgKW/1072-Iveco-LMV-dam-30-08-22.jpg,2023-10-22,5560,16802,3,7-5560168023
Russia,Italy,Iveco LMV Rys,damaged,https://i.postimg.cc/qqjm6Bgc/1042-Iveco-RYS-dam-26-04-23.jpg,2024-01-09,5560,16804,3,7-5560168043
Russia,Russia,K-53949 'Linza',damaged,https://i.postimg.cc/7PCL4bbm/221.jpg,2022-06-08,5561,16810,3,7-5561168103
Russia,Russia,Ka-52 'Alligator' attack helicopter,damaged,https://twitter.com/azyakancokkacan/status/1504785437902188573,2022-03-19,5564,16824,3,7-5564168243
Russia,Russia,Ka-52 'Alligator' attack helicopter,damaged,https://postimg.cc/jCmC8Nx5,2022-03-19,5564,16825,3,7-5564168253
Russia,Russia,Ka-52 'Alligator' attack helicopter,damaged,https://i.postimg.cc/Zqj182jJ/987.png,2022-03-19,5564,16826,3,7-5564168263
Russia,Russia,Ka-52 'Alligator' attack helicopter,damaged,https://i.postimg.cc/0jWMTTRH/43d.png,2022-04-04,5564,16829,3,7-5564168293
Russia,Russia,Ka-52 'Alligator' attack helicopter,damaged,https://i.postimg.cc/vmtC0wn8/57.png,2022-04-14,5564,16832,3,7-5564168323
Russia,Russia,Ka-52 'Alligator' attack helicopter,damaged,https://i.postimg.cc/tRxDy5TM/3288.png,2022-04-21,5564,16836,3,7-5564168363
Russia,Russia,Ka-52 'Alligator' attack helicopter,damaged,https://twitter.com/UAWeapons/status/1587182889002827780,2022-11-01,5564,16847,3,7-5564168473
Russia,Russia,Ka-52 'Alligator' attack helicopter,damaged,https://i.postimg.cc/g0r5cRcC/1009-helicopter-sabotage-aftermath.jpg,2022-11-02,5564,16848,3,7-5564168483
Russia,Russia,Ka-52 'Alligator' attack helicopter,damaged,https://i.postimg.cc/GmLwHKZf/88755.png,2022-11-16,5564,16851,3,7-5564168513
Russia,Russia,Ka-52 'Alligator' attack helicopter,damaged,https://twitter.com/UAWeapons/status/1670808597184360455,2023-06-21,5564,16862,3,7-5564168623
Russia,Russia,Ka-52 Alligator attack helicopter,damaged,https://i.postimg.cc/13JYt8QW/625.png,2023-09-25,5565,16870,3,7-5565168703
Russia,Russia,Ka-52 Alligator attack helicopter,damaged,https://i.postimg.cc/QM7HJM92/1051-berdyansk-afb.jpg,2023-10-22,5565,16872,3,7-5565168723
Russia,Russia,Ka-52 Alligator attack helicopter,damaged,https://i.postimg.cc/0QqrWq7b/1052-luhansk-afb.jpg,2023-10-22,5565,16873,3,7-5565168733
Russia,Russia,Ka-52 Alligator attack helicopter,damaged,https://x.com/MarcinRogowsk14/status/1904130661868335444,2025-03-30,5565,16881,3,7-5565168813
Russia,Russia,KamAZ 6x6,damaged,https://i.postimg.cc/kGnW3KWg/880.png,2022-03-19,5568,16966,3,7-5568169663
Russia,Russia,KamAZ 6x6,damaged,https://i.postimg.cc/XYdzk891/5g.png,2022-03-19,5568,16967,3,7-5568169673
Russia,Russia,KamAZ 6x6,damaged,https://postimg.cc/jWRY7hHb,2022-03-19,5568,16968,3,7-5568169683
Russia,Russia,KamAZ 6x6,damaged,https://i.postimg.cc/GhDp0yzL/tt1.png,2022-03-19,5568,16969,3,7-5568169693
Russia,Russia,KamAZ 6x6,damaged,https://i.postimg.cc/VkpkSLDj/f87.png,2022-03-19,5568,16989,3,7-5568169893
Russia,Russia,KamAZ 6x6,damaged,https://i.postimg.cc/C1ZkcvPv/d3.png,2022-03-19,5568,16990,3,7-5568169903
Russia,Russia,KamAZ 6x6,damaged,https://i.postimg.cc/Rhhng7p9/4r.png,2022-03-19,5568,16991,3,7-5568169913
Russia,Russia,KamAZ 6x6,damaged,https://twitter.com/UAWeapons/status/1506960042347614218,2022-03-26,5568,17057,3,7-5568170573
Russia,Russia,KamAZ 6x6,damaged,https://i.postimg.cc/bYTrvqnw/1t.png,2022-03-26,5568,17058,3,7-5568170583
Russia,Russia,KamAZ 6x6,damaged,https://i.postimg.cc/Jn4wQ0L6/5411.jpg,2022-03-26,5568,17059,3,7-5568170593
Russia,Russia,KamAZ 6x6,damaged,https://postimg.cc/zb3wfMVh,2022-03-27,5568,17073,3,7-5568170733
Russia,Russia,KamAZ 6x6,damaged,https://postimg.cc/3kSdwwpL,2022-03-27,5568,17074,3,7-5568170743
Russia,Russia,KamAZ 6x6,damaged,https://postimg.cc/w71rrf27,2022-03-27,5568,17075,3,7-5568170753
Russia,Russia,KamAZ 6x6,damaged,https://postimg.cc/vc6dRNB4,2022-03-27,5568,17076,3,7-5568170763
Russia,Russia,KamAZ 6x6,damaged,https://twitter.com/UAWeapons/status/1525936384434913281,2022-05-24,5568,16217,3,7-5568162173
Russia,Russia,KamAZ 6x6,damaged,https://postimg.cc/9R9Kd7mM,2022-05-25,5568,17167,3,7-5568171673
Russia,Russia,KamAZ 6x6 tanker,damaged,https://i.postimg.cc/DfYbWs3H/Kamaz.png,2022-04-06,5569,17180,3,7-5569171803
Russia,Russia,KamAZ 6x6 tanker,damaged,https://i.postimg.cc/m2TR1RH5/4311.jpg,2022-05-05,5569,17191,3,7-5569171913
Russia,Russia,KamAZ 6x6 tanker,damaged,https://twitter.com/UAWeapons/status/1551210350548336640,2022-07-25,5569,17208,3,7-5569172083
Russia,Russia,KamAZ 8x8,damaged,https://i.postimg.cc/7hRs911J/544.jpg,2022-04-25,5571,17215,3,7-5571172153
Russia,Russia,KamAZ-5350 with KS-45719-7M crane,damaged,https://i.postimg.cc/K8n2gHW4/1033-KS-45719-7-M-crane-dam-06-06-24.jpg,2024-06-11,5576,17264,3,7-5576172643
Russia,Russia,KamAZ-5350 with armoured cabin,damaged,https://i.postimg.cc/8zRCzd62/1004-Kam-AZ-5350-with-armoured-cabin-dam-30-05-23.jpg,2023-06-09,5577,17266,3,7-5577172663
Russia,Russia,KamAZ-5350 with armoured cabin,damaged,https://i.postimg.cc/rpqw0dGK/1005-Kam-AZ-5350-with-armoured-cabin-dam-30-05-23.jpg,2023-06-09,5577,17267,3,7-5577172673
Russia,Russia,KamAZ-6350 8x8 artillery tractor,damaged,https://i.postimg.cc/br6jRJWd/Screenshot-8072.png,2022-03-19,5579,17276,3,7-5579172763
Russia,Russia,KamAZ-6350 8x8 artillery tractor,damaged,https://i.postimg.cc/nczxh49m/Screenshot-8074.png,2022-03-19,5579,17277,3,7-5579172773
Russia,Russia,KamAZ-63968 'Typhoon',damaged,https://i.postimg.cc/KjxFyJC2/48.jpg,2022-04-20,5580,17304,3,7-5580173043
Russia,Russia,KamAZ-63968 Typhoon,damaged,https://i.postimg.cc/g0gcjCG4/1005-Kam-AZ-63968-Typhoon.jpg,2022-08-04,5581,17307,3,7-5581173073
Russia,Russia,KamAZ-63968 Typhoon,damaged,https://i.postimg.cc/2SP0ZKjt/1309-kamaz-typhoon-dam-capt-09-10-22.jpg,2024-01-09,5581,17325,3,7-5581173253
Russia,Russia,Kamaz-435029 Patrol-A,damaged,https://twitter.com/UAWeapons/status/1542239547156795393,2022-06-30,5582,17327,3,7-5582173273
Russia,Soviet Union,KrAZ-255B,damaged,https://i.postimg.cc/jqJgd3K8/1026-Kr-AZ-255-B-dam-21-03-24.jpg,2024-04-08,5584,17335,3,7-5584173353
Russia,Soviet Union,KrAZ-255B tanker,damaged,https://i.postimg.cc/jSFbtdw7/1086-Kr-AZ-255-B-tanker.jpg,2022-07-28,5585,17342,3,7-5585173423
Russia,Soviet Union,KrAZ-255B with excavator,damaged,https://i.postimg.cc/Fz6RBFxr/1045-Kr-AZ-255-B-with-excavator-dam-07-02-23.jpg,2023-02-12,5586,17351,3,7-5586173513
Russia,Russia,Leer-2 electronic warfare system,damaged,https://twitter.com/NOELreports/status/1720022552804729240,2023-11-06,5588,17358,3,7-5588173583
Russia,Soviet Union,MDK-3 trench-digging vehicle,damaged,https://i.postimg.cc/CL1PF9N1/1035-MDK-3-trench-digger-dam.jpg,2022-12-15,5591,17369,3,7-5591173693
Russia,Soviet Union,MT-LB,damaged,https://twitter.com/UAWeapons/status/1538608332218458114,2022-06-30,5593,17551,3,7-5593175513
Russia,Soviet Union,MT-LB,damaged,https://i.postimg.cc/rppG85WP/2022-09-18-MT-LB-1.jpg,2022-09-19,5593,17622,3,7-5593176223
Russia,Soviet Union,MT-LB,damaged,https://twitter.com/naalsio26/status/1572364529723666435,2022-09-22,5593,17626,3,7-5593176263
Russia,Soviet Union,MT-LB,damaged,https://i.postimg.cc/XqCXBHXQ/1005-mtlb.jpg,2022-09-24,5593,17629,3,7-5593176293
Russia,Soviet Union,MT-LB,damaged,https://i.postimg.cc/BvPfD5JP/1004-mtlb.jpg,2022-09-28,5593,17635,3,7-5593176353
Russia,Soviet Union,MT-LB,damaged,https://i.postimg.cc/tgrDNJxG/2022-09-28-MT-LBVM.jpg,2022-09-29,5593,17638,3,7-5593176383
Russia,Soviet Union,MT-LB,damaged,https://i.postimg.cc/1tTmXRym/2022-04-07-mt-lb-3.jpg,2022-10-17,5593,17690,3,7-5593176903
Russia,Soviet Union,MT-LB,damaged,https://i.postimg.cc/qvFGmcRj/2022-04-07-mt-lb-1.jpg,2022-10-17,5593,17691,3,7-5593176913
Russia,Soviet Union,MT-LB,damaged,https://i.postimg.cc/SRHN20p9/1018-mtlb-dam-5-11.jpg,2022-11-08,5593,17711,3,7-5593177113
Russia,Soviet Union,MT-LB,damaged,https://i.postimg.cc/HjG6RFgJ/1024-mtlb-dam.jpg,2022-11-12,5593,17715,3,7-5593177153
Russia,Soviet Union,MT-LB,damaged,https://i.postimg.cc/6qZJL38T/1004-1x-mtlb-dam-aband-2x-bmp2-1x-destr-1x-dam-aband-2x-t72b3-dam-aband-09-02-23.jpg,2023-02-12,5593,6177,3,7-559361773
Russia,Soviet Union,MT-LB,damaged,https://i.postimg.cc/9fsDqRcg/1016-mtlb-dam-14-02-23.jpg,2023-02-15,5593,17760,3,7-5593177603
Russia,Soviet Union,MT-LB,damaged,https://twitter.com/UAWeapons/status/1643289460774166532,2023-04-05,5593,17792,3,7-5593177923
Russia,Soviet Union,MT-LB,damaged,https://i.postimg.cc/V6d3S42D/1010-mtlb-dam-01-06-23.jpg,2023-06-09,5593,17817,3,7-5593178173
Russia,Soviet Union,MT-LB,damaged,https://i.postimg.cc/6QnTwXgW/1036-mtlb-dam-22-06-23.jpg,2023-06-25,5593,17830,3,7-5593178303
Russia,Soviet Union,MT-LB,damaged,https://i.postimg.cc/rszvFc9n/1018-mtlb-dam-29-06-23.jpg,2023-07-01,5593,17835,3,7-5593178353
Russia,Soviet Union,MT-LB,damaged,https://i.postimg.cc/WpfBYF2Q/1025-mtlb-dam-28-06-23.jpg,2023-07-01,5593,17836,3,7-5593178363
Russia,Soviet Union,MT-LB,damaged,https://i.postimg.cc/hPfNqB2W/1018-mtlb-dam-08-07-23.jpg,2023-07-09,5593,17840,3,7-5593178403
Russia,Soviet Union,MT-LB,damaged,https://i.postimg.cc/qR1yNKkb/1019-mtlb-dam-12-07-23.jpg,2023-07-14,5593,17842,3,7-5593178423
Russia,Soviet Union,MT-LB,damaged,https://i.postimg.cc/c4bhDpG9/1039-mtlb-dam-aband-02-07-23.jpg,2023-07-14,5593,17843,3,7-5593178433
Russia,Soviet Union,MT-LB,damaged,https://i.postimg.cc/HLQtkjcR/1040-mtlb-dam-aband-02-07-23.jpg,2023-07-14,5593,17844,3,7-5593178443
Russia,Soviet Union,MT-LB,damaged,https://i.postimg.cc/QMh1Rfhk/1014-MT-LB-dam-aband-29-07-23.jpg,2023-08-01,5593,17852,3,7-5593178523
Russia,Soviet Union,MT-LB,damaged,https://twitter.com/UAWeapons/status/1691132746171666448,2023-08-15,5593,7257,3,7-559372573
Russia,Soviet Union,MT-LB,damaged,https://twitter.com/UAWeapons/status/1712147257338867867,2023-10-12,5593,17894,3,7-5593178943
Russia,Soviet Union,MT-LB,damaged,https://i.postimg.cc/MZbjh5Pm/1008-mtlb-dam-01-11-23.jpg,2023-11-02,5593,17914,3,7-5593179143
Russia,Soviet Union,MT-LB,damaged,https://i.postimg.cc/k4cKX9n6/1032-t72bobr2022-and-3x-mtlb-dam-aband-05-11-23.jpg,2023-11-06,5593,17918,3,7-5593179183
Russia,Soviet Union,MT-LB,damaged,https://i.postimg.cc/QdL09cQz/1033-mtlb-dam-aband-15-11-23.jpg,2023-11-20,5593,17938,3,7-5593179383
Russia,Soviet Union,MT-LB,damaged,https://i.postimg.cc/44cxsJjN/1024-mtlb-dam-aband-03-12-23.jpg,2023-12-08,5593,17951,3,7-5593179513
Russia,Soviet Union,MT-LB,damaged,https://i.postimg.cc/6QbJThhf/1019-mtlb-dam-01-11-23.jpg,2023-12-13,5593,17955,3,7-5593179553
Russia,Soviet Union,MT-LB,damaged,https://i.postimg.cc/V5QKdJTR/1024-mtlb-dam-aband-26-10-23.jpg,2023-12-13,5593,17956,3,7-5593179563
Russia,Soviet Union,MT-LB,damaged,https://i.postimg.cc/pVkKHFK1/1021-mtlb-dam-aband-21-12-23.jpg,2024-01-09,5593,17984,3,7-5593179843
Russia,Soviet Union,MT-LB,damaged,https://i.postimg.cc/Dzj60qyL/1026-mtlb-dam-aband-21-12-23.jpg,2024-01-09,5593,17985,3,7-5593179853
Russia,Soviet Union,MT-LB,damaged,https://twitter.com/bayraktar_1love/status/1746219987218346155,2024-01-19,5593,18001,3,7-5593180013
Russia,Soviet Union,MT-LB,damaged,https://i.postimg.cc/W1XX48td/1042-bmp3-destr-mtlb-dam-aband-11-01-24.jpg,2024-01-19,5593,15522,3,7-5593155223
Russia,Soviet Union,MT-LB,damaged,https://i.postimg.cc/Y04g212q/1038-mtlb-dam-aband-21-12-23.jpg,2024-01-21,5593,18012,3,7-5593180123
Russia,Soviet Union,MT-LB,damaged,https://i.postimg.cc/vmMW7gh3/1024-MT-LB-dam-aband-15-01-24.jpg,2024-01-21,5593,18013,3,7-5593180133
Russia,Soviet Union,MT-LB,damaged,https://i.postimg.cc/cJmfFx5Z/1023-MT-LB-dam-aband-15-01-24.jpg,2024-01-21,5593,18014,3,7-5593180143
Russia,Soviet Union,MT-LB,damaged,https://i.postimg.cc/8zYnqWWr/1009-MT-LB-dam-aband-25-01-24.jpg,2024-01-27,5593,18021,3,7-5593180213
Russia,Soviet Union,MT-LB,damaged,https://i.postimg.cc/qvq5bQtT/1011-MT-LB-dam-aband-02-01-24.jpg,2024-01-27,5593,18022,3,7-5593180223
Russia,Soviet Union,MT-LB,damaged,https://i.postimg.cc/d12Hkxf8/1013-MT-LB-dam-aband-25-01-24.jpg,2024-01-27,5593,18023,3,7-5593180233
Russia,Soviet Union,MT-LB,damaged,https://i.postimg.cc/BbJhxCWR/1014-MT-LB-dam-aband-08-01-24.jpg,2024-01-27,5593,18024,3,7-5593180243
Russia,Soviet Union,MT-LB,damaged,https://i.postimg.cc/tTDhgVn5/1016-mtlb-dam-aband-25-12-23.jpg,2024-02-09,5593,18052,3,7-5593180523
Russia,Soviet Union,MT-LB,damaged,https://i.postimg.cc/gk13rpjf/1022-mtlb-dam-aband-30-01-24.jpg,2024-02-09,5593,18053,3,7-5593180533
Russia,Soviet Union,MT-LB,damaged,https://i.postimg.cc/wvtXG3Nm/1014-MT-LB-dam-aband-27-12-23.jpg,2024-02-09,5593,18055,3,7-5593180553
Russia,Soviet Union,MT-LB,damaged,https://i.postimg.cc/B6FNjCnc/1021-MT-LB-dam-aband-11-02-24.jpg,2024-02-15,5593,18064,3,7-5593180643
Russia,Soviet Union,MT-LB,damaged,https://twitter.com/Danspiun/status/1758089677637083437,2024-02-18,5593,18068,3,7-5593180683
Russia,Soviet Union,MT-LB,damaged,https://i.postimg.cc/13DzGty4/1005-mtlb-dam-aband-11-02-24.jpg,2024-02-18,5593,18070,3,7-5593180703
Russia,Soviet Union,MT-LB,damaged,https://i.postimg.cc/JnTYRybD/1016-mtlb-dam-15-02-24.jpg,2024-02-21,5593,18076,3,7-5593180763
Russia,Soviet Union,MT-LB,damaged,https://i.postimg.cc/QdmKTYv6/1023-mtlb-dam-aband-18-02-24.jpg,2024-02-23,5593,18086,3,7-5593180863
Russia,Soviet Union,MT-LB,damaged,https://i.postimg.cc/SQtLpP55/1031-mtlb-dam-aband-27-02-24.jpg,2024-02-29,5593,18092,3,7-5593180923
Russia,Soviet Union,MT-LB,damaged,https://i.postimg.cc/Pf8q9ygR/1038-MT-LB-dam-aband-29-02-24.jpg,2024-03-02,5593,18099,3,7-5593180993
Russia,Soviet Union,MT-LB,damaged,https://i.postimg.cc/ncH3cdYK/1003-mtlb-dam-28-02-24.jpg,2024-04-08,5593,18148,3,7-5593181483
Russia,Soviet Union,MT-LB,damaged,https://i.postimg.cc/T31Qnpsp/1111-MT-LB-dam-aband-18-03-24.jpg,2024-04-08,5593,18150,3,7-5593181503
Russia,Soviet Union,MT-LB,damaged,https://i.postimg.cc/63f3tTxc/1011-MT-LB-dam-aband-06-03-24.jpg,2024-04-08,5593,18151,3,7-5593181513
Russia,Soviet Union,MT-LB,damaged,https://i.postimg.cc/QtgQHMTn/1032-MT-LB-dam-aband-06-04-24.jpg,2024-05-12,5593,18198,3,7-5593181983
Russia,Soviet Union,MT-LB,damaged,https://i.postimg.cc/bvtHfgNP/1035-MT-LB-dam-aband-06-05-24.jpg,2024-05-12,5593,18199,3,7-5593181993
Russia,Soviet Union,MT-LB,damaged,https://i.postimg.cc/R0csssJG/1019-mtlb-dam-aband-10-05-24.jpg,2024-05-15,5593,18208,3,7-5593182083
Russia,Soviet Union,MT-LB,damaged,https://i.postimg.cc/bN1RD84b/1042-MT-LB-dam-aband-13-05-24.jpg,2024-05-18,5593,18211,3,7-5593182113
Russia,Soviet Union,MT-LB,damaged,https://i.postimg.cc/wjV79xCW/1003-MT-LB-dam-16-05-24.jpg,2024-05-24,5593,18218,3,7-5593182183
Russia,Soviet Union,MT-LB,damaged,https://i.postimg.cc/vTgdWyH0/1022-MT-LB-aband-19-05-24.jpg,2024-05-24,5593,18219,3,7-5593182193
Russia,Soviet Union,MT-LB,damaged,https://i.postimg.cc/VsxSRV9F/1013-MT-LB-dam-aband-20-05-24.jpg,2024-05-24,5593,18220,3,7-5593182203
Russia,Soviet Union,MT-LB,damaged,https://i.postimg.cc/vH0Gz2dh/1016-MT-LB-dam-aband-16-06-24.jpg,2024-06-20,5593,18274,3,7-5593182743
Russia,Soviet Union,MT-LB,damaged,https://i.postimg.cc/8k3Qg6tV/1039-MT-LB-dam-aband-02-05-24.jpg,2024-07-15,5593,18318,3,7-5593183183
Russia,Soviet Union,MT-LB,damaged,https://i.postimg.cc/9XSyg87Y/1026-MT-LB-dam-21-07-24.jpg,2024-07-30,5593,18340,3,7-5593183403
Russia,Soviet Union,MT-LB,damaged,https://i.postimg.cc/NM8tQ9Gx/1033-MT-LB-dam-aband-15-05-24.jpg,2024-08-12,5593,18353,3,7-5593183533
Russia,Soviet Union,MT-LB,damaged,https://i.postimg.cc/WzfVwhZn/1035-MT-LB-dam-aband-25-08-24.jpg,2024-08-28,5593,18371,3,7-5593183713
Russia,Soviet Union,MT-LB,damaged,https://i.postimg.cc/0N0NPKKy/1046-MT-LB-dam-aband-30-09-24.jpg,2024-10-03,5593,18436,3,7-5593184363
Russia,Soviet Union,MT-LB,damaged,https://i.postimg.cc/Dzn2jfpk/1032-MT-LB-dam-aband-30-09-24.jpg,2024-10-03,5593,18437,3,7-5593184373
Russia,Soviet Union,MT-LB,damaged,https://i.postimg.cc/7hfP3Bs5/1031-MT-LB-dam-aband-30-09-24.jpg,2024-10-03,5593,18438,3,7-5593184383
Russia,Soviet Union,MT-LB,damaged,https://i.postimg.cc/Y0bY5KsJ/1048-MT-LB-dam-aband-28-09-24.jpg,2024-10-09,5593,18455,3,7-5593184553
Russia,Soviet Union,MT-LB,damaged,https://i.postimg.cc/vmCbzHYp/1012-MT-LB-dam-aband-07-10-24.jpg,2024-10-22,5593,18488,3,7-5593184883
Russia,Soviet Union,MT-LB,damaged,https://i.postimg.cc/13PqDtYT/1020-MT-LB-dam-aband-16-02-25.jpg,2025-02-23,5593,18688,3,7-5593186883
Russia,Soviet Union,MT-LB,damaged,https://i.postimg.cc/x1Rb52wd/1021-MT-LB-dam-aband-16-02-25.jpg,2025-02-23,5593,18690,3,7-5593186903
Russia,Soviet Union,MT-LB,damaged,https://i.postimg.cc/9Qmhq8zz/1030-MT-LB-dam-aband-23-02-25.jpg,2025-02-27,5593,18693,3,7-5593186933
Russia,Soviet Union,MT-LB,damaged,https://i.postimg.cc/Z0tPy20w/1012-MT-LB-dam-aband-06-03-25.jpg,2025-03-20,5593,18719,3,7-5593187193
Russia,Soviet Union,MT-LB,damaged,https://i.postimg.cc/rmHNqKTX/1011-MT-LB-dam-aband-06-03-25.jpg,2025-03-20,5593,18720,3,7-5593187203
Russia,Soviet Union,MT-LB,damaged,https://i.postimg.cc/qMcQ1Pzj/1009-MT-LB-dam-aband-25-07-25.jpg,2025-08-17,5593,18902,3,7-5593189023
Russia,Russia,MT-LB with 140mm Ogon-18 MRLS,damaged,https://i.postimg.cc/KYP8v3vF/1062-mtlb-with-ogon-mrls-dam-01-10-23.jpg,2023-10-06,5596,18907,3,7-5596189073
Russia,Russia,MT-LBM 6MB,damaged,https://i.postimg.cc/Xq2m7DSY/3317.png,2023-03-26,5598,18920,3,7-5598189203
Russia,Russia,MT-LBM 6MB,damaged,https://i.postimg.cc/gJRx9bcb/1030-mtlb-6mb-dam-13-06-23.jpg,2023-06-14,5598,18926,3,7-5598189263
Russia,Soviet Union,MT-LBu,damaged,https://i.postimg.cc/L5dWghTy/1055-MT-LBu-dam-aband-16-01-25.jpg,2025-01-19,5600,19011,3,7-5600190113
Russia,Soviet Union,MT-LBu,damaged,https://i.postimg.cc/nrvP4ZSn/1059-MT-LBu-dam-aband-15-01-25.jpg,2025-01-19,5600,19012,3,7-5600190123
Russia,Russia,Mi-24P/35M attack helicopter,damaged,https://i.postimg.cc/1zQwZg2s/3326.png,2022-11-16,5605,19041,3,7-5605190413
Russia,Russia,Mi-24P/35M attack helicopter,damaged,https://i.postimg.cc/gkWwPHcg/d333.png,2022-11-19,5605,19042,3,7-5605190423
Russia,Soviet Union,Mi-24V/P attack helicopter,damaged,https://i.postimg.cc/fbmnZmRv/r57.png,2022-11-19,5606,19047,3,7-5606190473
Russia,Russia,Mi-28 attack helicopter,damaged,https://i.postimg.cc/0yT1fSjG/354.png,2022-11-16,5608,19060,3,7-5608190603
Russia,Russia,Mi-28 attack helicopter,damaged,https://twitter.com/LotA_IL/status/1592302101295955968,2022-11-19,5608,19061,3,7-5608190613
Russia,Russia,Mi-35M attack helicopter,damaged,https://twitter.com/LotA_IL/status/1592302101295955968,2022-11-19,5609,19061,3,7-5609190613
Russia,Russia,Mi-8 transport helicopter,damaged,https://twitter.com/LotA_IL/status/1592302101295955968,2022-11-19,5610,19061,3,7-5610190613
Russia,Russia,Mi-8 transport helicopter,damaged,https://i.postimg.cc/0QqrWq7b/1052-luhansk-afb.jpg,2023-10-22,5610,16873,3,7-5610168733
Russia,Russia,Mi-8 transport helicopter,damaged,https://i.postimg.cc/43FZkWw5/1014-Mi-8-MTV-5-with-DIRCM-damaged-beyond-repair-25-08-24.jpg,2024-08-28,5610,19108,3,7-5610191083
Russia,Russia,Mi-8 transport helicopter,damaged,https://x.com/MarcinRogowsk14/status/1906421069948293342,2025-04-02,5610,19112,3,7-5610191123
Russia,Iran,Mohajer-6,damaged,https://i.postimg.cc/TP11vKMf/1028-Mohajer-6-UCAV-dam-26-05-24.jpg,2024-05-31,5612,19119,3,7-5612191193
Russia,Soviet Union,PMP floating bridge,damaged,https://postimg.cc/mtdZGRwb,2022-09-15,5624,19426,3,7-5624194263
Russia,Russia,PP-2005 floating bridge,damaged,https://i.postimg.cc/s2M12CLf/32d3.png,2022-05-08,5625,19438,3,7-5625194383
Russia,Russia,PP-2005 floating bridge,damaged,https://i.postimg.cc/59RWtr9r/da2.jpg,2022-05-27,5625,19442,3,7-5625194423
Russia,Russia,PP-2005 floating bridge,damaged,https://i.postimg.cc/9Q33dq7t/da1.jpg,2022-05-27,5625,19443,3,7-5625194433
Russia,Soviet Union,PTS-3 tracked amphibious transport,damaged,https://i.postimg.cc/65MmYqgR/776.jpg,2022-06-11,5627,19467,3,7-5627194673
Russia,Russia,Project 03160 Raptor class patrol boat,damaged,https://twitter.com/UAWeapons/status/1506229325598756872,2022-03-26,5631,19490,3,7-5631194903
Russia,Russia,Project 03160 Raptor class patrol boat,damaged,https://i.postimg.cc/Gh7yVRxL/4438.png,2022-07-15,5631,19495,3,7-5631194953
Russia,Soviet Union,Project 1164 Slava class guided missile cruiser 'Moskva',damaged,https://twitter.com/RALee85/status/1514379537903235074,2022-04-13,5632,19496,3,7-5632194963
Russia,Russia,Project 11770 Serna-class landing craft,damaged,https://i.postimg.cc/bJrq67pm/1036-Ondatra-serna-class-dam-10-11-23.jpg,2023-11-14,5635,368,3,7-56353683
Russia,Russia,Project 636.3 Improved Kilo-class submarine,damaged,https://twitter.com/UAWeapons/status/1701853408108351818,2023-09-13,5637,19502,3,7-5637195023
Russia,Russia,Project 636.3 Improved Kilo-class submarine,damaged,https://twitter.com/UAWeapons/status/1702007588626309128,2023-09-14,5637,19503,3,7-5637195033
Russia,Russia,Project 636.3 Improved Kilo-class submarine,damaged,https://twitter.com/UAWeapons/status/1703731799128498239,2023-09-19,5637,19504,3,7-5637195043
Russia,Soviet Union,Project 775 Ropucha class landing ship,damaged,https://i.postimg.cc/k4zbP5Ff/13.png,2022-03-26,5639,19506,3,7-5639195063
Russia,Poland,Project 775 Ropucha-class landing ship,damaged,https://twitter.com/UAWeapons/status/1687356280069820416,2023-08-05,5640,19507,3,7-5640195073
Russia,Poland,Project 775 Ropucha-class landing ship,damaged,https://twitter.com/UAWeapons/status/1701917293633028509,2023-09-13,5640,19508,3,7-5640195083
Russia,Russia,R-149MA1 command and staff vehicle,damaged,https://i.postimg.cc/jSgsKMn3/g553.jpg,2022-03-19,5643,19526,3,7-5643195263
Russia,Russia,R-149MA3 command and staff vehicle,damaged,https://i.postimg.cc/q7W198PZ/f431.png,2022-03-19,5644,19568,3,7-5644195683
Russia,Russia,R-149MA3 command and staff vehicle,damaged,https://i.postimg.cc/65LWg9tK/554.jpg,2022-03-26,5644,19572,3,7-5644195723
Russia,Russia,R-149MA3 command and staff vehicle,damaged,https://i.postimg.cc/dtQ6ZsNN/1003-btr80.jpg,2022-09-05,5644,19577,3,7-5644195773
Russia,Russia,R-330BMV Borisoglebsk-2B,damaged,https://i.postimg.cc/wvzPRKsx/333.png,2022-03-19,5646,19611,3,7-5646196113
Russia,Russia,R-330ZH Zhitel,damaged,https://i.postimg.cc/MKvfB7wp/1010-R-330-ZH-Zhytel-dam-24-03-23.jpg,2023-03-30,5648,19629,3,7-5648196293
Russia,Russia,R-330ZH Zhitel,damaged,https://i.postimg.cc/W1vqDTLs/1027-R-330-ZH-Zhytel-dam-30-06-23.jpg,2023-07-14,5648,19631,3,7-5648196313
Russia,Russia,R-330ZH Zhitel,damaged,https://i.postimg.cc/dQnTyW9v/1026-Zhitel-dam-30-11-23.jpg,2023-12-01,5648,19637,3,7-5648196373
Russia,Russia,R-330ZH Zhitel,damaged,https://i.postimg.cc/t435rrHg/1042-R-330-Zh-Zhytel-electronic-warfare-station-dam-23-05-24.jpg,2024-05-26,5648,19642,3,7-5648196423
Russia,Russia,R-330ZH Zhitel,damaged,https://i.postimg.cc/LXwW7xNW/1007-R-330-Zh-Zhytel-electronic-warfare-station-dam-03-06-25.jpg,2025-06-08,5648,19644,3,7-5648196443
Russia,Russia,RB-636AM2 Svet-KU EW system,damaged,https://i.postimg.cc/cHrSHSQT/467.png,2023-09-02,5652,19652,3,7-5652196523
Russia,Russia,RB-636AM2 Svet-KU EW system,damaged,https://i.postimg.cc/mDjxCv0K/1048-RB-636-AM2-Svet-KU-EW-system-dam-31-08-23.jpg,2024-01-24,5652,19654,3,7-5652196543
Russia,Russia,REM-KL recovery vehicle,damaged,https://i.postimg.cc/gktrF01S/1001-REM-KL-Kamaz-6x6.jpg,2022-08-13,5654,7448,3,7-565474483
Russia,Russia,Remdiesel Z-STS Akhmat,damaged,https://i.postimg.cc/QM15BwQj/542p.png,2023-03-28,5656,19662,3,7-5656196623
Russia,Russia,Remdiesel Z-STS Akhmat,damaged,https://twitter.com/RALee85/status/1663993455251722240,2023-06-03,5656,19664,3,7-5656196643
Russia,Russia,Remdiesel Z-STS Akhmat,damaged,https://i.postimg.cc/y69w3jg1/1006-Akhmat-dam-aband-08-01-24.jpg,2024-01-10,5656,19669,3,7-5656196693
Russia,Russia,Remdiesel Z-STS Akhmat,damaged,https://i.postimg.cc/Vvb0tYfS/1003-Remdiesel-Z-STS-Akhmat-dam-02-02-24.jpg,2024-02-09,5656,19670,3,7-5656196703
Russia,Russia,Remdiesel Z-STS Akhmat,damaged,https://i.postimg.cc/tCkY2kdj/1044-Remdiesel-Z-STS-Akhmat-dam-aband-09-10-24.jpg,2024-10-22,5656,19676,3,7-5656196763
Russia,Russia,Remdiesel Z-STS Akhmat,damaged,https://i.postimg.cc/ZnZL1VZ3/1038-Remdiesel-Z-STS-Akhmat-dam-aband-18-10-24.jpg,2024-10-27,5656,19679,3,7-5656196793
Russia,Russia,Remdiesel Z-STS Akhmat,damaged,https://i.postimg.cc/P5pmhtT6/1054-Remdiesel-Z-STS-Akhmat-dam-aband-17-11-24.jpg,2024-11-20,5656,19701,3,7-5656197013
Russia,Russia,Remdiesel Z-STS Akhmat,damaged,https://i.postimg.cc/k5mQKgN9/1010-Remdiesel-Z-STS-Akhmat-dam-aband-06-02-25.jpg,2025-02-11,5656,19718,3,7-5656197183
Russia,Russia,SNAR-10M1 battlefield surveillance radar,damaged,https://i.postimg.cc/525ysSwt/1012-SNAR-10-dam-17-06-23.jpg,2023-06-19,5658,19745,3,7-5658197453
Russia,Russia,SNAR-10M1 battlefield surveillance radar,damaged,https://i.postimg.cc/yYdnZDK8/1025-1-RL232-SNAR-10-Leopard-dam-05-08-23.jpg,2023-08-09,5658,19746,3,7-5658197463
Russia,Russia,Silok-01 counter-UAV system,damaged,https://i.postimg.cc/yds7Ly18/1000-silok1-dam.jpg,2022-10-30,5660,19751,3,7-5660197513
Russia,Soviet Union,Su-24M/MR strike/tactical reconnaissance aircraft,damaged,https://i.postimg.cc/mDQ1Vp8m/3326.png,2022-08-13,5663,19759,3,7-5663197593
Russia,Soviet Union,Su-24M/MR strike/tactical reconnaissance aircraft,damaged,https://i.postimg.cc/mr7rGzCD/3326.png,2022-08-13,5663,19760,3,7-5663197603
Russia,Soviet Union,Su-24M/MR strike/tactical reconnaissance aircraft,damaged,https://i.postimg.cc/zBSRZD1d/1008-su-24m-dam-13-02-23.jpg,2023-02-15,5663,19762,3,7-5663197623
Russia,Soviet Union,Su-25 close air support aircraft,damaged,https://i.postimg.cc/zBVmRBJ2/h9.png,2022-03-19,5665,19771,3,7-5665197713
Russia,Soviet Union,Su-25 close air support aircraft,damaged,https://twitter.com/UAWeapons/status/1535271617928081409,2022-06-11,5665,19778,3,7-5665197783
Russia,Soviet Union,Su-25 close air support aircraft,damaged,https://twitter.com/UAWeapons/status/1601507744401739776,2022-12-11,5665,19789,3,7-5665197893
Russia,Russia,Su-30SM multirole aircraft,damaged,https://i.postimg.cc/j5qMrfmQ/3326.png,2022-08-13,5666,19807,3,7-5666198073
Russia,Russia,Su-34 strike aircraft,damaged,https://i.postimg.cc/nzksG6Nm/1069-2x-unkn-aircraft-damaged-14-06-24.jpg,2024-06-15,5667,19837,3,7-5667198373
Russia,Russia,Su-34 strike aircraft,damaged,https://i.postimg.cc/Pf7JJ1zY/1028-su34-dam-22-08-24.jpg,2024-08-25,5667,19841,3,7-5667198413
Russia,Russia,Su-34 strike aircraft,damaged,https://i.postimg.cc/jdJ57CZ9/1029-su34-dam-22-08-24.jpg,2024-08-25,5667,19842,3,7-5667198423
Russia,Russia,Su-34 strike aircraft,damaged,https://i.postimg.cc/wvntX0kW/1049-Su-34-dam-22-03-25.jpg,2025-03-24,5667,19845,3,7-5667198453
Russia,Soviet Union,T-62M,damaged,https://twitter.com/bayraktar_1love/status/1544790024838848515,2022-07-07,5673,19975,3,7-5673199753
Russia,Soviet Union,T-62M,damaged,https://twitter.com/UAWeapons/status/1544797070883684353,2022-07-08,5673,19976,3,7-5673199763
Russia,Russia,T-62M Obr. 2022,damaged,https://i.postimg.cc/pT68MBGL/1025-t62m-2022-dam-16-11-23.jpg,2023-11-20,5674,19982,3,7-5674199823
Russia,Russia,T-62M Obr. 2022,damaged,https://i.postimg.cc/RF01Vx2z/1018-T-62-M-Obr-2022-dam-28-05-24.jpg,2024-05-31,5674,19991,3,7-5674199913
Russia,Russia,T-62M Obr. 2022,damaged,https://i.postimg.cc/q7ZTxnKs/1102-T-62-M-Obr-2022-dam-aband-21-12-23.jpg,2024-07-15,5674,19994,3,7-5674199943
Russia,Soviet Union,T-64BV,damaged,https://i.postimg.cc/DfYzLMQ3/v60.png,2022-03-19,5675,20035,3,7-5675200353
Russia,Soviet Union,T-64BV,damaged,https://i.postimg.cc/SQYyjpnT/887.jpg,2022-04-18,5675,20045,3,7-5675200453
Russia,Soviet Union,T-64BV,damaged,https://postimg.cc/RqK9zGbg,2022-08-14,5675,20069,3,7-5675200693
Russia,Soviet Union,T-72A,damaged,https://i.postimg.cc/0jTSbC5M/1012.jpg,2022-07-25,5676,20099,3,7-5676200993
Russia,Soviet Union,T-72A,damaged,https://i.postimg.cc/pLvwFKqy/1009-1x-t72b-1x-t72-A-dam-aband-07-02-23.jpg,2023-02-12,5676,20114,3,7-5676201143
Russia,Soviet Union,T-72A,damaged,https://i.postimg.cc/k4LZXS2J/1010-t72-A-dam-aband-07-02-23.jpg,2023-02-12,5676,20115,3,7-5676201153
Russia,Soviet Union,T-72A,damaged,https://twitter.com/UAWeapons/status/1651964737742163969,2023-05-02,5676,6193,3,7-567661933
Russia,Soviet Union,T-72A,damaged,https://i.postimg.cc/DwFvf0H4/1016-BREM-1-BTR-82-A-T-72-A-T-72-B3-dam-aband-08-07-23.jpg,2023-07-09,5676,6801,3,7-567668013
Russia,Soviet Union,T-72B,damaged,https://i.postimg.cc/HLqxBrSK/4fa.png,2022-03-19,5678,20140,3,7-5678201403
Russia,Soviet Union,T-72B,damaged,https://i.postimg.cc/8zz8WcH7/763.png,2022-03-19,5678,20141,3,7-5678201413
Russia,Soviet Union,T-72B,damaged,https://i.postimg.cc/Bv3rSysY/33213.png,2022-03-19,5678,20147,3,7-5678201473
Russia,Soviet Union,T-72B,damaged,https://i.postimg.cc/sxgFWq3g/47.jpg,2022-03-31,5678,20179,3,7-5678201793
Russia,Soviet Union,T-72B,damaged,https://twitter.com/UAWeapons/status/1513495397414715392,2022-04-13,5678,20222,3,7-5678202223
Russia,Soviet Union,T-72B,damaged,https://i.postimg.cc/h4Tfc6FP/6523.png,2022-04-13,5678,20223,3,7-5678202233
Russia,Soviet Union,T-72B,damaged,https://i.postimg.cc/ZKwvnxCF/65h.jpg,2022-05-14,5678,20254,3,7-5678202543
Russia,Soviet Union,T-72B,damaged,https://i.postimg.cc/wjfhLTQ3/4f9.jpg,2022-05-20,5678,20255,3,7-5678202553
Russia,Soviet Union,T-72B,damaged,https://i.postimg.cc/GhcpMPJj/53.jpg,2022-05-25,5678,20264,3,7-5678202643
Russia,Soviet Union,T-72B,damaged,https://twitter.com/UAWeapons/status/1542986188100886529,2022-07-02,5678,6665,3,7-567866653
Russia,Soviet Union,T-72B,damaged,https://i.postimg.cc/5091yjw5/1034.jpg,2022-07-05,5678,20277,3,7-5678202773
Russia,Soviet Union,T-72B,damaged,https://i.postimg.cc/kX0QbyD7/1008-t72b-capt.jpg,2022-09-30,5678,20325,3,7-5678203253
Russia,Soviet Union,T-72B,damaged,https://i.postimg.cc/W4xvnYDb/1010-t72b-capt-dam.jpg,2022-10-01,5678,20328,3,7-5678203283
Russia,Soviet Union,T-72B,damaged,https://i.postimg.cc/q7pDgNN0/1020-t72b-capt.jpg,2022-10-27,5678,20353,3,7-5678203533
Russia,Soviet Union,T-72B,damaged,https://twitter.com/UAWeapons/status/1590375007930417152,2022-11-10,5678,4720,3,7-567847203
Russia,Soviet Union,T-72B,damaged,https://twitter.com/UAWeapons/status/1603161153965854724,2022-12-17,5678,20370,3,7-5678203703
Russia,Soviet Union,T-72B,damaged,https://twitter.com/UAWeapons/status/1622325275856977922,2023-02-07,5678,10751,3,7-5678107513
Russia,Soviet Union,T-72B,damaged,https://i.postimg.cc/x8F1k5zb/1102-t72b-dam-aband-06-02-23.jpg,2023-02-12,5678,20386,3,7-5678203863
Russia,Soviet Union,T-72B,damaged,https://i.postimg.cc/pLvwFKqy/1009-1x-t72b-1x-t72-A-dam-aband-07-02-23.jpg,2023-02-12,5678,20114,3,7-5678201143
Russia,Soviet Union,T-72B,damaged,https://twitter.com/UAWeapons/status/1625086988779937792,2023-02-15,5678,20388,3,7-5678203883
Russia,Soviet Union,T-72B,damaged,https://i.postimg.cc/cHTsbjB9/1022-t72b-dam-17-02-23.jpg,2023-02-18,5678,20389,3,7-5678203893
Russia,Soviet Union,T-72B,damaged,https://i.postimg.cc/cJtsgPrD/44315.png,2023-03-28,5678,20407,3,7-5678204073
Russia,Soviet Union,T-72B,damaged,https://i.postimg.cc/LsSffzyT/1009-t72b-dam-01-05-23.jpg,2023-05-06,5678,20417,3,7-5678204173
Russia,Soviet Union,T-72B,damaged,https://i.postimg.cc/Z56HZ0Q8/1008-72-B-dam-aband-03-07-23.jpg,2023-07-07,5678,20437,3,7-5678204373
Russia,Soviet Union,T-72B,damaged,https://i.postimg.cc/4Nd157zz/1036-t72b-dam-aband-03-07-23.jpg,2023-07-14,5678,20438,3,7-5678204383
Russia,Soviet Union,T-72B,damaged,https://twitter.com/UAWeapons/status/1689240998394671104,2023-08-12,5678,20449,3,7-5678204493
Russia,Soviet Union,T-72B,damaged,https://i.postimg.cc/sDWVkfG0/4477.png,2023-08-30,5678,20455,3,7-5678204553
Russia,Soviet Union,T-72B,damaged,https://i.postimg.cc/KvgcN12R/3786.png,2023-09-11,5678,20456,3,7-5678204563
Russia,Soviet Union,T-72B,damaged,https://i.postimg.cc/X7jJqvZ8/276.png,2023-09-18,5678,20457,3,7-5678204573
Russia,Soviet Union,T-72B,damaged,https://i.postimg.cc/g0Yb6Wrd/1043-t72b-dam-aband-18-10-23.jpg,2023-10-22,5678,20464,3,7-5678204643
Russia,Soviet Union,T-72B,damaged,https://i.postimg.cc/Dyzd0W42/1016-64-BV-and-72-B-dam-aband-19-10-23.jpg,2023-11-06,5678,10816,3,7-5678108163
Russia,Soviet Union,T-72B,damaged,https://i.postimg.cc/65GVwDNJ/1015-t72b-dam-aband-14-11-23.jpg,2023-11-20,5678,20470,3,7-5678204703
Russia,Soviet Union,T-72B,damaged,https://i.postimg.cc/9fyqRdFK/1053-t72b-dam-aband-09-10-23.jpg,2023-12-13,5678,20479,3,7-5678204793
Russia,Soviet Union,T-72B,damaged,https://i.postimg.cc/Mp66rkwF/1030-T-72-B-dam-aband-18-05-23.jpg,2024-01-27,5678,20492,3,7-5678204923
Russia,Soviet Union,T-72B,damaged,https://twitter.com/RALee85/status/1753497089315631540,2024-02-09,5678,20499,3,7-5678204993
Russia,Soviet Union,T-72B,damaged,https://i.postimg.cc/nhfVyF6d/1035-T-72-B-dam-aband-12-02-24.jpg,2024-02-15,5678,20500,3,7-5678205003
Russia,Soviet Union,T-72B,damaged,https://i.postimg.cc/3wCwjqd4/1052-T-72-B-dam-aband-21-02-24.jpg,2024-02-23,5678,20504,3,7-5678205043
Russia,Soviet Union,T-72B,damaged,https://i.postimg.cc/L5gPDP2b/1035-T-72-B-dam-22-03-24.jpg,2024-04-08,5678,20511,3,7-5678205113
Russia,Soviet Union,T-72B,damaged,https://i.postimg.cc/VL5mjYBJ/1008-T-72-B-dam-aband-08-03-24.jpg,2024-04-08,5678,20512,3,7-5678205123
Russia,Soviet Union,T-72B,damaged,https://i.postimg.cc/rpj7DF9F/1112-1x-destr-1x-dam-aband-T72-B-20-03-24.jpg,2024-04-08,5678,20509,3,7-5678205093
Russia,Soviet Union,T-72B,damaged,https://i.postimg.cc/JnyR6GT5/1019-t72b-dam-aband-20-10-23.jpg,2024-04-08,5678,20513,3,7-5678205133
Russia,Soviet Union,T-72B,damaged,https://i.postimg.cc/YCxrPMxf/1044-T-72-B-dam-aband-24-03-24.jpg,2024-04-08,5678,20514,3,7-5678205143
Russia,Soviet Union,T-72B,damaged,https://i.postimg.cc/fycZdT0R/1010-T-72-B-dam-aband-30-05-24.jpg,2024-06-06,5678,20531,3,7-5678205313
Russia,Soviet Union,T-72B,damaged,https://i.postimg.cc/sf63sZGg/1022-T-72-B-dam-aband-18-06-24.jpg,2024-06-20,5678,20537,3,7-5678205373
Russia,Russia,T-72B Obr. 1989,damaged,https://i.postimg.cc/Sx58mgzj/480.png,2022-03-19,5679,20567,3,7-5679205673
Russia,Russia,T-72B Obr. 1989,damaged,https://i.postimg.cc/9XgKbxBF/8.jpg,2022-03-26,5679,20575,3,7-5679205753
Russia,Russia,T-72B Obr. 1989,damaged,https://i.postimg.cc/KcW6QX5W/652.png,2022-04-04,5679,20592,3,7-5679205923
Russia,Russia,T-72B Obr. 1989,damaged,https://i.postimg.cc/K8GWjV0y/257.png,2022-04-13,5679,20605,3,7-5679206053
Russia,Soviet Union,T-72B Obr. 1989,damaged,https://twitter.com/UAWeapons/status/1557305465687744512,2022-08-13,5679,20630,3,7-5679206303
Russia,Soviet Union,T-72B Obr. 1989,damaged,https://i.postimg.cc/FKkTr3Rw/1005-t72-B-1989.jpg,2022-09-10,5679,20639,3,7-5679206393
Russia,Russia,T-72B Obr. 2022,damaged,https://i.postimg.cc/K8KNkcMC/3260.png,2023-09-28,5680,20645,3,7-5680206453
Russia,Russia,T-72B Obr. 2022,damaged,https://i.postimg.cc/8cqxMB2V/1051-2x-t72b-obr2022-1x-destr-1x-dam-aband-03-10-23.jpg,2023-10-05,5680,20648,3,7-5680206483
Russia,Russia,T-72B Obr. 2022,damaged,https://i.postimg.cc/ht06Mm8p/1041-t72b-obr2022-dam-08-10-23.jpg,2023-10-09,5680,20652,3,7-5680206523
Russia,Russia,T-72B Obr. 2022,damaged,https://i.postimg.cc/cC9D67N1/1032-T-72-B-Obr-2022-dam-aband-11-10-23.jpg,2023-10-12,5680,20653,3,7-5680206533
Russia,Russia,T-72B Obr. 2022,damaged,https://i.postimg.cc/J0s6fHbS/1341-t72b-obr2022-dam-08-10-23.jpg,2023-10-15,5680,20654,3,7-5680206543
Russia,Russia,T-72B Obr. 2022,damaged,https://i.postimg.cc/2Sr4scV3/1049-1x-destr-1x-aband-t72b-obr-2022-1x-unkn-t72-dam-aband-1x-bmp1-destr-2x-bmp2-destr.jpg,2023-10-22,5680,595,3,7-56805953
Russia,Russia,T-72B Obr. 2022,damaged,https://i.postimg.cc/s2WJztQ7/1014-t72bobr2022-dam-aband-02-11-23.jpg,2023-11-06,5680,20657,3,7-5680206573
Russia,Russia,T-72B Obr. 2022,damaged,https://i.postimg.cc/MG11NVNY/1017-t72bobr2022-dam-aband.jpg,2023-11-06,5680,20658,3,7-5680206583
Russia,Russia,T-72B Obr. 2022,damaged,https://i.postimg.cc/k4cKX9n6/1032-t72bobr2022-and-3x-mtlb-dam-aband-05-11-23.jpg,2023-11-06,5680,17918,3,7-5680179183
Russia,Russia,T-72B Obr. 2022,damaged,https://i.postimg.cc/6q6vxVp5/1038-2x-t72b-obr2022-dam-aband-08-11-23.jpg,2023-11-10,5680,20659,3,7-5680206593
Russia,Russia,T-72B Obr. 2022,damaged,https://i.postimg.cc/Z5zfqJdd/1020-t72b-obr2022-dam-aband-12-11-23.jpg,2023-11-14,5680,20661,3,7-5680206613
Russia,Russia,T-72B Obr. 2022,damaged,https://i.postimg.cc/1tt6ddKd/1026-t72b-obr-2022-dam-aband-16-11-23.jpg,2023-11-20,5680,20663,3,7-5680206633
Russia,Russia,T-72B Obr. 2022,damaged,https://i.postimg.cc/02qfsMLR/1020-t72b-2022-dam-aband-09-12-23.jpg,2023-12-10,5680,20667,3,7-5680206673
Russia,Russia,T-72B Obr. 2022,damaged,https://i.postimg.cc/ZKFLKYS9/1021-t72b-2022-dam-aband-09-12-23.jpg,2023-12-10,5680,20668,3,7-5680206683
Russia,Russia,T-72B Obr. 2022,damaged,https://i.postimg.cc/rswdP7C2/1046-t72b-2022-dam-aband-19-10-23.jpg,2023-12-13,5680,20671,3,7-5680206713
Russia,Russia,T-72B Obr. 2022,damaged,https://i.postimg.cc/5y4vMXJG/1006-T-72-B-Obr-2022-dam-aband-04-12-23.jpg,2023-12-13,5680,20672,3,7-5680206723
Russia,Russia,T-72B Obr. 2022,damaged,https://i.postimg.cc/MTbR4yCV/1007-T-72-B-Obr-2022-dam-aband-04-12-23.jpg,2023-12-13,5680,20673,3,7-5680206733
Russia,Russia,T-72B Obr. 2022,damaged,https://i.postimg.cc/pLJsYp99/1022-t72b-obr2022-dam-aband-22-12-23.jpg,2024-01-09,5680,20684,3,7-5680206843
Russia,Russia,T-72B Obr. 2022,damaged,https://i.postimg.cc/vHsgCptG/1001-t72b-2022-dam-aband-12-10-23.jpg,2024-01-09,5680,20687,3,7-5680206873
Russia,Russia,T-72B Obr. 2022,damaged,https://i.postimg.cc/W1PcNM4v/1030-t72b2022-dam-aband-21-01-24.jpg,2024-01-30,5680,20699,3,7-5680206993
Russia,Russia,T-72B Obr. 2022,damaged,https://i.postimg.cc/R0kZZGx8/1005-t72b2022-dam-aband-27-01-24.jpg,2024-02-09,5680,20701,3,7-5680207013
Russia,Russia,T-72B Obr. 2022,damaged,https://i.postimg.cc/j2st6n11/1015-t72b2022-dam-aband-02-02-24.jpg,2024-02-09,5680,20702,3,7-5680207023
Russia,Russia,T-72B Obr. 2022,damaged,https://i.postimg.cc/sx39qkL7/1015-T-72-B-Obr2022-dam-aband-27-12-23.jpg,2024-02-09,5680,20703,3,7-5680207033
Russia,Russia,T-72B Obr. 2022,damaged,https://i.postimg.cc/Jn7Tp8sg/1025-t72b2022-dam-aband-02-02-24.jpg,2024-02-28,5680,20707,3,7-5680207073
Russia,Russia,T-72B Obr. 2022,damaged,https://i.postimg.cc/zv3Swpc4/1019-T-72-B-Obr2022-dam-16-03-24.jpg,2024-04-08,5680,20719,3,7-5680207193
Russia,Russia,T-72B Obr. 2022,damaged,https://i.postimg.cc/fR45swR1/1104-t72bobr2022-dam-aband-02-04-24.jpg,2024-04-08,5680,20720,3,7-5680207203
Russia,Russia,T-72B Obr. 2022,damaged,https://i.postimg.cc/xT7txnvD/1023-t72b-obr2022-dam-aband-21-01-24.jpg,2024-04-11,5680,20726,3,7-5680207263
Russia,Russia,T-72B Obr. 2022,damaged,https://i.postimg.cc/3rnjk1J2/1055-T-72-B-Obr-2022-dam-aband-14-04-24.jpg,2024-04-21,5680,20728,3,7-5680207283
Russia,Russia,T-72B Obr. 2022,damaged,https://i.postimg.cc/SKRSq6Zy/1010-t72b-obr2022-dam-aband-20-04-24.jpg,2024-04-24,5680,20730,3,7-5680207303
Russia,Russia,T-72B Obr. 2022,damaged,https://i.postimg.cc/Y9wmq894/1012-t72b-obr2022-dam-aband-12-05-24.jpg,2024-05-15,5680,20736,3,7-5680207363
Russia,Russia,T-72B Obr. 2022,damaged,https://i.postimg.cc/XvN3bSqy/1012-t72b-obr2022-dam-aband-27-07-24.jpg,2024-07-30,5680,20752,3,7-5680207523
Russia,Russia,T-72B Obr. 2022,damaged,https://i.postimg.cc/L8p2xZMD/1013-t72b-obr2022-dam-aband-27-07-24.jpg,2024-07-30,5680,20753,3,7-5680207533
Russia,Russia,T-72B Obr. 2022,damaged,https://i.postimg.cc/HLDgTYLy/1007-T-72-B-Obr-2022-dam-aband-14-01-25.jpg,2025-01-22,5680,20791,3,7-5680207913
Russia,Russia,T-72B Obr. 2022,damaged,https://i.postimg.cc/dVyFh1wN/1025-T-72-Obr-2022-dam-aband-27-04-24.jpg,2025-05-30,5680,20813,3,7-5680208133
Russia,Russia,T-72B Obr. 2022,damaged,https://i.postimg.cc/xCZbFKqS/1082-T-72-Obr-2022-dam-aband-12-03-24.jpg,2025-05-30,5680,20814,3,7-5680208143
Russia,Russia,T-72B3,damaged,https://i.postimg.cc/zfTsVnsF/579.png,2022-03-19,5681,20831,3,7-5681208313
Russia,Russia,T-72B3,damaged,https://i.postimg.cc/X7MPs1gM/180.png,2022-03-26,5681,20849,3,7-5681208493
Russia,Russia,T-72B3,damaged,https://twitter.com/UAWeapons/status/1508078103016488963,2022-03-27,5681,20856,3,7-5681208563
Russia,Russia,T-72B3,damaged,https://i.postimg.cc/RZC1jkQd/3188.jpg,2022-03-29,5681,20862,3,7-5681208623
Russia,Russia,T-72B3,damaged,https://twitter.com/UAWeapons/status/1516860518870523905,2022-04-20,5681,20914,3,7-5681209143
Russia,Russia,T-72B3,damaged,https://i.postimg.cc/q7s3JVng/c7.jpg,2022-05-14,5681,20940,3,7-5681209403
Russia,Russia,T-72B3,damaged,https://i.postimg.cc/xjhn41wr/68.jpg,2022-05-20,5681,20942,3,7-5681209423
Russia,Russia,T-72B3,damaged,https://i.postimg.cc/Qtf6spC1/4ff.png,2022-05-25,5681,20953,3,7-5681209533
Russia,Russia,T-72B3,damaged,https://twitter.com/RALee85/status/1544016163801387009,2022-07-05,5681,16030,3,7-5681160303
Russia,Russia,T-72B3,damaged,https://twitter.com/UAWeapons/status/1547277890483519488,2022-07-14,5681,20968,3,7-5681209683
Russia,Russia,T-72B3,damaged,https://twitter.com/UAWeapons/status/1554422066358648832,2022-08-04,5681,20977,3,7-5681209773
Russia,Russia,T-72B3,damaged,https://twitter.com/RALee85/status/1562323160523046912,2022-08-30,5681,20986,3,7-5681209863
Russia,Russia,T-72B3,damaged,https://i.postimg.cc/FRchYQZY/1048-t72b3.jpg,2022-09-08,5681,20993,3,7-5681209933
Russia,Russia,T-72B3,damaged,https://i.postimg.cc/cJ7JnbbS/1002-t72b3.jpg,2022-09-10,5681,20997,3,7-5681209973
Russia,Russia,T-72B3,damaged,https://twitter.com/RALee85/status/1568608823421865985,2022-09-11,5681,21002,3,7-5681210023
Russia,Russia,T-72B3,damaged,https://i.postimg.cc/Xqf7LzV9/1004-t72b3.jpg,2022-09-16,5681,21013,3,7-5681210133
Russia,Russia,T-72B3,damaged,https://twitter.com/UAWeapons/status/1573696104432111616,2022-09-25,5681,21026,3,7-5681210263
Russia,Russia,T-72B3,damaged,https://twitter.com/UAWeapons/status/1575452097469943818,2022-09-30,5681,21031,3,7-5681210313
Russia,Russia,T-72B3 Obr. 2016,damaged,https://i.postimg.cc/9Mhg9B0b/4g2.png,2022-03-19,5682,21073,3,7-5682210733
Russia,Russia,T-72B3 Obr. 2016,damaged,https://i.postimg.cc/yNv6K4zM/468.png,2022-03-26,5682,21110,3,7-5682211103
Russia,Russia,T-72B3 Obr. 2016,damaged,https://i.postimg.cc/6Qf1vBC4/6h.png,2022-04-24,5682,21139,3,7-5682211393
Russia,Russia,T-72B3 Obr. 2016,damaged,https://i.postimg.cc/xdmnzGq2/d15.jpg,2022-05-06,5682,21142,3,7-5682211423
Russia,Russia,T-72B3 Obr. 2016,damaged,https://i.postimg.cc/g2BDpPHM/f4.jpg,2022-05-08,5682,21144,3,7-5682211443
Russia,Russia,T-72B3 Obr. 2016,damaged,https://i.postimg.cc/D02TR7J0/43g.png,2022-05-08,5682,21145,3,7-5682211453
Russia,Russia,T-72B3 Obr. 2016,damaged,https://postimg.cc/dhZdrR3R,2022-05-21,5682,21152,3,7-5682211523
Russia,Russia,T-72B3 Obr. 2016,damaged,https://i.postimg.cc/jdfBfJPd/d10.jpg,2022-06-26,5682,21156,3,7-5682211563
Russia,Russia,T-72B3 Obr. 2016,damaged,https://twitter.com/UAWeapons/status/1545125402074562563,2022-07-08,5682,21161,3,7-5682211613
Russia,Russia,T-72B3 Obr. 2016,damaged,https://i.postimg.cc/Njj1wvgY/1000.jpg,2022-07-16,5682,21162,3,7-5682211623
Russia,Russia,T-72B3 Obr. 2016,damaged,https://i.postimg.cc/jjFPM35F/1007-t72b3-2016.jpg,2022-08-04,5682,21168,3,7-5682211683
Russia,Russia,T-72B3 Obr. 2016,damaged,https://twitter.com/UAWeapons/status/1553999219156983808,2022-08-04,5682,21169,3,7-5682211693
Russia,Russia,T-72B3 Obr. 2016,damaged,https://i.postimg.cc/Mpq5qdBh/1000.jpg,2022-08-09,5682,21170,3,7-5682211703
Russia,Russia,T-72B3 Obr. 2016,damaged,https://i.postimg.cc/ydXZ0pTM/1005-t72b3-2016.jpg,2022-08-30,5682,21179,3,7-5682211793
Russia,Russia,T-72B3 Obr. 2016,damaged,https://twitter.com/UAWeapons/status/1568967168473157632,2022-09-12,5682,21192,3,7-5682211923
Russia,Russia,T-72B3 Obr. 2016,damaged,https://i.postimg.cc/qvx7wTGb/1500-t72b3m-destr.jpg,2022-10-20,5682,21227,3,7-5682212273
Russia,Russia,T-72B3 Obr. 2016,damaged,https://i.postimg.cc/HnHqRR38/1007-t72b3m-dam-capt.jpg,2022-10-24,5682,21231,3,7-5682212313
Russia,Russia,T-72B3 Obr. 2016,damaged,https://i.postimg.cc/3rP3s81r/1006-t72b3m-dam.jpg,2022-11-02,5682,21236,3,7-5682212363
Russia,Russia,T-72B3 Obr. 2016,damaged,https://twitter.com/UAWeapons/status/1591702182629343232,2022-11-14,5682,21242,3,7-5682212423
Russia,Russia,T-72B3 Obr. 2016,damaged,https://i.postimg.cc/QxBc410X/1001-t72b3m-dam.jpg,2022-11-18,5682,21244,3,7-5682212443
Russia,Russia,T-72B3 Obr. 2016,damaged,https://i.postimg.cc/cJHYN7ns/329.png,2023-04-12,5682,21286,3,7-5682212863
Russia,Russia,T-72B3 Obr. 2016,damaged,https://i.postimg.cc/YqDks9dS/6j.png,2023-04-16,5682,21291,3,7-5682212913
Russia,Russia,T-72B3 Obr. 2016,damaged,https://i.postimg.cc/h40Y5VnK/1004-t72b3m-dam-29-07-23.jpg,2023-07-31,5682,21311,3,7-5682213113
Russia,Russia,T-72B3 Obr. 2016,damaged,https://i.postimg.cc/C5StSnj9/1009-72-B3-M-dam-aband-02-08-23.jpg,2023-08-06,5682,21314,3,7-5682213143
Russia,Russia,T-72B3 Obr. 2016,damaged,https://i.postimg.cc/sXqKsJX1/24.png,2023-09-02,5682,21318,3,7-5682213183
Russia,Russia,T-72B3 Obr. 2016,damaged,https://i.postimg.cc/7PMDzsJm/1018-t72b3-obr2016-dam-12-10-23.jpg,2023-12-01,5682,21337,3,7-5682213373
Russia,Russia,T-72B3 Obr. 2016,damaged,https://twitter.com/Danspiun/status/1732362719292964890,2023-12-08,5682,21340,3,7-5682213403
Russia,Russia,T-72B3 Obr. 2016,damaged,https://i.postimg.cc/6302zBZh/1034-t72b3-2016-dam-aband-22-10-23.jpg,2023-12-13,5682,21341,3,7-5682213413
Russia,Russia,T-72B3 Obr. 2016,damaged,https://i.postimg.cc/SQgYMNkS/1055-t72b3-2016-dam-aband-10-10-23.jpg,2023-12-13,5682,21342,3,7-5682213423
Russia,Russia,T-72B3 Obr. 2016,damaged,https://i.postimg.cc/pLKD3X34/1030-T-72-B3-Obr-2016-dam-04-12-23.jpg,2024-01-19,5682,21351,3,7-5682213513
Russia,Russia,T-72B3 Obr. 2016,damaged,https://i.postimg.cc/fyXbjm8t/1002-T-72-B3-Obr-2016-dam-capt-04-10-22.jpg,2024-05-24,5682,21369,3,7-5682213693
Russia,Russia,T-72B3 Obr. 2016,damaged,https://i.postimg.cc/6ps7W6LM/1002-T-72-B3-Obr-2016-dam-03-06-24.jpg,2024-06-09,5682,21370,3,7-5682213703
Russia,Russia,T-72B3 Obr. 2016,damaged,https://i.postimg.cc/DzyS183d/1011-T-72-B3-Obr-2016-capt-30-09-22.jpg,2024-08-03,5682,21377,3,7-5682213773
Russia,Russia,T-72B3 Obr. 2022,damaged,https://i.postimg.cc/SKyVKtMG/1001-T-72-B-Obr-2022-destr-2x-T-72-B3-Obr-2022-dam-aband-05-10-23.png,2023-10-09,5683,20651,3,7-5683206513
Russia,Russia,T-72B3 Obr. 2022,damaged,https://i.postimg.cc/Bvs4cFYr/1012-t72b3-obr2022-dam-aband-20-10-23.jpg,2023-10-22,5683,21402,3,7-5683214023
Russia,Russia,T-72B3 Obr. 2022,damaged,https://i.postimg.cc/zGHQdsdB/1003-T-72-B3-obr-2022-dam-aband-01-11-23.jpg,2023-11-02,5683,21405,3,7-5683214053
Russia,Russia,T-72B3 Obr. 2022,damaged,https://i.postimg.cc/XJ5qz8ZZ/1038-t72b3-2022-dam-aband-28-12-23.jpg,2024-01-09,5683,21413,3,7-5683214133
Russia,Russia,T-72B3 Obr. 2022,damaged,https://i.postimg.cc/hvNJtsdf/1030-T-72-B3-Obr-2022-dam-aband-21-01-24.jpg,2024-01-24,5683,21414,3,7-5683214143
Russia,Russia,T-72B3 Obr. 2022,damaged,https://i.postimg.cc/jjsxj8qP/1004-T-72-B3-Obr2022-dam-aband-09-02-24.jpg,2024-02-15,5683,21416,3,7-5683214163
Russia,Russia,T-72B3 Obr. 2022,damaged,https://i.postimg.cc/qBYvGXQH/1015-T-72-B3-Obr2022-dam-aband-08-02-24.jpg,2024-02-15,5683,21417,3,7-5683214173
Russia,Russia,T-72B3 Obr. 2022,damaged,https://i.postimg.cc/59kFRHvf/1060-t72b3obr2022-dam-05-04-24.jpg,2024-04-08,5683,21424,3,7-5683214243
Russia,Russia,T-72B3 Obr. 2022,damaged,https://i.postimg.cc/T1gvLpcf/1060-T72-B3-Obr2022-dam-aband-13-04-24.jpg,2024-04-14,5683,21428,3,7-5683214283
Russia,Russia,T-72B3 Obr. 2022,damaged,https://i.postimg.cc/RZKcVt4V/1034-T72-B3-Obr2022-dam-aband-24-04-24.jpg,2024-04-27,5683,21432,3,7-5683214323
Russia,Russia,T-72B3 Obr. 2022,damaged,https://i.postimg.cc/C1XGsbvH/1027-T-72-B3-Obr-2022-dam-aband-30-06-24.jpg,2024-07-03,5683,21441,3,7-5683214413
Russia,Russia,T-72B3 Obr. 2022,damaged,https://i.postimg.cc/2j1B4x7v/1032-T-72-B3-Obr-2022-dam-aband-13-11-24.jpg,2024-11-17,5683,21458,3,7-5683214583
Russia,Russia,T-72B3 Obr. 2022,damaged,https://i.postimg.cc/tCH2JBfZ/1018-T-72-B3-Obr-2022-dam-aband-04-11-24.jpg,2025-06-01,5683,21485,3,7-5683214853
Russia,Soviet Union,T-80BV,damaged,https://i.postimg.cc/SxGZX1Gg/d14.jpg,2022-04-23,5685,21516,3,7-5685215163
Russia,Soviet Union,T-80BV,damaged,https://i.postimg.cc/mhf9VRT7/d12.jpg,2022-04-23,5685,21517,3,7-5685215173
Russia,Soviet Union,T-80BV,damaged,https://i.postimg.cc/T2yHk9RP/d13.jpg,2022-04-23,5685,21518,3,7-5685215183
Russia,Soviet Union,T-80BV,damaged,https://i.postimg.cc/hv8ShJDX/97.png,2022-05-21,5685,21527,3,7-5685215273
Russia,Soviet Union,T-80BV,damaged,https://twitter.com/UAWeapons/status/1541017371116281856,2022-06-29,5685,21537,3,7-5685215373
Russia,Soviet Union,T-80BV,damaged,https://i.postimg.cc/8zDZ4M2t/1000-T-80-BV-Dam-Aband-05-10-23.jpg,2023-10-09,5685,21561,3,7-5685215613
Russia,Soviet Union,T-80BV,damaged,https://i.postimg.cc/fWBqHs04/1025-t80bv-dam-02-10-23.jpg,2023-10-12,5685,21562,3,7-5685215623
Russia,Soviet Union,T-80BV,damaged,https://i.postimg.cc/0NJwCwCK/1010-t80bv-dam-12-10-23.jpg,2023-10-18,5685,21567,3,7-5685215673
Russia,Soviet Union,T-80BV,damaged,https://i.postimg.cc/50gJPcHx/1019-mtlb-destr-t80bv-dam-aband-22-10-23.jpg,2023-10-26,5685,17900,3,7-5685179003
Russia,Soviet Union,T-80BV,damaged,https://i.postimg.cc/qMzDqfHL/1034-1x-t72b3-1x-t80bv-2x-unkn-tank-destr-1x-t80bv-aband-31-10-23.jpg,2023-11-02,5685,6417,3,7-568564173
Russia,Soviet Union,T-80BV,damaged,https://i.postimg.cc/kGjHZq3V/1018-2x-t80bv-1x-destr-1x-dam-aband-31-10-23.jpg,2023-11-02,5685,21573,3,7-5685215733
Russia,Soviet Union,T-80BV,damaged,https://i.postimg.cc/9QsZwqJJ/1001-2x-t80bv-dam-aband-06-11-23.jpg,2023-11-10,5685,21579,3,7-5685215793
Russia,Soviet Union,T-80BV,damaged,https://i.postimg.cc/vTCWfvfN/1016-t80bv-dam-aband-14-11-23.jpg,2023-11-20,5685,21586,3,7-5685215863
Russia,Soviet Union,T-80BV,damaged,https://i.postimg.cc/Mp7yfVT9/1019-2x-t80bv-dam-aband-16-11-23.jpg,2023-11-20,5685,21587,3,7-5685215873
Russia,Soviet Union,T-80BV,damaged,https://i.postimg.cc/R05Nt6HJ/1012-t80bv-dam-aabnd-28-11-23.jpg,2023-12-13,5685,21596,3,7-5685215963
Russia,Soviet Union,T-80BV,damaged,https://i.postimg.cc/Yq8R1McH/1047-1x-t80bv-dam-aband-14-12-23.jpg,2023-12-17,5685,21602,3,7-5685216023
Russia,Soviet Union,T-80BV,damaged,https://i.postimg.cc/kg1jd9wc/1022-t80bv-aband-13-12-23.jpg,2023-12-17,5685,21604,3,7-5685216043
Russia,Soviet Union,T-80BV,damaged,https://i.postimg.cc/6pZ960W4/1013-t80bv-dam-19-10-23.jpg,2024-01-09,5685,21626,3,7-5685216263
Russia,Soviet Union,T-80BV,damaged,https://i.postimg.cc/zX7B63fk/1028-t80bv-dam-aband-21-12-23.jpg,2024-01-09,5685,21630,3,7-5685216303
Russia,Soviet Union,T-80BV,damaged,https://i.postimg.cc/mrttQRBy/1025-t80bv-dam-aband-21-12-23.jpg,2024-01-09,5685,21631,3,7-5685216313
Russia,Soviet Union,T-80BV,damaged,https://i.postimg.cc/brjrctbm/1026-t80bv-dam-aband-21-12-23.jpg,2024-01-09,5685,21632,3,7-5685216323
Russia,Soviet Union,T-80BV,damaged,https://i.postimg.cc/05bWFf6q/1042-t80bv-fam-aband-20-08-23.jpg,2024-01-09,5685,21633,3,7-5685216333
Russia,Soviet Union,T-80BV,damaged,https://i.postimg.cc/Bn1KSsL2/1004-t80bv-dam-aband-04-01-24.jpg,2024-01-09,5685,21635,3,7-5685216353
Russia,Soviet Union,T-80BV,damaged,https://i.postimg.cc/sD8gpkjX/1028-t80bv-dam-aband-17-01-24.jpg,2024-01-21,5685,21640,3,7-5685216403
Russia,Soviet Union,T-80BV,damaged,https://i.postimg.cc/RCgF032w/1027-t80bv-dam-aband-17-01-24.jpg,2024-01-21,5685,21641,3,7-5685216413
Russia,Soviet Union,T-80BV,damaged,https://i.postimg.cc/pLbhN0vS/1038-T-80-BV-dam-aband-20-01-24.jpg,2024-01-24,5685,21645,3,7-5685216453
Russia,Soviet Union,T-80BV,damaged,https://i.postimg.cc/3w9dvYGM/1049-t80bv-dam-aband-21-01-24.jpg,2024-01-24,5685,21646,3,7-5685216463
Russia,Soviet Union,T-80BV,damaged,https://i.postimg.cc/nhwrH2Wh/1006-t80bv-dam-aband-30-01-24.jpg,2024-02-09,5685,21660,3,7-5685216603
Russia,Soviet Union,T-80BV,damaged,https://i.postimg.cc/XY3Btwb0/1061-T-80-BV-dam-aband-06-02-24.jpg,2024-02-09,5685,21662,3,7-5685216623
Russia,Soviet Union,T-80BV,damaged,https://i.postimg.cc/fTY0H81K/1062-T-80-BV-dam-aband-06-02-24.jpg,2024-02-09,5685,21664,3,7-5685216643
Russia,Soviet Union,T-80BV,damaged,https://twitter.com/Danspiun/status/1758089677637083437,2024-02-18,5685,18068,3,7-5685180683
Russia,Soviet Union,T-80BV,damaged,https://i.postimg.cc/kGnvf6Rs/1031-t80bv-dam-12-02-23.jpg,2024-02-18,5685,21669,3,7-5685216693
Russia,Soviet Union,T-80BV,damaged,https://i.postimg.cc/8c5932Vx/1022-2x-t80bv-and-unkn-tank-dam-aband-17-02-24.jpg,2024-02-18,5685,6908,3,7-568569083
Russia,Soviet Union,T-80BV,damaged,https://i.postimg.cc/MKXxKrgt/1000-t80bv-dam-aband-28-12-23.jpg,2024-02-18,5685,21670,3,7-5685216703
Russia,Soviet Union,T-80BV,damaged,https://i.postimg.cc/2SgtZfW3/1029-t80bv-dam-aband-15-02-24.jpg,2024-02-21,5685,21673,3,7-5685216733
Russia,Soviet Union,T-80BV,damaged,https://i.postimg.cc/59qT3bnJ/1036-T-80-BV-dam-06-03-24.jpg,2024-04-08,5685,21714,3,7-5685217143
Russia,Soviet Union,T-80BV,damaged,https://i.postimg.cc/4NW0DPDF/1012-T-80-BV-dam-aband-05-03-24.jpg,2024-04-08,5685,21715,3,7-5685217153
Russia,Soviet Union,T-80BV,damaged,https://i.postimg.cc/ZK37KBpH/1037-T-80-BV-dam-aband-22-03-24.jpg,2024-04-08,5685,21716,3,7-5685217163
Russia,Soviet Union,T-80BV,damaged,https://i.postimg.cc/fW0wNxKb/1083-t80bv-dam-aband-29-03-24.jpg,2024-04-08,5685,21717,3,7-5685217173
Russia,Soviet Union,T-80BV,damaged,https://i.postimg.cc/DwNjffth/1011-T-80-BV-dam-aband-02-04-24.jpg,2024-04-08,5685,21718,3,7-5685217183
Russia,Soviet Union,T-80BV,damaged,https://i.postimg.cc/q7yXgdz7/1033-T-80-BV-dam-aband-16-04-24.jpg,2024-04-21,5685,21730,3,7-5685217303
Russia,Soviet Union,T-80BV,damaged,https://i.postimg.cc/gjS31zBg/1032-T-80-BV-dam-aband-16-04-24.jpg,2024-04-21,5685,21731,3,7-5685217313
Russia,Soviet Union,T-80BV,damaged,https://i.postimg.cc/htJ0WmnT/1031-T-80-BV-dam-aband-16-04-24.jpg,2024-04-21,5685,21732,3,7-5685217323
Russia,Soviet Union,T-80BV,damaged,https://i.postimg.cc/rpqtVYfQ/1047-T-80-BV-dam-aband-06-02-24.jpg,2024-04-27,5685,21739,3,7-5685217393
Russia,Soviet Union,T-80BV,damaged,https://i.postimg.cc/rwV0VJVW/1027-T-80-BV-dam-aband-15-04-24.jpg,2024-05-12,5685,21749,3,7-5685217493
Russia,Soviet Union,T-80BV,damaged,https://i.postimg.cc/qv1tz3qF/1041-T-80-BV-dam-aband-08-05-24.jpg,2024-05-12,5685,21750,3,7-5685217503
Russia,Soviet Union,T-80BV,damaged,https://i.postimg.cc/cJmrh11q/1012-T-80-BV-dam-aband-02-04-24.jpg,2024-05-24,5685,21760,3,7-5685217603
Russia,Soviet Union,T-80BV,damaged,https://i.postimg.cc/PJg14pJt/1032-T-80-BV-dam-aband-26-05-24.jpg,2024-05-31,5685,21764,3,7-5685217643
Russia,Soviet Union,T-80BV,damaged,https://i.postimg.cc/CKX3nY66/1006-T-80-BV-dam-19-06-24.jpg,2024-06-24,5685,21780,3,7-5685217803
Russia,Soviet Union,T-80BV,damaged,https://i.postimg.cc/dQHm8j4H/1059-T-80-BV-dam-aband-14-07-24.jpg,2024-07-15,5685,21793,3,7-5685217933
Russia,Soviet Union,T-80BV,damaged,https://i.postimg.cc/CMmJcgL4/1040-T-80-BV-dam-aband-14-07-24.jpg,2024-07-15,5685,21794,3,7-5685217943
Russia,Soviet Union,T-80BV,damaged,https://i.postimg.cc/nzDsd1hv/1061-T-80-BV-dam-aband-29-02-24.jpg,2024-07-15,5685,21796,3,7-5685217963
Russia,Soviet Union,T-80BV,damaged,https://i.postimg.cc/bvGj8LhC/1056-T-80-BV-dam-aband-15-07-24.jpg,2024-07-18,5685,21798,3,7-5685217983
Russia,Soviet Union,T-80BV,damaged,https://i.postimg.cc/N0MqyZrc/1011-T-80-BV-dam-aband-10-09-24.jpg,2024-09-16,5685,21818,3,7-5685218183
Russia,Soviet Union,T-80BV,damaged,https://i.postimg.cc/dVNcntQJ/1241-T-80-BV-dam-aband-18-10-24.jpg,2024-10-22,5685,21839,3,7-5685218393
Russia,Soviet Union,T-80BV,damaged,https://i.postimg.cc/nVyFZPvm/1005-T-80-BV-dam-aband-09-01-25.jpg,2025-01-16,5685,21880,3,7-5685218803
Russia,Soviet Union,T-80BV,damaged,https://i.postimg.cc/8kJp2SrD/1006-T-80-BV-dam-aband-09-01-25.jpg,2025-01-16,5685,21881,3,7-5685218813
Russia,Soviet Union,T-80BV,damaged,https://i.postimg.cc/bYT08vck/1103-T-80-BV-dam-aband-30-05-24.jpg,2025-02-11,5685,21892,3,7-5685218923
Russia,Soviet Union,T-80BV,damaged,https://i.postimg.cc/pVcMk8d1/1028-T-80-BV-dam-aband-07-06-24.jpg,2025-05-30,5685,21921,3,7-5685219213
Russia,Russia,T-80BVM,damaged,https://i.postimg.cc/x8NN9ZJx/1000.jpg,2022-07-21,5686,21960,3,7-5686219603
Russia,Russia,T-80BVM,damaged,https://twitter.com/UAWeapons/status/1552708993830854657,2022-07-29,5686,21963,3,7-5686219633
Russia,Russia,T-80BVM Obr. 2022,damaged,https://twitter.com/UAWeapons/status/1712552062364561824,2023-10-14,5687,6185,3,7-568761853
Russia,Russia,T-80BVM Obr. 2022,damaged,https://i.postimg.cc/G3XMDk9p/1019-T-80-BVM-Obr2022-dam-aband-19-01-24.jpg,2024-04-11,5687,21973,3,7-5687219733
Russia,Russia,T-80BVM Obr. 2022,damaged,https://i.postimg.cc/DfJT5z04/1030-T-80-BVM-Obr-2022-dam-aband-06-06-24.jpg,2024-06-11,5687,21977,3,7-5687219773
Russia,Russia,T-80BVM Obr. 2022,damaged,https://i.postimg.cc/yd8vRPL1/1102-t80bvm-obr2022-dam-capt-23-06-24.jpg,2024-07-24,5687,21981,3,7-5687219813
Russia,Russia,T-80BVM Obr. 2022,damaged,https://i.postimg.cc/wBpQjyNv/1010-T-80-BVM-Obr-2022-dam-aband-11-09-24.jpg,2024-09-21,5687,21987,3,7-5687219873
Russia,Russia,T-80BVM Obr. 2022,damaged,https://i.postimg.cc/sDZckzr8/1066-T-80-BVM-Obr-2022-dam-aband-25-09-24.jpg,2024-09-29,5687,21989,3,7-5687219893
Russia,Russia,T-80BVM Obr. 2022,damaged,https://i.postimg.cc/yYtzgPV2/1106-T-80-BVM-Obr-2022-dam-aband-03-03-25.jpg,2025-03-20,5687,22012,3,7-5687220123
Russia,Russia,T-80BVM Obr. 2022,damaged,https://i.postimg.cc/YSV2cTMJ/1106-T-80-BVM-Obr-2022-dam-aband-21-01-25.jpg,2025-05-27,5687,22026,3,7-5687220263
Russia,Russia,T-80U,damaged,https://i.postimg.cc/Pf2gzrfP/f5.png,2022-03-19,5688,22050,3,7-5688220503
Russia,Russia,T-80U,damaged,https://i.postimg.cc/fbf34Qs1/331f.jpg,2022-03-26,5688,22070,3,7-5688220703
Russia,Russia,T-80U,damaged,https://i.postimg.cc/hjp2dxTq/53.png,2022-03-29,5688,22078,3,7-5688220783
Russia,Russia,T-80U,damaged,https://i.postimg.cc/vZ0cT4bY/47j.png,2022-04-09,5688,22082,3,7-5688220823
Russia,Russia,T-80U,damaged,https://i.postimg.cc/6QgyG7dv/1000-t80u.jpg,2022-08-08,5688,22116,3,7-5688221163
Russia,Russia,T-90A,damaged,https://i.postimg.cc/8kxTJ87j/1006-1x-t72b3-destr-1x-t90a-destr-09-02-23.jpg,2023-02-12,5693,6178,3,7-569361783
Russia,Russia,T-90A,damaged,https://i.postimg.cc/nzG3M4TJ/1047-t90a-dam-30-04-23.jpg,2023-06-23,5693,22168,3,7-5693221683
Russia,Russia,T-90A,damaged,https://i.postimg.cc/prcXc7Ks/1076-t90a-dam-aband-18-01-24.jpg,2024-01-21,5693,22171,3,7-5693221713
Russia,Russia,T-90A,damaged,https://i.postimg.cc/t4DTRpn1/1029-T-90-A-dam-aband-30-07-24.jpg,2024-08-03,5693,22179,3,7-5693221793
Russia,Russia,T-90M,damaged,https://i.postimg.cc/XqwfQ1XR/245.png,2023-09-20,5694,22189,3,7-5694221893
Russia,Russia,T-90M,damaged,https://i.postimg.cc/Y9D5qw80/1050-t90m-dam-aband-03-10-23.jpg,2023-10-05,5694,22193,3,7-5694221933
Russia,Russia,T-90M,damaged,https://i.postimg.cc/W4X8q6mc/1000-T-90-M-dam-aband-05-10-23.png,2023-10-09,5694,22197,3,7-5694221973
Russia,Russia,T-90M,damaged,https://i.postimg.cc/kGsz7H0t/1012-t90m-dam-aband-23-10-23.jpg,2023-10-28,5694,22199,3,7-5694221993
Russia,Russia,T-90M,damaged,https://i.postimg.cc/y6cX9jwb/1013-t90m-dam-aband-18-11-23.jpg,2023-11-20,5694,22202,3,7-5694222023
Russia,Russia,T-90M,damaged,https://i.postimg.cc/mrbNNJsV/1043-t90m-dam-06-11-23.jpg,2024-01-09,5694,22206,3,7-5694222063
Russia,Russia,T-90M,damaged,https://i.postimg.cc/vB0KwK0P/1308-t90m-dam-aband-24-12-23.jpg,2024-01-09,5694,22207,3,7-5694222073
Russia,Russia,T-90M,damaged,https://i.postimg.cc/PxCmFqFr/1029-t90m-dam-09-01-24.jpg,2024-01-19,5694,22209,3,7-5694222093
Russia,Russia,T-90M,damaged,https://i.postimg.cc/9Xqddr7L/1044-t90m-dam-aband-12-01-24.jpg,2024-01-19,5694,22210,3,7-5694222103
Russia,Russia,T-90M,damaged,https://i.postimg.cc/SKmnRJJ7/1040-T-90-M-dam-17-01-24.jpg,2024-01-24,5694,22213,3,7-5694222133
Russia,Russia,T-90M,damaged,https://i.postimg.cc/vZjQ0XTB/1018-t90m-dam-aband-29-01-24.jpg,2024-02-09,5694,22215,3,7-5694222153
Russia,Russia,T-90M,damaged,https://i.postimg.cc/hjhSHGvn/1031-T-90-M-dam-aband-03-02-24.jpg,2024-02-09,5694,22216,3,7-5694222163
Russia,Russia,T-90M,damaged,https://i.postimg.cc/cLnydG8S/1029-t90m-dam-aband-16-02-24.jpg,2024-02-18,5694,22217,3,7-5694222173
Russia,Russia,T-90M,damaged,https://i.postimg.cc/L8J75snr/1017-t90m-dam-15-02-24.jpg,2024-02-21,5694,22218,3,7-5694222183
Russia,Russia,T-90M,damaged,https://i.postimg.cc/ZYw0sykD/1007-t90m-dam-21-02-24.jpg,2024-03-02,5694,22219,3,7-5694222193
Russia,Russia,T-90M,damaged,https://i.postimg.cc/FzHzshSZ/1003-t90m-dam-aband-29-02-24.jpg,2024-03-02,5694,22220,3,7-5694222203
Russia,Russia,T-90M,damaged,https://i.postimg.cc/SNGJYVjr/1051-t90m-dam-aband-04-03-24.jpg,2024-04-08,5694,22227,3,7-5694222273
Russia,Russia,T-90M,damaged,https://i.postimg.cc/nhcM47Dt/1052-t90m-dam-aband-04-03-24.jpg,2024-04-08,5694,22228,3,7-5694222283
Russia,Russia,T-90M,damaged,https://i.postimg.cc/HLFx1hPp/1053-t90m-dam-aband-04-03-24.jpg,2024-04-08,5694,22229,3,7-5694222293
Russia,Russia,T-90M,damaged,https://i.postimg.cc/MTmmBzrv/1041-t90m-dam-aband-05-04-24.jpg,2024-04-08,5694,22230,3,7-5694222303
Russia,Russia,T-90M,damaged,https://i.postimg.cc/SQ2SbKCZ/1033-t90m-dam-aband-05-04-24.jpg,2024-04-14,5694,22234,3,7-5694222343
Russia,Russia,T-90M,damaged,https://i.postimg.cc/0yWcKZ4p/1014-t90m-dam-aband-01-05-24.jpg,2024-05-04,5694,22238,3,7-5694222383
Russia,Russia,T-90M,damaged,https://i.postimg.cc/FzVxrxck/1015-t90m-dam-aband-01-05-24.jpg,2024-05-04,5694,22239,3,7-5694222393
Russia,Russia,T-90M,damaged,https://i.postimg.cc/hPKrCHWL/1016-t90m-dam-aband-02-05-24.jpg,2024-05-04,5694,22240,3,7-5694222403
Russia,Russia,T-90M,damaged,https://i.postimg.cc/jqhC0FN3/1071-t90m-dam-06-05-24.jpg,2024-05-09,5694,22242,3,7-5694222423
Russia,Russia,T-90M,damaged,https://i.postimg.cc/NFxKdN8V/1053-t90m-dam-aband-07-05-24.jpg,2024-05-09,5694,22243,3,7-5694222433
Russia,Russia,T-90M,damaged,https://i.postimg.cc/65928XtN/1054-t90m-dam-aband-07-03-24.jpg,2024-05-09,5694,22244,3,7-5694222443
Russia,Russia,T-90M,damaged,https://i.postimg.cc/J4hQv0T4/1026-t90m-dam-aband-29-05-24.jpg,2024-06-02,5694,22255,3,7-5694222553
Russia,Russia,T-90M,damaged,https://i.postimg.cc/zvW4NVHd/1061-t90m-dam-10-06-24.jpg,2024-06-11,5694,22257,3,7-5694222573
Russia,Russia,T-90M,damaged,https://i.postimg.cc/fTpj1Pt3/1033-t90m-dam-21-06-24.jpg,2024-06-28,5694,22258,3,7-5694222583
Russia,Russia,T-90M,damaged,https://i.postimg.cc/FHZmY9PQ/1014-T-90-M-Proryv-dam-16-09-24.jpg,2024-10-06,5694,22272,3,7-5694222723
Russia,Russia,T-90M,damaged,https://i.postimg.cc/L6G2fp56/1026-T-90-M-dam-aband-23-11-24.jpg,2024-11-27,5694,22280,3,7-5694222803
Russia,Russia,T-90M,damaged,https://i.postimg.cc/RVqdvBcW/1014-T-90-M-Proryv-dam-aband-30-01-25.jpg,2025-02-02,5694,22285,3,7-5694222853
Russia,Russia,T-90M,damaged,https://i.postimg.cc/0NG6BDx0/1029-T-90-M-Proryv-dam-21-02-25.jpg,2025-03-27,5694,22292,3,7-5694222923
Russia,Russia,T-90M,damaged,https://i.postimg.cc/8PJMFxFM/1006-T-90-M-Proryv-dam-aband-06-04-25.jpg,2025-04-10,5694,22294,3,7-5694222943
Russia,Russia,T-90M,damaged,https://i.postimg.cc/c15fLdJd/1007-T-90-M-Proryv-dam-aband-06-04-25.jpg,2025-04-10,5694,22295,3,7-5694222953
Russia,Russia,T-90M,damaged,https://i.postimg.cc/t7Qj2m2z/1029-T-90-M-Proryv-dam-24-04-25.jpg,2025-05-12,5694,22298,3,7-5694222983
Russia,Soviet Union,TMM-3 bridge layer,damaged,https://i.postimg.cc/85dm6pjK/44565.png,2022-03-19,5695,22313,3,7-5695223133
Russia,Soviet Union,TMM-3 bridge layer,damaged,https://i.postimg.cc/MpYMvFpy/33160.png,2022-03-26,5695,22320,3,7-5695223203
Russia,Soviet Union,TMM-3 bridge layer,damaged,https://i.postimg.cc/9fkRL7G3/762.jpg,2022-04-01,5695,22322,3,7-5695223223
Russia,Soviet Union,TMM-3 bridge layer,damaged,https://i.postimg.cc/FHXkWBMt/699.png,2022-05-03,5695,22331,3,7-5695223313
Russia,Russia,UAZ Patriot,damaged,https://i.postimg.cc/tggdgvNx/54g.jpg,2022-03-19,5703,22357,3,7-5703223573
Russia,Russia,UAZ-23632 pickup truck,damaged,https://i.postimg.cc/LX8ZFSdh/1049-UAZ-23632-pickup-truck-dam-08-04-25.jpg,2025-04-13,5705,22369,3,7-5705223693
Russia,Russia,UAZ-23632 pickup truck,damaged,https://i.postimg.cc/xTJMd9Xz/1048-UAZ-23632-pickup-truck-dam-08-04-25.jpg,2025-04-13,5705,22370,3,7-5705223703
Russia,Soviet Union,UAZ-452 van,damaged,https://i.postimg.cc/qv8yk3c1/66555.jpg,2022-06-26,5708,22381,3,7-5708223813
Russia,Soviet Union,UAZ-452 van,damaged,https://i.postimg.cc/44rKmFpZ/1013-UAZ-452-dam-29-05-23.jpg,2023-05-30,5708,22389,3,7-5708223893
Russia,Russia,Unknown AFV,damaged,https://twitter.com/UAWeapons/status/1518237093461385218,2022-04-24,5712,22483,3,7-5712224833
Russia,Russia,Unknown AFV,damaged,https://twitter.com/UAWeapons/status/1522310446891610115,2022-05-06,5712,22490,3,7-5712224903
Russia,Russia,Unknown AFV,damaged,https://twitter.com/UAWeapons/status/1524456618091589635,2022-05-14,5712,16213,3,7-5712162133
Russia,Russia,Unknown AFV,damaged,https://twitter.com/UAWeapons/status/1539601165884743680,2022-06-28,5712,22525,3,7-5712225253
Russia,Russia,Unknown AFV,damaged,https://i.postimg.cc/h4zTgvW3/1003-unkn-AFV.jpg,2022-08-08,5712,22552,3,7-5712225523
Russia,Russia,Unknown AFV,damaged,https://twitter.com/Danspiun/status/1566064122852171778,2022-09-04,5712,73,3,7-5712733
Russia,Russia,Unknown AFV,damaged,https://i.postimg.cc/tCkBS9GD/1051-unkn-afv-dam.jpg,2022-10-16,5712,22574,3,7-5712225743
Russia,Russia,Unknown AFV,damaged,https://twitter.com/EuromaidanPress/status/1609248268675960834,2023-01-04,5712,22582,3,7-5712225823
Russia,Russia,Unknown AFV,damaged,https://i.postimg.cc/C5zDqBgx/540.png,2023-04-22,5712,22606,3,7-5712226063
Russia,Russia,Unknown AFV,damaged,https://i.postimg.cc/Hnp9Zjpq/1006-unkn-afv-dam-24-04-23.jpg,2023-04-28,5712,22607,3,7-5712226073
Russia,Russia,Unknown AFV,damaged,https://i.postimg.cc/DyVtZr6P/1036-unkn-afv-dam-03-06-23.jpg,2023-06-09,5712,22614,3,7-5712226143
Russia,Russia,Unknown AFV,damaged,https://i.postimg.cc/B67HGh0V/1001-Unknown-IFV-dam-aband-28-12-23.jpg,2024-01-21,5712,22636,3,7-5712226363
Russia,Russia,Unknown AFV,damaged,https://i.postimg.cc/d1jjH41M/1032-unkn-afv-dam-aband-21-01-24.jpg,2024-01-24,5712,22640,3,7-5712226403
Russia,Russia,Unknown AFV,damaged,https://i.postimg.cc/Yqccpfrq/1001-Unknown-IFV-dam-aband-28-03-24.jpg,2024-04-08,5712,22655,3,7-5712226553
Russia,Russia,Unknown AFV,damaged,https://i.postimg.cc/mZp1YCgY/1040-unkn-afv-dam-aband-09-03-24.jpg,2024-04-08,5712,22656,3,7-5712226563
Russia,Russia,Unknown AFV,damaged,https://i.postimg.cc/gj7wGFTS/1084-Unknown-IFV-dam-aband-17-02-24.jpg,2024-04-08,5712,22657,3,7-5712226573
Russia,Russia,Unknown AFV,damaged,https://i.postimg.cc/GpPc7Sz0/1049-unkn-afv-dam-aband-04-04-24.jpg,2024-04-11,5712,22658,3,7-5712226583
Russia,Russia,Unknown AFV,damaged,https://i.postimg.cc/9FhpfvDg/1045-Unknown-IFV-dam-aband-05-07-24.jpg,2024-07-09,5712,22683,3,7-5712226833
Russia,Russia,Unknown AFV,damaged,https://i.postimg.cc/Wbb7Hvw8/1010-unkn-ifv-dam-10-07-24.jpg,2024-07-15,5712,22684,3,7-5712226843
Russia,Russia,Unknown AFV,damaged,https://i.postimg.cc/FRCQCrVy/1299-Unknown-IFV-dam-aband-15-08-24.jpg,2024-10-22,5712,22740,3,7-5712227403
Russia,Russia,Unknown AFV,damaged,https://i.postimg.cc/MHhJx94X/1300-Unknown-IFV-dam-aband-15-08-24.jpg,2024-10-22,5712,22741,3,7-5712227413
Russia,Russia,Unknown AFV,damaged,https://i.postimg.cc/FFq4jKRm/1301-Unknown-IFV-dam-aband-15-08-24.jpg,2024-10-22,5712,22742,3,7-5712227423
Russia,Russia,Unknown AFV,damaged,https://i.postimg.cc/qvMWnfT6/1045-Unknown-IFV-dam-aband-29-03-25.jpg,2025-04-02,5712,22816,3,7-5712228163
Russia,Russia,Unknown AFV,damaged,https://i.postimg.cc/ZqXX0jWs/1073-Unknown-IFV-dam-aband-03-04-25.jpg,2025-04-07,5712,22819,3,7-5712228193
Russia,Soviet Union,Unknown BMP-1/2,damaged,https://twitter.com/UAWeapons/status/1517278456790269952,2022-04-23,5713,22885,3,7-5713228853
Russia,Soviet Union,Unknown BMP-1/2,damaged,https://twitter.com/UAWeapons/status/1521759577745891330,2022-05-05,5713,22888,3,7-5713228883
Russia,Soviet Union,Unknown BMP-1/2,damaged,https://i.postimg.cc/vmWTdr9s/8j.png,2022-05-14,5713,22891,3,7-5713228913
Russia,Soviet Union,Unknown BMP-1/2,damaged,https://twitter.com/UAWeapons/status/1539006612525965314,2022-06-26,5713,36,3,7-5713363
Russia,Soviet Union,Unknown BMP-1/2,damaged,https://twitter.com/UAWeapons/status/1539706697765322754,2022-06-28,5713,22917,3,7-5713229173
Russia,Russia,Unknown BTR-80/BTR-82A,damaged,https://twitter.com/UAWeapons/status/1521908181542260738,2022-05-05,5714,22940,3,7-5714229403
Russia,Russia,Unknown Buk TEL(AR),damaged,https://i.postimg.cc/XJdFqjft/544.png,2023-09-10,5718,22990,3,7-5718229903
Russia,Russia,Unknown Mi-24/35 attack helicopter,damaged,https://i.postimg.cc/HxryM4jS/Screenshot-8449.png,2022-03-19,5720,22993,3,7-5720229933
Russia,Russia,Unknown SPG,damaged,https://twitter.com/UAWeapons/status/1507012290536566788,2022-03-30,5721,22994,3,7-5721229943
Russia,Russia,Unknown SPG,damaged,https://i.postimg.cc/9XKKtnpW/1021-unkn-spg-dam-09-08-23.jpg,2023-08-12,5721,22998,3,7-5721229983
Russia,Russia,Unknown T-62,damaged,https://i.postimg.cc/c1bZgJgd/1020-unkn-t62-dam-aband-21-05-24.jpg,2024-05-26,5723,23020,3,7-5723230203
Russia,Russia,Unknown T-62,damaged,https://i.postimg.cc/02VYchHQ/1002-unkn-t62-dam-aband-25-09-24.jpg,2024-10-02,5723,23028,3,7-5723230283
Russia,Russia,Unknown T-62,damaged,https://i.postimg.cc/zGGtSdqT/1042-unkn-T-62-dam-aband-07-01-25.jpg,2025-01-10,5723,23044,3,7-5723230443
Russia,Russia,Unknown T-72,damaged,https://i.postimg.cc/zvW2tVvv/1000-2x-T-72b3-1x-t72-2x-bmp3-2x-btr82-dan-aband-1x-bmp3-destr-24-01-23.jpg,2023-02-15,5724,6265,3,7-572462653
Russia,Russia,Unknown T-72,damaged,https://i.postimg.cc/50B79BK1/1046-unkn-t72-dam-15-05-23.jpg,2023-05-17,5724,23078,3,7-5724230783
Russia,Russia,Unknown T-72,damaged,https://i.postimg.cc/2Sr4scV3/1049-1x-destr-1x-aband-t72b-obr-2022-1x-unkn-t72-dam-aband-1x-bmp1-destr-2x-bmp2-destr.jpg,2023-10-22,5724,595,3,7-57245953
Russia,Russia,Unknown T-72,damaged,https://i.postimg.cc/R0R9P02N/1028-unkn-t72-dam-aband-19-10-23.jpg,2023-10-22,5724,23095,3,7-5724230953
Russia,Russia,Unknown T-72,damaged,https://i.postimg.cc/KcfDm7zq/1007-t72b3obr2016-destr-unkn-t72-dam-aband-02-11-23.jpg,2023-11-06,5724,21329,3,7-5724213293
Russia,Russia,Unknown T-72,damaged,https://i.postimg.cc/zD7KFFS1/1031-unkn-t72-dam-aband-22-10-23.jpg,2023-12-13,5724,23102,3,7-5724231023
Russia,Russia,Unknown T-72,damaged,https://i.postimg.cc/Qx7rZ6hm/1022-unkn-t72-dam-aband-28-01-24.jpg,2024-01-30,5724,23111,3,7-5724231113
Russia,Russia,Unknown T-72,damaged,https://i.postimg.cc/633n7SSw/1008-unkn-t72-dam-aband-20-01-24.jpg,2024-04-08,5724,23124,3,7-5724231243
Russia,Russia,Unknown T-72,damaged,https://i.postimg.cc/FRBw6nqx/1023-unkn-t72-dam-aband-30-03-24.jpg,2024-04-08,5724,23126,3,7-5724231263
Russia,Russia,Unknown T-72,damaged,https://i.postimg.cc/nrgbNF9K/1000-unkn-t72-dam-aband-13-04-24.jpg,2024-04-17,5724,23130,3,7-5724231303
Russia,Russia,Unknown T-72,damaged,https://i.postimg.cc/qvRGry7g/1023-unkn-t72-dam-aband-28-04-24.jpg,2024-05-04,5724,23131,3,7-5724231313
Russia,Russia,Unknown T-72,damaged,https://i.postimg.cc/TwGS4sw6/1008-unkn-t72-dam-aband-01-07-24.jpg,2024-07-15,5724,23146,3,7-5724231463
Russia,Russia,Unknown T-72,damaged,https://i.postimg.cc/9QJdjHxv/1059-unkn-t72-dam-aband-17-09-24.jpg,2024-09-20,5724,23153,3,7-5724231533
Russia,Russia,Unknown T-80,damaged,https://i.postimg.cc/fRTWmwwr/1010-unkn-T80-dam-22-04-23.jpg,2023-04-24,5725,23221,3,7-5725232213
Russia,Russia,Unknown T-80,damaged,https://i.postimg.cc/8PX3CG1d/1051-unkn-t80-dam-30-09-23.png,2023-10-12,5725,23223,3,7-5725232233
Russia,Russia,Unknown T-80,damaged,https://i.postimg.cc/c1RSYb7Q/1005-16-10-23.jpg,2023-10-18,5725,564,3,7-57255643
Russia,Russia,Unknown T-80,damaged,https://i.postimg.cc/bNxK4BKF/1043-unkn-t80-dam-aband-25-02-24.jpg,2024-02-26,5725,23228,3,7-5725232283
Russia,Russia,Unknown T-80,damaged,https://i.postimg.cc/Dy376f11/1021-unkn-tank-dam-aband-25-03-24.jpg,2024-04-08,5725,23231,3,7-5725232313
Russia,Russia,Unknown T-80,damaged,https://i.postimg.cc/NfrXpXy7/1015-unkn-t80-dam-aband-23-03-24.jpg,2024-04-27,5725,23233,3,7-5725232333
Russia,Russia,Unknown T-80,damaged,https://i.postimg.cc/tgsD3W08/1000-unkn-t80-dam-aband-02-05-24.jpg,2024-05-04,5725,23234,3,7-5725232343
Russia,Russia,Unknown communications station based on the KamAZ 6x6,damaged,https://i.postimg.cc/DfxxKLnD/84.png,2022-03-19,5731,23270,3,7-5731232703
Russia,Russia,Unknown helicopter,damaged,https://i.postimg.cc/QxT5hQNx/421.png,2022-03-19,5734,23279,3,7-5734232793
Russia,Russia,Unknown tank,damaged,https://i.postimg.cc/44SFGsk4/4373.png,2022-03-19,5735,23300,3,7-5735233003
Russia,Russia,Unknown tank,damaged,https://i.postimg.cc/gj3F2623/541.png,2022-03-19,5735,23301,3,7-5735233013
Russia,Russia,Unknown tank,damaged,https://twitter.com/UAWeapons/status/1507711151689375750,2022-03-27,5735,23314,3,7-5735233143
Russia,Russia,Unknown tank,damaged,https://twitter.com/UAWeapons/status/1512060297607065602,2022-04-09,5735,23344,3,7-5735233443
Russia,Russia,Unknown tank,damaged,https://i.postimg.cc/kGf4RmBn/6h.jpg,2022-04-23,5735,23356,3,7-5735233563
Russia,Russia,Unknown tank,damaged,https://i.postimg.cc/V6Kc8SKP/4370.jpg,2022-05-01,5735,23370,3,7-5735233703
Russia,Russia,Unknown tank,damaged,https://twitter.com/UAWeapons/status/1519310504832942080,2022-05-01,5735,23371,3,7-5735233713
Russia,Russia,Unknown tank,damaged,https://twitter.com/UAWeapons/status/1520362882743123968,2022-05-01,5735,23372,3,7-5735233723
Russia,Russia,Unknown tank,damaged,https://twitter.com/UAWeapons/status/1521759577745891330,2022-05-05,5735,22888,3,7-5735228883
Russia,Russia,Unknown tank,damaged,https://i.postimg.cc/SRCpdynN/652.jpg,2022-05-09,5735,23381,3,7-5735233813
Russia,Russia,Unknown tank,damaged,https://twitter.com/UAWeapons/status/1524385443608936454,2022-05-12,5735,23387,3,7-5735233873
Russia,Russia,Unknown tank,damaged,https://twitter.com/UAWeapons/status/1527620102895575040,2022-05-23,5735,23390,3,7-5735233903
Russia,Russia,Unknown tank,damaged,https://twitter.com/UAWeapons/status/1535720555680305152,2022-06-26,5735,23417,3,7-5735234173
Russia,Russia,Unknown tank,damaged,https://twitter.com/UAWeapons/status/1539601762272804866,2022-06-28,5735,23418,3,7-5735234183
Russia,Russia,Unknown tank,damaged,https://twitter.com/RALee85/status/1540218005816238081,2022-06-29,5735,23420,3,7-5735234203
Russia,Russia,Unknown tank,damaged,https://twitter.com/UAWeapons/status/1544068834604220417,2022-07-06,5735,45,3,7-5735453
Russia,Russia,Unknown tank,damaged,https://twitter.com/UAWeapons/status/1545125584036151297,2022-07-08,5735,23427,3,7-5735234273
Russia,Russia,Unknown tank,damaged,https://i.postimg.cc/hj3j3x1F/1011.jpg,2022-07-08,5735,23428,3,7-5735234283
Russia,Russia,Unknown tank,damaged,https://twitter.com/UAWeapons/status/1546579953671602178,2022-07-12,5735,23432,3,7-5735234323
Russia,Russia,Unknown tank,damaged,https://i.postimg.cc/MKzpNpgY/1003.jpg,2022-07-29,5735,23446,3,7-5735234463
Russia,Russia,Unknown towed artillery,damaged,https://i.postimg.cc/ZR8Zs0xr/442.png,2023-03-26,5736,23454,3,7-5736234543
Russia,Russia,Unknown towed artillery,damaged,https://i.postimg.cc/Y0hz1jbG/1013-unkn-towed-ary-destr-27-05-23.jpg,2023-05-28,5736,23457,3,7-5736234573
Russia,Russia,Unknown truck,damaged,https://i.postimg.cc/K834NwrF/67.jpg,2022-03-19,5737,23496,3,7-5737234963
Russia,Russia,Unknown truck,damaged,https://postimg.cc/phTN0Xcc,2022-03-19,5737,23499,3,7-5737234993
Russia,Russia,Unknown truck,damaged,https://postimg.cc/WDSL6J8J,2022-03-19,5737,23500,3,7-5737235003
Russia,Russia,Unknown truck,damaged,https://i.postimg.cc/26pbyqvZ/v56.png,2022-03-19,5737,23501,3,7-5737235013
Russia,Russia,Ural-4320,damaged,https://i.postimg.cc/YSs02PPZ/k9.png,2022-03-19,5740,23652,3,7-5740236523
Russia,Russia,Ural-4320,damaged,https://postimg.cc/kVDPCNz0,2022-03-19,5740,18908,3,7-5740189083
Russia,Russia,Ural-4320,damaged,https://i.postimg.cc/xd8C4F47/tt2.png,2022-03-19,5740,23653,3,7-5740236533
Russia,Russia,Ural-4320,damaged,https://i.postimg.cc/fR5byVj2/k88.jpg,2022-03-19,5740,23669,3,7-5740236693
Russia,Russia,Ural-4320,damaged,https://twitter.com/UAWeapons/status/1524456618091589635,2022-05-14,5740,16213,3,7-5740162133
Russia,Russia,Ural-4320,damaged,https://i.postimg.cc/FFkvLZYn/1016.jpg,2022-07-19,5740,23868,3,7-5740238683
Russia,Russia,Ural-4320,damaged,https://i.postimg.cc/6pfgZMmv/1030-Ural-4320-dam-25-10-23.jpg,2023-11-01,5740,23892,3,7-5740238923
Russia,Russia,Ural-4320,damaged,https://i.postimg.cc/7LcWJqgY/1008-Ural-4320-dam-02-12-23.jpg,2023-12-17,5740,23905,3,7-5740239053
Russia,Russia,Ural-4320,damaged,https://i.postimg.cc/3xfBbDV0/1025-Ural-4320-dam-aband-25-01-24.jpg,2024-01-27,5740,23949,3,7-5740239493
Russia,Russia,Ural-4320,damaged,https://i.postimg.cc/t4KWShNt/1009-ural4320-dam-06-02-24.jpg,2024-02-18,5740,23967,3,7-5740239673
Russia,Russia,Ural-4320,damaged,https://i.postimg.cc/ZqX0v9yP/1011-Ural-4320-dam-13-03-24.jpg,2024-04-08,5740,24005,3,7-5740240053
Russia,Russia,Ural-4320,damaged,https://i.postimg.cc/WzwjQKKM/1015-Ural-4320-dam-04-04-24.jpg,2024-04-14,5740,24011,3,7-5740240113
Russia,Russia,Ural-4320,damaged,https://i.postimg.cc/nLfyBVDg/1048-Ural-4320-dam-14-04-24.jpg,2024-04-17,5740,24017,3,7-5740240173
Russia,Russia,Ural-4320,damaged,https://i.postimg.cc/76mdFgWr/1051-Ural-4320-dam-aband-14-04-24.jpg,2024-04-17,5740,24018,3,7-5740240183
Russia,Russia,Ural-4320,damaged,https://i.postimg.cc/j2cYw6Qv/1025-Ural-4320-dam-01-07-24.jpg,2024-07-03,5740,24083,3,7-5740240833
Russia,Russia,Ural-4320,damaged,https://i.postimg.cc/KvCBTy9K/1056-Ural-4320-dam-25-02-24.jpg,2024-09-09,5740,24151,3,7-5740241513
Russia,Russia,Ural-4320,damaged,https://i.postimg.cc/C1bWZ476/1027-Ural-4320-dam-13-09-24.jpg,2024-09-25,5740,24169,3,7-5740241693
Russia,Russia,Ural-4320,damaged,https://i.postimg.cc/7PpHQqRx/1095-Ural-4320-dam-11-11-24.jpg,2024-12-09,5740,24228,3,7-5740242283
Russia,Russia,Ural-4320,damaged,https://i.postimg.cc/Y02cX7NL/1004-Ural-4320-dam-05-11-24.jpg,2025-01-22,5740,24246,3,7-5740242463
Russia,Russia,Ural-4320,damaged,https://i.postimg.cc/hjBRdTfr/1003-Ural-4320-dam-31-05-23.jpg,2025-01-22,5740,24247,3,7-5740242473
Russia,Russia,Ural-4320,damaged,https://i.postimg.cc/zGZQMBCh/1003-Ural-4320-dam-14-06-25.jpg,2025-06-27,5740,24353,3,7-5740243533
Russia,Russia,Ural-4320 KET-L,damaged,https://i.postimg.cc/SsQHDVNQ/5579.png,2022-03-19,5741,24384,3,7-5741243843
Russia,Russia,Ural-4320 tanker,damaged,https://postimg.cc/jWGDT456,2022-05-06,5746,24413,3,7-5746244133
Russia,Russia,Ural-4320 with EOV-3521 excavator,damaged,https://i.postimg.cc/s2hYP6C4/1002-Ural-4320-with-EOV-3521-excavator-dam-16-01-23.jpg,2024-01-09,5747,24426,3,7-5747244263
Russia,Russia,Ural-4320 with EOV-3521 excavator,damaged,https://i.postimg.cc/Dy0Z44W8/1000-EOV-3521-excavator-dam-05-06-24.jpg,2024-06-20,5747,24444,3,7-5747244443
Russia,Russia,Vityaz DT-30 articulated tracked carrier,damaged,https://i.postimg.cc/wTZRmzx8/dt1.png,2022-04-10,5756,24502,3,7-5756245023
Russia,Russia,Vityaz DT-30 articulated tracked carrier,damaged,https://i.postimg.cc/xd6QYt7M/1037-D-30-Vityaz-dam-capt-03-04-23.jpg,2023-04-05,5756,24504,3,7-5756245043
Russia,Soviet Union,ZSU-23-4 'Shilka',damaged,https://i.postimg.cc/Y0chPZXk/43.jpg,2022-04-04,5761,24566,3,7-5761245663
Russia,Soviet Union,ZiL-131,damaged,https://i.postimg.cc/cCWTD2S8/54.jpg,2022-04-01,5763,24577,3,7-5763245773
Russia,Russia,NA,damaged,https://twitter.com/UAWeapons/status/1691491187985723402,2023-08-16,5764,246,3,7-57642463
Ukraine,United Kingdom,1 105mm L119,damaged,https://i.postimg.cc/7YYrjQK5/2009-L119-howitzer-01-08-23.jpg,2023-08-04,5766,24582,3,380-5766245823
Ukraine,United Kingdom,1 105mm L119 howitzer,damaged,https://i.postimg.cc/CxyRM7P0/2001-L119-dmg.jpg,2022-09-20,5767,24583,3,380-5767245833
Ukraine,Poland,1 122mm RAK-12,damaged,https://i.postimg.cc/13YwK9W9/2013-122mm-RAK-12-dam-20-03-25.jpg,2025-03-27,5778,24595,3,380-5778245953
Ukraine,Czech Republic,1 122mm RM-70,damaged,https://i.postimg.cc/1tfP31Rj/2000-rm70-dam-10-01-23.jpg,2023-01-12,5779,24596,3,380-5779245963
Ukraine,Soviet Union,1 130mm M-46 field gun,damaged,https://i.postimg.cc/4yg8RSrK/2003-130mm-m46-dam-21-02-23.jpg,2023-02-23,8,24597,3,380-8245973
Ukraine,Czech Republic,1 152mm ShKH vz. 77 DANA,damaged,https://i.postimg.cc/L861xKhJ/2000-dana-spg-dam-11-02-23.jpg,2023-02-13,5781,24599,3,380-5781245993
Ukraine,Sweden,1 155mm Archer Artillery Systems,damaged,https://i.postimg.cc/c1566BWV/2011-archer-dam-08-03-24.jpg,2024-04-08,5786,24605,3,380-5786246053
Ukraine,France,1 155mm Caesar,damaged,https://twitter.com/UAWeapons/status/1592844029452247040,2022-11-18,5787,24606,3,380-5787246063
Ukraine,Germany,1 155mm Panzerhaubitze 2000,damaged,https://twitter.com/UAWeapons/status/1596599767672520704,2022-11-28,5788,24607,3,380-5788246073
Ukraine,Ukraine,1 1L220UK Zoopark-3 counter-battery radar,damaged,https://i.postimg.cc/Sxb2mjBK/2005-1-L220-UK-Zoopark-3-dam-01-08-23.jpg,2023-11-11,5791,24610,3,380-5791246103
Ukraine,United States,1 227mm M142 HIMARS,damaged,https://i.postimg.cc/sXH6FL8m/2025-himars-dam-11-02-23.jpg,2024-02-15,5795,24614,3,380-5795246143
Ukraine,Ukraine,1 2S22 'Bohdana' 3.0,damaged,https://i.postimg.cc/8cwjxX7Y/2003-2-S22-Bohdana-3-dam-24-02-24.jpg,2024-03-02,5797,24616,3,380-5797246163
Ukraine,Soviet Union,1 9A330 Tor TLAR (for 9K330 Tor),damaged,https://twitter.com/UAWeapons/status/1651261066041597958,2023-04-28,5802,24621,3,380-5802246213
Ukraine,United States,1 AN/MPQ-53 radar (for MIM-104 'Patriot'),damaged,https://i.postimg.cc/L6JsQYK5/2006-AN-MPQ-53-radar-for-MIM-104-Patriot-dam-10-10-24.jpg,2024-10-22,5808,24627,3,380-5808246273
Ukraine,Turkey,1 BMC Kirpi,damaged,https://twitter.com/UAWeapons/status/1568241700921016320,2022-09-10,5820,24639,3,380-5820246393
Ukraine,Yugoslavia,1 BVP M-80A,damaged,https://twitter.com/UAWeapons/status/1574382524964421638,2022-09-27,5830,24649,3,380-5830246493
Ukraine,Slovenia,1 BVP M-80A,damaged,https://twitter.com/UAWeapons/status/1612380699054731266,2023-01-10,5830,24650,3,380-5830246503
Ukraine,Germany,1 Bergepanzer 2 ARV,damaged,https://i.postimg.cc/7ZfjZy4z/2008-Bergepanzer-2-ARV-dam-24-07-23.jpg,2023-07-25,5836,24656,3,380-5836246563
Ukraine,Sweden,1 CV9040C,damaged,https://i.postimg.cc/cJn4CV1V/2006-cv90-dam-27-07-23.jpg,2023-07-28,5842,24662,3,380-5842246623
Ukraine,Sweden,1 CV9040C,damaged,https://twitter.com/UAWeapons/status/1685304986387853313,2023-07-31,5842,24663,3,380-5842246633
Ukraine,United States,1 Defiant patrol boat,damaged,https://i.postimg.cc/cHFGjZfF/2006-40-Defiant-patrol-boat-dam-09-03-24.jpg,2024-04-17,5850,24671,3,380-5850246713
Ukraine,United Kingdom,1 FV107 Scimitar,damaged,https://i.postimg.cc/1tSTvz4v/2003-FV107-Scimitar-dam-aband-02-07-25.jpg,2025-08-17,5858,24679,3,380-5858246793
Ukraine,Israel,1 GAIA AMIR,damaged,https://i.postimg.cc/G9wtkV4N/2017-GAIA-AMIR-dam-24-03-24.jpg,2024-04-08,5860,24681,3,380-5860246813
Ukraine,Norway,1 Iveco LAV III,damaged,https://twitter.com/UAWeapons/status/1585641573433298945,2022-10-28,5874,24696,3,380-5874246963
Ukraine,Poland,1 KTO Rosomak,damaged,https://i.postimg.cc/K8QGNWcM/2000-KTO-Rosomak-dam-13-08-23.jpg,2023-08-15,5879,24701,3,380-5879247013
Ukraine,Ukraine,1 Kolchuga-M' EW passive sensor,damaged,https://i.postimg.cc/vB3RpDYj/2004-Kolchuga-M-EW-passive-sensor-dam-20-03-24.jpg,2024-04-08,5882,24704,3,380-5882247043
Ukraine,Ukraine,1 Landing boat Project 1176,damaged,https://twitter.com/GloOouD/status/1766541645015650810,2024-04-13,5894,24716,3,380-5894247163
Ukraine,Germany,1 Leopard 1A5,damaged,https://twitter.com/NOELreports/status/1729602628126994531,2023-11-30,5897,24719,3,380-5897247193
Ukraine,United States,1 M1126 Stryker Infantry Carrier Vehicle,damaged,https://twitter.com/RALee85/status/1691340418590429184,2023-08-16,5901,24723,3,380-5901247233
Ukraine,United States,1 M88A2 armoured recovery vehicle,damaged,https://i.postimg.cc/D0g35ktg/2011-M88-A2-Hercules-armoured-recovery-vehicle-dam-aband-07-08-24.jpg,2024-08-09,5914,24736,3,380-5914247363
Ukraine,Ukraine,1 MSL Shield 4x4,damaged,https://i.postimg.cc/SxwvXdj5/2001-MSL-Shield-4x4-dam.jpg,2022-11-14,5929,24751,3,380-5929247513
Ukraine,Soviet Union,1 MT-T multi-purpose tracked transporter,damaged,https://twitter.com/imp_navigator/status/1592583345694642177,2022-12-05,5934,24756,3,380-5934247563
Ukraine,Soviet Union,1 MT-T multi-purpose tracked transporter,damaged,https://twitter.com/UAWeapons/status/1592524450830094340,2023-02-24,5934,24757,3,380-5934247573
Ukraine,Sweden,1 Pbv 302,damaged,https://i.postimg.cc/prG7G2Bq/2019-Pbv-302-dam-aband-23-01-25.jpg,2025-01-25,5961,24785,3,380-5961247853
Ukraine,United Kingdom,1 Pinzgauer Vector 718,damaged,https://i.postimg.cc/Bb85pvw6/2000-Pinzgauer-Vector-718.jpg,2022-09-28,5966,24790,3,380-5966247903
Ukraine,Ukraine,1 Project 205P 'Tarantul' class border patrol ship,damaged,https://i.postimg.cc/661SR8Mj/2011-Project-205-P-Tarantul-class-border-patrol-ship-dam-20-03-24.jpg,2024-04-17,5972,24796,3,380-5972247963
Ukraine,United Kingdom,1 Stormer HVM,damaged,https://twitter.com/UAWeapons/status/1634469265024720896,2023-03-13,6000,24824,3,380-6000248243
Ukraine,Soviet Union,1 Strizh-class boat,damaged,https://i.postimg.cc/DyHCpSxs/2006-Strizh-class-boat-dam-30-04-22.jpg,2024-05-04,6001,24825,3,380-6001248253
Ukraine,Soviet Union,1 Strizh-class boat,damaged,https://i.postimg.cc/Kj96m8Tg/2006-Strizh-class-boat-dam-30-04-22.jpg,2024-05-05,6001,24826,3,380-6001248263
Ukraine,Ukraine,1 T-72AMT Zr.2022,damaged,https://i.postimg.cc/xjzt05NR/2001-t72amt-zr2022-dam-aband-29-06-23.png,2023-06-30,6003,24828,3,380-6003248283
Ukraine,Soviet Union,1 T-80UD,damaged,https://i.postimg.cc/Hxqz4gC2/2008-T-80-UD-dam-19-11-24.jpg,2024-11-23,6004,24829,3,380-6004248293
Ukraine,Ukraine,1 Unknown boat,damaged,https://i.postimg.cc/15N05wkg/2014-unkn-boat-dam-23-12-23.jpg,2024-01-09,6021,24850,3,380-6021248503
Ukraine,United States,1 Unknown component of Patriot SAM system,damaged,https://i.postimg.cc/B6PbsxWN/2045-unknown-component-of-Patriot-SAM-system-dam-16-05-23.jpg,2023-05-17,6022,24851,3,380-6022248513
Ukraine,Ukraine,1 Unknown pickup truck,damaged,https://i.postimg.cc/zvKMKtZ3/2005.jpg,2022-07-21,6026,24856,3,380-6026248563
Ukraine,France,1 VAB APC,damaged,https://twitter.com/UAWeapons/status/1576553022670635008,2022-10-04,6035,24866,3,380-6035248663
Ukraine,United States,10 M1A1 SA Abrams,damaged,https://i.postimg.cc/xdj0FD5j/2017-M1-A1-SA-Abrams-dam-aband-11-06-24.jpg,2024-06-14,6061,24898,3,380-6061248983
Ukraine,United States,10 M577 command post,damaged,https://i.postimg.cc/j5vkVLyh/2016-M577-command-post-dam-aband-17-01-25.jpg,2025-01-22,6062,24900,3,380-6062249003
Ukraine,Soviet Union,10 UAZ-452 van,damaged,https://i.postimg.cc/QxtH06yD/2000-uaz452-dam-06-01-23.jpg,2023-01-08,312,24909,3,380-312249093
Ukraine,Soviet Union,100 122mm 2S1 Gvozdika,damaged,https://i.postimg.cc/fyL8KMNM/2019-122mm-2-S1-Gvozdika-dam-23-02-24.jpg,2024-02-29,6072,24917,3,380-6072249173
Ukraine,Ukraine,100 T-64BV Zr. 2017,damaged,https://i.postimg.cc/mDTLTtpH/2012-T64-BV-Zr2017-dam-capt-04-05-24.jpg,2024-05-09,6078,24927,3,380-6078249273
Ukraine,Soviet Union,101 BTR-80,damaged,https://i.postimg.cc/GhwgC1Vt/2008-btr80-dam-19-07-23.jpg,2023-07-20,6083,24941,3,380-6083249413
Ukraine,United States,101 International M1224 MaxxPro,damaged,https://i.postimg.cc/s1Fvsbkc/2006-M1224-Maxx-Pro-dam-aband-13-07-24.jpg,2024-07-18,6085,24944,3,380-6085249443
Ukraine,Soviet Union,103 BTR-80,damaged,https://i.postimg.cc/pXHTB6yg/2011-BTR-80-dam-19-07-23.jpg,2023-07-24,6095,24966,3,380-6095249663
Ukraine,Ukraine,103 Kozak-7,damaged,https://i.postimg.cc/3wJQXDvy/2004-Kozak-7-dam-aband-16-01-25.jpg,2025-02-18,6097,24970,3,380-6097249703
Ukraine,United States,109 M113,damaged,https://i.postimg.cc/X7fHW7hw/2039-M113-A3-dam-aband-06-05-24.jpg,2024-05-09,6144,25042,3,380-6144250423
Ukraine,Soviet Union,11 203mm 2S7 Pion,damaged,https://i.postimg.cc/4N66HZHT/2012-2s7-dam-31-05-24.jpg,2024-06-02,6150,25049,3,380-6150250493
Ukraine,Ukraine,11 Cougar H,damaged,https://i.postimg.cc/Sxsyjp5Y/2007-Cougar-H-dam-capt-10-10-24.jpg,2024-10-22,6155,25054,3,380-6155250543
Ukraine,Ukraine,11 Kozak-7,damaged,https://i.postimg.cc/KjXGt6k6/2010-Kozak-7-dam-aband-30-05-24.jpg,2024-06-02,6159,25058,3,380-6159250583
Ukraine,Germany,11 Leopard 1A5,damaged,https://i.postimg.cc/DzPznPtG/2010-Leopard-1-A5-dam-aband-30-12-24.jpg,2025-01-07,6161,25063,3,380-6161250633
Ukraine,Germany,11 Leopard 1A5,damaged,https://i.postimg.cc/FFdPS3bf/2020-Leopard-1-A5-dam-aband-28-12-24.jpg,2025-01-07,6161,25064,3,380-6161250643
Ukraine,United States,11 M1A1 SA Abrams,damaged,https://i.postimg.cc/vmL8mj40/2013-M1-A1-SA-Abrams-dam-aband-24-07-24.jpg,2024-07-27,6166,25070,3,380-6166250703
Ukraine,United States,11 M577 command post,damaged,https://i.postimg.cc/5tGwQsgs/2035-M577-command-post-dam-aband-22-01-25.jpg,2025-01-31,6167,25071,3,380-6167250713
Ukraine,Sweden,11 Pbv 302,damaged,https://i.postimg.cc/HkXqL0PR/2027-Pbv-302-dam-aband-08-04-25.jpg,2025-04-17,6171,25076,3,380-6171250763
Ukraine,Canada,11 Roshel Senator,damaged,https://i.postimg.cc/5NLY8y01/2004-Roshel-Senator-dam-aband-20-04-24.jpg,2024-04-24,6172,25078,3,380-6172250783
Ukraine,Germany,11 Wisent 1 mine-clearing tank,damaged,https://i.postimg.cc/sD8qmYRd/2012-Wi-SENT-1-mine-clearing-tank-dam-06-05-25.jpg,2025-05-18,6174,25080,3,380-6174250803
Ukraine,Ukraine,110 BTR-4,damaged,https://i.postimg.cc/VNPXGcmq/2000-BTR-4-E-Butsefal-dam-aband-11-09-24.jpg,2024-09-16,6176,25084,3,380-6176250843
Ukraine,United States,112 International M1224 MaxxPro,damaged,https://i.postimg.cc/Nf0TG8q6/2018-M1224-Maxx-Pro-dam-09-08-24.jpg,2024-08-15,6191,25108,3,380-6191251083
Ukraine,Ukraine,112 Kozak-7,damaged,https://i.postimg.cc/vH4NjqkT/2059-Kozak-7-dam-capt-06-03-25.jpg,2025-03-20,6192,25115,3,380-6192251153
Ukraine,Ukraine,112 T-64BV Zr. 2017,damaged,https://i.postimg.cc/9QbRCbC2/2008-T-64-BV-Zr-2017-dam-aband-21-08-24.jpg,2024-08-25,6194,25117,3,380-6194251173
Ukraine,United States,113 M113,damaged,https://i.postimg.cc/Y0jXrHDV/2028-M113-A3-dam-aband-10-04-24.jpg,2024-05-18,6200,25126,3,380-6200251263
Ukraine,Ukraine,116 Kozak-7,damaged,https://i.postimg.cc/nrpMK5BK/2049-Kozak-7-dam-capt-24-03-25.jpg,2025-03-27,6213,25154,3,380-6213251543
Ukraine,Netherlands,12 Bandvagn BvS 10,damaged,https://i.postimg.cc/bwMCRydv/2034-Bv-S10-dam-aband-03-03-25.jpg,2025-03-20,6241,25205,3,380-6241252053
Ukraine,United States,12 Unknown HMMWV variant,damaged,https://i.postimg.cc/ZRWqmC8d/2041-hmmwv-dam-18-03-24.jpg,2024-04-08,6259,25235,3,380-6259252353
Ukraine,United States,120 M113,damaged,https://i.postimg.cc/Kc7NwRyP/2009-M113-A3-ambulance-dam-aband-15-06-24.jpg,2024-06-16,6268,25250,3,380-6268252503
Ukraine,Soviet Union,122mm 2S1 Gvozdika,damaged,https://i.postimg.cc/TwZV2tLf/799.jpg,2022-03-26,778,25289,3,380-778252893
Ukraine,Soviet Union,122mm 2S1 Gvozdika,damaged,https://i.postimg.cc/d3CYGRyR/2001-2s1-Gvozdika-dam-10-01-23.jpg,2023-01-12,778,25320,3,380-778253203
Ukraine,Soviet Union,122mm 2S1 Gvozdika,damaged,https://i.postimg.cc/Wp0zYTMY/2021-2s1-dam-04-03-23.jpg,2023-03-07,778,25324,3,380-778253243
Ukraine,Soviet Union,122mm 2S1 Gvozdika,damaged,https://i.postimg.cc/FKbMH449/2021-2s1-dam-04-03-23.jpg,2023-03-08,778,25325,3,380-778253253
Ukraine,Soviet Union,122mm 2S1 Gvozdika,damaged,https://i.postimg.cc/VsFZ0rnd/2000-2s1-dam-24-03-23.jpg,2023-03-30,778,25328,3,380-778253283
Ukraine,Soviet Union,122mm 2S1 Gvozdika,damaged,https://twitter.com/imp_navigator/status/1613107573649018880,2023-04-03,778,25331,3,380-778253313
Ukraine,Soviet Union,122mm 2S1 Gvozdika,damaged,https://i.postimg.cc/xTNpmZxR/8j7.png,2023-04-03,778,25332,3,380-778253323
Ukraine,Soviet Union,122mm 2S1 Gvozdika,damaged,https://i.postimg.cc/mk9F5HnK/2000-2s1-dam-03-04-23.jpg,2023-04-05,778,25334,3,380-778253343
Ukraine,Soviet Union,122mm 2S1 Gvozdika,damaged,https://i.postimg.cc/wjjDxqSn/r40.png,2023-04-18,778,25336,3,380-778253363
Ukraine,Soviet Union,122mm 2S1 Gvozdika,damaged,https://i.postimg.cc/YqPwBCJK/2014-2s1-dam-28-02-23.jpg,2023-05-11,778,25338,3,380-778253383
Ukraine,Soviet Union,122mm 2S1 Gvozdika,damaged,https://i.postimg.cc/QC5Fgc0V/2015-122mm-2-S1-Gvozdika-dam-05-05-23.jpg,2023-05-17,778,25340,3,380-778253403
Ukraine,Soviet Union,122mm 2S1 Gvozdika,damaged,https://i.postimg.cc/TPGtMKBB/2003-122mm-2-S1-Gvozdika-dam-21-05-23.jpg,2023-05-30,778,25343,3,380-778253433
Ukraine,Soviet Union,122mm BM-21 Grad,damaged,https://i.postimg.cc/DZmrXBFN/2002-bm21-dam.jpg,2022-11-10,781,25365,3,380-781253653
Ukraine,Soviet Union,122mm BM-21 Grad,damaged,https://i.postimg.cc/wxtZR7CC/UA-BM-21-damaged.png,2022-12-11,781,25366,3,380-781253663
Ukraine,Soviet Union,122mm BM-21 Grad,damaged,https://i.postimg.cc/pTbxqPhC/2005-bm21-dam-26-02-23.jpg,2023-02-27,781,25372,3,380-781253723
Ukraine,Soviet Union,122mm BM-21 Grad,damaged,https://i.postimg.cc/j5gyyhmz/379.png,2023-04-04,781,25375,3,380-781253753
Ukraine,Soviet Union,122mm BM-21 Grad,damaged,https://i.postimg.cc/WzwWmqHn/7j7.png,2023-04-18,781,25377,3,380-781253773
Ukraine,Soviet Union,122mm BM-21 Grad,damaged,https://i.postimg.cc/SxFHHP3X/3f.png,2023-04-18,781,25378,3,380-781253783
Ukraine,Soviet Union,122mm BM-21 Grad,damaged,https://twitter.com/UAWeapons/status/1676555532482519042,2023-07-07,781,25381,3,380-781253813
Ukraine,Soviet Union,122mm BM-21 Grad,damaged,https://i.postimg.cc/sDR2Xtxx/2010-bm21-dam-23-01-24.jpg,2024-02-09,781,25390,3,380-781253903
Ukraine,Soviet Union,122mm BM-21 Grad,damaged,https://i.postimg.cc/fWqnC3gS/2016-bm21-grad-dam-19-03-24.jpg,2024-04-08,781,25393,3,380-781253933
Ukraine,Soviet Union,122mm BM-21 Grad,damaged,https://i.postimg.cc/T25xJLcZ/2021-2-B17-BM-21-Grad-dam-14-05-24.jpg,2024-05-18,781,25396,3,380-781253963
Ukraine,Soviet Union,122mm BM-21 Grad,damaged,https://i.postimg.cc/sXbTtL84/2006-bm21-grad-dam-26-05-24.jpg,2024-05-31,781,25400,3,380-781254003
Ukraine,United States,123 International M1224 MaxxPro,damaged,https://i.postimg.cc/bJzVdWFf/2018-M1224-Maxx-Pro-dam-aband-31-03-24.jpg,2024-09-19,6289,25415,3,380-6289254153
Ukraine,United States,123 International M1224 MaxxPro,damaged,https://i.postimg.cc/gjjMHRWM/2026-M1224-Maxx-Pro-dam-capt-16-09-24.jpg,2024-09-19,6289,25416,3,380-6289254163
Ukraine,United States,123 M113,damaged,https://i.postimg.cc/zD4WVyxf/2004-m113-dam-24-06-24.jpg,2024-06-30,6291,25420,3,380-6291254203
Ukraine,United States,126 M113,damaged,https://i.postimg.cc/VkcML1pd/2012-M113-A3-dam-aband-03-07-24.jpg,2024-07-09,6306,25454,3,380-6306254543
Ukraine,Ukraine,128 T-64BV Zr. 2017,damaged,https://i.postimg.cc/8Phb7bmC/2057-T-64-BV-Zr-2017-dam-aband-27-12-24.jpg,2025-03-20,6321,25483,3,380-6321254833
Ukraine,Soviet Union,129 BMP-2(K),damaged,https://i.postimg.cc/tCKrkSkq/2001-bmp2-dam-19-05-23.jpg,2023-05-30,6323,25486,3,380-6323254863
Ukraine,United States,129 International M1224 MaxxPro,damaged,https://i.postimg.cc/pXXxBbYK/2001-M1224-Maxx-Pro-dam-aband-04-10-24.jpg,2024-10-09,6325,25490,3,380-6325254903
Ukraine,Soviet Union,13 203mm 2S7 Pion,damaged,https://i.postimg.cc/P5BBPVQp/2043-2-S7-M-Pion-dam-31-10-24.jpg,2024-11-11,6329,25494,3,380-6329254943
Ukraine,Ukraine,13 Kozak-7,damaged,https://i.postimg.cc/ZRjPfTSw/2000-Kozak-7-dam-aband-31-05-24.jpg,2024-06-06,6334,25504,3,380-6334255043
Ukraine,Ukraine,13 Kozak-7,damaged,https://i.postimg.cc/j5RQQDGW/2001-Kozak-7-dam-aband-31-05-24.jpg,2024-06-06,6334,25505,3,380-6334255053
Ukraine,Soviet Union,13 KrAZ-255 (for PMP floating bridge system),damaged,https://i.postimg.cc/NjfxyZ9m/2042-Kr-AZ-255-for-PMP-floating-bridge-system-dam-13-10-23.jpg,2024-01-23,6335,25515,3,380-6335255153
Ukraine,Soviet Union,13 KrAZ-255 (for PMP floating bridge system),damaged,https://i.postimg.cc/mrnVWVrM/2003-Kr-AZ-255-for-PMP-floating-bridge-system-dam-15-03-22.jpg,2024-01-23,6335,25516,3,380-6335255163
Ukraine,Sweden,13 Pbv 302,damaged,https://i.postimg.cc/Rh06GGfH/2004-Pbv-302-dam-aband-19-04-25.jpg,2025-05-12,6343,25526,3,380-6343255263
Ukraine,Canada,13 Roshel Senator,damaged,https://i.postimg.cc/6qn8GH30/2029-Roshel-Senator-dam-aband-15-05-24.jpg,2024-05-18,6344,25527,3,380-6344255273
Ukraine,Ukraine,13 UAT-D Gyurza,damaged,https://i.postimg.cc/7P26vMrs/2023-UAT-D-Gyurza-dam-aband-07-05-25.jpg,2025-05-12,6347,25531,3,380-6347255313
Ukraine,Ukraine,134 Kozak-7,damaged,https://i.postimg.cc/cLf5FGpq/2020-Kozak-7-dam-aband-08-05-25.jpg,2025-05-21,6367,25563,3,380-6367255633
Ukraine,United States,134 M113,damaged,https://i.postimg.cc/BQXvCMzv/2008-M113-A3-dam-aband-23-07-24.jpg,2024-07-27,6368,25565,3,380-6368255653
Ukraine,Ukraine,135 T-64BV Zr. 2017,damaged,https://i.postimg.cc/5NWRTxRj/2021-T-64-BV-Zr-2017-dam-aband-06-05-25.jpg,2025-05-18,6375,25579,3,380-6375255793
Ukraine,Ukraine,139 T-64BV Zr. 2017,damaged,https://i.postimg.cc/mrmSBjGp/2000-T-64-BV-Zr-2017-dam-capt-12-10-24.jpg,2025-07-17,6395,25606,3,380-6395256063
Ukraine,United States,14 155mm M777A2 howitzer,damaged,https://twitter.com/imp_navigator/status/1588178306851295232,2022-11-06,6398,25610,3,380-6398256103
Ukraine,Soviet Union,14 BRM-1K reconnaissance vehicle,damaged,https://twitter.com/UAWeapons/status/1568241700921016320,2022-09-10,1078,24639,3,380-1078246393
Ukraine,Soviet Union,14 BRM-1K reconnaissance vehicle,damaged,https://i.postimg.cc/L8M6bVH9/2000-brm-1k.jpg,2022-09-12,1078,25618,3,380-1078256183
Ukraine,United States,14 Cougar H,damaged,https://i.postimg.cc/qRn01KVv/2013-Cougar-H-dam-aband-06-02-25.jpg,2025-02-12,6402,25621,3,380-6402256213
Ukraine,United States,14 M1A1 SA Abrams,damaged,https://i.postimg.cc/3w2T5Vhp/2003-M1-A1-SA-Abrams-dam-aband-22-07-24.jpg,2024-08-30,6408,25627,3,380-6408256273
Ukraine,Canada,14 Roshel Senator,damaged,https://i.postimg.cc/4NMNm8wf/2009-Roshel-Senator-MRAP-dam-14-05-24.jpg,2024-05-24,6413,25634,3,380-6413256343
Ukraine,Soviet Union,143 BMP-2(K),damaged,https://i.postimg.cc/br08xRbH/2010-bmp2-dam-aband-05-07-23.jpg,2023-07-09,6425,25654,3,380-6425256543
Ukraine,Ukraine,143 Kozak-7,damaged,https://i.postimg.cc/jSzqQKcB/2006-Kozak-7-dam-capt-14-07-25.jpg,2025-07-19,6427,25657,3,380-6427256573
Ukraine,Ukraine,144 Kozak-7,damaged,https://i.postimg.cc/Ss7q8ftX/2039-Kozak-7-dam-aband-20-07-25.jpg,2025-07-27,6430,25662,3,380-6430256623
Ukraine,United States,146 International M1224 MaxxPro,damaged,https://i.postimg.cc/YCw0VDqy/2003-M1224-Maxx-Pro-dam-capt-10-10-24.jpg,2024-10-22,6437,25690,3,380-6437256903
Ukraine,Germany,15 FFG MRAP,damaged,https://i.postimg.cc/0QtN8c2F/2014-FFG-MRAP-dam-aband-07-05-25.jpg,2025-05-12,6453,25725,3,380-6453257253
Ukraine,Ukraine,15 Kozak-7,damaged,https://i.postimg.cc/RV8WXYM9/2015-Kozak-7-dam-aband-18-06-24.jpg,2024-06-20,6455,25727,3,380-6455257273
Ukraine,United States,15 M577 command post,damaged,https://i.postimg.cc/pdc3fbJR/2020-M577-command-post-dam-aband-06-02-25.jpg,2025-02-16,6458,25731,3,380-6458257313
Ukraine,United Kingdom,15 Mastiff Protected Patrol,damaged,https://i.postimg.cc/tgR6Jnh9/2009-mastiff-dam-11-06-23.jpg,2023-06-15,6461,25738,3,380-6461257383
Ukraine,United Kingdom,15 Mastiff Protected Patrol,damaged,https://i.postimg.cc/9QYTcYwx/2010-mastiff-dam-11-06-23.jpg,2023-06-15,6461,25739,3,380-6461257393
Ukraine,Sweden,15 Pbv 302,damaged,https://i.postimg.cc/SRg1c0J7/2008-Pbv-302-destr-10-06-25.jpg,2025-06-27,6463,25742,3,380-6463257423
Ukraine,Ukraine,15 Unknown towed artillery,damaged,https://i.postimg.cc/fRXrgT3b/11.png,2022-08-09,6470,25753,3,380-6470257533
Ukraine,United States,150 M113,damaged,https://i.postimg.cc/DwSDMCJp/2006-M113-A3-dam-aband-19-09-24.jpg,2024-09-26,6473,25759,3,380-6473257593
Ukraine,United States,151 M113,damaged,https://i.postimg.cc/YqJpSrYH/2007-M113-A3-dam-aband-29-02-24.jpg,2024-09-29,6476,25764,3,380-6476257643
Ukraine,Soviet Union,152mm 2A36 Giatsint-B field-gun,damaged,https://i.postimg.cc/Gm5z99Hk/2000-Giatsint-B-dam.jpg,2022-10-13,1295,25768,3,380-1295257683
Ukraine,Soviet Union,152mm 2A36 Giatsint-B field-gun,damaged,https://i.postimg.cc/nr5360t1/2000-152mm-2-A36-Giatsint-B-field-gun-dam-19-05-23.jpg,2023-05-30,1295,25769,3,380-1295257693
Ukraine,Soviet Union,152mm 2A36 Giatsint-B field-gun,damaged,https://i.postimg.cc/brHP6FMF/2014-2-A36-dam-23-10-23.jpg,2023-10-28,1295,25772,3,380-1295257723
Ukraine,Soviet Union,152mm 2A65 Msta-B howitzer,damaged,https://twitter.com/imp_navigator/status/1588452311508172800,2022-11-06,1296,25779,3,380-1296257793
Ukraine,Soviet Union,152mm 2A65 Msta-B howitzer,damaged,https://i.postimg.cc/cCdWGTc8/2001-2-A36-MSTA-B-dam-25-02-23.jpg,2023-02-27,1296,25781,3,380-1296257813
Ukraine,Soviet Union,152mm 2A65 Msta-B howitzer,damaged,https://i.postimg.cc/VvS7zRP8/2008-Msta-B-howitzer-dam-11-02-24.jpg,2024-02-15,1296,25783,3,380-1296257833
Ukraine,Soviet Union,152mm 2S3 Akatsiya,damaged,https://twitter.com/UAWeapons/status/1541534349589454848,2022-06-29,1298,25792,3,380-1298257923
Ukraine,Soviet Union,152mm 2S3 Akatsiya,damaged,https://i.postimg.cc/1RMZFR2J/2139-152mm-2-S3-M-Akatsiya-dam-15-03-22.jpg,2022-12-05,1298,25804,3,380-1298258043
Ukraine,Soviet Union,152mm 2S3 Akatsiya,damaged,https://i.postimg.cc/zvnfH8Gg/2005-2s3-dam-13-05-23.jpg,2023-05-17,1298,25822,3,380-1298258223
Ukraine,Soviet Union,152mm 2S3 Akatsiya,damaged,https://i.postimg.cc/qvLh3Nvf/2007-152mm-2-S3-M-Akatsiya-dam-22-06-23.jpg,2023-06-28,1298,25826,3,380-1298258263
Ukraine,Soviet Union,152mm 2S3 Akatsiya,damaged,https://i.postimg.cc/2yWJN25x/2013-2s3-dam-29-11-23.jpg,2023-12-16,1298,25833,3,380-1298258333
Ukraine,Soviet Union,152mm D-20 gun-howitzer,damaged,https://i.postimg.cc/HnBR6b1m/2001-d20-dam.jpg,2022-10-28,1301,25879,3,380-1301258793
Ukraine,Soviet Union,152mm D-20 gun-howitzer,damaged,https://i.postimg.cc/RZZdK1s0/2004-d20-dam-16-04-24.jpg,2024-05-09,1301,25886,3,380-1301258863
Ukraine,Soviet Union,152mm D-20 gun-howitzer,damaged,https://i.postimg.cc/zBs9r4MG/2006-D-20-gun-howitzer-dam-02-08-24.jpg,2024-08-06,1301,25887,3,380-1301258873
Ukraine,Soviet Union,153 BMP-2(K),damaged,https://i.postimg.cc/5NzndC40/2007-BMP-2-dam-13-07-23.jpg,2023-07-22,6481,25892,3,380-6481258923
Ukraine,Soviet Union,153 BMP-2(K),damaged,https://i.postimg.cc/gJf8Ng6K/2013-2x-t64bv-and-2x-bmp2-dam-aband-21-07-23.jpg,2023-07-22,6481,25893,3,380-6481258933
Ukraine,United States,155 International M1224 MaxxPro,damaged,https://i.postimg.cc/qR9xHDGf/2012-M1224-Maxx-Pro-dam-aband-12-11-24.jpg,2024-11-17,6490,25905,3,380-6490259053
Ukraine,Poland,155mm AHS Krab,damaged,https://twitter.com/imp_navigator/status/1604391495762583554,2022-12-21,6491,25906,3,380-6491259063
Ukraine,Poland,155mm AHS Krab,damaged,https://i.postimg.cc/MpCgfXnx/2023-155mm-AHS-Krab-dam-28-02-23.jpg,2023-05-23,6491,25919,3,380-6491259193
Ukraine,Poland,155mm AHS Krab,damaged,https://i.postimg.cc/cLLgTfdW/2000-AS-90-dam-18-12-23.jpg,2024-01-09,6491,25931,3,380-6491259313
Ukraine,Poland,155mm AHS Krab,damaged,https://i.postimg.cc/Tw20dThn/2031-AHS-Krab-dam-24-02-24.jpg,2024-02-29,6491,25932,3,380-6491259323
Ukraine,United Kingdom,155mm AS-90,damaged,https://i.postimg.cc/pLBdPt16/2018-AS-90-dam-30-09-23.jpg,2023-10-06,6492,25947,3,380-6492259473
Ukraine,United Kingdom,155mm AS-90,damaged,https://i.postimg.cc/HLWMkNsm/2010-AS-90-dam-10-11-23.jpg,2023-11-14,6492,25948,3,380-6492259483
Ukraine,United Kingdom,155mm AS-90,damaged,https://i.postimg.cc/SRc0mJqw/2005-as90-dam-17-12-23.jpg,2024-01-09,6492,25949,3,380-6492259493
Ukraine,United Kingdom,155mm AS-90,damaged,https://i.postimg.cc/652qZ45T/2010-as90-dam-07-03-24.jpg,2024-04-08,6492,25951,3,380-6492259513
Ukraine,United Kingdom,155mm AS-90,damaged,https://i.postimg.cc/NFYpCgWM/2000-AS-90-dam-20-03-24.jpg,2024-04-08,6492,25952,3,380-6492259523
Ukraine,United Kingdom,155mm AS-90,damaged,https://i.postimg.cc/FRfrLSrd/2009-L131-AS-90-dam-15-04-25.jpg,2025-04-19,6492,25957,3,380-6492259573
Ukraine,Estonia,155mm FH-70,damaged,https://postimg.cc/QKV5Q4MK,2022-12-05,6494,25964,3,380-6494259643
Ukraine,Estonia,155mm FH-70,damaged,https://i.postimg.cc/kgHpM08s/2002-155mm-FH-70-howitzer-dam-25-03-23.jpg,2023-03-30,6494,25965,3,380-6494259653
Ukraine,Estonia,155mm FH-70 howitzer,damaged,https://i.postimg.cc/BQVtyR49/2022-155mm-FH-70-dam-29-11-23.jpg,2023-12-16,6495,25967,3,380-6495259673
Ukraine,Norway,155mm M109A3/A4/A5,damaged,https://i.postimg.cc/c1twspff/2011-M109-dam-27-01-23.jpg,2023-03-07,6496,25971,3,380-6496259713
Ukraine,Norway,155mm M109A3/A4/A5,damaged,https://i.postimg.cc/MpfxxNHT/2011-M109-dam-27-01-23.jpg,2023-03-08,6496,25973,3,380-6496259733
Ukraine,Norway,155mm M109A3/A4/A5,damaged,https://i.postimg.cc/ZKKKMGpC/2003-m109-dam-07-03-23.jpg,2023-03-09,6496,25975,3,380-6496259753
Ukraine,Norway,155mm M109A3/A4/A5,damaged,https://i.postimg.cc/XXMg4fGq/2010-m109-dam-19-03-23.jpg,2023-03-20,6496,25976,3,380-6496259763
Ukraine,Norway,155mm M109A3/A4/A5,damaged,https://i.postimg.cc/dtDCWymZ/44f.png,2023-03-29,6496,25979,3,380-6496259793
Ukraine,Norway,155mm M109A3/A4/A5,damaged,https://i.postimg.cc/d1PNrG5T/2003-155mm-M109-dam-27-03-23.jpg,2023-03-30,6496,25980,3,380-6496259803
Ukraine,Norway,155mm M109A3/A4/A5,damaged,https://i.postimg.cc/RVGrhK2Q/3215.png,2023-04-03,6496,25981,3,380-6496259813
Ukraine,Norway,155mm M109A3/A4/A5,damaged,https://i.postimg.cc/256pxZgT/33d.png,2023-04-18,6496,25984,3,380-6496259843
Ukraine,Norway,155mm M109A3/A4/A5,damaged,https://i.postimg.cc/L5G0NyDp/2026-m109-dam-28-04-23.jpg,2023-05-02,6496,25985,3,380-6496259853
Ukraine,Norway,155mm M109A3/A4/A5//A6L,damaged,https://i.postimg.cc/k54nhyDh/2004-m109-dam-13-08-23.jpg,2023-08-15,6497,25988,3,380-6497259883
Ukraine,Norway,155mm M109A3/A4/A5//A6L,damaged,https://i.postimg.cc/qqmTDRbg/2003-155mm-M109-L-dam-26-07-23.jpg,2023-08-17,6497,25989,3,380-6497259893
Ukraine,Norway,155mm M109A3/A4/A5//A6L,damaged,https://i.postimg.cc/Gpk1wz7W/2022-155mm-M109-dam-04-08-23.jpg,2023-08-17,6497,25990,3,380-6497259903
Ukraine,Norway,155mm M109A3/A4/A5/A6/L,damaged,https://i.postimg.cc/nVPn3ZYk/2004-m109-dam-24-11-23.jpg,2023-11-27,6498,26001,3,380-6498260013
Ukraine,Norway,155mm M109A3/A4/A5/A6/L,damaged,https://i.postimg.cc/vm1ZnstT/2000-m109-dam-24-12-23.jpg,2024-01-09,6498,26006,3,380-6498260063
Ukraine,Norway,155mm M109A3/A4/A5/A6/L,damaged,https://i.postimg.cc/sDtchmFM/2008-m109-dam-26-01-24.jpg,2024-01-30,6498,26009,3,380-6498260093
Ukraine,Norway,155mm M109A3/A4/A5/A6/L,damaged,https://i.postimg.cc/nrW1TYCw/2002-m109-dam-26-01-24.jpg,2024-01-30,6498,26010,3,380-6498260103
Ukraine,Norway,155mm M109A3/A4/A5/L,damaged,https://i.postimg.cc/Dwrz9kbM/2006-m109-dam-16-07-23.jpg,2023-07-17,6499,26024,3,380-6499260243
Ukraine,Norway,155mm M109A3GN,damaged,https://twitter.com/UAWeapons/status/1534148275581894659,2022-06-11,6501,26029,3,380-6501260293
Ukraine,Norway,155mm M109A3GN,damaged,https://twitter.com/UAWeapons/status/1557039445953626114,2022-08-13,6501,26030,3,380-6501260303
Ukraine,Norway,155mm M109A3GN,damaged,https://i.postimg.cc/3RpBPryk/2002-m107-dam.jpg,2022-11-03,6501,26031,3,380-6501260313
Ukraine,United States,155mm M777A2 howitzer,damaged,https://i.postimg.cc/yY1zNtnw/68u.png,2023-04-18,6502,26036,3,380-6502260363
Ukraine,United States,155mm M777A2 howitzer,damaged,https://i.postimg.cc/Z5y3bJg1/2000-m777-dam-26-04-23.jpg,2023-04-28,6502,26037,3,380-6502260373
Ukraine,United States,155mm M777A2 howitzer,damaged,https://i.postimg.cc/sXy8K8PN/2024-155mm-M777-A2-howitzer-dam-28-02-23.jpg,2023-05-23,6502,26040,3,380-6502260403
Ukraine,United States,155mm M777A2 howitzer,damaged,https://i.postimg.cc/B610KpVx/2028-m777-dam-30-06-23.jpg,2023-07-01,6502,26041,3,380-6502260413
Ukraine,United States,155mm M777A2 howitzer,damaged,https://i.postimg.cc/q7xb051W/2004-m777-dam-13-06-23.jpg,2023-07-10,6502,26043,3,380-6502260433
Ukraine,United States,155mm M777A2 howitzer,damaged,https://i.postimg.cc/kXLhy8VY/2005-m777-dam-30-06-23.jpg,2023-07-10,6502,26044,3,380-6502260443
Ukraine,United States,155mm M777A2 howitzer,damaged,https://i.postimg.cc/TP67z6Jr/2019-m777-dam-04-07-23.jpg,2023-07-10,6502,26045,3,380-6502260453
Ukraine,United States,155mm M777A2 howitzer,damaged,https://i.postimg.cc/L6xBj25C/2012-M777-A2-howitzer-dam-28-02-23.jpg,2023-07-24,6502,26047,3,380-6502260473
Ukraine,United States,155mm M777A2 howitzer,damaged,https://i.postimg.cc/pXGMvYSq/2008-m777-dam-01-08-23.jpg,2023-08-04,6502,26049,3,380-6502260493
Ukraine,United States,155mm M777A2 howitzer,damaged,https://i.postimg.cc/T2Sk6SBV/2018-155mm-M777-A2-howitzer-dam-14-08-23.jpg,2023-08-21,6502,26050,3,380-6502260503
Ukraine,United States,155mm M777A2 howitzer,damaged,https://i.postimg.cc/QNRNL5r7/2001-m777-dam-22-08-23.jpg,2023-08-24,6502,26051,3,380-6502260513
Ukraine,United States,155mm M777A2 howitzer,damaged,https://i.postimg.cc/y6J6rj2B/2014-m777-dam-16-07-23.jpg,2023-08-24,6502,26052,3,380-6502260523
Ukraine,United States,155mm M777A2 howitzer,damaged,https://i.postimg.cc/nhCBdhTB/2010-m777-dam-23-08-23.jpg,2023-08-26,6502,26053,3,380-6502260533
Ukraine,United States,155mm M777A2 howitzer,damaged,https://i.postimg.cc/hjnbJXsY/326y.png,2023-08-30,6502,26054,3,380-6502260543
Ukraine,United States,155mm M777A2 howitzer,damaged,https://i.postimg.cc/j2vPtRbN/2011-m777-dam-12-10-23.jpg,2023-10-15,6502,26056,3,380-6502260563
Ukraine,United States,155mm M777A2 howitzer,damaged,https://i.postimg.cc/htZcf28m/2000-m777-destr-12-10-23.jpg,2023-10-19,6502,26057,3,380-6502260573
Ukraine,United States,155mm M777A2 howitzer,damaged,https://i.postimg.cc/HxhG50Qw/2014-777-dam-30-10-23.jpg,2023-11-01,6502,26060,3,380-6502260603
Ukraine,United States,155mm M777A2 howitzer,damaged,https://i.postimg.cc/cCr0d5Zw/2024-m777-dam-18-11-23.jpg,2023-11-27,6502,26061,3,380-6502260613
Ukraine,United States,155mm M777A2 howitzer,damaged,https://i.postimg.cc/bYnpwVL6/2006-m777-dam-06-11-23.jpg,2023-12-01,6502,26062,3,380-6502260623
Ukraine,United States,155mm M777A2 howitzer,damaged,https://i.postimg.cc/90Xr5hDV/2030-m777-dam-12-12-23.jpg,2023-12-16,6502,26064,3,380-6502260643
Ukraine,United States,155mm M777A2 howitzer,damaged,https://i.postimg.cc/02QrVx97/2003-m777-dam-04-01-24.jpg,2024-01-09,6502,26068,3,380-6502260683
Ukraine,United States,155mm M777A2 howitzer,damaged,https://i.postimg.cc/R0CTN4cV/2002-M777-A2-howitzer-dam-28-03-24.jpg,2024-04-08,6502,26073,3,380-6502260733
Ukraine,United States,155mm M777A2 howitzer,damaged,https://i.postimg.cc/xThTNrDG/2002-M777-A2-howitzer-dam-02-04-24.jpg,2024-04-08,6502,26074,3,380-6502260743
Ukraine,United States,155mm M777A2 howitzer,damaged,https://i.postimg.cc/ZYdWZ0Jf/2000-M777-A2-howitzer-dam-07-04-24.jpg,2024-04-11,6502,26075,3,380-6502260753
Ukraine,United States,155mm M777A2 howitzer,damaged,https://i.postimg.cc/VvgP0mzF/2023-M777-A2-howitzer-dam-15-05-24.jpg,2024-05-18,6502,26078,3,380-6502260783
Ukraine,United States,155mm M777A2 howitzer,damaged,https://i.postimg.cc/QNW4pX94/2008-M777-A2-howitzer-dam-25-05-24.jpg,2024-05-31,6502,26082,3,380-6502260823
Ukraine,United States,155mm M777A2 howitzer,damaged,https://i.postimg.cc/4yb7fk8G/2138-M777-A2-howitzer-dam-capt-13-03-25.jpg,2025-03-20,6502,26089,3,380-6502260893
Ukraine,United States,155mm M777A2 howitzer,damaged,https://i.postimg.cc/Y9WRJ442/2010-M777-A2-howitzer-dam-19-03-25.jpg,2025-03-27,6502,26091,3,380-6502260913
Ukraine,United States,155mm M777A2 howitzer,damaged,https://i.postimg.cc/MGxGddJp/2000-M777-A2-howitzer-dam-26-04-25.jpg,2025-05-12,6502,26092,3,380-6502260923
Ukraine,United States,157 International M1224 MaxxPro,damaged,https://i.postimg.cc/KvvT1tVD/2000-M1224-Maxx-Pro-dam-aband-21-11-24.jpg,2024-11-27,6509,26104,3,380-6509261043
Ukraine,Soviet Union,158 BMP-2(K),damaged,https://i.postimg.cc/HxjtZ9p5/2035-bmp2-dam-17-08-23.jpg,2023-08-18,6511,26107,3,380-6511261073
Ukraine,United States,159 International M1224 MaxxPro,damaged,https://i.postimg.cc/7PJZ6d2Q/2001-M1224-Maxx-Pro-dam-aband-07-12-24.jpg,2024-12-09,6516,26113,3,380-6516261133
Ukraine,United States,16 M1A1 SA Abrams,damaged,https://i.postimg.cc/mg8X4J0N/2100-M1-A1-SA-Abrams-dam-capt-16-09-24.jpg,2024-10-09,6528,26136,3,380-6528261363
Ukraine,United Kingdom,16 Mastiff Protected Patrol,damaged,https://i.postimg.cc/3RqQWZWq/2032-Mastiff-dam-aband-04-06-23.jpg,2023-06-23,6531,26139,3,380-6531261393
Ukraine,United Kingdom,16 Mastiff Protected Patrol,damaged,https://i.postimg.cc/TYp444MY/2008-Mastiff-PPV-dam-aband-04-06-23.jpg,2023-06-25,6531,26140,3,380-6531261403
Ukraine,Ukraine,16 UAT-D Gyurza,damaged,https://i.postimg.cc/5NYrFCp2/2021-UAT-D-Gyurza-dam-aband-13-05-25.jpg,2025-05-21,6538,26148,3,380-6538261483
Ukraine,United States,164 M113,damaged,https://i.postimg.cc/C5ZSxCdB/2085-M113-A3-ambulance-dam-aband-16-10-24.jpg,2024-10-22,6554,26179,3,380-6554261793
Ukraine,United States,164 M113,damaged,https://i.postimg.cc/yxwBgJSf/2090-M113-A3-dam-aband-01-10-24.jpg,2024-10-22,6554,26180,3,380-6554261803
Ukraine,United States,164 M113,damaged,https://i.postimg.cc/PfcdF7Fm/2091-M113-A3-dam-aband-30-09-24.jpg,2024-10-22,6554,26181,3,380-6554261813
Ukraine,Soviet Union,165 BMP-2(K),damaged,https://i.postimg.cc/4N8kwRPS/3299.png,2023-09-12,6556,26186,3,380-6556261863
Ukraine,United States,166 International M1224 MaxxPro,damaged,https://i.postimg.cc/9F78GNFf/2026-M1224-Maxx-Pro-dam-capt-23-12-24.jpg,2024-12-26,6560,26192,3,380-6560261923
Ukraine,United States,168 International M1224 MaxxPro,damaged,https://i.postimg.cc/MH0GByJz/2006-M1224-Maxx-Pro-dam-aband-25-12-24.jpg,2024-12-29,6565,26202,3,380-6565262023
Ukraine,United States,17 M113,damaged,https://i.postimg.cc/K834y1bs/2002-m113-damaged-07-01-23.jpg,2023-01-08,6578,26222,3,380-6578262223
Ukraine,United States,17 M113,damaged,https://i.postimg.cc/HsL7QfBd/4314.png,2023-03-29,6578,26224,3,380-6578262243
Ukraine,United States,17 M1A1 SA Abrams,damaged,https://i.postimg.cc/RVQ6wN9v/2013-M1-A1-SA-Abrams-dam-aband-11-12-24.jpg,2024-12-16,6579,26225,3,380-6579262253
Ukraine,United Kingdom,17 Mastiff Protected Patrol,damaged,https://i.postimg.cc/RVxGqtcz/2004-Mastiff-PVV-dam-28-06-23.jpg,2023-06-30,6582,26228,3,380-6582262283
Ukraine,Canada,17 Roshel Senator,damaged,https://i.postimg.cc/9f7T0rvy/2003-Roshel-Senator-APC-dam-aband-07-06-24.jpg,2024-06-11,6585,26231,3,380-6585262313
Ukraine,Ukraine,17 Unknown towed artillery,damaged,https://i.postimg.cc/5NBNH0Zp/2007-Unknown-towed-artillery-dam-03-08-23.jpg,2023-08-15,6589,26237,3,380-6589262373
Ukraine,United States,172 M113,damaged,https://i.postimg.cc/L5QcbM71/2021-M113-A3-dam-capt-23-10-24.jpg,2024-11-05,6598,26255,3,380-6598262553
Ukraine,Soviet Union,174 BMP-2(K),damaged,https://i.postimg.cc/jj25nTyn/321.png,2023-09-29,6600,26261,3,380-6600262613
Ukraine,Soviet Union,176 BMP-2(K),damaged,https://i.postimg.cc/rFYj2FsQ/2008-bmp2-dam-aband-26-09-23.jpg,2023-10-05,6602,26265,3,380-6602262653
Ukraine,United States,177 International M1224 MaxxPro,damaged,https://i.postimg.cc/prj4SXcq/2028-M1224-Maxx-Pro-dam-capt-18-01-25.jpg,2025-01-22,6605,26273,3,380-6605262733
Ukraine,Soviet Union,18 BRM-1K reconnaissance vehicle,damaged,https://i.postimg.cc/8cSMSpVT/d32.png,2022-10-09,6612,26282,3,380-6612262823
Ukraine,Soviet Union,18 KrAZ-255B,damaged,https://i.postimg.cc/zfSx8kdJ/2002-kraz255b-dam-05-12-23.jpg,2023-12-08,6617,26288,3,380-6617262883
Ukraine,United States,18 M113,damaged,https://i.postimg.cc/Gm0WBbtH/2023-m113-dam-aband-02-02-23.jpg,2023-02-05,6618,26290,3,380-6618262903
Ukraine,United States,18 M1A1 SA Abrams,damaged,https://i.postimg.cc/8PyfMSXL/2003-M1-A1-SA-Abrams-dam-aband-30-12-24.jpg,2025-01-13,6619,26294,3,380-6619262943
Ukraine,Canada,18 Roshel Senator,damaged,https://i.postimg.cc/hj4s4BPs/2000-Roshel-Senator-MRAP-dam-13-06-24.jpg,2024-06-28,6622,26299,3,380-6622262993
Ukraine,Soviet Union,18 Su-25 close air support aircraft,damaged,https://i.postimg.cc/RZ3JpWC2/2013-su25-dam-06-06-24.jpg,2024-06-11,6624,26302,3,380-6624263023
Ukraine,United States,185 M113,damaged,https://i.postimg.cc/zfNnLwcS/2002-M113-A3-dam-aband-10-11-24.jpg,2024-11-14,6636,26332,3,380-6636263323
Ukraine,United States,187 International M1224 MaxxPro,damaged,https://i.postimg.cc/brzr7gRv/2030-M1224-Maxx-Pro-dam-aband-31-01-25.jpg,2025-02-12,6638,26339,3,380-6638263393
Ukraine,Germany,19 Leopard 1A5,damaged,https://i.postimg.cc/dVxf2CNd/2017-Leopard-1-A5-dam-aband-07-03-25.jpg,2025-05-12,6646,26351,3,380-6646263513
Ukraine,Ukraine,19 Unknown towed artillery,damaged,https://i.postimg.cc/wTGzh1RG/2014-Unknown-towed-artillery-dam-31-07-23.jpg,2023-08-17,6659,26370,3,380-6659263703
Ukraine,Ukraine,19 Unknown towed artillery,damaged,https://i.postimg.cc/VNycV2R9/2015-Unknown-towed-artillery-dam-31-07-23.jpg,2023-08-17,6659,26371,3,380-6659263713
Ukraine,Soviet Union,192 BMP-2(K),damaged,https://i.postimg.cc/1tWJxSLD/2016-bmp2-dam-capt-05-10-23.jpg,2024-01-09,6663,26387,3,380-6663263873
Ukraine,United States,194 International M1224 MaxxPro,damaged,https://i.postimg.cc/vHjMgjrm/2017-M1224-Maxx-Pro-dam-aband-22-02-25.jpg,2025-02-24,6666,26392,3,380-6666263923
Ukraine,Soviet Union,197 BMP-2(K),damaged,https://i.postimg.cc/Ght26kzH/2008-bmp2-dam-capt-21-02-24.jpg,2024-02-23,6670,26401,3,380-6670264013
Ukraine,Soviet Union,1L22 'Parol',damaged,https://postimg.cc/9Dcvz02c,2022-03-19,6673,26407,3,380-6673264073
Ukraine,Czech Republic,2 152mm ShKH vz. 77 DANA,damaged,https://i.postimg.cc/W4RVmpcb/2010-dana-77-dam-26-02-23.png,2023-02-27,6685,26437,3,380-6685264373
Ukraine,Czech Republic,2 152mm ShKH vz. 77 DANA,damaged,https://i.postimg.cc/JhKC7C0d/2019-152mm-Sh-KH-vz-77-DANA-dam-25-10-23.jpg,2023-11-01,6685,26438,3,380-6685264383
Ukraine,Poland,2 155mm AHS Krab,damaged,https://i.postimg.cc/yN7rvmF8/2000-krab-dmg.jpg,2022-10-02,6688,26441,3,380-6688264413
Ukraine,France,2 155mm Caesar,damaged,https://i.postimg.cc/vB6QZ9G7/2017-caesar-dam-04-05-23.jpg,2023-05-06,6690,26443,3,380-6690264433
Ukraine,Slovakia,2 155mm ShKH Zuzana 2,damaged,https://i.postimg.cc/jq6fc4K4/2004-155mm-Sh-KH-Zuzana-2-dam-11-01-24.jpg,2024-01-24,6692,26445,3,380-6692264453
Ukraine,Slovenia,2 BOV APC,damaged,https://i.postimg.cc/7Lvgy2VC/2036-BOV-dam-aband-30-11-24.jpg,2024-12-03,6704,26460,3,380-6704264603
Ukraine,Sweden,2 CV9040C,damaged,https://i.postimg.cc/mk4CnRy6/2006-2x-CV9040-C-1x-destr-1x-dam-06-08-23.jpg,2023-08-09,6714,26470,3,380-6714264703
Ukraine,Ukraine,2 Cougar H,damaged,https://i.postimg.cc/13410dMG/2014-Cougar-H-dam-aband-06-08-24.jpg,2024-08-09,6717,26474,3,380-6717264743
Ukraine,Ukraine,2 Dzhura,damaged,https://i.postimg.cc/Nfd9dywJ/2027-Dzhura-dam-26-05-25.jpg,2025-05-30,6720,26477,3,380-6720264773
Ukraine,Italy,2 Fiat Fullback pickup truck,damaged,https://i.postimg.cc/g2J0vjKW/2000-Fiat-Fullback-pickup-truck-dam-16-11-24.jpg,2025-04-19,6725,26484,3,380-6725264843
Ukraine,Italy,2 Iveco LMV,damaged,https://i.postimg.cc/T2qB9JhS/3325.png,2022-10-26,6733,26493,3,380-6733264933
Ukraine,Italy,2 Iveco VM90,damaged,https://i.postimg.cc/RF6QN70Y/2024-Iveco-VM90-dam-05-11-23.jpg,2023-12-17,6735,26495,3,380-6735264953
Ukraine,Germany,2 Leopard 2A4,damaged,https://i.postimg.cc/C5JBwz4P/2000-leopard-2a4-dam-15-06-23.jpg,2023-06-16,6747,26510,3,380-6747265103
Ukraine,Germany,2 MAN HX81 tank transporter,damaged,https://i.postimg.cc/DzP5KZFm/2001-MAN-HX81-tank-transporter-dam-aband-05-06-24.jpg,2024-06-28,6760,26524,3,380-6760265243
Ukraine,United Kingdom,2 Mastiff Protected Patrol,damaged,https://i.postimg.cc/5NRZJyt3/2000-Mastiff-dam.jpg,2022-10-17,6766,26532,3,380-6766265323
Ukraine,Italy,2 Puma 6x6,damaged,https://i.postimg.cc/6pDNPy05/2005-Puma-6x6-dam-aband-09-12-24.jpg,2024-12-23,6786,26552,3,380-6786265523
Ukraine,France,2 Renault TRM-2000,damaged,https://i.postimg.cc/qqTw5kH7/2025-Renault-TRM-2000-dam-13-02-25.jpg,2025-02-24,6793,26559,3,380-6793265593
Ukraine,United Kingdom,2 Stormer HVM,damaged,https://twitter.com/UAWeapons/status/1655190114790780928,2023-05-10,6801,26569,3,380-6801265693
Ukraine,United States,2 UA International M1224 MaxxPro,damaged,https://i.postimg.cc/sxh5nxM9/2001-Maxx-Pro-MRAP-dam.jpg,2022-11-10,6810,26578,3,380-6810265783
Ukraine,Germany,2 Wisent 1 mine-clearing tank,damaged,https://i.postimg.cc/MHnfDZDt/2023-Wi-SENT-1-mine-clearing-tank-dam-aband-25-10-23.jpg,2025-01-07,6826,26597,3,380-6826265973
Ukraine,Soviet Union,20 100mm MT-12 anti-tank gun,damaged,https://i.postimg.cc/yYdkL7qy/2018-mt12-dam-23-11-23.jpg,2023-12-16,1979,26605,3,380-1979266053
Ukraine,Ukraine,20 Kozak-7,damaged,https://i.postimg.cc/qq4WZWDh/2007-Kozak-7-dam-aband-14-08-24.jpg,2024-08-18,6838,26613,3,380-6838266133
Ukraine,United States,20 M113,damaged,https://i.postimg.cc/y888JRPB/2009-m113-dam-29-03-23.jpg,2023-04-05,6840,26616,3,380-6840266163
Ukraine,United States,200 M113,damaged,https://i.postimg.cc/d0KqFsTQ/2033-M113-A3-dam-20-11-24.jpg,2024-12-03,6850,26637,3,380-6850266373
Ukraine,United States,200 M113,damaged,https://i.postimg.cc/g0qGkCvV/2042-M113-A3-dam-capt-30-11-24.jpg,2024-12-03,6850,26639,3,380-6850266393
Ukraine,Soviet Union,202 BMP-2(K),damaged,https://i.postimg.cc/RhMLQgHJ/2015-bmp2-dam-aband-26-03-24.jpg,2024-04-08,6852,26649,3,380-6852266493
Ukraine,Soviet Union,202 BMP-2(K),damaged,https://i.postimg.cc/Y93zGKrr/2026-bmp2-dam-aband-19-02-24.jpg,2024-04-08,6852,26650,3,380-6852266503
Ukraine,Soviet Union,203mm 2S7 Pion,damaged,https://i.postimg.cc/K8pQghtB/790.png,2022-03-26,6855,26655,3,380-6855266553
Ukraine,Soviet Union,203mm 2S7 Pion,damaged,https://i.postimg.cc/J4s5tfKL/4376.png,2022-04-07,6855,26656,3,380-6855266563
Ukraine,Soviet Union,203mm 2S7 Pion,damaged,https://i.postimg.cc/VLs0y1LY/d34.jpg,2022-05-21,6855,26658,3,380-6855266583
Ukraine,Soviet Union,203mm 2S7 Pion,damaged,https://twitter.com/UAWeapons/status/1534866398303948801,2022-06-10,6855,26659,3,380-6855266593
Ukraine,Soviet Union,203mm 2S7 Pion,damaged,https://i.postimg.cc/C1fv95b0/2000-2s7-dam.jpg,2022-12-08,6855,26663,3,380-6855266633
Ukraine,Soviet Union,203mm 2S7 Pion,damaged,https://i.postimg.cc/HshjKQqy/2001-2s7-pion-dam-06-01-23.jpg,2023-01-08,6855,26664,3,380-6855266643
Ukraine,United States,207 M113,damaged,https://i.postimg.cc/pTMKS7Mk/2009-M113-A3-dam-aband-04-12-24.jpg,2024-12-12,6861,26689,3,380-6861266893
Ukraine,Soviet Union,208 BMP-2(K),damaged,https://i.postimg.cc/BnGSDKnp/2008-bmp2-dam-aband-12-05-24.jpg,2024-05-18,6862,26691,3,380-6862266913
Ukraine,Soviet Union,21 100mm MT-12 anti-tank gun,damaged,https://i.postimg.cc/65JQD4nk/2006-mt12-dam-27-01-24.jpg,2024-01-30,2088,26700,3,380-2088267003
Ukraine,United States,21 M577 command post,damaged,https://i.postimg.cc/Zq6zLqkx/2231-M577-command-post-dam-aband-28-02-25.jpg,2025-03-20,6873,26713,3,380-6873267133
Ukraine,United States,21 M577 command post,damaged,https://i.postimg.cc/t4KHPxcg/2232-M577-command-post-dam-aband-28-02-25.jpg,2025-03-20,6873,26714,3,380-6873267143
Ukraine,United States,21 M577 command post,damaged,https://i.postimg.cc/ydB4pzs4/2241-M577-command-post-dam-aband-28-02-25.jpg,2025-03-20,6873,26715,3,380-6873267153
Ukraine,Soviet Union,21 MiG-29 fighter aircraft,damaged,https://twitter.com/UAWeapons/status/1704157972937498935,2023-09-20,6875,26719,3,380-6875267193
Ukraine,United States,22 M577 command post,damaged,https://i.postimg.cc/NjTvX6G5/2077-M577-command-post-dam-aband-01-04-25.jpg,2025-04-08,6910,26786,3,380-6910267863
Ukraine,United States,223 M113,damaged,https://i.postimg.cc/QCkK8h3q/2010-M113-A3-dam-aband-28-12-24.jpg,2024-12-31,6927,26827,3,380-6927268273
Ukraine,United States,223 M113,damaged,https://i.postimg.cc/8cVrgsq5/2009-M113-A3-dam-aband-28-12-24.jpg,2024-12-31,6927,26828,3,380-6927268283
Ukraine,United States,228 M113,damaged,https://i.postimg.cc/fW7qh2WC/2007-M113-dam-aband-26-12-24.jpg,2025-01-07,6939,26849,3,380-6939268493
Ukraine,United States,228 M113,damaged,https://i.postimg.cc/qqpnRfpH/2013-M113-A3-dam-aband-31-10-24.jpg,2025-01-07,6939,26850,3,380-6939268503
Ukraine,Soviet Union,23 100mm MT-12 anti-tank gun,damaged,https://i.postimg.cc/HL50hY0r/2017-mt12-dam-06-04-24.jpg,2024-04-27,2258,26853,3,380-2258268533
Ukraine,United States,234 M113,damaged,https://i.postimg.cc/fRSwgn54/2002-M113-A3-dam-aband-09-01-25.jpg,2025-01-13,6962,26895,3,380-6962268953
Ukraine,United States,238 International M1224 MaxxPro,damaged,https://i.postimg.cc/3rnyNmDL/2026-M1224-Maxx-Pro-dam-aband.jpg,2025-04-17,6969,26906,3,380-6969269063
Ukraine,Soviet Union,24 100mm MT-12 anti-tank gun,damaged,https://i.postimg.cc/59rJ9jtQ/2000-MT-12-Rapira-anti-tank-gun-dam-29-06-24.jpg,2024-08-03,2352,26914,3,380-2352269143
Ukraine,United States,24 155mm M777A2 howitzer,damaged,https://i.postimg.cc/RCJ4rmD3/2005-m777-dam-11-01-23.jpg,2023-01-12,6970,26915,3,380-6970269153
Ukraine,United States,242 M113,damaged,https://i.postimg.cc/CKxtsn1H/2028-M113-A3-dam-aband-31-12-24.jpg,2025-01-16,6985,26947,3,380-6985269473
Ukraine,United States,248 International M1224 MaxxPro,damaged,https://i.postimg.cc/d3DwsWNS/2033-M1224-Maxx-Pro-dam-aband-31-03-25.jpg,2025-05-12,6991,26969,3,380-6991269693
Ukraine,Soviet Union,249 BMP-2(K),damaged,https://i.postimg.cc/KzH3DK2Q/2008-BMP-2-K-dam-aband-04-01-25.jpg,2025-01-07,6992,26971,3,380-6992269713
Ukraine,United States,249 International M1224 MaxxPro,damaged,https://i.postimg.cc/FR2kkwSB/2040-M1224-Maxx-Pro-dam-aband-12-05-25.jpg,2025-05-15,6993,26972,3,380-6993269723
Ukraine,United Kingdom,25 Mastiff Protected Patrol,damaged,https://i.postimg.cc/mgVCb1hv/2006-Mastiff-Protected-Patrol-dam-15-08-23.jpg,2023-08-21,6997,26982,3,380-6997269823
Ukraine,United Kingdom,25 Mastiff Protected Patrol,damaged,https://i.postimg.cc/ZqR30YdC/2007-Mastiff-Protected-Patrol-dam-17-07-23.jpg,2023-08-21,6997,26983,3,380-6997269833
Ukraine,United Kingdom,25 Mastiff Protected Patrol,damaged,https://i.postimg.cc/25KWWpQT/2008-Mastiff-Protected-Patrol-dam-17-07-23.jpg,2023-08-21,6997,26984,3,380-6997269843
Ukraine,United States,250 M113,damaged,https://i.postimg.cc/7ZFvrZrR/2006-M113-A3-dam-aband-19-01-25.jpg,2025-01-25,7009,27013,3,380-7009270133
Ukraine,United States,250 M113,damaged,https://i.postimg.cc/xTFDgPxn/2010-M113-A3-dam-aband-21-01-25.jpg,2025-01-25,7009,27014,3,380-7009270143
Ukraine,United States,250 M113,damaged,https://i.postimg.cc/qqMSxt2N/2014-M113-A3-dam-aband-13-01-25.jpg,2025-01-25,7009,27015,3,380-7009270153
Ukraine,United States,255 International M1224 MaxxPro,damaged,https://i.postimg.cc/9QBrPrFv/2025-M1224-Maxx-Pro-dam-aband-15-05-25.jpg,2025-05-21,7014,27024,3,380-7014270243
Ukraine,United States,255 International M1224 MaxxPro,damaged,https://i.postimg.cc/NfmyMNhG/2024-M1224-Maxx-Pro-dam-aband-15-05-25.jpg,2025-05-21,7014,27025,3,380-7014270253
Ukraine,United States,258 M113,damaged,https://i.postimg.cc/bwG8RDrJ/2011-M113-A3-dam-aband-24-01-25.jpg,2025-01-31,7020,27035,3,380-7020270353
Ukraine,United States,258 M113,damaged,https://i.postimg.cc/CxW0rhn4/2012-M113-A3-dam-aband-24-01-25.jpg,2025-01-31,7020,27036,3,380-7020270363
Ukraine,United States,258 M113,damaged,https://i.postimg.cc/tTzHgFSr/2037-M113-A3-dam-aband-31-12-24.jpg,2025-01-31,7020,27037,3,380-7020270373
Ukraine,United States,258 M113,damaged,https://i.postimg.cc/KcJ2Srgj/2058-M113-A3-dam-aband-28-01-25.jpg,2025-01-31,7020,27038,3,380-7020270383
Ukraine,United States,26 M113,damaged,https://i.postimg.cc/bvRQMfk2/2032-m113-dam-03-05-23.jpg,2023-05-10,7026,27055,3,380-7026270553
Ukraine,United States,26 M113,damaged,https://i.postimg.cc/8PY4K3Bz/2008-m113-apc-dam-16-05-23.jpg,2023-05-23,7026,27057,3,380-7026270573
Ukraine,United Kingdom,26 Mastiff Protected Patrol,damaged,https://i.postimg.cc/bwh7TR8x/380.png,2023-09-03,7028,27060,3,380-7028270603
Ukraine,Soviet Union,26 MiG-29 fighter aircraft,damaged,https://i.postimg.cc/rsVRdPfr/2009-Mi-G-29-fighter-aircraft-dam-18-04-24.jpg,2024-04-21,7030,27065,3,380-7030270653
Ukraine,Canada,26 Roshel Senator,damaged,https://i.postimg.cc/MH2RKgwX/2007-Roshel-Senator-MRAP-dam-aband-11-08-24.jpg,2024-08-15,7031,27067,3,380-7031270673
Ukraine,United States,262 M113,damaged,https://i.postimg.cc/CKyxNHSq/2004-M113-A3-dam-aband-04-02-25.jpg,2025-02-11,7041,27102,3,380-7041271023
Ukraine,United States,265 International M1224 MaxxPro,damaged,https://i.postimg.cc/rpLnTfcz/2004-M1224-Maxx-Pro-dam-aband-26-05-25.jpg,2025-06-12,7045,27112,3,380-7045271123
Ukraine,Soviet Union,266 BMP-2(K),damaged,https://i.postimg.cc/DyMjnm9T/2041-BMP-2-K-dam-capt-19-03-25.jpg,2025-03-24,7046,27115,3,380-7046271153
Ukraine,Ukraine,27 Kozak-7,damaged,https://i.postimg.cc/qqXbj5zw/2014-Kozak-7-dam-aband-17-08-24.jpg,2024-08-28,7051,27128,3,380-7051271283
Ukraine,Soviet Union,27 T-80BV,damaged,https://i.postimg.cc/NM8WrWN5/2004-t80bv-dam-aband.jpg,2022-10-28,7059,27139,3,380-7059271393
Ukraine,Soviet Union,27 Ural-4320,damaged,https://i.postimg.cc/MH0p4XKm/Ukrainian-Ural-4320.png,2022-10-06,7065,27150,3,380-7065271503
Ukraine,United States,271 International M1224 MaxxPro,damaged,https://i.postimg.cc/L6825kvH/2005-1224-Maxx-Pro-dam-aband-07-06-25.jpg,2025-06-27,7066,27155,3,380-7066271553
Ukraine,United States,271 International M1224 MaxxPro,damaged,https://i.postimg.cc/MGsYs0Wq/2014-M1224-Maxx-Pro-dam-aband-29-05-25.jpg,2025-06-27,7066,27156,3,380-7066271563
Ukraine,Soviet Union,28 Mi-8 transport helicopter,damaged,https://i.postimg.cc/261GVDRF/2012-mi8msb-v-dam-19-07-24.jpg,2024-08-25,7084,27193,3,380-7084271933
Ukraine,Canada,28 Roshel Senator,damaged,https://i.postimg.cc/Dz969L7C/2009-Roshel-Senator-MRAP-dam-18-08-24.jpg,2024-08-22,7086,27195,3,380-7086271953
Ukraine,Canada,28 Roshel Senator IMV,damaged,https://i.postimg.cc/269D2Rk6/2004-Roshel-Senator-APC-dam-15-09-24.jpg,2024-11-27,7087,27196,3,380-7087271963
Ukraine,Soviet Union,28 T-80BV,damaged,https://i.postimg.cc/brGzdtmX/2004-t80bv-dam.jpg,2022-12-02,7088,27197,3,380-7088271973
Ukraine,United States,280 International M1224 MaxxPro,damaged,https://i.postimg.cc/qqtZcJsK/2005-M1224-Maxx-Pro-dam-capt-14-07-25.jpg,2025-07-19,7094,27208,3,380-7094272083
Ukraine,United States,288 International M1224 MaxxPro,damaged,https://i.postimg.cc/Fs2vX3RR/2022-M1224-Maxx-Pro-dam-aband-05-07-25.jpg,2025-08-17,7098,27219,3,380-7098272193
Ukraine,Soviet Union,29 T-80BV,damaged,https://twitter.com/UAWeapons/status/1591723947636461568,2022-11-14,7107,27231,3,380-7107272313
Ukraine,Soviet Union,290 BMP-2(K),damaged,https://i.postimg.cc/4xxLVTmf/2021-BMP-2-K-dam-03-08-23.jpg,2025-05-12,7111,27248,3,380-7111272483
Ukraine,Soviet Union,290 BMP-2(K),damaged,https://i.postimg.cc/66CmN0kX/2019-BMP-2-K-dam-aband-28-01-24.jpg,2025-05-12,7111,27249,3,380-7111272493
Ukraine,Soviet Union,290 BMP-2(K),damaged,https://i.postimg.cc/90StvZ26/2042-BMP-2-K-dam-capt-27-03-25.jpg,2025-05-12,7111,27250,3,380-7111272503
Ukraine,Soviet Union,296 BMP-2(K),damaged,https://i.postimg.cc/tTWwF6gs/2020-BMP-2-K-dam-aband-31-01-25.jpg,2025-07-02,7118,27274,3,380-7118272743
Ukraine,Czech Republic,3 152mm ShKH vz. 77 DANA,damaged,https://i.postimg.cc/kGDsNP74/2001-DANA-dam-05-12-23.jpg,2023-12-08,7127,27284,3,380-7127272843
Ukraine,United States,3 227mm M142 HIMARS,damaged,https://i.postimg.cc/kGnbxSzS/2022-M142-HIMARS-dam-12-03-24.jpg,2024-04-08,7132,27290,3,380-7132272903
Ukraine,Soviet Union,3 GAZ-66 with Zu-23-2,damaged,https://i.postimg.cc/4N822tTf/2009-GAZ-66-with-ZU-23-AA-gun-dam-31-03-24.jpg,2024-04-08,7162,27329,3,380-7162273293
Ukraine,United States,3 International M1224 MaxxPro,damaged,https://i.postimg.cc/VN8KLx8P/2001-Maxxpro-dam.jpg,2022-11-16,7167,27334,3,380-7167273343
Ukraine,Germany,3 Leopard 2A4,damaged,https://i.postimg.cc/pLqB0132/2003-leopard-2a4-dam-29-06-23.jpg,2023-06-30,7179,27352,3,380-7179273523
Ukraine,Australia,3 M113AS4,damaged,https://i.postimg.cc/mr614jDd/2018-M113-G3-DK-dam-05-03-23.jpg,2023-03-07,7184,27357,3,380-7184273573
Ukraine,United States,3 M1150 Assault Breacher,damaged,https://i.postimg.cc/L83p7Psy/2008-M1150-Assault-Breacher-Vehicle-dam-aband-15-01-25.jpg,2025-02-12,7185,27359,3,380-7185273593
Ukraine,United States,3 M60 AVLB,damaged,https://i.postimg.cc/rmdndrvc/2073-M60-AVLB-dam-aband-18-03-25.jpg,2025-03-24,7188,27363,3,380-7188273633
Ukraine,Poland,3 Oncilla,damaged,https://i.postimg.cc/ZqY1t7BV/2008-Oncilla-dam-aband-07-08-24.jpg,2024-08-12,7198,27372,3,380-7198273723
Ukraine,Soviet Union,3 PZM-2 trench-digging vehicle,damaged,https://i.postimg.cc/bJpkwCTL/2000-PZM-2-dam-13-05-23.jpg,2023-05-17,7202,27376,3,380-7202273763
Ukraine,United Kingdom,3 Pinzgauer Vector 718,damaged,https://i.postimg.cc/RhtL6vNB/2000-Pinzgauer-Vector-718-PPV-dam.jpg,2022-11-12,7206,27380,3,380-7206273803
Ukraine,United Kingdom,3 Stormer HVM,damaged,https://i.postimg.cc/65rj6mx0/2007-stormer-dam-19-07-23.jpg,2023-07-20,7219,27395,3,380-7219273953
Ukraine,Soviet Union,3 UR-77 Meteorit,damaged,https://i.postimg.cc/LsZ5mMJQ/2018-UR-77-Meteorit-mine-clearing-vehicle-dam-aband-09-04-25.jpg,2025-05-12,7228,27407,3,380-7228274073
Ukraine,Soviet Union,3 UR-77 Meteorit,damaged,https://i.postimg.cc/jjxvW4bt/2011-UR-77-Meteorit-mine-clearing-vehicle-dam-aband-06-05-25.jpg,2025-05-12,7228,27408,3,380-7228274083
Ukraine,Germany,3 Wisent 1 mine-clearing tank,damaged,https://i.postimg.cc/BZj9FBsT/2091-Wi-SENT-1-mine-clearing-tank-dam-aband-06-02-25.jpg,2025-03-20,7234,27415,3,380-7234274153
Ukraine,United States,30 M113,damaged,https://i.postimg.cc/c45ktSRt/2000-M113-dam-01-06-23.jpg,2023-06-04,7242,27428,3,380-7242274283
Ukraine,Soviet Union,30 River link pontoon (for PMP(-M) floating bridge system),damaged,https://i.postimg.cc/C1H9Jjc8/2001-River-link-pontoon-for-PMP-M-floating-bridge-system-dam-15-03-22.jpg,2024-01-23,7247,27455,3,380-7247274553
Ukraine,Soviet Union,30 River link pontoon (for PMP(-M) floating bridge system),damaged,https://i.postimg.cc/SRg3bmFN/2002-River-link-pontoon-for-PMP-M-floating-bridge-system-dam-15-03-22.jpg,2024-01-23,7247,27456,3,380-7247274563
Ukraine,Soviet Union,30 River link pontoon (for PMP(-M) floating bridge system),damaged,https://i.postimg.cc/B6GdxhBs/2006-River-link-pontoon-for-PMP-M-floating-bridge-system-dam-15-03-22.jpg,2024-01-23,7247,27457,3,380-7247274573
Ukraine,Soviet Union,30 River link pontoon (for PMP(-M) floating bridge system),damaged,https://i.postimg.cc/fTb1jSm3/2021-River-link-pontoon-for-PMP-M-floating-bridge-system-dam-09-09-22.jpg,2024-01-23,7247,27458,3,380-7247274583
Ukraine,Soviet Union,30 River link pontoon (for PMP(-M) floating bridge system),damaged,https://i.postimg.cc/d1vx7hJV/2025-River-link-pontoon-for-PMP-M-floating-bridge-system-dam-21-09-22.jpg,2024-01-23,7247,27459,3,380-7247274593
Ukraine,Soviet Union,30 River link pontoon (for PMP(-M) floating bridge system),damaged,https://i.postimg.cc/Px4F1dqz/2027-River-link-pontoon-for-PMP-M-floating-bridge-system-dam-21-09-22.jpg,2024-01-23,7247,27460,3,380-7247274603
Ukraine,Soviet Union,30 River link pontoon (for PMP(-M) floating bridge system),damaged,https://i.postimg.cc/hvYs0vRx/2044-River-link-pontoon-for-PMP-M-floating-bridge-system-dam-13-10-23.jpg,2024-01-23,7247,27461,3,380-7247274613
Ukraine,Soviet Union,30 River link pontoon (for PMP(-M) floating bridge system),damaged,https://i.postimg.cc/63YYyzHM/2045-River-link-pontoon-for-PMP-M-floating-bridge-system-dam-13-10-23.jpg,2024-01-23,7247,27462,3,380-7247274623
Ukraine,United States,300 M113,damaged,https://i.postimg.cc/HxZRLVfZ/2046-M113-A3-dam-aband-30-03-25.jpg,2025-04-02,7252,27473,3,380-7252274733
Ukraine,United States,305 M113,damaged,https://i.postimg.cc/RVPvbZz9/2065-M113-A3-dam-aband-04-04-25.jpg,2025-04-07,7253,27478,3,380-7253274783
Ukraine,United States,309 M113,damaged,https://i.postimg.cc/SQBPnsck/2001-M113-A3-dam-capt-31-03-25.jpg,2025-04-10,7254,27482,3,380-7254274823
Ukraine,United States,31 155mm M777A2 howitzer,damaged,https://i.postimg.cc/y6wGY2Gd/1022-155mm-M777-A2-howitzer-dam-29-08-22.jpg,2023-01-15,7257,27492,3,380-7257274923
Ukraine,Ukraine,31 BTR-7,damaged,https://i.postimg.cc/RZjGzgL5/2024-BTR-7-Zakhysnyk-dam-aband-23-08-24.jpg,2025-01-10,7260,27497,3,380-7260274973
Ukraine,United Kingdom,31 Mastiff Protected Patrol,damaged,https://i.postimg.cc/xdSkbF9d/2007-Mastiff-dam-aband-26-10-24.jpg,2024-10-30,7266,27507,3,380-7266275073
Ukraine,Soviet Union,31 Unknown BMP-1/2,damaged,https://i.postimg.cc/pXgB486L/2011-unkn-bmp-dam-aband-15-06-24.jpg,2024-06-16,7270,27514,3,380-7270275143
Ukraine,Ukraine,31 Unknown T-72,damaged,https://i.postimg.cc/63cNsVy4/2004-unkn-T-72-dam-01-02-25.jpg,2025-02-11,7271,27515,3,380-7271275153
Ukraine,United States,313 M113,damaged,https://i.postimg.cc/RhzShfCb/2007-M113-dam-aband-30-10-24.jpg,2025-04-13,7272,27519,3,380-7272275193
Ukraine,United States,319 M113,damaged,https://i.postimg.cc/k57pX0SR/2030-M113-A3-dam-aband-19-11-24.jpg,2025-04-17,7273,27525,3,380-7273275253
Ukraine,Ukraine,32 BTR-7,damaged,https://i.postimg.cc/YqRjPWtz/2046-BTR-7-Zakhysnyk-dam-aband-26-01-25.jpg,2025-01-31,7276,27529,3,380-7276275293
Ukraine,Ukraine,33 BTR-7,damaged,https://i.postimg.cc/gJMywgYX/2009-BTR-7-Zakhysnyk-dam-aband-31-12-24.jpg,2025-02-16,7290,27557,3,380-7290275573
Ukraine,Soviet Union,33 MiG-29 fighter aircraft,damaged,https://i.postimg.cc/L5yDGw6f/2018-Mi-G-29-MU1-fighter-aircraft-dam-30-04-24.jpg,2024-09-09,7296,27563,3,380-7296275633
Ukraine,United States,338 M113,damaged,https://i.postimg.cc/d3ZjKFFH/2035-M113-A3-dam-aband-18-04-25.jpg,2025-05-12,7301,27586,3,380-7301275863
Ukraine,Soviet Union,34 UAZ-452 van,damaged,https://i.postimg.cc/T3K9sgbT/32770.png,2023-09-08,3114,27606,3,380-3114276063
Ukraine,United States,34 Unknown HMMWV variant,damaged,https://i.postimg.cc/zX7NkPsQ/2133-HMMWV-dam-capt-04-03-25.jpg,2025-03-20,7313,27612,3,380-7313276123
Ukraine,United States,343 M113,damaged,https://i.postimg.cc/L8XNNDqX/2007-M113-A3-dam-aband-09-05-25.jpg,2025-05-14,7316,27625,3,380-7316276253
Ukraine,Turkey,35 BMC Kirpi,damaged,https://i.postimg.cc/9X8q8Nrs/2019-BMC-Kirpi-dam-aband-03-09-24.jpg,2024-09-05,7320,27636,3,380-7320276363
Ukraine,Germany,35 Marder 1A3,damaged,https://i.postimg.cc/zGbTW4H3/2107-CV9040-C-dam-aband-30-09-24.jpg,2024-10-22,7326,27648,3,380-7326276483
Ukraine,United Kingdom,35 Mastiff Protected Patrol,damaged,https://i.postimg.cc/j2LvhRxY/2019-Mastiff-dam-aband-15-02-25.jpg,2025-02-18,7327,27651,3,380-7327276513
Ukraine,United States,352 M113,damaged,https://i.postimg.cc/RVxXhCvX/2007-M113-A3-dam-aband-23-05-25.jpg,2025-05-27,7333,27663,3,380-7333276633
Ukraine,United States,357 M113,damaged,https://i.postimg.cc/ZRxxfTHT/2010-M113-A3-dam-22-05-25.jpg,2025-05-30,7334,27668,3,380-7334276683
Ukraine,Soviet Union,36D6 'Tin Shield',damaged,https://i.postimg.cc/vB6KVH55/2021-36d6-radar-dam-13-07-23.jpg,2023-07-14,7353,27726,3,380-7353277263
Ukraine,Soviet Union,36D6 'Tin Shield',damaged,https://i.postimg.cc/Qdt5X3Qc/2011-36-D6-Tin-Shield-3-D-surveillance-radar-dam-14-03-24-jpg.jpg,2024-04-08,7353,27727,3,380-7353277273
Ukraine,United States,37 155mm M777A2 howitzer,damaged,https://i.postimg.cc/RhRFbddD/2002-m777-dam-25-01-23.jpg,2023-01-30,7355,27732,3,380-7355277323
Ukraine,United States,37 155mm M777A2 howitzer,damaged,https://twitter.com/UAWeapons/status/1618601945262088198,2023-01-30,7355,27731,3,380-7355277313
Ukraine,United States,37 155mm M777A2 howitzer,damaged,https://twitter.com/GloOouD/status/1618969421254647810,2023-01-30,7355,27733,3,380-7355277333
Ukraine,United States,37 155mm M777A2 howitzer,damaged,https://i.postimg.cc/QtXkQ7Cv/2006-m777-dam-28-01-23.jpg,2023-01-30,7355,27734,3,380-7355277343
Ukraine,United States,372 M113,damaged,https://i.postimg.cc/bJTmjXHc/2041-M113-A3-dam-aband-15-06-25.jpg,2025-06-27,7368,27757,3,380-7368277573
Ukraine,United States,372 M113,damaged,https://i.postimg.cc/nrbwjgKr/2000-M113-A3-dam-aband-29-05-25.jpg,2025-06-27,7368,27758,3,380-7368277583
Ukraine,United States,374 M113,damaged,https://i.postimg.cc/NFy6K9Vr/2005-M113-A3-dam-aband-15-06-25.jpg,2025-07-01,7369,27760,3,380-7369277603
Ukraine,Turkey,38 BMC Kirpi,damaged,https://i.postimg.cc/6p3Pfk9W/2017-BMC-Kirpi-dam-aband-15-09-24.jpg,2024-09-19,7372,27767,3,380-7372277673
Ukraine,United States,38 M113,damaged,https://i.postimg.cc/SKwJVDXw/2009-M113-dam-aband-06-07-23.jpg,2023-07-09,7376,27774,3,380-7376277743
Ukraine,United States,389 M113,damaged,https://i.postimg.cc/BZdzCfv8/2011-M113-A3-dam-capt-23-07-25.jpg,2025-07-27,7386,27798,3,380-7386277983
Ukraine,United States,389 M113,damaged,https://i.postimg.cc/tJVhgf0w/2010-M113-A3-dam-capt-23-07-25.jpg,2025-07-27,7386,27799,3,380-7386277993
Ukraine,Germany,39 Marder 1A3,damaged,https://i.postimg.cc/FR4Z0W6N/2003-Marder-1-A3-dam-aband-19-03-25.jpg,2025-03-27,7391,27805,3,380-7391278053
Ukraine,Soviet Union,39 River link pontoon (for PMP(-M) floating bridge system),damaged,https://i.postimg.cc/k5sw1zN2/2003-River-link-pontoon-for-PMP-M-floating-bridge-system-dam-08-03-25.jpg,2025-03-20,7392,27808,3,380-7392278083
Ukraine,United Kingdom,4 105mm L119 howitzer,damaged,https://i.postimg.cc/4ypZ43DD/2012-L119-howitzer-dam-04-03-24.jpg,2024-04-08,7402,27829,3,380-7402278293
Ukraine,Czech Republic,4 122mm RM-70,damaged,https://i.postimg.cc/J766hHN0/2015-122mm-RM-70-Vampire-4-D-dam-25-02-24.jpg,2024-02-29,7404,27831,3,380-7404278313
Ukraine,Soviet Union,4 2K22M Tunguska-M,damaged,https://i.postimg.cc/rFtcNHnm/2018-2-S6-M-combat-vehicle-for-2-K22-M-Tunguska-dam-03-07-24.jpg,2024-07-06,7413,27841,3,380-7413278413
Ukraine,Ukraine,4 Bukovel-AD EW system,damaged,https://i.postimg.cc/vZVmGWSN/2008-Bukovel-AD-dam-02-12-23.jpg,2023-12-04,7423,27854,3,380-7423278543
Ukraine,Germany,4 Leopard 2A4,damaged,https://i.postimg.cc/cCSBvRbQ/2047-leo2a4-dam-22-07-23.jpg,2023-07-24,7439,27875,3,380-7439278753
Ukraine,Denmark,4 M113G3DK/G4DK,damaged,https://i.postimg.cc/RVNxQycR/2018-M113-G3-DK-dam-05-03-23.jpg,2023-03-08,7444,27880,3,380-7444278803
Ukraine,United States,4 M1A1 SA Abrams,damaged,https://i.postimg.cc/6qBsx69d/2013-m1a1-abrams-dam-aband-03-03-24.jpg,2024-04-08,7446,27883,3,380-7446278833
Ukraine,United States,4 M1A1 SA Abrams,damaged,https://i.postimg.cc/XNGrS7tY/2014-abrams-dam-aband-05-03-24.jpg,2024-04-08,7446,27884,3,380-7446278843
Ukraine,Ukraine,4 Unknown BTR,damaged,https://i.postimg.cc/pTzc5ff2/1014-unkn-btr.jpg,2022-09-14,7471,27917,3,380-7471279173
Ukraine,France,4 VAB APC,damaged,https://i.postimg.cc/W4JcyFzv/2000-2x-vab-apc-dam-aban.jpg,2022-10-10,7475,27924,3,380-7475279243
Ukraine,Netherlands,4 YPR-765,damaged,https://twitter.com/UAWeapons/status/1566398729208340480,2022-09-05,7477,27926,3,380-7477279263
Ukraine,Soviet Union,4 Zhuk-class patrol boat (Sea Guard),damaged,https://i.postimg.cc/13JMyjN5/2019-Zhuk-Class-Patrol-Boat-dam-14-11-23.jpg,2024-02-26,7478,27927,3,380-7478279273
Ukraine,United States,40 155mm M777A2 howitzer,damaged,https://i.postimg.cc/XJtyzRvK/2007-m777-dam-16-02-23.jpg,2023-02-18,7479,27929,3,380-7479279293
Ukraine,Turkey,40 BMC Kirpi,damaged,https://i.postimg.cc/0yFTSK88/2005-BMC-Kirpi-dam-aband-27-09-24.jpg,2024-10-02,7480,27930,3,380-7480279303
Ukraine,United States,41 M113,damaged,https://i.postimg.cc/W3WkFtF8/2005-M113-A3-dam-aband-12-07-23.jpg,2023-07-14,7490,27948,3,380-7490279483
Ukraine,United States,41 M113,damaged,https://i.postimg.cc/kgfLrHnR/2020-M113-A3-dam-aband-13-07-23.jpg,2023-07-14,7490,27949,3,380-7490279493
Ukraine,Canada,41 Roshel Senator IMV,damaged,https://i.postimg.cc/Y9kBpmqt/2028-Roshel-Senator-APC-dam-aband-16-06-25.jpg,2025-07-27,7492,27952,3,380-7492279523
Ukraine,Soviet Union,41 T-80BV,damaged,https://twitter.com/UAWeapons/status/1636098069388206080,2023-03-16,7494,27956,3,380-7494279563
Ukraine,Soviet Union,41 UAZ-452 van,damaged,https://i.postimg.cc/JzqN8r59/2053-UAZ-452-dam-12-10-24.jpg,2024-10-22,7495,27957,3,380-7495279573
Ukraine,Canada,42 Roshel Senator IMV,damaged,https://i.postimg.cc/zGYRRr5r/2025-Roshel-Senator-APC-dam-aband-30-06-25.jpg,2025-08-14,7499,27962,3,380-7499279623
Ukraine,United States,43 155mm M777A2 howitzer,damaged,https://i.postimg.cc/CK4n2YTV/2007-m777-dam-25-02-23.jpg,2023-03-07,7504,27975,3,380-7504279753
Ukraine,United States,43 155mm M777A2 howitzer,damaged,https://i.postimg.cc/SxnQRjTm/2007-m777-dam-25-02-23.jpg,2023-03-08,7504,27977,3,380-7504279773
Ukraine,Ukraine,43 Kozak-7,damaged,https://i.postimg.cc/Kcqtn5yn/2003-Kozak-7-dam-aband-27-09-24.jpg,2024-10-02,7505,27981,3,380-7505279813
Ukraine,Ukraine,43 Kozak-7,damaged,https://i.postimg.cc/RhDf4vTP/2004-Kozak-7-dam-aband-27-09-24.jpg,2024-10-02,7505,27982,3,380-7505279823
Ukraine,Soviet Union,43 Unknown BMP-1/2,damaged,https://i.postimg.cc/9MLBYsnF/2029-BMP-1-or-2-dam-06-11-23.jpg,2025-05-12,7508,27990,3,380-7508279903
Ukraine,Ukraine,44 Kozak-7,damaged,https://i.postimg.cc/gcKmRkRY/2012-Kozak-7-dam-capt-06-10-24.jpg,2024-10-09,7511,27994,3,380-7511279943
Ukraine,United States,45 155mm M777A2 howitzer,damaged,https://i.postimg.cc/yYRNQWtx/3130.png,2023-03-26,7519,28007,3,380-7519280073
Ukraine,United States,45 155mm M777A2 howitzer,damaged,https://i.postimg.cc/WbyH311G/315.png,2023-03-26,7519,28008,3,380-7519280083
Ukraine,United States,45 155mm M777A2 howitzer,damaged,https://i.postimg.cc/056xQ2g9/23.png,2023-03-26,7519,28009,3,380-7519280093
Ukraine,United States,46 155mm M777A2 howitzer,damaged,https://twitter.com/imp_navigator/status/1639907342949969921,2023-03-27,7530,28024,3,380-7530280243
Ukraine,Turkey,46 BMC Kirpi,damaged,https://i.postimg.cc/JnptvrZy/2015-BMC-Kirpi-dam-capt-19-10-24.jpg,2024-10-30,7531,28025,3,380-7531280253
Ukraine,Soviet Union,46 BRM-1(K) reconnaissance vehicle,damaged,https://i.postimg.cc/cLFJDgxX/2016-brm-1k-dam-04-09-23.jpg,2023-12-16,3733,28027,3,380-3733280273
Ukraine,Turkey,47 BMC Kirpi,damaged,https://i.postimg.cc/c1QvnvbQ/2004-BMC-Kirpi-dam-capt-29-10-24.jpg,2024-11-02,7540,28038,3,380-7540280383
Ukraine,United States,48 Unknown HMMWV variant,damaged,https://i.postimg.cc/JzDBsfby/2026-HMMWV-dam-capt-09-04-25.jpg,2025-04-13,7550,28052,3,380-7550280523
Ukraine,United States,49 155mm M777A2 howitzer,damaged,https://twitter.com/imp_navigator/status/1643293157562408979,2023-04-06,7552,28053,3,380-7552280533
Ukraine,Turkey,49 BMC Kirpi,damaged,https://i.postimg.cc/R0GXRL23/2023-BMC-Kirpi-dam-capt-30-09-24.jpg,2024-11-05,7553,28055,3,380-7553280553
Ukraine,Soviet Union,5 122mm D-30 howitzer,damaged,https://i.postimg.cc/MTCcMG1V/2014-d30-dam-03-03-23.jpg,2023-03-07,7562,28071,3,380-7562280713
Ukraine,Soviet Union,5 122mm D-30 howitzer,damaged,https://i.postimg.cc/50bMBt3Y/2014-d30-dam-03-03-23.jpg,2023-03-08,7562,28073,3,380-7562280733
Ukraine,Czech Republic,5 152mm ShKH vz. 77 DANA,damaged,https://i.postimg.cc/Pr4KCVMc/2002-152mm-Sh-KH-vz-77-DANA-dam-04-05-24.jpg,2024-05-09,7564,28075,3,380-7564280753
Ukraine,United States,5 227mm M142 HIMARS,damaged,https://i.postimg.cc/QCxXNRFX/2017-M142-HIMARS-dam-18-11-24.jpg,2024-11-23,7568,28079,3,380-7568280793
Ukraine,Soviet Union,5 2K22M Tunguska-M,damaged,https://i.postimg.cc/yNqkCZXP/2002-2-S6-M-combat-vehicle-for-2-K22-M-Tunguska-dam-19-07-24.jpg,2024-07-24,7569,28080,3,380-7569280803
Ukraine,Soviet Union,5 5N63-1 'Flap Lid A' on 40V6M mast (for S-300PT),damaged,https://i.postimg.cc/pLZ3GSYV/2001-5-N63-target-acquisition-radar-on-40-V6-M-mast-for-70-P6-S-300-PT-dam-28-06-24.jpg,2024-07-03,7570,28081,3,380-7570280813
Ukraine,Italy,5 Iveco VM90,damaged,https://i.postimg.cc/760Rd9Jn/2016-Iveco-ACM-90-dam-03-12-23.jpg,2024-10-06,7586,28105,3,380-7586281053
Ukraine,Ukraine,5 Kozak-7,damaged,https://i.postimg.cc/gkGLHcxw/2006-Kozak-7-dam-25-04-23.jpg,2023-05-26,7587,28106,3,380-7587281063
Ukraine,Germany,5 Leopard 2A4,damaged,https://www.forbes.com/sites/davidaxe/2023/07/29/ukrainian-tank-losses-diminish-as-polish-technicians-save-more-and-more-damaged-leopard-2s/,2023-08-01,7592,28113,3,380-7592281133
Ukraine,United States,5 M1123 HMMWV,damaged,https://i.postimg.cc/QCYNpGWr/2021-M1123-HMMWV-dam-03-06-25.jpg,2025-06-08,7593,28114,3,380-7593281143
Ukraine,Poland,5 Oncilla,damaged,https://i.postimg.cc/LX2fcLmQ/2011-Oncilla-dam-aband-04-11-24.jpg,2024-12-16,7600,28122,3,380-7600281223
Ukraine,Canada,5 Roshel Senator,damaged,https://i.postimg.cc/zvjjPv7c/2036-roschel-senator-dam-07-06-23.jpg,2023-06-09,7604,28126,3,380-7604281263
Ukraine,Ukraine,5 UMS-1000 patrol boat (Sea Guard),damaged,https://i.postimg.cc/sfhswL6V/2500-bg22-capt.jpg,2023-08-17,7611,28134,3,380-7611281343
Ukraine,France,5 VAB,damaged,https://twitter.com/UAWeapons/status/1585220581225816064,2022-10-27,7615,28138,3,380-7615281383
Ukraine,Soviet Union,5 ZiL-131 tanker,damaged,https://i.postimg.cc/g2FJtkrh/2005-Zil-131-tanker-dam-15-07-23.jpg,2023-07-17,3950,28140,3,380-3950281403
Ukraine,Ukraine,52 BTR-4,damaged,https://i.postimg.cc/x1pF68hN/43115.png,2022-10-17,7634,28170,3,380-7634281703
Ukraine,United States,53 M113,damaged,https://i.postimg.cc/y8JY2PD0/2011-M113-A3-dam-29-07-23.jpg,2023-08-24,7640,28185,3,380-7640281853
Ukraine,Ukraine,54 Kozak-7,damaged,https://i.postimg.cc/ydqbfmG4/2013-Kozak-7-dam-aband-24-10-24.jpg,2024-10-27,7646,28195,3,380-7646281953
Ukraine,Ukraine,56 BTR-4,damaged,https://postimg.cc/cvFdVt3x,2022-10-18,7658,28222,3,380-7658282223
Ukraine,Turkey,57 BMC Kirpi,damaged,https://i.postimg.cc/0jZJtN6S/2017-BMC-Kirpi-dam-aband-12-11-24.jpg,2024-11-27,7661,28226,3,380-7661282263
Ukraine,Ukraine,57 BTR-4,damaged,https://i.postimg.cc/BvZW6Tsd/2002-btr4-capt.jpg,2022-10-24,7663,28228,3,380-7663282283
Ukraine,Ukraine,57 Kozak-7,damaged,https://i.postimg.cc/PrhGRgdH/2000-Kozak-7-dam-aband-26-10-24.jpg,2024-10-30,7664,28230,3,380-7664282303
Ukraine,Ukraine,57 Kozak-7,damaged,https://i.postimg.cc/tC50QBgx/2002-Kozak-7-dam-aband-26-10-24.jpg,2024-10-30,7664,28231,3,380-7664282313
Ukraine,Ukraine,58 BTR-4,damaged,https://i.postimg.cc/0NvPrWY5/2001-btr-4-dam-aband.jpg,2022-10-29,7670,28249,3,380-7670282493
Ukraine,Ukraine,59 BTR-4,damaged,https://i.postimg.cc/htHfNSFr/54g.png,2022-11-18,7676,28257,3,380-7676282573
Ukraine,Soviet Union,5N63S 'Flap Lid B' (for S-300PS),damaged,https://i.postimg.cc/44bJNTm8/2012-5-N63-target-acquisition-radar-on-40-V6-M-mast-for-S-300-dam-18-04-24.jpg,2024-04-21,7681,28273,3,380-7681282733
Ukraine,Soviet Union,5P85D/S (launcher for S-300PS),damaged,https://twitter.com/UAWeapons/status/1641523594885734421,2023-04-03,7686,25330,3,380-7686253303
Ukraine,Soviet Union,5P85S (launcher for S-300PS),damaged,https://twitter.com/UAWeapons/status/1582036244959150080,2022-10-20,7687,28338,3,380-7687283383
Ukraine,United Kingdom,6 105mm L119 howitzer,damaged,https://i.postimg.cc/k5JSmtVx/2003-105mm-L119-light-gun-dam-aband-14-01-25.jpg,2025-01-19,7688,28348,3,380-7688283483
Ukraine,Soviet Union,6 122mm D-30 howitzer,damaged,https://i.postimg.cc/dQm9y715/2006-d30-dam-20-03-23.jpg,2023-03-22,7690,28350,3,380-7690283503
Ukraine,Soviet Union,6 2K22M Tunguska-M,damaged,https://i.postimg.cc/hjSvygKL/2022-2-S6-M-combat-vehicle-for-2-K22-M-Tunguska-dam-13-08-24.jpg,2024-08-15,7697,28357,3,380-7697283573
Ukraine,Soviet Union,6 36D6 'Tin Shield',damaged,https://twitter.com/UAWeapons/status/1582478998746976258,2022-10-19,7698,28359,3,380-7698283593
Ukraine,Soviet Union,6 BTS-4 armoured recovery vehicle,damaged,https://i.postimg.cc/nhNsV8vJ/2004-T72amt-and-BTS4-dam-aband-15-06-23.jpg,2023-06-16,7700,28362,3,380-7700283623
Ukraine,Ukraine,6 Cougar H,damaged,https://i.postimg.cc/QdHwPQmb/2013-Cougar-H-dam-aband-13-08-24.jpg,2024-08-18,7704,28366,3,380-7704283663
Ukraine,Germany,6 FFG APC,damaged,https://i.postimg.cc/4NQwFBK2/2031-FFG-APC-MRAP-dam-aband-08-12-24.jpg,2025-01-31,7705,28367,3,380-7705283673
Ukraine,United Kingdom,6 Husky Tactical Support Vehicle,damaged,https://i.postimg.cc/fyvg1vZ2/4498.png,2022-10-09,7709,28371,3,380-7709283713
Ukraine,United Kingdom,6 Husky Tactical Support Vehicle,damaged,https://i.postimg.cc/HnTG7MCR/4478.png,2022-10-09,7709,28372,3,380-7709283723
Ukraine,Germany,6 Leopard 1A5,damaged,https://i.postimg.cc/66h3Nnfx/2044-Leopard-1-A5-dam-aband-08-11-24.jpg,2024-11-11,7713,28375,3,380-7713283753
Ukraine,Australia,6 M113AS4,damaged,https://i.postimg.cc/Jhz92jRs/2023-M113-AS4-dam-aband-30-09-24.jpg,2024-10-06,7718,28383,3,380-7718283833
Ukraine,United States,6 M1A1 SA Abrams,damaged,https://i.postimg.cc/0QZ8jPhH/2033-M1-A1-SA-Abrams-dam-05-05-24.jpg,2024-05-09,7720,28386,3,380-7720283863
Ukraine,United States,6 M1A1 SA Abrams,damaged,https://i.postimg.cc/ZKQ56YnG/2011-M1-A1-SA-Abrams-dam-aband-04-05-24.jpg,2024-05-09,7720,28387,3,380-7720283873
Ukraine,United States,6 M577 command post,damaged,https://i.postimg.cc/j5McKj2G/2008-M577-command-post-dam-aband-26-11-24.jpg,2024-12-03,7721,28388,3,380-7721283883
Ukraine,Canada,6 Roshel Senator,damaged,https://i.postimg.cc/rsG3htkp/2003-senator-dam-14-06-23.jpg,2023-06-16,7730,28399,3,380-7730283993
Ukraine,Soviet Union,6 Ural tanker,damaged,https://i.postimg.cc/tCpV1x4P/2003-2x-ural-tanker-dam-27-02-22.jpg,2023-01-10,7736,28407,3,380-7736284073
Ukraine,Soviet Union,60 122mm 2S1 Gvozdika,damaged,https://i.postimg.cc/VsgV1M5R/2023-122mm-2-S1-Gvozdika-dam-27-05-23.jpg,2023-06-04,4278,28411,3,380-4278284113
Ukraine,Turkey,60 BMC Kirpi,damaged,https://i.postimg.cc/QxpNg7SQ/2023-BMC-Kirpi-dam-capt-27-11-24.jpg,2024-12-09,7740,28414,3,380-7740284143
Ukraine,Soviet Union,61 122mm 2S1 Gvozdika,damaged,https://i.postimg.cc/Z50cVTdw/2035-2s1-dam-07-06-23.jpg,2023-06-09,7745,28421,3,380-7745284213
Ukraine,Turkey,61 BMC Kirpi,damaged,https://i.postimg.cc/85qkZj1b/2007-BMC-Kirpi-dam-09-12-24.jpg,2024-12-19,7747,28424,3,380-7747284243
Ukraine,Canada,61 Roshel Senator MRAP,damaged,https://i.postimg.cc/sDtKQVX9/2090-Roshel-Senator-MRAP-dam-aband-27-02-25.jpg,2025-03-20,7752,28437,3,380-7752284373
Ukraine,Turkey,62 BMC Kirpi,damaged,https://i.postimg.cc/dtwXLGWy/2039-BMC-Kirpi-dam-capt-20-12-24.jpg,2024-12-23,7755,28442,3,380-7755284423
Ukraine,United States,62 M113,damaged,https://i.postimg.cc/MHLmR61X/2001-BTR4-destr-m113-ypr-and-leo2a4-dam-aband-01-11-23.jpg,2023-11-06,7757,28444,3,380-7757284443
Ukraine,Soviet Union,64 BRM-1(K) reconnaissance vehicle,damaged,https://i.postimg.cc/CxdzYNm9/2019-BRM-1-K-reconnaissance-vehicle-dam-aband-31-05-25.jpg,2025-06-01,7768,28466,3,380-7768284663
Ukraine,Canada,64 Roshel Senator MRAP,damaged,https://i.postimg.cc/L8kB2BXW/2018-Roshel-Senator-MRAP-dam-aband-20-03-25.jpg,2025-03-27,7771,28473,3,380-7771284733
Ukraine,Ukraine,66 Kozak-7,damaged,https://i.postimg.cc/50F8gqWs/2016-Kozak-7-dam-aband-11-11-24.jpg,2024-11-17,7783,28489,3,380-7783284893
Ukraine,United States,66 M113,damaged,https://i.postimg.cc/C1G2yGWY/2000-m113-dam-aband-21-10-23.jpg,2023-11-27,7784,28490,3,380-7784284903
Ukraine,Soviet Union,67 GAZ-66,damaged,https://i.postimg.cc/SNdYcxnP/2021-GAZ66-dam-27-02-22.jpg,2023-01-10,7790,28501,3,380-7790285013
Ukraine,United States,68 M113,damaged,https://twitter.com/Danspiun/status/1732002153722425499,2023-12-08,7798,28512,3,380-7798285123
Ukraine,Ukraine,69 BTR-4,damaged,https://i.postimg.cc/4x8c3fzS/2005-btr4-dam-aband-24-01-23.jpg,2023-01-30,7802,28519,3,380-7802285193
Ukraine,Soviet Union,7 122mm D-30 howitzer,damaged,https://i.postimg.cc/jjwMdsqD/2028-d30-dam-31-05-23.jpg,2023-06-09,7805,28523,3,380-7805285233
Ukraine,France,7 155mm Caesar 6x6,damaged,https://i.postimg.cc/V6Mj0G5t/2021-caesar-6x6-dam-25-02-24.jpg,2024-02-26,7809,28527,3,380-7809285273
Ukraine,Poland,7 BWP-1,damaged,https://i.postimg.cc/ncSGLVhy/2003-BWP-1-dam-aband-04-09-24.jpg,2024-09-09,7817,28537,3,380-7817285373
Ukraine,Poland,7 BWP-1,damaged,https://i.postimg.cc/W409S3zZ/2004-BWP-1-dam-aband-14-12-24.jpg,2024-12-23,7817,28538,3,380-7817285383
Ukraine,United Kingdom,7 Husky Tactical Support Vehicle,damaged,https://i.postimg.cc/0y45Dr4N/3329.png,2022-10-10,7826,28549,3,380-7826285493
Ukraine,United States,7 M113A3 armored personnel carrier,damaged,https://i.postimg.cc/HkvVcK8H/M113-A3-2x-damaged.png,2022-10-08,7832,28556,3,380-7832285563
Ukraine,Poland,7 PT-91 Twardy,damaged,https://i.postimg.cc/0jdCvPRY/2004-PT-91-Twardy-dam-aband-26-02-24.jpg,2024-04-08,7842,28566,3,380-7842285663
Ukraine,Poland,7 PT-91 Twardy,damaged,https://i.postimg.cc/mkGSKhqZ/2005-PT-91-Twardy-dam-aband-26-02-24.jpg,2024-04-08,7842,28567,3,380-7842285673
Ukraine,France,7 VAB,damaged,https://i.postimg.cc/SKbM4Dyf/2005-vab-dam-27-02-23.jpg,2023-03-01,7852,28580,3,380-7852285803
Ukraine,Germany,7 Wisent 1 mine-clearing tank,damaged,https://i.postimg.cc/0jGvnyPr/2001-Wi-SENT-1-mine-clearing-tank-dam-aband-18-03-25.jpg,2025-03-27,7853,28582,3,380-7853285823
Ukraine,Soviet Union,70 BMP-2(K),damaged,https://i.postimg.cc/Gp3gfZtf/478.png,2022-11-28,7856,28589,3,380-7856285893
Ukraine,Soviet Union,71 122mm 2S1 Gvozdika,damaged,https://i.postimg.cc/4xHgwXzN/2019-122mm-2-S1-Gvozdika-dam-13-08-23.jpg,2023-08-17,7860,28598,3,380-7860285983
Ukraine,Ukraine,71 BTR-4,damaged,https://i.postimg.cc/8CGgYTgq/2004-BTR4-dam-aband-31-01-23.jpg,2023-02-05,7864,28605,3,380-7864286053
Ukraine,Poland,73 T-72M/M1(R),damaged,https://i.postimg.cc/R0vzzmyY/2011-T72m1-dam-aband-22-01-24.jpg,2024-01-24,7881,28629,3,380-7881286293
Ukraine,Soviet Union,74 122mm 2S1 Gvozdika,damaged,https://i.postimg.cc/dQ8nHm2N/435.png,2023-08-30,4724,28630,3,380-4724286303
Ukraine,United States,74 M113,damaged,https://i.postimg.cc/wMKkhKQj/2002-m113-dam-07-02-24.jpg,2024-02-12,7886,28644,3,380-7886286443
Ukraine,Poland,74 T-72M/M1(R),damaged,https://i.postimg.cc/nzsMRKnw/2006-t72m-dam-aband-22-01-24.jpg,2024-01-27,7888,28647,3,380-7888286473
Ukraine,Turkey,75 BMC Kirpi,damaged,https://i.postimg.cc/xqrjHkBS/2127-BMC-Kirpi-dam-aband-11-03-25.jpg,2025-03-20,7891,28659,3,380-7891286593
Ukraine,Turkey,76 BMC Kirpi,damaged,https://i.postimg.cc/T3hr29r7/2064-BMC-Kirpi-aband-21-03-25.jpg,2025-03-24,7899,28669,3,380-7899286693
Ukraine,Poland,76 T-72M/M1(R),damaged,https://i.postimg.cc/FKc1hHf3/2008-t72m-dam-29-02-24.jpg,2024-03-02,7905,28693,3,380-7905286933
Ukraine,Ukraine,78 BTR-4,damaged,https://i.postimg.cc/Cx13RYzg/2001-btr4-dam-19-03-23.jpg,2023-03-20,7915,28711,3,380-7915287113
Ukraine,Ukraine,78 BTR-4,damaged,https://postlmg.cc/Vdp6KHxf,2023-03-27,7915,28712,3,380-7915287123
Ukraine,United States,78 M113,damaged,https://i.postimg.cc/9X7T15sy/2010-M113-A3-dam-14-02-24.jpg,2024-02-21,7918,28721,3,380-7918287213
Ukraine,Soviet Union,8 100mm MT-12 anti-tank gun,damaged,https://twitter.com/UAWeapons/status/1543548850559926272,2022-07-04,7923,27616,3,380-7923276163
Ukraine,United States,8 155mm M777A2 howitzer,damaged,https://twitter.com/RALee85/status/1557298928248291330,2022-08-13,7929,28737,3,380-7929287373
Ukraine,United Kingdom,8 FV432 Bulldog,damaged,https://i.postimg.cc/LskDCGmw/2006-FV432-Bulldog-dam-capt-31-03-25.jpg,2025-05-12,7934,28743,3,380-7934287433
Ukraine,United States,8 HMMWV Ambulance,damaged,https://i.postimg.cc/NFJS3JVx/2006-humwee-ambulance-dam-01-01-23.jpg,2023-01-04,7936,28745,3,380-7936287453
Ukraine,United States,8 M1117 Guardian,damaged,https://i.postimg.cc/PrMLwHdv/2108-M1117-Guardian-dam-aband-18-02-25.jpg,2025-03-20,7940,28750,3,380-7940287503
Ukraine,United States,8 M1A1 SA Abrams,damaged,https://i.postimg.cc/HLMD60Qz/2018-M1-A1-SA-Abrams-dam-aband-11-05-24.jpg,2024-05-15,7944,28754,3,380-7944287543
Ukraine,Ukraine,8 Novator,damaged,https://i.postimg.cc/HnjZpKPG/48.png,2022-10-05,7947,28757,3,380-7947287573
Ukraine,Ukraine,8 Novator 2,damaged,https://i.postimg.cc/Fz8rbGJF/2007-Novator-2-dam-aband-27-07-25.jpg,2025-08-14,7948,28759,3,380-7948287593
Ukraine,Poland,8 PT-91 Twardy,damaged,https://i.postimg.cc/mZnkySPh/2008-PT-91-Twardy-dam-aband-26-12-23.jpg,2024-06-16,7949,28760,3,380-7949287603
Ukraine,Ukraine,8 UAT-D Gyurza,damaged,https://i.postimg.cc/d1ZJqFST/2015-UAT-D-Gyurza-dam-aband-05-01-25.jpg,2025-01-22,7954,28766,3,380-7954287663
Ukraine,United States,80 International M1224 MaxxPro,damaged,https://i.postimg.cc/YSqjNz6b/2012-M1224-Maxx-Pro-dam-aband-16-01-24.jpg,2024-01-21,7963,28784,3,380-7963287843
Ukraine,United States,81 International M1224 MaxxPro,damaged,https://i.postimg.cc/yYLykP01/2016-Maxx-Pro-dam-29-10-23.jpg,2024-02-09,7969,28794,3,380-7969287943
Ukraine,United States,81 M113,damaged,https://i.postimg.cc/t4DWhGBF/2009-M113-A3-dam-aband-22-02-24.jpg,2024-02-26,7971,28798,3,380-7971287983
Ukraine,United States,81 M113,damaged,https://i.postimg.cc/3wRp1fqV/2010-M113-A3-dam-aband-22-02-24.jpg,2024-02-26,7971,28799,3,380-7971287993
Ukraine,Ukraine,82 BTR-4,damaged,https://i.postimg.cc/x1sPCS4H/2012-btr4-1x-destr-1x-dam-aband-m113-destr-01-08-23.jpg,2023-08-04,7979,28813,3,380-7979288133
Ukraine,United States,83 International M1224 MaxxPro,damaged,https://i.postimg.cc/4yQt342Q/2033-Maxx-Pro-dam-14-06-23.jpg,2024-04-08,7985,28821,3,380-7985288213
Ukraine,Poland,83 T-72M/M1(R),damaged,https://i.postimg.cc/D0gLrgdV/2028-t72m-dam-aband-31-08-23.jpg,2024-04-08,7987,28830,3,380-7987288303
Ukraine,Ukraine,84 Kozak-7,damaged,https://i.postimg.cc/yNmcg3pD/2008-Kozak-7-dam-aband-30-09-24.jpg,2024-12-23,7993,28843,3,380-7993288433
Ukraine,Ukraine,84 Kozak-7,damaged,https://i.postimg.cc/vHCV0tp1/2044-Kozak-7-dam-aband-19-12-24.jpg,2024-12-23,7993,28844,3,380-7993288443
Ukraine,Canada,85 Roshel Senator MRAP,damaged,https://i.postimg.cc/J7dtqnZZ/2027-Roshel-Senator-MRAP-dam-aband-04-07-25.jpg,2025-07-12,8003,28866,3,380-8003288663
Ukraine,Poland,85 T-72M/M1(R),damaged,https://i.postimg.cc/1XVP0Lhx/2019-t72m-dam-aband-08-06-23.jpg,2024-05-31,8004,28868,3,380-8004288683
Ukraine,United States,86 International M1224 MaxxPro,damaged,https://i.postimg.cc/tRf02m6C/2016-Maxx-Pro-dam-aband-09-05-24.jpg,2024-05-12,8011,28884,3,380-8011288843
Ukraine,Soviet Union,88 122mm 2S1 Gvozdika,damaged,https://i.postimg.cc/1tRyj3jW/2013-2s1-dam-10-07-22.jpg,2023-11-27,8023,28905,3,380-8023289053
Ukraine,Soviet Union,9 BMK-460 towing and motor boat,damaged,https://i.postimg.cc/JnXPb8mM/2009-BMK-460-dam-14-02-23.jpg,2023-02-15,8046,28938,3,380-8046289383
Ukraine,United States,9 FMTV M1083A1P2,damaged,https://i.postimg.cc/52rdB2gp/2000-Oshkosh-FMTV-M1083-A1-P2-dam-aband-24-07-23.jpg,2023-07-25,8052,28949,3,380-8052289493
Ukraine,United States,9 M113A3 armored personnel carrier,damaged,https://twitter.com/UAWeapons/status/1581277782163668992,2022-10-16,8058,28957,3,380-8058289573
Ukraine,United States,9 M1165 HMMWV,damaged,https://i.postimg.cc/SNMzJ7n3/2005-HMMWV-M1165-A1-dam-24-04-23.jpg,2024-04-08,8060,28960,3,380-8060289603
Ukraine,United States,9 M577 command post,damaged,https://i.postimg.cc/x8SmGHR6/2021-M577-command-post-dam-aband-06-01-25.jpg,2025-01-16,8061,28961,3,380-8061289613
Ukraine,Canada,9 Roshel Senator,damaged,https://i.postimg.cc/xdNLkYV3/2001-Roshel-Senator-dam-aband-16-11-23.jpg,2023-11-20,8070,28972,3,380-8070289723
Ukraine,Ukraine,90 BTR-4,damaged,https://i.postimg.cc/qqD7BCjc/2004-btr4e-dam-27-09-23.jpg,2023-12-10,8077,28989,3,380-8077289893
Ukraine,United States,90 International M1224 MaxxPro,damaged,https://i.postimg.cc/PqMDPzBk/2006-M1224-Maxx-Pro-dam-15-05-24.jpg,2024-05-24,8078,28993,3,380-8078289933
Ukraine,Ukraine,90 T-64BV Zr. 2017,damaged,https://i.postimg.cc/TwqwjxCt/2018-t64bv-2017-dam-aband-02-01-24.jpg,2024-01-19,8081,28996,3,380-8081289963
Ukraine,Turkey,92 BMC Kirpi,damaged,https://i.postimg.cc/59Dsdm8t/2026-BMC-Kirpi-dam-12-06-25.jpg,2025-06-27,8095,29016,3,380-8095290163
Ukraine,Ukraine,92 Kozak-7,damaged,https://i.postimg.cc/Nfh9P1Kq/2009-Kozak-7-dam-aband-21-01-25.jpg,2025-01-25,8098,29023,3,380-8098290233
Ukraine,Soviet Union,93 122mm 2S1 Gvozdika,damaged,https://i.postimg.cc/rsQqwvbT/2019-2s1-dam-17-01-24.jpg,2024-01-21,8103,29031,3,380-8103290313
Ukraine,Ukraine,94 BTR-4,damaged,https://i.postimg.cc/gcML8PVt/2002-BTR-4-E-Butsefal-dam-04-03-24.jpg,2024-04-08,8114,29049,3,380-8114290493
Ukraine,United States,94 M113,damaged,https://i.postimg.cc/g232pjp7/2017-M113-A3-dam-aband-07-11-23.jpg,2024-04-08,8116,29065,3,380-8116290653
Ukraine,United States,94 M113,damaged,https://i.postimg.cc/QCKF5csj/2027-M113-A3-dam-aband-17-02-24.jpg,2024-04-08,8116,29067,3,380-8116290673
Ukraine,United States,94 M113,damaged,https://i.postimg.cc/JncPNHqW/2015-M113-A3-dam-aband-30-03-24.jpg,2024-04-08,8116,29068,3,380-8116290683
Ukraine,Soviet Union,94 ZiL-131,damaged,https://i.postimg.cc/5yLtTGDL/2010-Zi-L131-dam-12-01-23.jpg,2023-01-14,8118,29072,3,380-8118290723
Ukraine,Ukraine,95 BTR-4,damaged,https://i.postimg.cc/13jcQ0nG/2012-btr4-dam-aband-12-04-24.jpg,2024-04-17,8122,29078,3,380-8122290783
Ukraine,Soviet Union,96 GAZ-66,damaged,https://i.postimg.cc/wj9wSs48/2015-GAZ-66-dam-aband-09-07-23.jpg,2023-07-14,8133,29102,3,380-8133291023
Ukraine,United States,96 M113,damaged,https://i.postimg.cc/3N4LcmvH/2019-M113-A3-dam-aband-11-04-24.jpg,2024-04-14,8137,29108,3,380-8137291083
Ukraine,United States,97 International M1224 MaxxPro,damaged,https://i.postimg.cc/xqr0nDy0/2003-M1224-Maxx-Pro-dam-23-06-24.jpg,2024-06-30,8145,29128,3,380-8145291283
Ukraine,Soviet Union,98 122mm 2S1 Gvozdika,damaged,https://i.postimg.cc/Vv3KvCzb/2027-2s1-dam-13-02-24.jpg,2024-02-15,8150,29134,3,380-8150291343
Ukraine,United States,98 M113,damaged,https://i.postimg.cc/D0gFC19V/2014-M113-A3-dam-aband-17-04-24.jpg,2024-04-21,8158,29144,3,380-8158291443
Ukraine,Ukraine,98 T-64BV Zr. 2017,damaged,https://i.postimg.cc/0yr7WpQd/2019-t64bv2017-dam-aband-12-03-24.jpg,2024-04-08,8160,29150,3,380-8160291503
Ukraine,Ukraine,98 T-64BV Zr. 2017,damaged,https://i.postimg.cc/PJmxWXfq/2017-T-64-BV-Zr-2017-dam-aband-15-03-24.jpg,2024-04-08,8160,29151,3,380-8160291513
Ukraine,Soviet Union,99 BTR-80,damaged,https://i.postimg.cc/DwCc5jVn/5558.png,2023-04-12,8163,29156,3,380-8163291563
Ukraine,Soviet Union,9A310M1 TELAR (for Buk-M1),damaged,https://twitter.com/imp_navigator/status/1589556151112568832,2022-11-08,8169,29164,3,380-8169291643
Ukraine,Soviet Union,9A310M1 TELAR (for Buk-M1),damaged,https://i.postimg.cc/ZKf8PFw7/2020-9-A310-M1-TELAR-for-Buk-M1-dam-16-11-22.jpg,2023-03-16,8169,29168,3,380-8169291683
Ukraine,Soviet Union,9A310M1 TELAR (for Buk-M1),damaged,https://i.postimg.cc/pXqc056z/1300-9a310m1-dam-29-10-22.jpg,2023-03-20,8169,29169,3,380-8169291693
Ukraine,Soviet Union,9A310M1 TELAR (for Buk-M1),damaged,https://i.postimg.cc/KzPqJ1HJ/2003-9-A310-M1-TELAR-for-the-Buk-M1-dam-19-01-24.jpg,2024-01-21,8169,29175,3,380-8169291753
Ukraine,Soviet Union,9A310M1 TELAR (for Buk-M1),damaged,https://i.postimg.cc/G25PnDPG/2012-9-A310-M1-TELAR-for-9-K37-M1-Buk-M1-dam-10-05-24.jpg,2024-05-12,8169,29178,3,380-8169291783
Ukraine,Soviet Union,9A39M1 TEL (for Buk-M1),damaged,https://i.postimg.cc/c40s3TVh/2000-9-A39-M1-dam-06-08-24.jpg,2024-08-09,8170,29186,3,380-8170291863
Ukraine,Soviet Union,9K33 Osa,damaged,https://twitter.com/RALee85/status/1592807651079237632,2022-11-18,5466,29209,3,380-5466292093
Ukraine,Soviet Union,9K33 Osa,damaged,https://i.postimg.cc/v8h49kN2/2006-osa-dam-06-05-23.jpg,2023-05-11,5466,29214,3,380-5466292143
Ukraine,Soviet Union,9K33 Osa,damaged,https://i.postimg.cc/BQcYCPCk/2003-Osa-dam-26-05-23.jpg,2023-05-28,5466,29215,3,380-5466292153
Ukraine,Soviet Union,9K33 Osa,damaged,https://i.postimg.cc/zDRS5TJv/2009-9-K33-M3-Osa-AKM-dam-30-05-24.jpg,2024-06-02,5466,29217,3,380-5466292173
Ukraine,Soviet Union,9K35 Strela-10,damaged,https://postimg.cc/SYK0f1pm,2022-03-26,5468,29222,3,380-5468292223
Ukraine,Soviet Union,9K35 Strela-10,damaged,https://i.postimg.cc/GtKhkRqX/2300-9-K35-Strela-10-dam-01-07-23.jpg,2023-07-24,5468,29235,3,380-5468292353
Ukraine,Soviet Union,9K35 Strela-10,damaged,https://i.postimg.cc/Nj8bR0FD/2019-9-K35-Strela-10-dam-21-07-23.jpg,2023-08-21,5468,29240,3,380-5468292403
Ukraine,Soviet Union,9K35 Strela-10,damaged,https://i.postimg.cc/sgCwBWj1/2023-9-K35-Strela-10-dam-30-04-23.jpg,2023-08-21,5468,29241,3,380-5468292413
Ukraine,Soviet Union,9K35 Strela-10,damaged,https://i.postimg.cc/mrSBcFXj/2001-9-K35-Strela-10-dam-26-10-23.jpg,2023-11-01,5468,29244,3,380-5468292443
Ukraine,Soviet Union,9P149 Shturm-S ATGM carrier,damaged,https://i.postimg.cc/DZ9hwS9W/49.png,2022-05-01,5476,29275,3,380-5476292753
Ukraine,Poland,AMZ Dzik-2,damaged,https://i.postimg.cc/xdMrgvrq/2004-Dzik-dam-capt-23-05-23.jpg,2023-05-24,8176,29430,3,380-8176294303
Ukraine,United States,AN/TPQ-36 lightweight counter mortar radar,damaged,https://twitter.com/UAWeapons/status/1505623206014636035,2022-03-26,8177,29432,3,380-8177294323
Ukraine,United States,AN/TPQ-36 weapons location radar,damaged,https://i.postimg.cc/brRhXbFg/2019-AN-TPQ-36-dam-07-11-23.jpg,2023-11-10,8178,29435,3,380-8178294353
Ukraine,United States,AN/TPQ-36 weapons location radar,damaged,https://i.postimg.cc/hGKNfkkM/2025-AN-TPQ-36-radar-dam-08-05-24.jpg,2024-05-12,8178,29437,3,380-8178294373
Ukraine,United States,AN/TPQ-50 counter-battery radar,damaged,https://i.postimg.cc/k5xGbGpF/2002-AN-TPQ-50-counter-battery-radar-dam-22-07-24.jpg,2024-07-27,8182,29447,3,380-8182294473
Ukraine,Germany,ATF Dingo,damaged,https://i.postimg.cc/TPHHSbrb/2002-ATF-Dingo-dam-aband-05-05-23.jpg,2023-05-10,8186,29514,3,380-8186295143
Ukraine,Germany,ATF Dingo,damaged,https://i.postimg.cc/ZKWFdHtt/2036-ATF-Dingo-dam-13-05-23.png,2023-05-23,8186,29516,3,380-8186295163
Ukraine,Germany,ATF Dingo,damaged,https://i.postimg.cc/nhM3D166/2026-Oshkosh-M-ATV-dam-13-08-23.jpg,2023-08-17,8186,29518,3,380-8186295183
Ukraine,United States,AeroVironment RQ-20 Puma,damaged,https://i.postimg.cc/L4LjPVMw/2007-rq20-dam-08-08-23.jpg,2023-08-12,8187,29530,3,380-8187295303
Ukraine,Germany,Armoured Volkswagen Amarok pickup truck,damaged,https://i.postimg.cc/tgB7S9GQ/65.png,2022-05-15,8193,29565,3,380-8193295653
Ukraine,Soviet Union,BAT-2 heavy engineering vehicle,damaged,https://i.postimg.cc/6Q7pKjZX/f3.png,2022-12-21,5493,29568,3,380-5493295683
Ukraine,United States,BATT UMG,damaged,https://i.postimg.cc/VkgFTsTK/2010-BATT-UMG-dam-04-12-23.jpg,2023-12-16,8194,29572,3,380-8194295723
Ukraine,Turkey,BMC Kirpi,damaged,https://i.postimg.cc/FK275t6w/2003-kirpi-destr.jpg,2022-10-21,8195,29578,3,380-8195295783
Ukraine,Turkey,BMC Kirpi,damaged,https://i.postimg.cc/qMCfMNkP/2024-BMC-Kirpi-dam-capt-02-02-23.png,2023-02-05,8195,29581,3,380-8195295813
Ukraine,Turkey,BMC Kirpi,damaged,https://i.postimg.cc/N0gbF1Tz/2003-bmc-kirpi-dam-aband-02-08-23.jpg,2023-08-04,8195,29592,3,380-8195295923
Ukraine,Turkey,BMC Kirpi,damaged,https://i.postimg.cc/gJLZqM4p/2005-BMC-Kirpi-dam-15-08-23.jpg,2023-08-21,8195,29594,3,380-8195295943
Ukraine,Turkey,BMC Kirpi,damaged,https://i.postimg.cc/t49FQNRd/2016-BMC-Kirpi-dam-aband-16-08-23.jpg,2023-08-21,8195,29595,3,380-8195295953
Ukraine,Turkey,BMC Kirpi,damaged,https://i.postimg.cc/KjhY9gXB/32e2.png,2023-08-30,8195,29596,3,380-8195295963
Ukraine,Turkey,BMC Kirpi,damaged,https://i.postimg.cc/3xrKsQhC/248.png,2023-09-22,8195,29598,3,380-8195295983
Ukraine,Turkey,BMC Kirpi,damaged,https://i.postimg.cc/tTJG0KLW/2003-BMC-Kirpi-dam-21-09-23.jpg,2023-10-06,8195,29599,3,380-8195295993
Ukraine,Soviet Union,BMK-460 towing and motor boat,damaged,https://i.postimg.cc/Bn7vt6DR/2002-BMK-460-motor-boat-dam-24-12-23.jpg,2024-01-09,5498,29610,3,380-5498296103
Ukraine,Soviet Union,BMP-1(P),damaged,https://i.postimg.cc/vmNpXbHQ/gg2.png,2022-03-19,5500,29626,3,380-5500296263
Ukraine,Soviet Union,BMP-1(P),damaged,https://i.postimg.cc/dVSzT4KK/d1.jpg,2022-04-01,5500,29646,3,380-5500296463
Ukraine,Soviet Union,BMP-1(P),damaged,https://twitter.com/UAWeapons/status/1558416989827235840,2022-08-14,5500,29707,3,380-5500297073
Ukraine,Soviet Union,BMP-1(P),damaged,https://i.postimg.cc/FR5mKHKs/2000-bmp1.jpg,2022-09-10,5500,29720,3,380-5500297203
Ukraine,Soviet Union,BMP-1(P),damaged,https://twitter.com/UAWeapons/status/1568241700921016320,2022-09-10,5500,24639,3,380-5500246393
Ukraine,Soviet Union,BMP-1(P),damaged,https://i.postimg.cc/mg8DRSwS/2002-bmp1-dam.jpg,2022-10-09,5500,29732,3,380-5500297323
Ukraine,Soviet Union,BMP-1(P),damaged,https://i.postimg.cc/Xqkr43Q0/227.png,2022-10-10,5500,29737,3,380-5500297373
Ukraine,Soviet Union,BMP-1(P),damaged,https://i.postimg.cc/T13snM5z/2001-bmp-1-dam-capt.jpg,2022-11-01,5500,29770,3,380-5500297703
Ukraine,Soviet Union,BMP-1(P),damaged,https://i.postimg.cc/bwx7nRWb/2015-bmp1-dam-13-01-23.jpg,2023-01-21,5500,29852,3,380-5500298523
Ukraine,Soviet Union,BMP-1(P),damaged,https://i.postimg.cc/Ghcw1vR9/2011-bmp1-dam-aband-19-03-23.jpg,2023-03-20,5500,29869,3,380-5500298693
Ukraine,Soviet Union,BMP-1(P),damaged,https://twitter.com/UAWeapons/status/1653828968628224000,2023-05-05,5500,29513,3,380-5500295133
Ukraine,Soviet Union,BMP-1(P),damaged,https://twitter.com/UAWeapons/status/1658807110367313920,2023-05-22,5500,29903,3,380-5500299033
Ukraine,Soviet Union,BMP-1(P),damaged,https://i.postimg.cc/mkHBxDjC/2027-bmp1-dam-28-05-23.jpg,2023-06-04,5500,29907,3,380-5500299073
Ukraine,Soviet Union,BMP-1(P),damaged,https://i.postimg.cc/s2tLsJfX/2005-bmp1-dam-aband-15-06-23.jpg,2023-06-16,5500,29911,3,380-5500299113
Ukraine,Soviet Union,BMP-1(P),damaged,https://i.postimg.cc/LsRvzMSk/2027-bmp1-destr-10-07-23.jpg,2023-07-14,5500,29926,3,380-5500299263
Ukraine,Soviet Union,BMP-1(P),damaged,https://i.postimg.cc/6qDfqkzv/2024-bmp1-dam-aband-10-07-23.jpg,2023-07-14,5500,29927,3,380-5500299273
Ukraine,Soviet Union,BMP-1(P),damaged,https://i.postimg.cc/W31cZZqJ/2043-bmp1-dam-aband-22-07-23.jpg,2023-07-24,5500,29933,3,380-5500299333
Ukraine,Soviet Union,BMP-1(P),damaged,https://twitter.com/UAWeapons/status/1684556026065068032,2023-07-28,5500,29936,3,380-5500299363
Ukraine,Soviet Union,BMP-1(P),damaged,https://i.postimg.cc/3x5MwHVc/66h.png,2023-08-30,5500,29964,3,380-5500299643
Ukraine,Soviet Union,BMP-1(P),damaged,https://i.postimg.cc/c4MDKkDh/3657.png,2023-08-30,5500,29965,3,380-5500299653
Ukraine,Soviet Union,BMP-1(P),damaged,https://i.postimg.cc/BbDNthPv/437.png,2023-09-07,5500,29973,3,380-5500299733
Ukraine,Soviet Union,BMP-1(P),damaged,https://i.postimg.cc/x1z6373g/2015-bmp1-dam-aband-06-11-23.jpg,2023-11-27,5500,29993,3,380-5500299933
Ukraine,Soviet Union,BMP-1(P),damaged,https://i.postimg.cc/CxkyfxQ0/2001-bmp1-dam-18-12-23.jpg,2024-01-09,5500,30008,3,380-5500300083
Ukraine,Soviet Union,BMP-1(P),damaged,https://i.postimg.cc/0jtbbysj/2000-bmp1-dam-18-12-23.jpg,2024-01-09,5500,30009,3,380-5500300093
Ukraine,Soviet Union,BMP-1(P),damaged,https://i.postimg.cc/1RjJJ90Q/2018-bmp1-dam-18-12-23.jpg,2024-01-09,5500,30010,3,380-5500300103
Ukraine,Soviet Union,BMP-1(P),damaged,https://i.postimg.cc/QMyN3fd2/2000-bmp1-destr-23-02-24.jpg,2024-02-26,5500,30031,3,380-5500300313
Ukraine,Soviet Union,BMP-1(P),damaged,https://i.postimg.cc/50Q4N8H6/2014-BMP-1-P-destr-14-02-24.jpg,2024-02-26,5500,30032,3,380-5500300323
Ukraine,Soviet Union,BMP-1(P),damaged,https://i.postimg.cc/zfV4JwMJ/2023-BMP-1-P-destr-20-02-24.jpg,2024-02-29,5500,30033,3,380-5500300333
Ukraine,Soviet Union,BMP-1(P),damaged,https://i.postimg.cc/jSDLkXt8/2004-BMP-1-P-dam-27-02-24.jpg,2024-03-02,5500,30034,3,380-5500300343
Ukraine,Soviet Union,BMP-1(P),damaged,https://i.postimg.cc/9XgPNdP1/2009-BMP-1-P-dam-28-03-24.jpg,2024-04-08,5500,30042,3,380-5500300423
Ukraine,Soviet Union,BMP-1(P),damaged,https://i.postimg.cc/HkLZ3c57/2003-BMP-1-P-dam-aband-25-07-24.jpg,2024-07-30,5500,30060,3,380-5500300603
Ukraine,Soviet Union,BMP-1(P),damaged,https://i.postimg.cc/rmcfHkRP/2019-BMP-1-P-dam-aband-16-12-24.jpg,2024-12-23,5500,30100,3,380-5500301003
Ukraine,Soviet Union,BMP-1(P),damaged,https://i.postimg.cc/bYkPX508/2021-BMP-1-P-dam-aband-26-01-24.jpg,2025-01-10,5500,30114,3,380-5500301143
Ukraine,Soviet Union,BMP-1(P),damaged,https://i.postimg.cc/mkYWQcZh/2022-BMP-1-P-dam-aband-26-01-24.jpg,2025-01-10,5500,30115,3,380-5500301153
Ukraine,Soviet Union,BMP-1(P),damaged,https://i.postimg.cc/FzbNvHCF/2015-BMP-1-P-dam-11-06-25.jpg,2025-06-27,5500,30195,3,380-5500301953
Ukraine,Soviet Union,BMP-1(P),damaged,https://i.postimg.cc/BvL4wJdB/2008-BMP-1-P-dam-26-01-25.jpg,2025-07-01,5500,30197,3,380-5500301973
Ukraine,Soviet Union,BMP-1(P),damaged,https://i.postimg.cc/YqYv7sFy/2040-BMP-1-P-dam-26-07-25.jpg,2025-08-14,5500,30212,3,380-5500302123
Ukraine,Ukraine,BMP-1TS,damaged,https://i.postimg.cc/ht9Kz8P4/2012-BMP-1-TS-dam-aband-23-09-24.jpg,2024-09-29,8202,30222,3,380-8202302223
Ukraine,Ukraine,BMP-1TS,damaged,https://i.postimg.cc/BvjmWrsk/2001-BMP-1-TS-dam-22-11-24.jpg,2024-11-27,8202,30226,3,380-8202302263
Ukraine,Ukraine,BMP-1TS 'Spys',damaged,https://i.postimg.cc/DZF8Gy9t/2030-BMP-1-TS-Spys-dam-aband-04-11-24.jpg,2025-01-07,8203,30228,3,380-8203302283
Ukraine,Ukraine,BMP-1TS 'Spys',damaged,https://i.postimg.cc/2yHX31DG/2007-BMP-1-TS-Spys-dam-aband-31-03-25.jpg,2025-05-12,8203,30235,3,380-8203302353
Ukraine,Ukraine,BMP-1TS 'Spys',damaged,https://i.postimg.cc/RZyfp0gD/2023-BMP-1-TS-Spys-dam-aband-08-05-25.jpg,2025-05-18,8203,30237,3,380-8203302373
Ukraine,Ukraine,BMP-1TS 'Spys',damaged,https://i.postimg.cc/fbddGhFT/2022-BMP-1-TS-Spys-dam-aband-08-05-25.jpg,2025-05-18,8203,30238,3,380-8203302383
Ukraine,Ukraine,BMP-1TS 'Spys',damaged,https://i.postimg.cc/htPt5SQP/2014-BMP-1-TS-Spys-dam-aband-27-03-25.jpg,2025-08-17,8203,30248,3,380-8203302483
Ukraine,Soviet Union,BMP-2,damaged,https://i.postimg.cc/cJfZ5HRh/547.jpg,2022-03-26,5504,30255,3,380-5504302553
Ukraine,Soviet Union,BRDM-2,damaged,https://i.postimg.cc/brg6QFkk/2.png,2022-09-27,5513,30340,3,380-5513303403
Ukraine,Soviet Union,BRDM-2,damaged,https://i.postimg.cc/DyGf8gnm/2038-BRDM-2-dam-05-05-24.jpg,2024-05-18,5513,30381,3,380-5513303813
Ukraine,Ukraine,BRDM-2L1,damaged,https://i.postimg.cc/BnBv3W2c/2019-BRDM-2-L1-dam-aband-13-09-24.jpg,2024-09-16,8206,30422,3,380-8206304223
Ukraine,Ukraine,BRDM-2L1,damaged,https://i.postimg.cc/j5ykDk1Q/2021-BRDM-2-L1-dam-aband-28-09-24.jpg,2024-10-02,8206,30426,3,380-8206304263
Ukraine,Soviet Union,BREM-1 armoured recovery vehicle,damaged,https://twitter.com/Danspiun/status/1648098258911129600,2023-04-21,5515,30439,3,380-5515304393
Ukraine,Soviet Union,BREM-1 armoured recovery vehicle,damaged,https://postimg.cc/PNdXDbtv,2023-09-12,5515,30443,3,380-5515304433
Ukraine,Soviet Union,BREM-1 armoured recovery vehicle,damaged,https://i.postimg.cc/Sx5VFLwH/2016-BREM-1-dam-aband-26-03-24.jpg,2024-04-08,5515,30444,3,380-5515304443
Ukraine,Czech Republic,BREM-Ch ''BREM-4'' armoured recovery vehicle,damaged,https://i.postimg.cc/tgyNx6VK/2009-BREM-Ch-BREM-4-armoured-recovery-vehicle-dam-aband-15-11-24.jpg,2024-12-03,5517,30451,3,380-5517304513
Ukraine,Soviet Union,BRM-1K,damaged,https://i.postimg.cc/tC4jmbcK/446.png,2022-03-19,5519,30453,3,380-5519304533
Ukraine,Ukraine,BTR-3,damaged,https://i.postimg.cc/pdWMwW8W/da1.jpg,2022-04-04,8211,30471,3,380-8211304713
Ukraine,Ukraine,BTR-3,damaged,https://i.postimg.cc/gjKjP41X/2024-BTR-3-E-dam-aband-12-01-25.jpg,2025-01-22,8211,30507,3,380-8211305073
Ukraine,Ukraine,BTR-4,damaged,https://twitter.com/RALee85/status/1497785823198162944,2022-03-26,8212,30536,3,380-8212305363
Ukraine,Soviet Union,BTR-60PB,damaged,https://i.postimg.cc/jj3PP8KD/2005-btr60-dam.jpg,2022-12-26,8214,30583,3,380-8214305833
Ukraine,Soviet Union,BTR-70,damaged,https://postimg.cc/rKptXh9Z,2022-03-31,5524,30627,3,380-5524306273
Ukraine,Soviet Union,BTR-70,damaged,https://i.postimg.cc/zG8Wcj0J/2094-BTR-70-dam-30-03-22.jpg,2022-12-05,5524,30655,3,380-5524306553
Ukraine,Soviet Union,BTR-70,damaged,https://i.postimg.cc/PJfRhF6x/2060-btr70-dam-03-03-22.jpg,2024-04-21,5524,30666,3,380-5524306663
Ukraine,Ukraine,BTR-70M,damaged,https://i.postimg.cc/1tzpDJ3J/2002-2x-btr70m-dam.png,2022-10-27,5525,30672,3,380-5525306723
Ukraine,Soviet Union,BTR-80,damaged,https://postimg.cc/NK7P45WT,2022-04-19,5526,30697,3,380-5526306973
Ukraine,Soviet Union,BTR-80,damaged,https://postimg.cc/67NyqCSj,2022-08-09,5526,30722,3,380-5526307223
Ukraine,Soviet Union,BTR-80,damaged,https://postimg.cc/YhJxSHh3,2022-08-13,5526,30723,3,380-5526307233
Ukraine,Soviet Union,BTR-80,damaged,https://i.postimg.cc/BQG09mbr/2000-btr80-2x.jpg,2022-09-11,5526,30724,3,380-5526307243
Ukraine,Soviet Union,BTR-80,damaged,https://i.postimg.cc/6QCZvZGc/2002-BTR-80-dam.jpg,2022-11-30,5526,30744,3,380-5526307443
Ukraine,Soviet Union,BTR-D,damaged,https://i.postimg.cc/HLZ3YLKk/2007-BTR-D-dam-aband-21-08-24.jpg,2024-08-25,5529,30759,3,380-5529307593
Ukraine,Soviet Union,BTS-4A armoured recovery vehicle,damaged,https://i.postimg.cc/xdZbhh2Z/2002-BTS-4-A-armoured-recovery-vehicle-dam-aband-26-04-24.jpg,2024-07-06,5535,30767,3,380-5535307673
Ukraine,Yugoslavia,BVP M-80A,damaged,https://i.postimg.cc/HnP022Fj/2000-m80-dam-08-07-23.jpg,2023-07-10,8220,30778,3,380-8220307783
Ukraine,Yugoslavia,BVP M-80A,damaged,https://i.postimg.cc/C5wgBCTP/742.png,2023-08-30,8220,30779,3,380-8220307793
Ukraine,Yugoslavia,BVP M-80A,damaged,https://i.postimg.cc/1t0vkh27/2011-BVP-M-80-A-dam-capt-31-05-23.jpg,2024-02-21,8220,30780,3,380-8220307803
Ukraine,Yugoslavia,BVP M-80A,damaged,https://i.postimg.cc/dtFQTP2S/2020-BVP-M-80-A-dam-aband-18-12-23.jpg,2024-08-31,8220,30781,3,380-8220307813
Ukraine,Yugoslavia,BVP M-80A,damaged,https://i.postimg.cc/8CkTTMnC/2000-BVP-M-80-A-dam-aband-29-09-23.jpg,2024-10-02,8220,30783,3,380-8220307833
Ukraine,Ukraine,Bogdan-2251 ambulance,damaged,https://i.postimg.cc/q77QXTL1/2018-Bogdan-2251-ambulance-dam-29-08-24.jpg,2024-09-16,8224,30816,3,380-8224308163
Ukraine,Ukraine,Bogdan-5316,damaged,https://i.postimg.cc/yNzLMGyQ/2006-Bohdan-5316-63172-dam-aband-30-05-22.jpg,2023-12-08,8227,30833,3,380-8227308333
Ukraine,Ukraine,Bogdan-63172,damaged,https://i.postimg.cc/HLT6Lc5C/2020-Bogdan-63172-dam-10-03-22.jpg,2023-05-17,8228,30848,3,380-8228308483
Ukraine,Ukraine,Bogdan-63172,damaged,https://i.postimg.cc/5NTj4W2C/2035-Bogdan-63172-dam-08-05-24.jpg,2024-05-18,8228,30858,3,380-8228308583
Ukraine,Ukraine,Bogdan-63172,damaged,https://i.postimg.cc/fbhLd7XW/2036-Bogdan-63172-dam-08-05-24.jpg,2024-05-18,8228,30859,3,380-8228308593
Ukraine,Australia,Bushmaster Protected Mobility Vehicle,damaged,https://twitter.com/UAWeapons/status/1589285546534539265,2022-11-07,8231,30867,3,380-8231308673
Ukraine,Australia,Bushmaster Protected Mobility Vehicle,damaged,https://i.postimg.cc/NMTDp9Ky/2001-Bushmaster-dam-15-03-23.jpg,2023-03-16,8231,30869,3,380-8231308693
Ukraine,Australia,Bushmaster Protected Mobility Vehicle,damaged,https://i.postimg.cc/vZnXQ6fq/2008-Bushmaster-dam-31-08-23.jpg,2024-01-24,8231,30876,3,380-8231308763
Ukraine,Australia,Bushmaster Protected Mobility Vehicle,damaged,https://i.postimg.cc/dtsLRMFz/2004-Bushmaster-dam-28-12-24.jpg,2024-12-31,8231,30886,3,380-8231308863
Ukraine,Australia,Bushmaster Protected Mobility Vehicle,damaged,https://i.postimg.cc/K8dWpxRS/2017-Bushmaster-dam-capt-31-12-24.jpg,2025-01-19,8231,30888,3,380-8231308883
Ukraine,Australia,Bushmaster Protected Mobility Vehicle,damaged,https://i.postimg.cc/9FX7FsCX/2173-Bushmaster-dam-capt-17-03-25.jpg,2025-03-20,8231,30898,3,380-8231308983
Ukraine,Sweden,CV9040C,damaged,https://twitter.com/imp_navigator/status/1695339006957900131,2023-08-29,8232,30913,3,380-8232309133
Ukraine,Sweden,CV9040C,damaged,https://i.postimg.cc/jj1fCX98/314.png,2023-09-25,8232,30914,3,380-8232309143
Ukraine,Sweden,CV9040C,damaged,https://i.postimg.cc/qMtH4Lcz/2004-cv90-dam-18-12-23.jpg,2024-01-09,8232,30915,3,380-8232309153
Ukraine,Sweden,CV9040C,damaged,https://i.postimg.cc/qv2mkfw9/2100-cv90-dam-capt-24-08-24.jpg,2024-09-03,8232,30917,3,380-8232309173
Ukraine,Sweden,CV9040C,damaged,https://i.postimg.cc/0QQW92Qz/2002-CV9040-C-dam-aband-18-09-24.jpg,2024-09-22,8232,30918,3,380-8232309183
Ukraine,Sweden,CV9040C,damaged,https://i.postimg.cc/zGbTW4H3/2107_CV9040C_dam_aband_30_09_24.jpg,2024-10-22,8232,30921,3,380-8232309213
Ukraine,Sweden,CV9040C,damaged,https://i.postimg.cc/P5GF4zvW/2023-CV9040-C-dam-aband-25-10-24.jpg,2024-10-27,8232,30923,3,380-8232309233
Ukraine,Sweden,CV9040C,damaged,https://i.postimg.cc/y8Qdm99Z/2022-cv9040-dam-11-01-25.jpg,2025-01-25,8232,30927,3,380-8232309273
Ukraine,Sweden,CV9040C,damaged,https://i.postimg.cc/qqj9NkTm/2007-Strf-9040-C-dam-aband-30-01-25.jpg,2025-02-11,8232,30929,3,380-8232309293
Ukraine,Sweden,CV9040C,damaged,https://i.postimg.cc/tTzm298B/2001-Strf-9040-C-dam-aband-28-02-25.jpg,2025-06-08,8232,30935,3,380-8232309353
Ukraine,United Kingdom,FV103 Spartan,damaged,https://i.postimg.cc/W3sWdMYF/2014-FV103-Spartan-dam-25-02-24.jpg,2024-02-29,8239,30966,3,380-8239309663
Ukraine,United Kingdom,FV103 Spartan,damaged,https://i.postimg.cc/8cSMDf4C/2018-FV103-Spartan-dam-14-03-24.jpg,2024-04-08,8239,30967,3,380-8239309673
Ukraine,United Kingdom,FV103 Spartan,damaged,https://i.postimg.cc/c4XDvvn8/2012-FV103-Spartan-dam-23-12-24.jpg,2025-01-07,8239,30979,3,380-8239309793
Ukraine,United Kingdom,FV103 Spartan,damaged,https://i.postimg.cc/FRy3NF5x/2014-FV103-Spartan-dam-aband-11-12-24.jpg,2025-01-07,8239,30980,3,380-8239309803
Ukraine,Soviet Union,GAZ-66,damaged,https://i.postimg.cc/gjhmvGsF/g3.png,2022-03-19,5552,31024,3,380-5552310243
Ukraine,Soviet Union,GAZ-66,damaged,https://i.postimg.cc/YC0mqTkH/58.png,2022-03-19,5552,31025,3,380-5552310253
Ukraine,Soviet Union,GAZ-66,damaged,https://i.postimg.cc/gj9TG17c/Screenshot-8228.png,2022-03-19,5552,25777,3,380-5552257773
Ukraine,Soviet Union,GAZ-66,damaged,https://i.postimg.cc/prPjVJt8/688.jpg,2022-05-13,5552,31059,3,380-5552310593
Ukraine,Soviet Union,GAZ-66,damaged,https://i.postimg.cc/65xFtXnZ/2004.jpg,2022-07-21,5552,31061,3,380-5552310613
Ukraine,Soviet Union,GMZ-3 minelayer,damaged,https://i.postimg.cc/rm70T41G/2051-GMZ-3-minelayer-dam-21-06-23.jpg,2023-06-23,5553,31072,3,380-5553310723
Ukraine,Ukraine,Gyurza-M class gunboat,damaged,https://twitter.com/UAWeapons/status/1588471103260868608,2022-11-06,8245,31078,3,380-8245310783
Ukraine,United States,HMMWV,damaged,https://i.postimg.cc/zX4hRNMG/4799.png,2022-03-19,8246,31081,3,380-8246310813
Ukraine,United States,HMMWV,damaged,https://i.postimg.cc/y88wjYxy/d12.png,2022-03-29,8246,31083,3,380-8246310833
Ukraine,United States,HMMWV,damaged,https://i.postimg.cc/zGpRmpJ1/34.png,2022-03-29,8246,31084,3,380-8246310843
Ukraine,United States,HMMWV,damaged,https://i.postimg.cc/7YLY6Kz4/14.png,2022-05-01,8246,31098,3,380-8246310983
Ukraine,United States,HMMWV,damaged,https://twitter.com/UAWeapons/status/1543548844910206976,2022-07-04,8246,31106,3,380-8246311063
Ukraine,United States,HMMWV,damaged,https://i.postimg.cc/jjxC3J44/4311.png,2022-10-11,8246,31114,3,380-8246311143
Ukraine,United States,HMMWV,damaged,https://i.postimg.cc/pVCRVXzp/y6.png,2022-10-11,8246,31115,3,380-8246311153
Ukraine,United States,HMMWV Ambulance,damaged,https://i.postimg.cc/MHHmB5bG/48800.png,2022-04-13,8247,31118,3,380-8247311183
Ukraine,United States,HMMWV Ambulance,damaged,https://i.postimg.cc/DZ1WBZFK/2001-HMMWV-Ambulance-dam-31-05-23.jpg,2023-06-01,8247,31122,3,380-8247311223
Ukraine,United Kingdom,Husky Tactical Support Vehicle,damaged,https://i.postimg.cc/3RXTXq4m/d3.png,2022-10-20,8248,31129,3,380-8248311293
Ukraine,United Kingdom,Husky Tactical Support Vehicle,damaged,https://i.postimg.cc/wMnQ9w24/387.png,2022-10-20,8248,31130,3,380-8248311303
Ukraine,United Kingdom,Husky Tactical Support Vehicle,damaged,https://i.postimg.cc/Gt2T3vSM/2002-Husky-dam-09-01-23.jpg,2024-09-05,8248,31142,3,380-8248311423
Ukraine,United Kingdom,Husky Tactical Support Vehicle,damaged,https://i.postimg.cc/Pfvv46rQ/2016-Husky-dam-capt-20-01-25.jpg,2025-01-25,8248,31144,3,380-8248311443
Ukraine,Soviet Union,IMR-2 combat engineering vehicle,damaged,https://i.postimg.cc/DwF40rFd/2006-IMR-2-dam-aband-22-06-23.jpg,2023-06-28,5554,31154,3,380-5554311543
Ukraine,Soviet Union,IMR-2 combat engineering vehicle,damaged,https://i.postimg.cc/6pXymh2j/2004-IMR-2-M-combat-engineering-vehicle-dam-17-08-24.jpg,2024-08-22,5554,31159,3,380-5554311593
Ukraine,Soviet Union,IMR-2 combat engineering vehicle,damaged,https://i.postimg.cc/fynSTQbM/2001-IMR-2-M-combat-engineering-vehicle-dam-08-09-24.jpg,2024-09-19,5554,31161,3,380-5554311613
Ukraine,United States,International M1224 MaxxPro,damaged,https://i.postimg.cc/kX7nD5hR/2006-maxxpro-dam.jpg,2022-12-30,8251,31195,3,380-8251311953
Ukraine,United States,International M1224 MaxxPro,damaged,https://i.postimg.cc/kgPWT9M8/2008-maxxpro-dam-01-03-23.jpg,2023-03-04,8251,31200,3,380-8251312003
Ukraine,United States,International M1224 MaxxPro,damaged,https://i.postimg.cc/pXsPdjyR/4689.png,2023-04-01,8251,31203,3,380-8251312033
Ukraine,United States,International M1224 MaxxPro,damaged,https://i.postimg.cc/sDB2phNp/1113.png,2023-04-04,8251,31204,3,380-8251312043
Ukraine,United States,International M1224 MaxxPro,damaged,https://i.postimg.cc/3wJV7M3B/3769.png,2023-04-21,8251,31205,3,380-8251312053
Ukraine,United States,International M1224 MaxxPro,damaged,https://i.postimg.cc/KYjFZx7p/2025-maxpro-dam-29-06-23.jpg,2023-07-01,8251,31230,3,380-8251312303
Ukraine,United States,International M1224 MaxxPro,damaged,https://i.postimg.cc/t4YWbwv1/520.png,2023-09-25,8251,31248,3,380-8251312483
Ukraine,United States,International M1224 MaxxPro,damaged,https://i.postimg.cc/bJFrxzjz/2010-Maxpro-dam-aband-11-10-23.jpg,2023-10-19,8251,31252,3,380-8251312523
Ukraine,United States,International M1224 MaxxPro,damaged,https://i.postimg.cc/tJhkWQCj/2009-Maxx-Pro-dam-07-10-23.jpg,2023-11-06,8251,31255,3,380-8251312553
Ukraine,United States,International M1224 MaxxPro,damaged,https://i.postimg.cc/5NLYfJJT/2003-Maxx-Pro-dam-aband-12-11-23.jpg,2023-11-14,8251,31256,3,380-8251312563
Ukraine,United States,International M1224 MaxxPro,damaged,https://i.postimg.cc/hvczzJPV/2025-Maxx-Pro-dam-31-10-23.jpg,2023-11-27,8251,31260,3,380-8251312603
Ukraine,United States,Island-class patrol boat,damaged,https://i.postimg.cc/Hn5sJRPW/2043-Island-class-patrol-boat-dam-18-03-24.jpg,2024-04-08,8253,31267,3,380-8253312673
Ukraine,Italy,Iveco LMV,damaged,https://i.postimg.cc/5NSptVR5/2000-Iveco-LMV-dam-24-08-23.jpg,2023-11-06,8255,31272,3,380-8255312723
Ukraine,Italy,Iveco LMV,damaged,https://i.postimg.cc/SNHg60tp/2016-Iveco-LMV-dam-aband-24-02-24.jpg,2024-02-29,8255,31275,3,380-8255312753
Ukraine,Italy,Iveco LMV,damaged,https://i.postimg.cc/5Ns7FKb9/2020-Iveco-LMV-dam-aband-29-10-24.jpg,2024-11-11,8255,31276,3,380-8255312763
Ukraine,Italy,Iveco LMV,damaged,https://i.postimg.cc/HWZjxmVV/2027-Iveco-LMV-dam-17-02-25.jpg,2025-02-27,8255,31281,3,380-8255312813
Ukraine,Italy,Iveco LMV,damaged,https://i.postimg.cc/02SnRbdR/2201-Iveco-LMV-dam-capt-15-03-25.jpg,2025-03-20,8255,31285,3,380-8255312853
Ukraine,Italy,Iveco LMV,damaged,https://i.postimg.cc/KjJm5GkC/2005-Iveco-LMV-dam-aband-28-03-25.jpg,2025-04-02,8255,31287,3,380-8255312873
Ukraine,Soviet Union,KamAZ,damaged,https://i.postimg.cc/yx42BBdm/u1.png,2022-03-26,8260,31305,3,380-8260313053
Ukraine,Soviet Union,KamAZ,damaged,https://i.postimg.cc/tJHJYQBt/2022-09-21-UA-Kam-AZ-damaged-Mykolaiv.jpg,2022-12-05,8260,31313,3,380-8260313133
Ukraine,Soviet Union,KamAZ,damaged,https://i.postimg.cc/Lsc0nTNL/2003-kamaz6x6-dam-capt-28-03-22.jpg,2023-02-05,8260,31315,3,380-8260313153
Ukraine,Ukraine,Kozak-2,damaged,https://i.postimg.cc/1XzJ7nhW/d2g.png,2022-03-19,8261,31342,3,380-8261313423
Ukraine,Ukraine,Kozak-2,damaged,https://i.postimg.cc/vH1LW595/2003-kozak2-dam-aband-29-12-22.jpg,2023-01-22,8261,31395,3,380-8261313953
Ukraine,Ukraine,Kozak-2,damaged,https://i.postimg.cc/xjR8hNKC/2001-Kozak-2-dam-10-02-23.jpg,2023-02-13,8261,31396,3,380-8261313963
Ukraine,Ukraine,Kozak-2,damaged,https://i.postimg.cc/9frrkL38/2035-kozak2-dam-21-06-23.jpg,2023-06-23,8261,31409,3,380-8261314093
Ukraine,Ukraine,Kozak-2,damaged,https://i.postimg.cc/HxGrnjLh/2038-Kozak-2-dam-aband-19-03-25.jpg,2025-03-27,8261,31430,3,380-8261314303
Ukraine,Ukraine,Kozak-2M1,damaged,https://i.postimg.cc/QdmcSnZC/2000-kozak2m1-dam-aband-27-12-22.jpg,2023-02-18,8262,31451,3,380-8262314513
Ukraine,Ukraine,Kozak-2M1,damaged,https://i.postimg.cc/yxHP51RL/2007-Kozak-2-M1-dam-30-09-22.jpg,2023-03-16,8262,31453,3,380-8262314533
Ukraine,Ukraine,Kozak-2M1,damaged,https://i.postimg.cc/VsjFhJmn/28.png,2023-09-05,8262,31461,3,380-8262314613
Ukraine,Ukraine,Kozak-2M1,damaged,https://i.postimg.cc/Jn5nBY5h/2001-Kozak-2-M1-dam-aband-26-02-24.jpg,2024-03-02,8262,31467,3,380-8262314673
Ukraine,Ukraine,Kozak-2M1,damaged,https://i.postimg.cc/x8wmmSdp/2008-Kozak-2-M1-dam-aband-04-07-24.jpg,2024-07-09,8262,31471,3,380-8262314713
Ukraine,Ukraine,Kozak-2M1,damaged,https://i.postimg.cc/nVdBJxWw/2004-Kozak-2-M1-dam-20-11-24.jpg,2024-11-23,8262,31480,3,380-8262314803
Ukraine,Ukraine,Kozak-2M1,damaged,https://i.postimg.cc/4yJ2k1N4/2018-Kozak-2-M1-dam-aband-14-12-24.jpg,2024-12-19,8262,31482,3,380-8262314823
Ukraine,Ukraine,Kozak-7,damaged,https://i.postimg.cc/yxz9hJZK/2010-Kozak-7-dam-aband-16-02-24.jpg,2024-04-08,8264,31503,3,380-8264315033
Ukraine,Ukraine,KrAZ Cobra,damaged,https://i.postimg.cc/vHv9JgJL/2001-cobra-dam-23-05-23.jpg,2023-05-26,8265,31516,3,380-8265315163
Ukraine,Soviet Union,KrAZ-255B pontoon bridge layer,damaged,https://i.postimg.cc/7Lz5hL5f/2010-Kr-AZ-255-B-pontoon-bridge-layer-dam-13-10-23.jpg,2023-10-26,8268,31552,3,380-8268315523
Ukraine,Ukraine,KrAZ-5233,damaged,https://i.postimg.cc/76VQgYxg/5g9.png,2023-04-17,8270,31580,3,380-8270315803
Ukraine,Ukraine,KrAZ-6322,damaged,https://i.postimg.cc/wM4RWy5K/r3.png,2022-03-19,8271,31598,3,380-8271315983
Ukraine,Ukraine,KrAZ-6322,damaged,https://i.postimg.cc/MT0QM4sL/33311.png,2022-03-30,8271,31606,3,380-8271316063
Ukraine,Ukraine,KrAZ-6322,damaged,https://i.postimg.cc/vZddS15B/2002-Kr-AZ-6322-dam-30-01-24.jpg,2024-02-15,8271,31634,3,380-8271316343
Ukraine,Ukraine,KrAZ-6322,damaged,https://i.postimg.cc/nrmS7T64/2007-Kr-AZ-6322-dam-21-06-24.jpg,2024-07-20,8271,31638,3,380-8271316383
Ukraine,United Kingdom,Land Rover Snatch,damaged,https://i.postimg.cc/wMQLvG65/2021-Land-Rover-Snatch-dam-18-01-25.jpg,2025-01-22,8277,31674,3,380-8277316743
Ukraine,United Kingdom,Land Rover Snatch,damaged,https://i.postimg.cc/y8tjbpnB/2028-Land-Rover-Snatch-dam-capt-07-04-25.jpg,2025-04-10,8277,31677,3,380-8277316773
Ukraine,United Kingdom,Land Rover Snatch,damaged,https://i.postimg.cc/brHHZNMs/2038-Land-Rover-Snatch-dam-aband-25-07-25.jpg,2025-08-14,8277,31680,3,380-8277316803
Ukraine,Ukraine,Leleka-100,damaged,https://i.postimg.cc/SNqzgSD3/2000-Leleka-uav-dam-capt.jpg,2022-11-24,8278,31682,3,380-8278316823
Ukraine,Germany,Leopard 2A4,damaged,https://i.postimg.cc/MHLmR61X/2001-BTR4-destr-m113-ypr-and-leo2a4-dam-aband-01-11-23.,2023-11-06,8280,31774,3,380-8280317743
Ukraine,Germany,Leopard 2A4,damaged,https://twitter.com/Danspiun/status/1730576182045712875,2023-12-04,8280,31776,3,380-8280317763
Ukraine,Germany,Leopard 2A4,damaged,https://i.postimg.cc/8zz51WFh/2001-leo2a4-dam-aband-24-12-23.jpg,2024-01-09,8280,31777,3,380-8280317773
Ukraine,Germany,Leopard 2A4,damaged,https://i.postimg.cc/3JJSFJCF/2000-leo2a4-dam-18-01-24.jpg,2024-01-21,8280,31778,3,380-8280317783
Ukraine,Germany,Leopard 2A4,damaged,https://i.postimg.cc/8CpXpPYX/2000-leo2a4-dam-aband-16-02-24.jpg,2024-02-23,8280,31780,3,380-8280317803
Ukraine,Germany,Leopard 2A4,damaged,https://i.postimg.cc/T1mjJSr4/2011-Leopard-2-A4-dam-aband-10-05-24.jpg,2024-05-12,8280,31783,3,380-8280317833
Ukraine,Germany,Leopard 2A4,damaged,https://i.postimg.cc/RhjFFrYR/2008-Leopard-2-A4-dam-aband-14-06-24.jpg,2024-06-20,8280,31784,3,380-8280317843
Ukraine,Germany,Leopard 2A4,damaged,https://i.postimg.cc/L41F2JxZ/2016-Leopard-2-A4-dam-12-11-24.jpg,2024-11-20,8280,31786,3,380-8280317863
Ukraine,Germany,Leopard 2A4,damaged,https://i.postimg.cc/j2GY4p34/2107-Leopard-2-A4-dam-capt-10-11-24.jpg,2024-12-11,8280,31787,3,380-8280317873
Ukraine,Germany,Leopard 2A4,damaged,https://i.postimg.cc/XqpNKSXK/2011-Leopard-2-A4-dam-aband-20-12-24.jpg,2025-01-07,8280,31789,3,380-8280317893
Ukraine,Germany,Leopard 2A4,damaged,https://i.postimg.cc/Kzf1PR1J/2002-Leopard-2-A4-dam-aband-06-01-25.jpg,2025-01-10,8280,31790,3,380-8280317903
Ukraine,Germany,Leopard 2A4,damaged,https://i.postimg.cc/bry3LxVf/2101-Leopard-2-A4-dam-capt-09-01-25.jpg,2025-05-12,8280,31793,3,380-8280317933
Ukraine,Germany,Leopard 2A6,damaged,https://i.postimg.cc/tgy29Hgv/2000_Leopard_2a6_dam_aband_07_06_23.jpg,2023-06-23,8281,31799,3,380-8281317993
Ukraine,Germany,Leopard 2A6,damaged,https://i.postimg.cc/Gm2JThqS/2050-leo2a6-dam-23-07-23.jpg,2023-07-24,8281,31801,3,380-8281318013
Ukraine,Germany,Leopard 2A6,damaged,https://i.postimg.cc/J75fTqKs/2006-leo2a6-dam-23-07-23.jpg,2023-07-25,8281,31802,3,380-8281318023
Ukraine,Germany,Leopard 2A6,damaged,https://i.postimg.cc/wjnSJLTC/2007-Leopard-2-A6-dam-aband-27-07-23.jpg,2023-08-06,8281,31803,3,380-8281318033
Ukraine,Germany,Leopard 2A6,damaged,https://i.postimg.cc/8ktM40xJ/2011-leo2a6-dam-27-07-23.jpg,2023-08-12,8281,31804,3,380-8281318043
Ukraine,Germany,Leopard 2A6,damaged,https://i.postimg.cc/SKTfNnGY/2015-leo2a6-dam-aband-30-10-23.jpg,2023-11-01,8281,31806,3,380-8281318063
Ukraine,Germany,Leopard 2A6,damaged,https://i.postimg.cc/rwgsScsq/2021-Leopard-2-A6-dam-aband-03-12-24.jpg,2024-12-09,8281,31811,3,380-8281318113
Ukraine,Germany,Leopard 2A6,damaged,https://i.postimg.cc/5N2kqkHN/2100-Leopard-2-A6-dam-capt-18-03-25.jpg,2025-06-08,8281,31812,3,380-8281318123
Ukraine,Finland,Leopard 2R mine-clearing tank,damaged,https://i.postimg.cc/bJ4KP8tn/665h8.png,2023-06-12,8282,31813,3,380-8282318133
Ukraine,Finland,Leopard 2R mine-clearing tank,damaged,https://i.postimg.cc/6q20QQkZ/2110-Leopard-2-R-mine-clearing-tank-dam-aband-24-02-25.jpg,2025-03-20,8282,31816,3,380-8282318163
Ukraine,Slovenia,M-55S,damaged,https://twitter.com/UAWeapons/status/1680549443043483654,2023-07-17,8283,31818,3,380-8283318183
Ukraine,United States,M1114 and M1151 HMMWV,damaged,https://i.postimg.cc/Zq7TJ86V/10-13-2022-HMMWV-damaged-Kherson-region.png,2022-10-26,8284,31826,3,380-8284318263
Ukraine,United States,M1114 and M1151 HMMWV,damaged,https://i.postimg.cc/T3GgjbB5/554.png,2022-11-03,8284,31827,3,380-8284318273
Ukraine,United States,M1114 and M1151 HMMWV,damaged,https://i.postimg.cc/905x22B7/2002-humwee-dam.jpg,2022-12-08,8284,31839,3,380-8284318393
Ukraine,United States,M1114 and M1151 HMMWV,damaged,https://i.postimg.cc/DwS1csrG/2003-Humvee-dam.jpg,2022-12-11,8284,31840,3,380-8284318403
Ukraine,United States,M1114 and M1151 HMMWV,damaged,https://i.postimg.cc/6qBBgSwj/3144.png,2023-03-26,8284,31855,3,380-8284318553
Ukraine,United States,M1114 and M1151 HMMWV,damaged,https://i.postimg.cc/PxRbDhyx/46ht.png,2023-04-02,8284,31861,3,380-8284318613
Ukraine,United States,M1114 and M1151 HMMWV,damaged,https://i.postimg.cc/sxsBbfYn/431140.png,2023-04-02,8284,31862,3,380-8284318623
Ukraine,United States,M1114 and M1151 HMMWV,damaged,https://i.postimg.cc/TwXkVMMq/4337.png,2023-04-17,8284,31870,3,380-8284318703
Ukraine,United States,M1114 and M1151 HMMWV,damaged,https://i.postimg.cc/TPmCksYz/2017-humwee-dam-aband-08-05-23.jpg,2023-05-10,8284,31874,3,380-8284318743
Ukraine,United States,M1114 and M1151 HMMWV,damaged,https://i.postimg.cc/MKTtkHpb/2016-humwee-dam-aband-08-05-23.jpg,2023-05-10,8284,31875,3,380-8284318753
Ukraine,United States,M1114 and M1151 HMMWV,damaged,https://i.postimg.cc/MGQYJdtR/2042-HUMVEE-dam-08-06-23.jpg,2023-06-09,8284,31882,3,380-8284318823
Ukraine,United States,M1114 and M1151 HMMWV,damaged,https://i.postimg.cc/3wv9Lxr1/2010-HMMWV-M1114-M1151-dam-27-07-23.jpg,2023-08-17,8284,31891,3,380-8284318913
Ukraine,United States,M1114 and M1151 HMMWV,damaged,https://i.postimg.cc/nL4xhfKB/542.png,2023-09-17,8284,31895,3,380-8284318953
Ukraine,United States,M1114 and M1151 HMMWV,damaged,https://i.postimg.cc/W3vTDYC9/2005-HMMWV-M1114-M1151-dam-05-10-23.jpg,2023-10-09,8284,31897,3,380-8284318973
Ukraine,United States,M1114 and M1151 HMMWV,damaged,https://i.postimg.cc/VN9mMRgM/2026-HMMWV-M1114-M1151-dam-18-08-23.jpg,2024-01-09,8284,31903,3,380-8284319033
Ukraine,United States,M1114 and M1151 HMMWV,damaged,https://i.postimg.cc/wMmJkb4W/2019-HMMWV-M1114-M1151-dam-24-08-23.jpg,2024-01-19,8284,31905,3,380-8284319053
Ukraine,United States,M1114 and M1151 HMMWV,damaged,https://i.postimg.cc/dtFgnG12/2003-M1151-HMMWV-dam-aband-16-05-24.jpg,2024-05-24,8284,31914,3,380-8284319143
Ukraine,United States,M1114 and M1151 HMMWV,damaged,https://i.postimg.cc/ZYW4T0s9/2010-M1151-HMMWV-dam-aband-12-08-24.jpg,2024-08-15,8284,31922,3,380-8284319223
Ukraine,United States,M1114 and M1151 HMMWV,damaged,https://i.postimg.cc/t4CKXF1m/2016-M1151-HMMWV-dam-aband-28-10-24.jpg,2024-10-30,8284,31944,3,380-8284319443
Ukraine,United States,M1114 and M1151 HMMWV,damaged,https://i.postimg.cc/15m7X1xY/2019-M1151-HMMWV-dam-aband-17-10-24.jpg,2024-11-11,8284,31946,3,380-8284319463
Ukraine,United States,M1114 and M1151 HMMWV,damaged,https://i.postimg.cc/hthC88tL/2025-M1151-HMMWV-dam-aband-02-11-24.jpg,2024-11-11,8284,31947,3,380-8284319473
Ukraine,United States,M1114 and M1151 HMMWV,damaged,https://i.postimg.cc/GtnfKrQQ/2017-1151-HMMWV-dam-capt-09-12-24.jpg,2024-12-12,8284,31954,3,380-8284319543
Ukraine,United States,M1114 and M1151 HMMWV,damaged,https://i.postimg.cc/qRpn8BWj/2000-1151-HMMWV-dam-aband-11-12-24.jpg,2024-12-23,8284,31956,3,380-8284319563
Ukraine,United States,M1114 and M1151 HMMWV,damaged,https://i.postimg.cc/Zq04c03T/2002-1151-HMMWV-dam-aband-29-01-25.jpg,2025-02-02,8284,31962,3,380-8284319623
Ukraine,United States,M1114 and M1151 HMMWV,damaged,https://i.postimg.cc/9fgZzjjD/2007-M1151-HMMWV-dam-11-02-25.jpg,2025-02-21,8284,31964,3,380-8284319643
Ukraine,United States,M1114 and M1151 HMMWV,damaged,https://i.postimg.cc/FK4M0Q7h/2023-M1151-HMMWV-dam-aband-16-02-25.jpg,2025-02-24,8284,31965,3,380-8284319653
Ukraine,United States,M1114 and M1151 HMMWV,damaged,https://i.postimg.cc/7Zq6HzkF/2141-M1151-HMMWV-dam-capt-13-03-25.jpg,2025-03-20,8284,31976,3,380-8284319763
Ukraine,United States,M1114 and M1151 HMMWV,damaged,https://i.postimg.cc/y88xhzBr/2034-M1151-HMMWV-dam-aband-15-05-25.jpg,2025-05-18,8284,31997,3,380-8284319973
Ukraine,United States,M1114 and M1151 HMMWV,damaged,https://i.postimg.cc/7hCK7F3W/2006-M1151-HMMWV-dam-capt-31-03-25.jpg,2025-05-21,8284,31999,3,380-8284319993
Ukraine,United States,M1114 and M1151 HMMWV,damaged,https://i.postimg.cc/66LGGjbN/2008-M1151-HMMWV-dam-aband-18-05-25.jpg,2025-05-30,8284,32005,3,380-8284320053
Ukraine,United States,M1114 and M1151 HMMWV,damaged,https://i.postimg.cc/x11LsT1Y/2032-M1151-HMMWV-dam-aband-21-05-25.jpg,2025-05-30,8284,32006,3,380-8284320063
Ukraine,United States,M1114 and M1151 HMMWV,damaged,https://i.postimg.cc/LsF2wLbV/2005-M1151-HMMWV-dam-aband-23-06-25.jpg,2025-07-02,8284,32009,3,380-8284320093
Ukraine,United States,M1114 and M1151 HMMWV,damaged,https://i.postimg.cc/SKcpFG4Z/2051-M1151-HMMWV-dam-aband-14-07-25.jpg,2025-07-27,8284,32017,3,380-8284320173
Ukraine,United States,M1114 and M1152 HMMWV,damaged,https://i.postimg.cc/gjMdjTp1/2009-M1151-HMMWV-dam-09-06-25.jpg,2025-06-27,8285,32025,3,380-8285320253
Ukraine,United States,M1126 Stryker,damaged,https://i.postimg.cc/JnnVGYB7/2012-M1126-Stryker-infantry-carrier-vehicle-dam-aband-18-08-23.jpg,2023-11-01,8286,32032,3,380-8286320323
Ukraine,United States,M1126 Stryker,damaged,https://i.postimg.cc/R0WhfWQj/2003-M1126-Stryker-Infantry-Carrier-Vehicle-dam-aband-29-08-24.jpg,2024-09-03,8286,32040,3,380-8286320403
Ukraine,United States,M1126 Stryker,damaged,https://i.postimg.cc/rynCCv3w/2000-M1126-Stryker-infantry-carrier-vehicle-dam-14-09-24.jpg,2024-09-19,8286,32046,3,380-8286320463
Ukraine,United States,M1126 Stryker,damaged,https://i.postimg.cc/y8KWqjwK/2048-M1126-Stryker-infantry-carrier-vehicle-dam-08-11-24.jpg,2024-11-11,8286,32052,3,380-8286320523
Ukraine,United States,M1126 Stryker,damaged,https://i.postimg.cc/QMFh70Jf/2024-M1126-Stryker-infantry-carrier-vehicle-dam-14-11-24.jpg,2024-11-20,8286,32053,3,380-8286320533
Ukraine,United States,M1126 Stryker,damaged,https://i.postimg.cc/yNX20pjR/2028-M1126-Stryker-infantry-carrier-vehicle-dam-aband-15-12-24.jpg,2024-12-26,8286,32056,3,380-8286320563
Ukraine,United States,M1126 Stryker,damaged,https://i.postimg.cc/fbRvGHPx/2015-M1126-Stryker-infantry-carrier-vehicle-dam-aband-21-02-25.jpg,2025-02-24,8286,32063,3,380-8286320633
Ukraine,United States,M1126 Stryker,damaged,https://i.postimg.cc/65ZNZmMn/2014-M1126-Stryker-infantry-carrier-vehicle-dam-aband-10-03-25.jpg,2025-03-20,8286,32073,3,380-8286320733
Ukraine,United States,M1126 Stryker,damaged,https://i.postimg.cc/bvLF6ZNy/2010-M1126-Stryker-infantry-carrier-vehicle-dam-aband-23-03-25.jpg,2025-04-02,8286,32084,3,380-8286320843
Ukraine,United States,M1152 HMMWV,damaged,https://i.postimg.cc/8c4XPqzN/2014-M1152-HMMWV-dam-aband-24-10-24.jpg,2024-10-27,8288,32129,3,380-8288321293
Ukraine,United States,M1152 HMMWV,damaged,https://i.postimg.cc/hjwqR3M9/2015-M1152-HMMWV-dam-aband-07-07-25.jpg,2025-07-19,8288,32164,3,380-8288321643
Ukraine,United States,M2A2 Bradley ODS-SA,damaged,https://i.postimg.cc/rmmvLPDx/h.png,2023-06-10,8289,31796,3,380-8289317963
Ukraine,United States,M2A2 Bradley ODS-SA,damaged,https://twitter.com/UAWeapons/status/1667193762483691520,2023-06-10,8289,32170,3,380-8289321703
Ukraine,United States,M2A2 Bradley ODS-SA,damaged,https://i.postimg.cc/FKdkX1FZ/55777.png,2023-06-10,8289,32171,3,380-8289321713
Ukraine,United States,M2A2 Bradley ODS-SA,damaged,https://i.postimg.cc/6Qk0DkK8/99701.png,2023-06-10,8289,32172,3,380-8289321723
Ukraine,United States,M2A2 Bradley ODS-SA,damaged,https://i.postimg.cc/Y96ZtPjC/2000-m2a2-bradley-1x-destr-1x-aband-10-06-23.jpg,2023-06-11,8289,32175,3,380-8289321753
Ukraine,United States,M2A2 Bradley ODS-SA,damaged,https://i.postimg.cc/5t4H5Wj8/88k6.png,2023-06-12,8289,32176,3,380-8289321763
Ukraine,United States,M2A2 Bradley ODS-SA,damaged,https://i.postimg.cc/MHdVRZmM/ff3f.png,2023-06-12,8289,32177,3,380-8289321773
Ukraine,United States,M2A2 Bradley ODS-SA,damaged,https://twitter.com/UAWeapons/status/1669272217107017728,2023-06-16,8289,32178,3,380-8289321783
Ukraine,United States,M2A2 Bradley ODS-SA,damaged,https://twitter.com/UAWeapons/status/1673343156203536385,2023-06-27,8289,32180,3,380-8289321803
Ukraine,United States,M2A2 Bradley ODS-SA,damaged,https://twitter.com/UAWeapons/status/1678492621163884544,2023-07-11,8289,32186,3,380-8289321863
Ukraine,United States,M2A2 Bradley ODS-SA,damaged,https://i.postimg.cc/3JDvN8Kj/2007-bradley-dam-13-07-23.jpg,2023-07-14,8289,32187,3,380-8289321873
Ukraine,United States,M2A2 Bradley ODS-SA,damaged,https://twitter.com/UAWeapons/status/1679117720384569352,2023-07-14,8289,32188,3,380-8289321883
Ukraine,United States,M2A2 Bradley ODS-SA,damaged,https://twitter.com/UAWeapons/status/1679830955714924544,2023-07-17,8289,32189,3,380-8289321893
Ukraine,United States,M2A2 Bradley ODS-SA,damaged,https://i.postimg.cc/wvtDXC3v/2014-2x-m2a2-dam-08-06-23.jpg,2023-07-22,8289,32191,3,380-8289321913
Ukraine,United States,M2A2 Bradley ODS-SA,damaged,https://i.postimg.cc/vT1RqdzY/2051-bradley-dam-23-07-23.jpg,2023-07-24,8289,32194,3,380-8289321943
Ukraine,United States,M2A2 Bradley ODS-SA,damaged,https://i.postimg.cc/hvNkN3y9/2052-bradley-dam-23-07-23.jpg,2023-07-24,8289,32195,3,380-8289321953
Ukraine,United States,M2A2 Bradley ODS-SA,damaged,https://i.postimg.cc/ryb2dKVK/2053-bradley-dam-23-07-23.jpg,2023-07-24,8289,32196,3,380-8289321963
Ukraine,United States,M2A2 Bradley ODS-SA,damaged,https://i.postimg.cc/XvyMQ6DW/2005-bradley-dam-aband-24-07-23.jpg,2023-07-25,8289,32198,3,380-8289321983
Ukraine,United States,M2A2 Bradley ODS-SA,damaged,https://i.postimg.cc/8z3YWMtR/2001-bradley-dam-25-07-23.jpg,2023-07-26,8289,32199,3,380-8289321993
Ukraine,United States,M2A2 Bradley ODS-SA,damaged,https://i.postimg.cc/SKMvGRvw/2005-bradley-dam-aband-25-07-23.jpg,2023-07-26,8289,32200,3,380-8289322003
Ukraine,United States,M2A2 Bradley ODS-SA,damaged,https://i.postimg.cc/8zsCQ72k/2000-2x-bradley-dam-26-07-23.jpg,2023-07-28,8289,32201,3,380-8289322013
Ukraine,United States,M2A2 Bradley ODS-SA,damaged,https://i.postimg.cc/HLLr53XB/2101-bradley-dam-aband.jpg,2023-08-01,8289,32204,3,380-8289322043
Ukraine,United States,M2A2 Bradley ODS-SA,damaged,https://i.postimg.cc/hPpbD73h/2028-bradley-dam-17-08-23.jpg,2023-08-17,8289,32209,3,380-8289322093
Ukraine,United States,M2A2 Bradley ODS-SA,damaged,https://i.postimg.cc/jjWpZrJ7/238.png,2023-09-28,8289,32214,3,380-8289322143
Ukraine,United States,M2A2 Bradley ODS-SA,damaged,https://i.postimg.cc/Qd9MRYhd/2002-bradley-dam-02-11-23.jpg,2023-11-10,8289,32216,3,380-8289322163
Ukraine,United States,M2A2 Bradley ODS-SA,damaged,https://i.postimg.cc/QtsxKX5F/2016-bradley-dam-08-11-23.jpg,2023-11-10,8289,32217,3,380-8289322173
Ukraine,United States,M2A2 Bradley ODS-SA,damaged,https://twitter.com/RALee85/status/1720182958294757703,2023-11-10,8289,32218,3,380-8289322183
Ukraine,United States,M2A2 Bradley ODS-SA,damaged,https://i.postimg.cc/ZnHNk564/2002-Bradley-dam-aband-16-11-23.jpg,2023-11-20,8289,32220,3,380-8289322203
Ukraine,United States,M2A2 Bradley ODS-SA,damaged,https://i.postimg.cc/rFc4DF3k/2007-bradley-22-11-23.jpg,2023-11-24,8289,32221,3,380-8289322213
Ukraine,United States,M2A2 Bradley ODS-SA,damaged,https://i.postimg.cc/6QV5vBKV/2011-bradley-dam-02-12-23.jpg,2023-12-04,8289,32222,3,380-8289322223
Ukraine,United States,M2A2 Bradley ODS-SA,damaged,https://i.postimg.cc/fRq4wkh2/2010-bradley-dam-13-01-24.jpg,2024-01-19,8289,32227,3,380-8289322273
Ukraine,United States,M2A2 Bradley ODS-SA,damaged,https://i.postimg.cc/KjNTJBv3/2009-bradley-dam-aband-21-10-23.jpg,2024-01-19,8289,32228,3,380-8289322283
Ukraine,United States,M2A2 Bradley ODS-SA,damaged,https://i.postimg.cc/tTFzJGNw/2014-bradley-dam-aband-06-02-24.jpg,2024-02-09,8289,32230,3,380-8289322303
Ukraine,United States,M2A2 Bradley ODS-SA,damaged,https://i.postimg.cc/cHnkfh6L/2010-bradley-dam-12-02-24.jpg,2024-02-15,8289,32232,3,380-8289322323
Ukraine,United States,M2A2 Bradley ODS-SA,damaged,https://i.postimg.cc/tgDjtfFg/2020-bradley-dam-capt-20-02-24.jpg,2024-02-28,8289,32233,3,380-8289322333
Ukraine,United States,M2A2 Bradley ODS-SA,damaged,https://i.postimg.cc/25dN72PC/2013-bradley-dam-19-03-24.jpg,2024-04-08,8289,32235,3,380-8289322353
Ukraine,United States,M2A2 Bradley ODS-SA,damaged,https://i.postimg.cc/zDRfPHXm/2042-bradley-dam-aband-31-01-24.jpg,2024-04-08,8289,32236,3,380-8289322363
Ukraine,United States,M2A2 Bradley ODS-SA,damaged,https://i.postimg.cc/6pQYDR4p/2014-M2-A2-Bradley-ODS-SA-dam-aband-07-03-24.jpg,2024-04-08,8289,32237,3,380-8289322373
Ukraine,United States,M2A2 Bradley ODS-SA,damaged,https://i.postimg.cc/vZS3MB5L/2015-M2-A2-Bradley-ODS-SA-dam-aband-07-03-24.jpg,2024-04-08,8289,32238,3,380-8289322383
Ukraine,United States,M2A2 Bradley ODS-SA,damaged,https://i.postimg.cc/nr3258gR/2005-bradley-dam-capt-30-03-24.jpg,2024-04-08,8289,32240,3,380-8289322403
Ukraine,United States,M2A2 Bradley ODS-SA,damaged,https://i.postimg.cc/1XGfd4Kt/2100-M2-A2-Bradley-ODS-SA-dam-capt-08-04-24.jpg,2024-04-11,8289,32241,3,380-8289322413
Ukraine,United States,M2A2 Bradley ODS-SA,damaged,https://i.postimg.cc/kg4FzY4M/2008-M2-A2-Bradley-ODS-SA-dam-aband-17-02-24.jpg,2024-04-17,8289,32242,3,380-8289322423
Ukraine,United States,M2A2 Bradley ODS-SA,damaged,https://i.postimg.cc/3xLbjtP8/2023-Bradley-dam-aband-06-04-24.jpg,2024-05-04,8289,32246,3,380-8289322463
Ukraine,United States,M2A2 Bradley ODS-SA,damaged,https://i.postimg.cc/zXcfwjzn/2009-M2-A2-Bradley-dam-aband-06-05-24.jpg,2024-05-12,8289,32248,3,380-8289322483
Ukraine,United States,M2A2 Bradley ODS-SA,damaged,https://i.postimg.cc/13FSPC8X/2001-M2-A2-Bradley-ODS-SA-dam-aband-28-05-24.jpg,2024-06-02,8289,32251,3,380-8289322513
Ukraine,United States,M2A2 Bradley ODS-SA,damaged,https://i.postimg.cc/9X159SDb/2005-M2-A2-Bradley-ODS-SA-dam-aband-02-06-24.jpg,2024-06-06,8289,32252,3,380-8289322523
Ukraine,United States,M2A2 Bradley ODS-SA,damaged,https://i.postimg.cc/3xqj7Qf1/2006-M2-A2-Bradley-ODS-SA-dam-aband-27-05-24.jpg,2024-06-09,8289,32253,3,380-8289322533
Ukraine,United States,M2A2 Bradley ODS-SA,damaged,https://i.postimg.cc/mrHSZxPF/2021-M2-A2-Bradley-ODS-SA-dam-15-06-24.jpg,2024-06-17,8289,32258,3,380-8289322583
Ukraine,United States,M2A2 Bradley ODS-SA,damaged,https://i.postimg.cc/y6wM8VSJ/2003-M2-A2-Bradley-ODS-SA-dam-aband-21-06-24.jpg,2024-06-24,8289,32260,3,380-8289322603
Ukraine,United States,M2A2 Bradley ODS-SA,damaged,https://i.postimg.cc/yYC9GJmf/2002-M2-A2-Bradley-ODS-SA-dam-aband-08-07-24.jpg,2024-07-15,8289,32262,3,380-8289322623
Ukraine,United States,M2A2 Bradley ODS-SA,damaged,https://i.postimg.cc/sfSDkmWX/2005-M2-A2-Bradley-ODS-SA-dam-aband-02-08-24.jpg,2024-08-06,8289,32265,3,380-8289322653
Ukraine,United States,M2A2 Bradley ODS-SA,damaged,https://i.postimg.cc/4yzfp4Gt/2011-M2-A2-Bradley-ODS-SA-dam-aband-03-08-24.jpg,2024-08-06,8289,32266,3,380-8289322663
Ukraine,United States,M2A2 Bradley ODS-SA,damaged,https://i.postimg.cc/TPMWt4xZ/2008-M2-A2-Bradley-ODS-SA-dam-28-07-24.jpg,2024-08-28,8289,32269,3,380-8289322693
Ukraine,United States,M2A2 Bradley ODS-SA,damaged,https://i.postimg.cc/D0WYF0XV/2023-M2-A2-Bradley-ODS-SA-dam-aband-09-09-24.jpg,2024-09-13,8289,32272,3,380-8289322723
Ukraine,United States,M2A2 Bradley ODS-SA,damaged,https://i.postimg.cc/rybPj1Bq/2024-M2-A2-Bradley-ODS-SA-dam-aband-09-09-24.jpg,2024-09-13,8289,32273,3,380-8289322733
Ukraine,United States,M2A2 Bradley ODS-SA,damaged,https://i.postimg.cc/c4QPzBRf/2004-M2-A2-Bradley-ODS-SA-dam-06-11-24.jpg,2024-11-11,8289,32282,3,380-8289322823
Ukraine,United States,M2A2 Bradley ODS-SA,damaged,https://i.postimg.cc/k5L79nrj/2011-M2-A2-Bradley-ODS-SA-dam-aband-12-11-24.jpg,2024-11-17,8289,32283,3,380-8289322833
Ukraine,United States,M2A2 Bradley ODS-SA,damaged,https://i.postimg.cc/Mp0RNhGL/2055-M2-A2-Bradley-ODS-SA-dam-aband-27-11-24.jpg,2024-12-09,8289,32288,3,380-8289322883
Ukraine,United States,M2A2 Bradley ODS-SA,damaged,https://i.postimg.cc/XJGZ8kP3/2015-M2-A2-Bradley-ODS-SA-dam-aband-09-12-24.jpg,2024-12-12,8289,32289,3,380-8289322893
Ukraine,United States,M2A2 Bradley ODS-SA,damaged,https://i.postimg.cc/XYyG3SPq/2024-M2-A2-Bradley-ODS-SA-dam-aband-14-12-24.jpg,2024-12-19,8289,32292,3,380-8289322923
Ukraine,United States,M2A2 Bradley ODS-SA,damaged,https://i.postimg.cc/wjpFMz0T/2021-M2-A2-Bradley-ODS-SA-dam-aband-30-11-24.jpg,2024-12-23,8289,32293,3,380-8289322933
Ukraine,United States,M2A2 Bradley ODS-SA,damaged,https://i.postimg.cc/pLJCnS6Q/2022-M2-A2-Bradley-ODS-SA-dam-aband-30-11-24.jpg,2024-12-23,8289,32294,3,380-8289322943
Ukraine,United States,M2A2 Bradley ODS-SA,damaged,https://i.postimg.cc/wBgsyK74/2013-M2-A2-Bradley-ODS-SA-dam-aband-18-12-24.jpg,2024-12-31,8289,32298,3,380-8289322983
Ukraine,United States,M2A2 Bradley ODS-SA,damaged,https://i.postimg.cc/T31wZV01/2019-M2-A2-Bradley-ODS-SA-dam-aband-19-12-24.jpg,2025-01-22,8289,32301,3,380-8289323013
Ukraine,United States,M2A2 Bradley ODS-SA,damaged,https://i.postimg.cc/c4XC99QP/2029-M2-A2-Bradley-ODS-SA-dam-aband-12-11-24.jpg,2025-01-22,8289,32302,3,380-8289323023
Ukraine,United States,M2A2 Bradley ODS-SA,damaged,https://i.postimg.cc/s2Z223tR/2035-M2-A2-Bradley-ODS-SA-dam-aband-10-01-25.jpg,2025-01-22,8289,32303,3,380-8289323033
Ukraine,United States,M2A2 Bradley ODS-SA,damaged,https://i.postimg.cc/CxMSnrTj/2033-M2-A2-Bradley-ODS-SA-dam-aband-15-01-25.jpg,2025-01-31,8289,32312,3,380-8289323123
Ukraine,United States,M2A2 Bradley ODS-SA,damaged,https://i.postimg.cc/HxcFL5wc/2023-M2-A2-Bradley-ODS-SA-dam-capt-31-01-25.jpg,2025-02-03,8289,32313,3,380-8289323133
Ukraine,United States,M2A2 Bradley ODS-SA,damaged,https://i.postimg.cc/nVsQVYpj/2222-M2-A2-Bradley-ODS-SA-dam-capt-18-03-25.jpg,2025-03-20,8289,32330,3,380-8289323303
Ukraine,United States,M2A2 Bradley ODS-SA,damaged,https://i.postimg.cc/cCcxChmf/2024-M2-A2-Bradley-ODS-SA-dam-aband-07-05-25.jpg,2025-05-12,8289,32343,3,380-8289323433
Ukraine,United States,M2A2 Bradley ODS-SA,damaged,https://i.postimg.cc/XvdhkX5Y/2005-M2-A2-Bradley-ODS-SA-dam-aband-09-05-25.jpg,2025-05-14,8289,32346,3,380-8289323463
Ukraine,United States,M2A2 Bradley ODS-SA,damaged,https://i.postimg.cc/qRG5WYjf/2004-M2-A2-Bradley-ODS-SA-dam-aband-09-05-25.jpg,2025-05-14,8289,32347,3,380-8289323473
Ukraine,United States,M2A2 Bradley ODS-SA,damaged,https://i.postimg.cc/zvNM7fL0/2011-M2-A2-Bradley-ODS-SA-dam-aband-07-05-25.jpg,2025-07-02,8289,32352,3,380-8289323523
Ukraine,United States,M998 HMMWV,damaged,https://i.postimg.cc/8cFfdLtF/2001-HMMWV-M998-dam-23-02-24.jpg,2024-04-08,8291,32368,3,380-8291323683
Ukraine,Belarus,MAZ,damaged,https://i.postimg.cc/9fRbHBdp/f3.png,2022-03-19,8292,32382,3,380-8292323823
Ukraine,Belarus,MAZ-5316,damaged,https://i.postimg.cc/L6ZKgBD7/4ff.png,2022-08-08,8293,32390,3,380-8293323903
Ukraine,Italy,MSL Shield,damaged,https://i.postimg.cc/Gp4r4hyv/687.png,2023-01-04,8297,32404,3,380-8297324043
Ukraine,Soviet Union,MT-LB,damaged,https://i.postimg.cc/59wRrLqp/2028-MT-LB-dam-29-05-23.jpg,2023-06-04,5593,32445,3,380-5593324453
Ukraine,Soviet Union,MT-LB,damaged,https://i.postimg.cc/90BnXvZn/2010-mtlb-dam-21-08-22.jpg,2024-01-09,5593,32455,3,380-5593324553
Ukraine,Soviet Union,MT-LB,damaged,https://i.postimg.cc/jqWtFYnD/2009-MT-LB-dam-11-02-24.jpg,2024-02-15,5593,32457,3,380-5593324573
Ukraine,Soviet Union,MT-LB,damaged,https://i.postimg.cc/d1gMmzD0/2010-mtlb-dam-aband-12-06-24.jpg,2024-06-14,5593,32468,3,380-5593324683
Ukraine,Soviet Union,MT-LB with ZU-23 AA gun,damaged,https://i.postimg.cc/W303GSCP/2006-MT-LB-with-ZU-23-AA-gun-dam-13-02-24.jpg,2024-02-21,5597,32493,3,380-5597324933
Ukraine,Soviet Union,MT-LB with ZU-23 AA gun,damaged,https://i.postimg.cc/ZRkTC8FB/2001-MT-LB-with-ZU-23-AA-gun-dam-25-04-24.jpg,2024-05-02,5597,32494,3,380-5597324943
Ukraine,Soviet Union,MT-LBu,damaged,https://i.postimg.cc/ZYHxJ6rp/Screenshot-8036.png,2022-03-19,5600,32513,3,380-5600325133
Ukraine,Germany,Marder 1A3,damaged,https://i.postimg.cc/76DM0rWc/4389.png,2023-09-22,8301,32527,3,380-8301325273
Ukraine,Germany,Marder 1A3,damaged,https://i.postimg.cc/PqLpgLpm/2000-mader-dam-aband-21-11-23.jpg,2023-11-24,8301,32532,3,380-8301325323
Ukraine,Germany,Marder 1A3,damaged,https://i.postimg.cc/FRXPCsWJ/2018-marder-dam-19-02-24.jpg,2024-02-21,8301,32535,3,380-8301325353
Ukraine,Germany,Marder 1A3,damaged,https://i.postimg.cc/Lst6jv40/2015-marder-dam-21-02-24.jpg,2024-02-23,8301,32536,3,380-8301325363
Ukraine,Germany,Marder 1A3,damaged,https://i.postimg.cc/mZVkLqrX/2013-Marder-1-A3-dam-aband-01-03-24.jpg,2024-03-02,8301,32537,3,380-8301325373
Ukraine,Germany,Marder 1A3,damaged,https://i.postimg.cc/rFCcvKCW/2016-marder-dam-aband-07-11-23.jpg,2024-04-08,8301,32538,3,380-8301325383
Ukraine,Germany,Marder 1A3,damaged,https://i.postimg.cc/900dQ02G/2000-Marder-1-A3-dam-aband-30-03-24.jpg,2024-04-08,8301,32539,3,380-8301325393
Ukraine,Germany,Marder 1A3,damaged,https://i.postimg.cc/P5v5SwJ0/2018-Marder-1-A3-dam-aband-03-05-24.jpg,2024-05-12,8301,32542,3,380-8301325423
Ukraine,Germany,Marder 1A3,damaged,https://i.postimg.cc/CdyrrG1j/2004-Marder-1-A3-dam-aband-13-04-24.jpg,2024-05-15,8301,32543,3,380-8301325433
Ukraine,Germany,Marder 1A3,damaged,https://i.postimg.cc/vZt19yrC/2000-Marder-1-A3-dam-08-08-24.jpg,2024-08-18,8301,32551,3,380-8301325513
Ukraine,Soviet Union,Mi-24 attack helicopter,damaged,https://i.postimg.cc/9F0R4khC/2000-mi-24-dam-17-05-23.jpg,2023-05-23,8307,32567,3,380-8307325673
Ukraine,Soviet Union,Mi-24 attack helicopter,damaged,https://i.postimg.cc/PrRgTTq3/2000-mi24-dam-22-10-24.jpg,2024-11-05,8307,32571,3,380-8307325713
Ukraine,Soviet Union,Mi-8 transport helicopter,damaged,https://i.postimg.cc/bY40sdmq/43360.png,2022-10-27,5610,32587,3,380-5610325873
Ukraine,Ukraine,Novator,damaged,https://i.postimg.cc/MKMkcgwH/776.png,2022-03-19,8310,32611,3,380-8310326113
Ukraine,Ukraine,Novator,damaged,https://i.postimg.cc/FR37h0Hz/2004-novator-dam-07-03-23.jpg,2023-03-09,8310,32625,3,380-8310326253
Ukraine,Ukraine,Novator,damaged,https://i.postimg.cc/q7QSnm0r/2022-Novator-dam-08-05-24.jpg,2024-05-12,8310,32627,3,380-8310326273
Ukraine,United States,Oshkosh M-ATV,damaged,https://i.postimg.cc/YqqXXqn9/88k0.png,2023-06-10,8311,32649,3,380-8311326493
Ukraine,United States,Oshkosh M-ATV,damaged,https://i.postimg.cc/4dprMvDT/99701.png,2023-06-10,8311,32650,3,380-8311326503
Ukraine,United States,Oshkosh M-ATV,damaged,https://i.postimg.cc/Y9rXgBPx/44f.png,2023-08-30,8311,32667,3,380-8311326673
Ukraine,United States,Oshkosh M-ATV,damaged,https://i.postimg.cc/7ZPXv00H/2032-Oshkosh-M-ATV-dam-aband-18-01-25.jpg,2025-01-31,8311,32676,3,380-8311326763
Ukraine,Soviet Union,P-14 'Tall King',damaged,https://i.postimg.cc/rpWmrPLb/57.png,2022-03-19,8312,32683,3,380-8312326833
Ukraine,Ukraine,P-18 'Malakhit',damaged,https://i.postimg.cc/wBydDw6x/2003-1-RL131-P-18-Terek-early-warning-radar-dam-25-04-24.jpg,2024-05-02,8313,32695,3,380-8313326953
Ukraine,Ukraine,P-18 'Malakhit',damaged,https://i.postimg.cc/tgvn0Zwh/2012-1-RL131-P-18-Terek-early-warning-radar-dam-14-05-24.jpg,2024-05-18,8313,32696,3,380-8313326963
Ukraine,Soviet Union,P-18 'Spoon Rest D',damaged,https://i.postimg.cc/900WKT71/2014-P-18-Radar-dam-01-12-23.jpg,2023-12-04,8314,32701,3,380-8314327013
Ukraine,Soviet Union,P-18 'Spoon Rest D',damaged,https://i.postimg.cc/BnFjrLdR/2006-P-18-Terek-early-warning-VHF-radar-dam-06-03-24.jpg,2024-04-08,8314,32703,3,380-8314327033
Ukraine,Soviet Union,P-18 'Spoon Rest D',damaged,https://i.postimg.cc/mr8yh5nS/2013-1-RL131-P-18-Terek-early-warning-radar-dam-22-06-24.jpg,2024-06-28,8314,32706,3,380-8314327063
Ukraine,Lithuania,P-18ML long-range VHF surveillance radar,damaged,https://i.postimg.cc/Kv0jSDqD/2020-P-18-ML-early-warning-radar-dam-10-06-24.jpg,2024-06-15,8315,32711,3,380-8315327113
Ukraine,Sweden,Pbv 501A,damaged,https://i.postimg.cc/FsfbtYDv/2011-Pbv-501-A-dam-aband-30-03-24.jpg,2024-04-08,8324,32739,3,380-8324327393
Ukraine,Sweden,Pbv 501A,damaged,https://i.postimg.cc/YSfwLvfw/2003-Pbv-501-A-dam-aband-27-02-24.jpg,2024-06-02,8324,32741,3,380-8324327413
Ukraine,Poland,Pr.304 Amur Class command ship 'Donbas' ''U-500'',damaged,https://twitter.com/CovertShores/status/1511808852278263810,2022-04-06,8327,32749,3,380-8327327493
Ukraine,Poland,Pr.304 Amur Class command ship 'Donbas' ''U-500'',damaged,https://i.postimg.cc/tTh8MZ53/47.png,2022-04-09,8327,32750,3,380-8327327503
Ukraine,Finland,Sisu XA-185,damaged,https://i.postimg.cc/0Q0f2X2J/665y.png,2023-08-30,8339,32806,3,380-8339328063
Ukraine,Finland,Sisu XA-185,damaged,https://i.postimg.cc/MGStL7SP/2017-Sisu-XA-185-dam-aband-11-08-23.jpg,2024-02-29,8339,32810,3,380-8339328103
Ukraine,Ukraine,Small patrol boats (Sea Guard),damaged,https://i.postimg.cc/rpyDgH04/32.png,2022-04-20,8340,32829,3,380-8340328293
Ukraine,Ukraine,Small patrol boats (Sea Guard),damaged,https://i.postimg.cc/R0pnx9T5/578.png,2022-04-23,8340,32830,3,380-8340328303
Ukraine,Sweden,Stridsvagn 122,damaged,https://i.postimg.cc/vZtFQ21s/314.png,2023-09-25,8348,32843,3,380-8348328433
Ukraine,Sweden,Stridsvagn 122,damaged,https://i.postimg.cc/NFbZTZ15/53.png,2023-09-29,8348,32844,3,380-8348328443
Ukraine,Sweden,Stridsvagn 122,damaged,https://i.postimg.cc/RFWQ3vPs/2020-Strv122-dam-aband-30-10-23.jpg,2023-11-01,8348,32845,3,380-8348328453
Ukraine,Sweden,Stridsvagn 122,damaged,https://i.postimg.cc/httWWTNQ/2004-Stridsvagn-122-dam-02-01-24.jpg,2024-01-19,8348,32848,3,380-8348328483
Ukraine,Sweden,Stridsvagn 122,damaged,https://i.postimg.cc/fWttHLk4/2025-Stridsvagn-122-dam-aband-12-03-24.jpg,2024-04-08,8348,32849,3,380-8348328493
Ukraine,Sweden,Stridsvagn 122,damaged,https://i.postimg.cc/ZY3CtcPh/2012-Stridsvagn-122-dam-aband-28-01-24.jpg,2024-04-08,8348,32850,3,380-8348328503
Ukraine,Sweden,Stridsvagn 122,damaged,https://i.postimg.cc/c1384Fbg/2002-Stridsvagn-122-dam-09-12-24.jpg,2024-12-16,8348,32851,3,380-8348328513
Ukraine,Sweden,Stridsvagn 122,damaged,https://i.postimg.cc/KYMXBFz0/2026-Strv-122-dam-aband-04-05-25.jpg,2025-05-12,8348,32852,3,380-8348328523
Ukraine,Soviet Union,Su-25 attack aircraft,damaged,https://twitter.com/UAWeapons/status/1506317219000721412,2022-03-26,8351,32870,3,380-8351328703
Ukraine,Ukraine,T-64 mine-clearing tank,damaged,https://i.postimg.cc/G2bd1vzG/2017-T-64-based-mine-clearing-tank-dam-aband-28-06-23.jpg,2023-07-14,8355,32902,3,380-8355329023
Ukraine,Ukraine,T-64B1M,damaged,https://i.postimg.cc/HxmWTxMP/3d1.png,2022-03-19,8358,32908,3,380-8358329083
Ukraine,Ukraine,T-64BM 'Bulat',damaged,https://i.postimg.cc/1t1kX9rk/2002-t64bm-bulat-dam.jpg,2022-10-28,8359,32928,3,380-8359329283
Ukraine,Ukraine,T-64BM 'Bulat',damaged,https://i.postimg.cc/Y0cfcKsf/2011-t64bm-dam-17-02-23.jpg,2023-02-18,8359,32931,3,380-8359329313
Ukraine,Ukraine,T-64BM 'Bulat',damaged,https://i.postimg.cc/JzRVhfJz/2034-t64bm-bulat-dam-14-05-23.jpg,2023-05-23,8359,32933,3,380-8359329333
Ukraine,Ukraine,T-64BM 'Bulat',damaged,https://i.postimg.cc/7YpkfybJ/2036-T-64-BM1-Bulat-dam-09-07-23.jpg,2023-07-10,8359,32934,3,380-8359329343
Ukraine,Ukraine,T-64BM2 'Bulat',damaged,https://i.postimg.cc/MHs1vFqn/7693.png,2022-11-28,8360,32953,3,380-8360329533
Ukraine,Soviet Union,T-64BV,damaged,https://i.postimg.cc/CLn96SZZ/f7.png,2022-03-19,5675,32976,3,380-5675329763
Ukraine,Soviet Union,T-64BV,damaged,https://i.postimg.cc/6QWhgDnj/j8.png,2022-03-19,5675,32983,3,380-5675329833
Ukraine,Soviet Union,T-64BV,damaged,https://i.postimg.cc/bvfcZfxh/58.png,2022-03-30,5675,33012,3,380-5675330123
Ukraine,Soviet Union,T-64BV,damaged,https://i.postimg.cc/d3FsgJDL/6898.png,2022-04-17,5675,33041,3,380-5675330413
Ukraine,Soviet Union,T-64BV,damaged,https://i.postimg.cc/Nff9Q7xw/90.jpg,2022-04-25,5675,33053,3,380-5675330533
Ukraine,Soviet Union,T-64BV,damaged,https://twitter.com/UAWeapons/status/1522308548440563715,2022-05-08,5675,33061,3,380-5675330613
Ukraine,Soviet Union,T-64BV,damaged,https://i.postimg.cc/DwwCthLG/322.jpg,2022-06-11,5675,33078,3,380-5675330783
Ukraine,Soviet Union,T-64BV,damaged,https://twitter.com/UAWeapons/status/1537541023018139650,2022-06-26,5675,33079,3,380-5675330793
Ukraine,Soviet Union,T-64BV,damaged,https://i.postimg.cc/DZyRGvkf/688.png,2022-06-29,5675,33082,3,380-5675330823
Ukraine,Soviet Union,T-64BV,damaged,https://i.postimg.cc/ZYXkj8vp/2006-t64bv-dam.jpg,2022-10-12,5675,33127,3,380-5675331273
Ukraine,Soviet Union,T-64BV,damaged,https://twitter.com/UAWeapons/status/1583037751460446208,2022-10-20,5675,27719,3,380-5675277193
Ukraine,Soviet Union,T-64BV,damaged,https://i.postimg.cc/qRZ2wyt0/2001-t64bv-dam.jpg,2022-10-27,5675,33140,3,380-5675331403
Ukraine,Soviet Union,T-64BV,damaged,https://i.postimg.cc/zfkzvwrG/2012-T-64-BV-dam-07-04-22.jpg,2022-12-05,5675,33186,3,380-5675331863
Ukraine,Soviet Union,T-64BV,damaged,https://i.postimg.cc/yxDsLwSD/2013-T-64-BV-dam-24-08-22.jpg,2022-12-05,5675,33187,3,380-5675331873
Ukraine,Soviet Union,T-64BV,damaged,https://i.postimg.cc/2jtz18Ph/2014-T-64-BV-dam-04-09-22.jpg,2022-12-05,5675,33188,3,380-5675331883
Ukraine,Soviet Union,T-64BV,damaged,https://i.postimg.cc/k5X065yQ/2022-05-25-UA-T-64-BV-damaged.jpg,2022-12-05,5675,33189,3,380-5675331893
Ukraine,Soviet Union,T-64BV,damaged,https://i.postimg.cc/j54fjhbp/2007-t64bv-dam-aband.jpg,2022-12-11,5675,33196,3,380-5675331963
Ukraine,Soviet Union,T-64BV,damaged,https://i.postimg.cc/pVhYYtmR/2002-t64bv-dam.jpg,2022-12-26,5675,33198,3,380-5675331983
Ukraine,Soviet Union,T-64BV,damaged,https://i.postimg.cc/J72xkcTH/2006-t64bv-dam-11-01-23.jpg,2023-01-12,5675,33201,3,380-5675332013
Ukraine,Soviet Union,T-64BV,damaged,https://i.postimg.cc/HkRV8c5b/2025-t64bv-dam-02-02-23.jpg,2023-02-05,5675,33207,3,380-5675332073
Ukraine,Soviet Union,T-64BV,damaged,https://i.postimg.cc/Z0zJK4pz/2007-t64bv2017-dam-aband-31-01-23.jpg,2023-02-05,5675,33208,3,380-5675332083
Ukraine,Soviet Union,T-64BV,damaged,https://i.postimg.cc/hG51r78Y/2005-t64bv-dam-16-02-23.jpg,2023-02-18,5675,33213,3,380-5675332133
Ukraine,Soviet Union,T-64BV,damaged,https://i.postimg.cc/x8ymWkHn/2014-t64bv-dam-17-02-23.jpg,2023-02-18,5675,33214,3,380-5675332143
Ukraine,Soviet Union,T-64BV,damaged,https://twitter.com/UAWeapons/status/1633907229647618048,2023-03-11,5675,33220,3,380-5675332203
Ukraine,Soviet Union,T-64BV,damaged,https://i.postimg.cc/2yzx54QH/5542.png,2023-04-12,5675,33245,3,380-5675332453
Ukraine,Soviet Union,T-64BV,damaged,https://twitter.com/UAWeapons/status/1653828968628224000,2023-05-05,5675,29513,3,380-5675295133
Ukraine,Soviet Union,T-64BV,damaged,https://i.postimg.cc/PfvqTN8b/2007-t64bv-dam-aband-30-05-23.jpg,2023-06-01,5675,33259,3,380-5675332593
Ukraine,Soviet Union,T-64BV,damaged,https://i.postimg.cc/3NBZdzQ0/2014-t64bv-dam-06-06-23.jpg,2023-06-09,5675,33267,3,380-5675332673
Ukraine,Soviet Union,T-64BV,damaged,https://i.postimg.cc/Qd0zpVfy/2004-t64bv-dam-17-06-23.jpg,2023-06-19,5675,33274,3,380-5675332743
Ukraine,Soviet Union,T-64BV,damaged,https://i.postimg.cc/mg7mxrTF/2017-t64bv-dam-11-06-23.jpg,2023-06-23,5675,33275,3,380-5675332753
Ukraine,Soviet Union,T-64BV,damaged,https://i.postimg.cc/MK1brJ5f/2011-t64bv-dam-30-05-23.jpg,2023-07-22,5675,33282,3,380-5675332823
Ukraine,Soviet Union,T-64BV,damaged,https://i.postimg.cc/gJf8Ng6K/2013-2x-t64bv-and-2x-bmp2-dam-aband-21-07-23.jpg,2023-07-22,5675,25893,3,380-5675258933
Ukraine,Soviet Union,T-64BV,damaged,https://i.postimg.cc/nLvjwsBj/2012-t64bv-dam-18-08-23.jpg,2023-08-21,5675,33288,3,380-5675332883
Ukraine,Soviet Union,T-64BV,damaged,https://i.postimg.cc/DfN6zvrs/332d0.png,2023-08-30,5675,33293,3,380-5675332933
Ukraine,Soviet Union,T-64BV,damaged,https://twitter.com/UAWeapons/status/1698955326496592140,2023-09-05,5675,30938,3,380-5675309383
Ukraine,Soviet Union,T-64BV,damaged,https://i.postimg.cc/ydJ65xS0/2016-T-64-BV-dam-30-09-23.jpg,2023-10-05,5675,33299,3,380-5675332993
Ukraine,Soviet Union,T-64BV,damaged,https://i.postimg.cc/nV6TDQfv/2017-64-BV-dam-30-10-23.jpg,2023-11-01,5675,33309,3,380-5675333093
Ukraine,Soviet Union,T-64BV,damaged,https://twitter.com/Danspiun/status/1730613413959667813,2023-12-04,5675,33315,3,380-5675333153
Ukraine,Soviet Union,T-64BV,damaged,https://i.postimg.cc/6QZT3nRJ/2008-t64bv-dam-aband-08-01-24.jpg,2024-01-19,5675,33323,3,380-5675333233
Ukraine,Soviet Union,T-64BV,damaged,https://i.postimg.cc/CxGVt5PD/2012-t64bv-dam-21-01-24.jpg,2024-01-24,5675,33324,3,380-5675333243
Ukraine,Soviet Union,T-64BV,damaged,https://i.postimg.cc/TPz9T3gn/2015-t64bv-dam-aband-07-02-24.jpg,2024-02-09,5675,33327,3,380-5675333273
Ukraine,Soviet Union,T-64BV,damaged,https://i.postimg.cc/FRyNH93L/2008-t64bv-dam-aband-20-07-23.jpg,2024-02-18,5675,33328,3,380-5675333283
Ukraine,Soviet Union,T-64BV,damaged,https://i.postimg.cc/tJPbjw1p/2019-T-64-BV-dam-31-03-24.jpg,2024-04-08,5675,33344,3,380-5675333443
Ukraine,Soviet Union,T-64BV,damaged,https://i.postimg.cc/7LBqFst3/2001-T-64-BV-dam-05-06-24.jpg,2024-06-14,5675,33359,3,380-5675333593
Ukraine,Soviet Union,T-64BV,damaged,https://i.postimg.cc/g2bjbW8c/2017-T-64-BV-dam-14-06-24.jpg,2024-06-20,5675,33362,3,380-5675333623
Ukraine,Soviet Union,T-64BV,damaged,https://i.postimg.cc/3wfT5pmr/2006-T-64-BV-dam-aband-24-08-24.jpg,2024-09-05,5675,33391,3,380-5675333913
Ukraine,Soviet Union,T-64BV,damaged,https://i.postimg.cc/0QcV7PPW/2011-T-64-BV-dam-02-09-24.jpg,2024-09-13,5675,33394,3,380-5675333943
Ukraine,Soviet Union,T-64BV,damaged,https://i.postimg.cc/FKpGD3Fs/2013-T-64-BV-dam-21-09-24.jpg,2024-09-26,5675,33399,3,380-5675333993
Ukraine,Soviet Union,T-64BV,damaged,https://i.postimg.cc/vmMSPf7m/2008-T-64-BV-dam-aband-24-09-24.jpg,2024-09-29,5675,33401,3,380-5675334013
Ukraine,Soviet Union,T-64BV,damaged,https://i.postimg.cc/50bHQw2X/2006-T-64-BV-dam-aband-26-12-24.jpg,2025-01-10,5675,33435,3,380-5675334353
Ukraine,Soviet Union,T-64BV,damaged,https://i.postimg.cc/FzG9f8Pm/2014-T-64-BV-dam-aband-17-01-25.jpg,2025-01-22,5675,33438,3,380-5675334383
Ukraine,Soviet Union,T-64BV,damaged,https://i.postimg.cc/0jxmv0TV/2034-T-64-BV-dam-aband-23-12-24.jpg,2025-01-31,5675,33442,3,380-5675334423
Ukraine,Soviet Union,T-64BV,damaged,https://i.postimg.cc/kDrmMyhG/2003-T-64-BV-dam-aband-29-01-25.jpg,2025-02-02,5675,33443,3,380-5675334433
Ukraine,Soviet Union,T-64BV,damaged,https://i.postimg.cc/Wp7NpMH8/2019-T-64-BV-dam-aband-23-02-25.jpg,2025-03-02,5675,33460,3,380-5675334603
Ukraine,Soviet Union,T-64BV,damaged,https://i.postimg.cc/VNHqxZmK/2167-T-64-BV-dam-aband-16-02-25.jpg,2025-03-20,5675,33465,3,380-5675334653
Ukraine,Soviet Union,T-64BV,damaged,https://i.postimg.cc/FHNV3JTV/2030-T-64-BV-dam-aband-21-02-25.jpg,2025-03-20,5675,33466,3,380-5675334663
Ukraine,Soviet Union,T-64BV,damaged,https://i.postimg.cc/63GGCbPD/2070-T-64-BV-dam-aband-30-10-24.jpg,2025-04-08,5675,33474,3,380-5675334743
Ukraine,Soviet Union,T-64BV,damaged,https://i.postimg.cc/2SMjBg2t/2036-T-64-BV-dam-aband-10-04-25.jpg,2025-04-13,5675,33480,3,380-5675334803
Ukraine,Soviet Union,T-64BV,damaged,https://i.postimg.cc/YS3hMrXK/2015-T-64-BV-dam-aband-31-05-25.jpg,2025-07-01,5675,33510,3,380-5675335103
Ukraine,Ukraine,T-64BV Zr. 2017,damaged,https://i.postimg.cc/pTDRgxZQ/22760.png,2022-10-09,8362,33536,3,380-8362335363
Ukraine,Ukraine,T-64BV Zr. 2017,damaged,https://i.postimg.cc/502gFqLw/2019-T-64-BV-Zr-2017-dam-aband-04-06-23.jpg,2023-06-23,8362,33555,3,380-8362335553
Ukraine,Ukraine,T-64BV Zr. 2017,damaged,https://i.postimg.cc/3rXZPqk9/2028-T-64-BV-Zr-2017-dam-14-07-23.jpg,2023-07-24,8362,33558,3,380-8362335583
Ukraine,Ukraine,T-64BV Zr. 2017,damaged,https://i.postimg.cc/sxw6s3G0/2009-T-64-BV-Zr-2017-dam-02-08-23.jpg,2023-08-24,8362,33561,3,380-8362335613
Ukraine,Ukraine,T-64BV Zr. 2017,damaged,https://i.postimg.cc/fWFKJf3F/2014-t64bv2017-dam-aband-18-09-23.jpg,2023-10-12,8362,33570,3,380-8362335703
Ukraine,Soviet Union,T-72 'Ural',damaged,https://i.postimg.cc/28hSgCVJ/ur3.png,2022-04-04,8364,33577,3,380-8364335773
Ukraine,Soviet Union,T-72 'Ural',damaged,https://i.postimg.cc/kgGrv2cn/2002.jpg,2022-07-26,8364,33578,3,380-8364335783
Ukraine,Soviet Union,T-72 'Ural',damaged,https://i.postimg.cc/nzX0hqgz/2002.jpg,2022-07-27,8364,33579,3,380-8364335793
Ukraine,Ukraine,T-72AMT,damaged,https://i.postimg.cc/9QZN39jX/8754.png,2022-06-26,8366,33602,3,380-8366336023
Ukraine,Ukraine,T-72AMT,damaged,https://i.postimg.cc/QdkdMWKj/2000.jpg,2022-08-30,8366,33607,3,380-8366336073
Ukraine,Ukraine,T-72AMT,damaged,https://twitter.com/UAWeapons/status/1569014536824553473,2022-09-12,8366,33608,3,380-8366336083
Ukraine,Ukraine,T-72AMT,damaged,https://i.postimg.cc/3NvKTdyZ/2012-t72amt-dam-30-01-23.jpg,2023-02-05,8366,33610,3,380-8366336103
Ukraine,Ukraine,T-72AMT,damaged,https://i.postimg.cc/kXwxkPH3/2002-t72amt-dam-capt-04-02-23.jpg,2023-02-12,8366,33611,3,380-8366336113
Ukraine,Ukraine,T-72AMT,damaged,https://i.postimg.cc/nhNsV8vJ/2004-T72amt-and-BTS4-dam-aband-15-06-23.jpg,2023-06-16,8366,28362,3,380-8366283623
Ukraine,Soviet Union,T-72AV,damaged,https://i.postimg.cc/Kc34cjCw/432.png,2022-10-20,5677,33630,3,380-5677336303
Ukraine,Soviet Union,T-72AV,damaged,https://twitter.com/UAWeapons/status/1633907229647618048,2023-03-11,5677,33220,3,380-5677332203
Ukraine,Soviet Union,T-72AV,damaged,https://i.postimg.cc/LsXhkn3w/2016-t72av-dam-03-05-23.jpg,2023-05-06,5677,33639,3,380-5677336393
Ukraine,Soviet Union,T-72AV,damaged,https://i.postimg.cc/t4S9k8d8/2031-t72av-dam-aband-12-12-23.jpg,2023-12-16,5677,33651,3,380-5677336513
Ukraine,Soviet Union,T-72AV,damaged,https://i.postimg.cc/fyDZPcQV/2007-t72av-dam-aband-21-11-23.jpg,2024-01-09,5677,33653,3,380-5677336533
Ukraine,Soviet Union,T-72AV,damaged,https://i.postimg.cc/3w4Xs27p/2019-T-72-AV-dam-aband-29-02-24.jpg,2024-04-08,5677,33659,3,380-5677336593
Ukraine,Soviet Union,T-72AV,damaged,https://i.postimg.cc/xd7c9mG3/2018-T-72-AV-dam-aband-11-12-24.jpg,2024-12-16,5677,33672,3,380-5677336723
Ukraine,Soviet Union,T-72B,damaged,https://i.postimg.cc/7Lr4jy27/54d.jpg,2022-05-08,5678,33697,3,380-5678336973
Ukraine,Soviet Union,T-72B,damaged,https://twitter.com/UAWeapons/status/1578365764729348096,2022-10-08,5678,33706,3,380-5678337063
Ukraine,Soviet Union,T-72B,damaged,https://i.postimg.cc/4dnfW8sq/2013-t72b-dam-29-01-23.jpg,2023-02-05,5678,33715,3,380-5678337153
Ukraine,Czech Republic,T-72EA,damaged,https://i.postimg.cc/JnWNzGC2/2009-T-72-EA-dam-26-12-23.jpg,2024-01-09,8367,33743,3,380-8367337433
Ukraine,Czech Republic,T-72EA,damaged,https://i.postimg.cc/0Q6yVNCt/2031-T-72-EA-dam-09-05-24.jpg,2024-05-18,8367,33745,3,380-8367337453
Ukraine,Czech Republic,T-72EA,damaged,https://i.postimg.cc/4ywN0qTd/2031-T-72-EA-dam-aband-28-02-25.jpg,2025-03-20,8367,33750,3,380-8367337503
Ukraine,Czech Republic,T-72EA,damaged,https://i.postimg.cc/6pKpJCFT/2004-T-72-EA-dam-aband-19-03-25.jpg,2025-03-27,8367,33752,3,380-8367337523
Ukraine,Czech Republic,T-72EA,damaged,https://i.postimg.cc/4xB2YpNh/2025-T-72-EA-dam-aband-09-05-25.jpg,2025-05-18,8367,33756,3,380-8367337563
Ukraine,Poland,T-72M/M1(R),damaged,https://i.postimg.cc/gJdQk6zk/2003-t72m1-dam-aband.jpg,2022-11-01,8368,33773,3,380-8368337733
Ukraine,Poland,T-72M/M1(R),damaged,https://i.postimg.cc/gJksTycR/2004-t72m1-dam-aband.jpg,2022-11-01,8368,33774,3,380-8368337743
Ukraine,Poland,T-72M/M1(R),damaged,https://i.postimg.cc/D0ZpXcWX/2007-t72m1-dam.jpg,2022-11-13,8368,33776,3,380-8368337763
Ukraine,Poland,T-72M/M1(R),damaged,https://i.postimg.cc/28Q9Kp3Q/2051-t72m1-dam-aband-10-05-23.png,2023-05-11,8368,33783,3,380-8368337833
Ukraine,Poland,T-72M/M1(R),damaged,https://i.postimg.cc/W1Ptz3c2/2013-t72m1-dam-aband-10-05-23.jpg,2023-05-17,8368,33784,3,380-8368337843
Ukraine,Poland,T-72M/M1(R),damaged,https://i.postimg.cc/wxr3Jkp0/2002-t72m1-dam-aband-15-07-23.jpg,2023-07-17,8368,33789,3,380-8368337893
Ukraine,Poland,T-72M/M1(R),damaged,https://twitter.com/UAWeapons/status/1684556026065068032,2023-07-28,8368,29936,3,380-8368299363
Ukraine,Poland,T-72M1/R,damaged,https://i.postimg.cc/XqMpms7D/2000-t72m1.jpg,2022-08-31,8371,33813,3,380-8371338133
Ukraine,Poland,T-72M1/R,damaged,https://i.postimg.cc/TYJpNq8C/2001-t72m1.jpg,2022-08-31,8371,33814,3,380-8371338143
Ukraine,Soviet Union,T-80BV,damaged,https://i.postimg.cc/0jXKJsjL/f58.png,2022-03-19,5685,33816,3,380-5685338163
Ukraine,Soviet Union,T-80BV,damaged,https://i.postimg.cc/fb3dc6LV/389.png,2022-04-13,5685,33818,3,380-5685338183
Ukraine,Soviet Union,T-80BV,damaged,https://i.postimg.cc/VsJn5zPD/43f.jpg,2022-05-21,5685,33823,3,380-5685338233
Ukraine,Soviet Union,T-80BV,damaged,https://i.postimg.cc/MT0KSR08/6522.png,2022-05-29,5685,33824,3,380-5685338243
Ukraine,Soviet Union,T-80BV,damaged,https://twitter.com/UAWeapons/status/1577254567708094464,2022-10-05,5685,33831,3,380-5685338313
Ukraine,Soviet Union,T-80BV,damaged,https://i.postimg.cc/T1FLHybX/2047-t80bv-dam-13-06-23.jpg,2023-06-15,5685,33833,3,380-5685338333
Ukraine,Soviet Union,T-80BV,damaged,https://i.postimg.cc/cHV1NWQ2/2025-1x-t80bv-2x-Sisu-XA-185-aband-11-08-23.jpg,2023-10-05,5685,32808,3,380-5685328083
Ukraine,Soviet Union,T-80BV,damaged,https://i.postimg.cc/ZR9CW5p5/2002-T-80-BV-dam-01-04-24.jpg,2024-04-11,5685,33854,3,380-5685338543
Ukraine,Soviet Union,T-80BV,damaged,https://i.postimg.cc/DzydKwg0/2011-T-80-BV-dam-aband-23-08-24.jpg,2024-09-03,5685,33865,3,380-5685338653
Ukraine,Soviet Union,T-80BV,damaged,https://i.postimg.cc/VvMXZC2G/2018-T-80-BV-dam-aband-30-03-25.jpg,2025-04-07,5685,33876,3,380-5685338763
Ukraine,Soviet Union,T-80BV,damaged,https://i.postimg.cc/Kz91qcXd/2017-T-80-BV-dam-aband-06-05-25.jpg,2025-05-14,5685,33879,3,380-5685338793
Ukraine,Soviet Union,T-80BV,damaged,https://i.postimg.cc/D05GNCzR/2022-T-80-BV-dam-25-06-25.jpg,2025-07-02,5685,33880,3,380-5685338803
Ukraine,Soviet Union,UAZ-469 jeep,damaged,https://i.postimg.cc/WpGVCJVL/324.png,2023-09-08,8379,33917,3,380-8379339173
Ukraine,Soviet Union,UAZ-469 jeep,damaged,https://i.postimg.cc/kGck4KM2/257.png,2023-09-08,8379,33918,3,380-8379339183
Ukraine,Ukraine,Unknown AFV,damaged,https://i.postimg.cc/ZRJTspqb/2007-unkn-afv-dam-06-07-23.jpg,2023-07-09,5712,33946,3,380-5712339463
Ukraine,Ukraine,Unknown AFV,damaged,https://i.postimg.cc/Tw1wSpGR/2026-unkn-afv-dam-aband-10-07-23.jpg,2023-07-14,5712,33949,3,380-5712339493
Ukraine,Ukraine,Unknown AFV,damaged,https://i.postimg.cc/SRy1qrxh/2004-unkn-afv-dam-25-07-23.jpg,2023-07-26,5712,33951,3,380-5712339513
Ukraine,Ukraine,Unknown AFV,damaged,https://postimg.cc/tnnpgJzp,2023-09-13,5712,33957,3,380-5712339573
Ukraine,Ukraine,Unknown AFV,damaged,https://postimg.cc/CR3Py1Rb,2023-09-13,5712,33958,3,380-5712339583
Ukraine,Ukraine,Unknown AFV,damaged,https://postimg.cc/183MVjd7,2023-09-13,5712,33959,3,380-5712339593
Ukraine,Ukraine,Unknown AFV,damaged,https://i.postimg.cc/L4VxB6Xz/4331.png,2023-09-13,5712,33960,3,380-5712339603
Ukraine,Ukraine,Unknown AFV,damaged,https://i.postimg.cc/65gNspgN/2030-Unknown-IFV-dam-17-10-24.jpg,2024-11-11,5712,33969,3,380-5712339693
Ukraine,Ukraine,Unknown IMV,damaged,https://i.postimg.cc/bwT9P5Zn/2018-unkn-IMV-dam-17-07-23.jpg,2023-07-24,8383,34009,3,380-8383340093
Ukraine,Ukraine,Unknown IMV,damaged,https://i.postimg.cc/zfWS57zZ/2027-Unknown-IMV-dam-aband-12-09-24.jpg,2024-09-19,8383,34017,3,380-8383340173
Ukraine,Ukraine,Unknown IMV,damaged,https://i.postimg.cc/c4mQM8ZX/2038-Unknown-IMV-dam-aband-27-05-25.jpg,2025-05-30,8383,34028,3,380-8383340283
Ukraine,Ukraine,Unknown IMV,damaged,https://i.postimg.cc/Pf8WLKZ1/2017-Unknown-IMV-dam-aband-22-07-25.jpg,2025-08-14,8383,34041,3,380-8383340413
Ukraine,Ukraine,Unknown IMV,damaged,https://i.postimg.cc/Fzc32smT/2024-Unknown-IMV-dam-aband-24-07-25.jpg,2025-08-14,8383,34042,3,380-8383340423
Ukraine,Ukraine,Unknown SPG,damaged,https://i.postimg.cc/RFhCdwV4/2016-unkn-spg-dam-10-05-23.jpg,2023-05-17,5721,34050,3,380-5721340503
Ukraine,Ukraine,Unknown SPG,damaged,https://i.postimg.cc/WzCjz6bK/2022-unkn-spg-dam-16-11-23.jpg,2023-11-27,5721,34059,3,380-5721340593
Ukraine,Soviet Union,Unknown T-72,damaged,https://i.postimg.cc/909XpNjg/2005-unkn-t72-dam-23-05-23.jpg,2023-06-01,5724,34099,3,380-5724340993
Ukraine,United States,Unknown counter mortar/battery radar,damaged,https://i.postimg.cc/SQ2hn9Gm/437.png,2023-09-17,8385,34116,3,380-8385341163
Ukraine,Ukraine,Unknown tank,damaged,https://i.postimg.cc/FH9ZVQWW/2005-unkn-tank-dam-28-06-23.jpg,2023-06-30,5735,34166,3,380-5735341663
Ukraine,Ukraine,Unknown tank,damaged,https://i.postimg.cc/V6cvbvBS/2005-unkn-tank-dam-09-01-24.jpg,2024-01-19,5735,34179,3,380-5735341793
Ukraine,Ukraine,Unknown tank,damaged,https://i.postimg.cc/Y2820DWx/2005-unkn-tank-dam-aband-13-01-24.jpg,2024-01-30,5735,34180,3,380-5735341803
Ukraine,Ukraine,Unknown tank,damaged,https://i.postimg.cc/X79Xq1jM/2004-unkn-tank-dam-27-02-24.jpg,2024-04-08,5735,34184,3,380-5735341843
Ukraine,Ukraine,Unknown tank,damaged,https://i.postimg.cc/cLyps02P/2004-unkn-tank-dam-26-03-24.jpg,2024-04-08,5735,34185,3,380-5735341853
Ukraine,Ukraine,Unknown tank,damaged,https://i.postimg.cc/FHS3VhzQ/2026-Unknown-tank-dam-23-07-24.jpg,2024-07-30,5735,34200,3,380-5735342003
Ukraine,Ukraine,Unknown tank,damaged,https://i.postimg.cc/C1WpdgcW/2004-Unknown-tank-dam-aband-26-08-24.jpg,2024-09-05,5735,34205,3,380-5735342053
Ukraine,Ukraine,Unknown tank,damaged,https://i.postimg.cc/Kv2qmZYQ/2026-Unknown-tank-dam-aband-10-02-25.jpg,2025-02-21,5735,34219,3,380-5735342193
Ukraine,Ukraine,Unknown towed artillery,damaged,https://i.postimg.cc/BnNpxWwv/33.jpg,2022-03-26,5736,34231,3,380-5736342313
Ukraine,Ukraine,Unknown towed artillery,damaged,https://i.postimg.cc/J0jdMrPN/900.jpg,2022-03-26,5736,34232,3,380-5736342323
Ukraine,Ukraine,Unknown towed artillery,damaged,https://i.postimg.cc/Kz5jdCGX/4376.png,2023-09-08,5736,34239,3,380-5736342393
Ukraine,Ukraine,Unknown towed artillery,damaged,https://i.postimg.cc/c4HwW2CN/2015-unkn-towed-arty-dam-11-11-23.jpg,2023-11-14,5736,34241,3,380-5736342413
Ukraine,Ukraine,Unknown towed artillery,damaged,https://i.postimg.cc/y83Wzn8J/2023-Unknown-towed-artillery-dam-09-11-23.jpg,2023-12-16,5736,34242,3,380-5736342423
Ukraine,Ukraine,Unknown truck,damaged,https://i.postimg.cc/3Jzj3bLL/bnm.png,2022-03-19,5737,34255,3,380-5737342553
Ukraine,Ukraine,Unknown truck,damaged,https://i.postimg.cc/4xBF4TJG/37.jpg,2022-03-26,5737,34260,3,380-5737342603
Ukraine,Ukraine,Unknown truck,damaged,https://i.postimg.cc/J0jdMrPN/900.jpg,2022-03-26,5737,34232,3,380-5737342323
Ukraine,Ukraine,Unknown truck,damaged,https://i.postimg.cc/SRtv4JHH/1dg.png,2022-03-26,5737,34261,3,380-5737342613
Ukraine,Ukraine,Unknown vehicle,damaged,https://i.postimg.cc/MHcDwcn6/2025-Unknown-vehicle-dam-22-05-23.jpg,2023-06-04,8388,34350,3,380-8388343503
Ukraine,Ukraine,Unknown vehicle,damaged,https://i.postimg.cc/zBbfbNTb/2008-unkn-vehicle-dam-30-01-24.jpg,2024-02-09,8388,34355,3,380-8388343553
Ukraine,Soviet Union,Ural-4320,damaged,https://i.postimg.cc/GmVqtBjC/328.png,2022-05-03,5740,34396,3,380-5740343963
Ukraine,Soviet Union,Ural-4320,damaged,https://i.postimg.cc/yYNW9jJq/2013-Ural-4320-dam-15-10-23.jpg,2023-10-26,5740,34414,3,380-5740344143
Ukraine,Soviet Union,Ural-4320,damaged,https://i.postimg.cc/xTQq7jMn/2004-ural4320-dam-29-11-22.jpg,2024-01-09,5740,34419,3,380-5740344193
Ukraine,Soviet Union,Ural-4320,damaged,https://i.postimg.cc/Xq745b5L/2008-Ural-4320-dam-aband-26-12-24.jpg,2024-12-31,5740,34446,3,380-5740344463
Ukraine,France,VAB,damaged,https://i.postimg.cc/4NVL9gtB/h.png,2023-06-10,8389,34462,3,380-8389344623
Ukraine,France,VAB,damaged,https://i.postimg.cc/qMfHvtxF/2000-VAB-dam-aband-24-09-24.jpg,2024-10-06,8389,34479,3,380-8389344793
Ukraine,France,VAB,damaged,https://i.postimg.cc/4d0RqKwJ/2060-VAB-dam-aband-04-10-24.jpg,2024-10-22,8389,34481,3,380-8389344813
Ukraine,France,VAB,damaged,https://i.postimg.cc/Nj90m002/2018-VAB-dam-26-01-25.jpg,2025-02-11,8389,34494,3,380-8389344943
Ukraine,France,VAB,damaged,https://i.postimg.cc/mZ5NBpXK/2019-VAB-dam-aband-09-02-25.jpg,2025-02-16,8389,34496,3,380-8389344963
Ukraine,France,VAB,damaged,https://i.postimg.cc/g0CJVZv2/2166-VAB-dam-aband-09-03-25.jpg,2025-03-20,8389,34502,3,380-8389345023
Ukraine,France,VAB,damaged,https://i.postimg.cc/bwFdvMrb/2026-VAB-dam-capt-12-03-25.jpg,2025-03-20,8389,34503,3,380-8389345033
Ukraine,France,VAB,damaged,https://i.postimg.cc/8zCjNDpN/2032-VAB-dam-capt-12-03-25.jpg,2025-03-20,8389,34504,3,380-8389345043
Ukraine,France,VAB,damaged,https://i.postimg.cc/qBXqP3CN/2061-VAB-dam-aband-20-03-25.jpg,2025-03-24,8389,34507,3,380-8389345073
Ukraine,France,VAB,damaged,https://i.postimg.cc/1R8kzN5T/2024-VAB-dam-16-04-25.jpg,2025-05-12,8389,34521,3,380-8389345213
Ukraine,France,VAB,damaged,https://i.postimg.cc/d14Bvdk9/2000-VAB-dam-aband-09-03-25.jpg,2025-05-12,8389,34522,3,380-8389345223
Ukraine,France,VAB,damaged,https://i.postimg.cc/x8TZSFvH/2023-VAB-dam-aband-05-07-25.jpg,2025-08-17,8389,34531,3,380-8389345313
Ukraine,Ukraine,Varta,damaged,https://i.postimg.cc/B6M5Mv1b/2016-varta-dam-14-12-22.jpg,2023-01-30,8390,34574,3,380-8390345743
Ukraine,Ukraine,Varta,damaged,https://i.postimg.cc/T1jPKJdv/2020-varta-dam-05-03-23.jpg,2023-03-07,8390,34575,3,380-8390345753
Ukraine,Ukraine,Varta,damaged,https://i.postimg.cc/fbh4sb12/2020-varta-dam-05-03-23.jpg,2023-03-08,8390,34576,3,380-8390345763
Ukraine,Ukraine,Varta,damaged,https://i.postimg.cc/76VZx6N8/43g.png,2023-03-30,8390,34578,3,380-8390345783
Ukraine,United Kingdom,Wolfhound Protected Patrol,damaged,https://i.postimg.cc/65SBvB7t/2015-Wolfhound-dam-29-02-24.jpg,2024-08-28,8396,34603,3,380-8396346033
Ukraine,Netherlands,YPR-765,damaged,https://twitter.com/UAWeapons/status/1570133414971408385,2022-09-15,8397,34604,3,380-8397346043
Ukraine,Netherlands,YPR-765,damaged,https://twitter.com/UAWeapons/status/1574382524964421638,2022-09-27,8397,24649,3,380-8397246493
Ukraine,Netherlands,YPR-765,damaged,https://i.postimg.cc/4NDr3R5x/2000-ypr-2x-damaged.jpg,2022-10-19,8397,34611,3,380-8397346113
Ukraine,Netherlands,YPR-765,damaged,https://i.postimg.cc/L5Nj3XB8/2012-YPR-765-dam-05-04-23.jpg,2023-06-01,8397,34628,3,380-8397346283
Ukraine,Netherlands,YPR-765,damaged,https://i.postimg.cc/BvkXf24q/2022-ypr-dam-31-05-23.jpg,2023-06-23,8397,34630,3,380-8397346303
Ukraine,Netherlands,YPR-765,damaged,https://i.postimg.cc/7h0bY6WW/2011-ypr-dam-23-06-23.jpg,2023-06-28,8397,34632,3,380-8397346323
Ukraine,Netherlands,YPR-765,damaged,https://i.postimg.cc/4x0CQ5wN/2025-ypr-dam-aband-10-07-23.jpg,2023-07-14,8397,34635,3,380-8397346353
Ukraine,Netherlands,YPR-765,damaged,https://i.postimg.cc/59qJbRFc/426.png,2023-09-29,8397,34646,3,380-8397346463
Ukraine,Netherlands,YPR-765,damaged,https://i.postimg.cc/MHLmR61X/2001-BTR4-destr-m113-ypr-and-leo2a4-dam-aband-01-11-23.jpg,2023-11-06,8397,28444,3,380-8397284443
Ukraine,Netherlands,YPR-765,damaged,https://i.postimg.cc/qR1bHRwy/2026-YPR-765-dam-aband-10-11-23.jpg,2024-05-18,8397,34672,3,380-8397346723
Ukraine,Netherlands,YPR-765,damaged,https://i.postimg.cc/s2CyTK9L/2002-YPR-765-dam-aband-23-08-24.jpg,2024-08-28,8397,34674,3,380-8397346743
Ukraine,Netherlands,YPR-765,damaged,https://i.postimg.cc/Hk2qz61G/2022-YPR-765-dam-aband-30-09-24.jpg,2024-10-06,8397,34677,3,380-8397346773
Ukraine,Netherlands,YPR-765,damaged,https://i.postimg.cc/fbVz2mPV/2016-YPR-765-PRI-AIFV-B-C25-dam-aband-25-10-24.jpg,2024-11-02,8397,34679,3,380-8397346793
Ukraine,Netherlands,YPR-765,damaged,https://i.postimg.cc/pLNQ9jfx/2018-YPR-765-dam-aband-11-11-24.jpg,2024-11-17,8397,34683,3,380-8397346833
Ukraine,Netherlands,YPR-765,damaged,https://i.postimg.cc/5N0yQpPS/2017-YPR-765-dam-aband-11-12-24.jpg,2024-12-16,8397,34691,3,380-8397346913
Ukraine,Netherlands,YPR-765,damaged,https://i.postimg.cc/nzbByj5z/2016-YPR-765-dam-aband-24-10-23.jpg,2025-01-07,8397,34695,3,380-8397346953
Ukraine,Netherlands,YPR-765,damaged,https://i.postimg.cc/nc14g0KG/2002-YPR-765-dam-aband-23-01-25.jpg,2025-02-11,8397,34701,3,380-8397347013
Ukraine,Netherlands,YPR-765,damaged,https://i.postimg.cc/3RGxGrVt/2033-YPR-765-dam-aband-02-06-25.jpg,2025-06-12,8397,34717,3,380-8397347173
Ukraine,Soviet Union,ZSU-23-4 Shilka,damaged,https://i.postimg.cc/q76wK03W/2001-shilka-dam-2022-09-26.jpg,2022-10-13,5762,34724,3,380-5762347243
Ukraine,Soviet Union,ZiL-131,damaged,https://i.postimg.cc/7YDGd3yD/2024-Zi-L-131-dam-capt-29-08-22.jpg,2023-05-17,5763,34810,3,380-5763348103
Ukraine,Soviet Union,ZiL-131,damaged,https://i.postimg.cc/CMbncvXm/2029-Zi-L-131-dam-capt-29-08-22.jpg,2023-05-17,5763,34811,3,380-5763348113
Ukraine,Soviet Union,ZiL-131,damaged,https://i.postimg.cc/GtdZZwDv/2017-Zi-L-131-dam-aband-20-02-24.jpg,2024-02-23,5763,34856,3,380-5763348563
Ukraine,Soviet Union,ZiL-131,damaged,https://i.postimg.cc/tTYNBXxD/2017-Zi-L-131-dam-14-03-24.jpg,2024-04-08,5763,34859,3,380-5763348593
Ukraine,Soviet Union,ZiL-131,damaged,https://i.postimg.cc/FFP76LtG/2033-Zi-L-131-dam-07-04-24.jpg,2024-05-18,5763,34864,3,380-5763348643
Ukraine,Soviet Union,ZiL-131,damaged,https://i.postimg.cc/C1V03Rjg/2000-Zi-L-131-dam-29-05-24.jpg,2024-06-15,5763,34866,3,380-5763348663
Ukraine,Australia,NA,damaged,https://i.postimg.cc/x8krj1Zk/2000-bushmaster.jpg,2022-08-20,5764,34917,3,380-5764349173
Ukraine,United Kingdom,NA,damaged,https://x.com/MarcinRogowsk14/status/1909311213856583814,2025-04-17,5764,34918,3,380-5764349183
