country,origin,system,status,url,date_recorded,sysID,imageID,statusID,matID
Russia,Russia,(Unknown) truck,abandoned,https://i.postimg.cc/prhtMJt6/gg4.jpg,2022-05-27,3,17,4,7-3174
Russia,Russia,(Unknown) truck,abandoned,https://i.postimg.cc/XYgCL8QP/1017-Unknown-truck-dam-aband-24-05-25.jpg,2025-06-01,3,163,4,7-31634
Russia,Russia,(Unknown) truck,abandoned,https://i.postimg.cc/wBfs8BKc/1016-Unknown-truck-dam-aband-24-05-25.jpg,2025-06-01,3,164,4,7-31644
Russia,Russia,(Unknown) vehicle,abandoned,https://i.postimg.cc/GhKZ4wFD/43f.png,2022-05-08,4,197,4,7-41974
Russia,Russia,(Unknown) vehicle,abandoned,https://i.postimg.cc/g2NdjhQ8/657.png,2022-05-15,4,198,4,7-41984
Russia,Soviet Union,1 BTR-50 with BPU-1 turret,abandoned,https://i.postimg.cc/1XFNKS6T/1041-btr50-with-bpu1-turret-dam-aband-25-12-23.jpg,2024-02-09,81,277,4,7-812774
Russia,Russia,1 BTR-90,abandoned,https://i.postimg.cc/J7JbkV0G/1033-btr90-dam-aband-22-10-23.jpg,2023-12-13,86,282,4,7-862824
Russia,Soviet Union,1 MTU-20 bridge layer,abandoned,https://i.postimg.cc/853Ms5Vg/1032-MTU-20-bridge-layer-dam-aband-22-03-25.jpg,2025-05-14,145,346,4,7-1453464
Russia,Soviet Union,1 T-54-3M,abandoned,https://i.postimg.cc/s29RHpfN/1036-T-54-3-M-dam-aband-21-02-24.jpg,2024-02-23,203,405,4,7-2034054
Russia,Soviet Union,1 T-62 Obr. 1972,abandoned,https://i.postimg.cc/4N95JpPv/1035-T-62-Obr-1972-aband-10-12-23.jpg,2024-01-09,208,410,4,7-2084104
Russia,Russia,10 BMP-2M 675-sb3KDZ,abandoned,https://i.postimg.cc/hvsT7fqR/1318-BMP-2-M-675-sb3-KDZ-dam-aband-21-10-24.jpg,2024-10-23,282,489,4,7-2824894
Russia,Soviet Union,10 UAZ-452 van,abandoned,https://i.postimg.cc/Hk2737Xj/1005-uaz452.jpg,2022-08-08,312,527,4,7-3125274
Russia,Soviet Union,1003 BMP-2(K),abandoned,https://i.postimg.cc/c1RSYb7Q/1005-16-10-23.jpg,2023-10-18,328,564,4,7-3285644
Russia,Soviet Union,1019 BMP-2(K),abandoned,https://i.postimg.cc/FHtWY9Hy/1026-bmp2-dam-aband-24-10-23.jpg,2023-10-28,343,607,4,7-3436074
Russia,Soviet Union,1029 BMP-2(K),abandoned,https://i.postimg.cc/fR4pJxQy/1006-bmp2-dam-aband-20-10-23.jpg,2023-11-02,362,658,4,7-3626584
Russia,Soviet Union,1029 BMP-2(K),abandoned,https://i.postimg.cc/TP047FL5/1031-Abandoned-Russian-BMP-2-31-10-23.jpg,2023-11-02,362,659,4,7-3626594
Russia,Soviet Union,1029 BMP-2(K),abandoned,https://i.postimg.cc/pTd1gCzG/1032-Abandoned-Russian-BMP-2-31-10-23.jpg,2023-11-02,362,660,4,7-3626604
Russia,Soviet Union,1029 BMP-2(K),abandoned,https://i.postimg.cc/qBNpKXSx/1035-Abandoned-Russian-BMP-2-31-10-23.jpg,2023-11-02,362,661,4,7-3626614
Russia,Soviet Union,103 T-72B Obr. 1989,abandoned,https://i.postimg.cc/RC7s855Y/1016-t72b1989-dam-aband-06-03-24.jpg,2024-04-08,369,681,4,7-3696814
Russia,Soviet Union,103 T-72B Obr. 1989,abandoned,https://i.postimg.cc/XvBxktkQ/1024-t72b1989-dam-aband.png,2024-04-08,369,682,4,7-3696824
Russia,Soviet Union,103 T-72B Obr. 1989,abandoned,https://i.postimg.cc/FRmhc3Dv/1038-T-72-B-Obr1989-aband-09-03-24.jpg,2024-04-08,369,683,4,7-3696834
Russia,Soviet Union,1033 BMP-2(K),abandoned,https://i.postimg.cc/Y2bvybn3/1015-2x-bmp2-1x-destr-1x-aband.jpg,2023-11-06,374,693,4,7-3746934
Russia,Soviet Union,104 T-72B Obr. 1989,abandoned,https://i.postimg.cc/qqvjY7D0/1018-T-72-B-Obr1989-aband-02-04-24.jpg,2024-04-11,387,719,4,7-3877194
Russia,Soviet Union,1044 BMP-2(K),abandoned,https://i.postimg.cc/C5NLY96W/1037-2x-dam-aband-bmp2-1x-brem-1-aband-08-11-23.jpg,2023-11-10,394,739,4,7-3947394
Russia,Soviet Union,1046 BMP-2(K),abandoned,https://i.postimg.cc/XNRKK3g7/1010-1x-destr-2x-dam-aband-bmp2-11-11-23.jpg,2023-11-14,397,747,4,7-3977474
Russia,Russia,105 T-80BVM,abandoned,https://i.postimg.cc/26Nz63yR/1023-2x-bmp2-destr-2x-t72b-destr-T-80-BVM-abandoned-15-06-23.jpg,2023-11-24,407,763,4,7-4077634
Russia,Soviet Union,1052 BMP-2(K),abandoned,https://i.postimg.cc/P5MjxXgB/1022-bmp2-dam-aband-16-11-23.jpg,2023-11-20,412,774,4,7-4127744
Russia,Soviet Union,1059 BMP-2(K),abandoned,https://i.postimg.cc/qMDbsMNN/1003-bmp2-dam-aband-07-12-23.jpg,2023-12-10,415,782,4,7-4157824
Russia,Russia,106 T-80BV Obr. 2022,abandoned,https://i.postimg.cc/MTWJ3mRg/1007-T-80-Obr-2022-dam-aband-15-12-24.jpg,2025-05-30,423,796,4,7-4237964
Russia,Russia,106 T-80BVM,abandoned,https://i.postimg.cc/2jP46K1C/1029-t80bvm-dam-aband-03-12-23.jpg,2023-12-08,424,797,4,7-4247974
Russia,Soviet Union,1063 BMP-2(K),abandoned,https://i.postimg.cc/sxqKXn8h/1045-bmp2-dam-aband-19-10-23.jpg,2023-12-13,430,820,4,7-4308204
Russia,Soviet Union,1063 BMP-2(K),abandoned,https://i.postimg.cc/DzTjLMzQ/1065-bmp2-dam-aband-11-12-23.jpg,2023-12-13,430,821,4,7-4308214
Russia,Soviet Union,1067 BMP-2(K),abandoned,https://i.postimg.cc/d1fPQpvM/1061-1x-bmp3-2x-bmp2-dam-aband-14-12-23.jpg,2023-12-17,433,834,4,7-4338344
Russia,Soviet Union,1067 BMP-2(K),abandoned,https://i.postimg.cc/qBY4phMt/1063-bmp2-dam-aband-16-12-23.jpg,2023-12-17,433,835,4,7-4338354
Russia,Russia,107 BTR-82AT,abandoned,https://i.postihttps://i.postimg.cc/K4XW9RD3/1004-BTR-82-AT-aband-11-05-24.jpgmg.cc/W3bBhVst/1039-BTR-82-AT-destr-06-05-24.jpg,2024-05-15,437,843,4,7-4378434
Russia,Russia,109 BTR-82AT,abandoned,https://i.postimg.cc/KcRp6JKV/1009-BTR-82-AT-dam-aband-09-05-24.jpg,2024-05-24,467,899,4,7-4678994
Russia,Soviet Union,1094 BMP-2(K),abandoned,https://i.postimg.cc/1XMG7XCY/1037-bmp2-dam-aband-12-12-23.jpg,2024-01-09,478,940,4,7-4789404
Russia,Soviet Union,1094 BMP-2(K),abandoned,https://i.postimg.cc/BvppPf17/1009-bmp2-aband-25-01-23.jpg,2024-01-09,478,941,4,7-4789414
Russia,Soviet Union,1094 BMP-2(K),abandoned,https://i.postimg.cc/5ypV6T1T/1056-bmp2-aband-15-12-23.jpg,2024-01-09,478,942,4,7-4789424
Russia,Soviet Union,1094 BMP-2(K),abandoned,https://i.postimg.cc/Gtqbx9Wm/1061-4x-bmp2-dam-aband-14-12-23.jpg,2024-01-09,478,943,4,7-4789434
Russia,Soviet Union,1094 BMP-2(K),abandoned,https://i.postimg.cc/7YZnjtkT/1005-bmp2-dam-aband-20-12-23.png,2024-01-09,478,944,4,7-4789444
Russia,Soviet Union,1094 BMP-2(K),abandoned,https://i.postimg.cc/02j8JvfS/1017-bmp2-dam-aband-15-12-23.jpg,2024-01-09,478,945,4,7-4789454
Russia,Soviet Union,1094 BMP-2(K),abandoned,https://i.postimg.cc/wTndym3K/1031-bmp2-dam-aband-24-12-23.jpg,2024-01-09,478,946,4,7-4789464
Russia,Soviet Union,1094 BMP-2(K),abandoned,https://i.postimg.cc/v8p67wwb/1020-bmp2-aband-26-12-23.jpg,2024-01-09,478,947,4,7-4789474
Russia,Soviet Union,1094 BMP-2(K),abandoned,https://i.postimg.cc/QC5CYVZs/1012-bmp2-dam-aband-28-12-23.jpg,2024-01-09,478,948,4,7-4789484
Russia,Soviet Union,1094 BMP-2(K),abandoned,https://i.postimg.cc/g0gWjQ0S/1037-bmp2-aband-27-12-23.jpg,2024-01-09,478,949,4,7-4789494
Russia,Soviet Union,1094 BMP-2(K),abandoned,https://i.postimg.cc/C5cq1sV2/1041-bmp2-aband-02-01-24.jpg,2024-01-09,478,950,4,7-4789504
Russia,Soviet Union,1094 BMP-2(K),abandoned,https://i.postimg.cc/SNQLhJp5/1014-bmp2-dam-aband-04-01-24.jpg,2024-01-09,478,951,4,7-4789514
Russia,Soviet Union,1098 BMP-2(K),abandoned,https://i.postimg.cc/T3JS7sdQ/1012-bmp2-and-mtlb-aband-08-01-24.jpg,2024-01-10,481,958,4,7-4819584
Russia,Soviet Union,11 IMR-2(M) combat engineering vehicle,abandoned,https://i.postimg.cc/B6tqKYCg/1014-IMR2.jpg,2022-09-12,510,994,4,7-5109944
Russia,Russia,110 BMP-3 688A-sb6-2KP,abandoned,https://i.postimg.cc/0y0fmtLp/1000-BMP-3-688-A-sb6-2-KP-aband-29-06-24.jpg,2024-07-03,541,1044,4,7-54110444
Russia,Soviet Union,1101 BMP-2(K),abandoned,https://i.postimg.cc/L4Y70c5N/1015-bmp2-dam-aband-03-01-24.jpg,2024-01-19,550,1068,4,7-55010684
Russia,Soviet Union,1101 BMP-2(K),abandoned,https://i.postimg.cc/63TMWgSJ/1016-bmp2-aband-31-12-23.jpg,2024-01-19,550,1069,4,7-55010694
Russia,Russia,1104 KamAZ 6x6,abandoned,https://i.postimg.cc/W1WL3grc/1027-Kam-AZ-6x6-dam-aband-09-01-25.jpg,2025-02-11,551,1077,4,7-55110774
Russia,Soviet Union,1112 BMP-2(K),abandoned,https://i.postimg.cc/prMYWzBH/1065-bmp2-dam-aband-17-01-24.jpg,2024-01-21,567,1112,4,7-56711124
Russia,Soviet Union,1112 BMP-2(K),abandoned,https://i.postimg.cc/PxwQn2Yy/1064-bmp2-dam-aband-17-01-24.jpg,2024-01-21,567,1113,4,7-56711134
Russia,Soviet Union,1112 BMP-2(K),abandoned,https://i.postimg.cc/8P1MZ1Kt/1046-bmp2-dam-aband-18-01-24.jpg,2024-01-21,567,1114,4,7-56711144
Russia,Soviet Union,1112 BMP-2(K),abandoned,https://i.postimg.cc/rsGGKsht/1063-bmp2-aband-17-01-24.jpg,2024-01-21,567,1115,4,7-56711154
Russia,Soviet Union,1119 BMP-2(K),abandoned,https://i.postimg.cc/m2YVtZRZ/1018-bmp2-dam-aband-20-01-24.jpg,2024-01-24,571,1136,4,7-57111364
Russia,Soviet Union,1119 BMP-2(K),abandoned,https://i.postimg.cc/sfZTC9Nh/1011-bmp2-dam-aband-21-01-24.jpg,2024-01-24,571,1137,4,7-57111374
Russia,Soviet Union,1119 BMP-2(K),abandoned,https://i.postimg.cc/mkMj3BHw/1010-bmp2-dam-aband-21-01-24.jpg,2024-01-24,571,1138,4,7-57111384
Russia,Russia,112 T-80BVM,abandoned,https://i.postimg.cc/hPJTRzdX/1006-T-80-BVM-dam-aband-22-01-24.jpg,2024-01-24,578,1153,4,7-57811534
Russia,Soviet Union,112 Unknown BMP-1/2,abandoned,https://i.postimg.cc/nz2SWCgX/31d.png,2023-03-29,579,1156,4,7-57911564
Russia,Soviet Union,1122 BMP-2(K),abandoned,https://i.postimg.cc/90xyt7s1/1056-2x-bmp2-dam-aband-22-01-24.jpg,2024-01-27,582,1165,4,7-58211654
Russia,Soviet Union,113 UAZ-452 van,abandoned,https://i.postimg.cc/wvvSqcM0/1025-UAZ-452-dam-aband-08-03-24.jpg,2024-04-08,597,1208,4,7-59712084
Russia,Soviet Union,1131 BMP-2(K),abandoned,https://i.postimg.cc/rpwxYVHt/1005-bmp2-dam-aband-18-12-23.jpg,2024-01-30,601,1218,4,7-60112184
Russia,Soviet Union,1131 BMP-2(K),abandoned,https://i.postimg.cc/ZqwFTBNc/1010-bmp2-dam-aband-18-12-23.jpg,2024-01-30,601,1219,4,7-60112194
Russia,Soviet Union,1131 BMP-2(K),abandoned,https://i.postimg.cc/ZR0P0bFh/1013-bmp2-dam-aband-23-01-24.jpg,2024-01-30,601,1220,4,7-60112204
Russia,Soviet Union,1131 BMP-2(K),abandoned,https://i.postimg.cc/W1n0nF5v/1019-bmp2-dam-aband-18-12-23.jpg,2024-01-30,601,1221,4,7-60112214
Russia,Soviet Union,1131 BMP-2(K),abandoned,https://i.postimg.cc/rwcSxCCj/1020-bmp2-dam-aband-28-01-24.jpg,2024-01-30,601,1222,4,7-60112224
Russia,Soviet Union,1142 BMP-2(K),abandoned,https://i.postimg.cc/ZndMTxnx/1017-bmp2-dam-aband-28-01-24.jpg,2024-02-09,610,1243,4,7-61012434
Russia,Soviet Union,115 Unknown BMP-1/2,abandoned,https://i.postimg.cc/3RQMCm3n/a2.png,2023-04-09,629,1287,4,7-62912874
Russia,Soviet Union,1154 BMP-2(K),abandoned,https://i.postimg.cc/7Yq8y5KQ/1006-bmp2-dam-aband-06-02-24.jpg,2024-02-15,633,1296,4,7-63312964
Russia,Soviet Union,1154 BMP-2(K),abandoned,https://i.postimg.cc/vHXR8Gj8/1039-bmp2-dam-aband-29-01-24.jpg,2024-02-15,633,1297,4,7-63312974
Russia,Soviet Union,1158 BMP-2(K),abandoned,https://i.postimg.cc/Bnnc0gRT/1002-T80-BV-destr-2x-bmp1-dam-aband-23-02-23.jpg,2024-02-18,636,1305,4,7-63613054
Russia,Soviet Union,1158 BMP-2(K),abandoned,https://i.postimg.cc/rmQYgJzh/1025-bmp2-aband-17-02-24.jpg,2024-02-18,636,1306,4,7-63613064
Russia,Soviet Union,116 BTR-80,abandoned,https://i.postimg.cc/mZNMWDS4/1004-btr80-dam-aband.jpg,2022-10-21,638,1309,4,7-63813094
Russia,Soviet Union,1172 BMP-2(K),abandoned,https://i.postimg.cc/jdnxJH0P/1010-bmp2-dam-aband-28-02-24.jpg,2024-03-02,663,1363,4,7-66313634
Russia,Russia,118 BTR-82AT,abandoned,https://i.postimg.cc/8kbkD6Y0/1041-BTR-82-AT-dam-aband-02-06-24.jpg,2024-06-06,667,1369,4,7-66713694
Russia,Soviet Union,118 T-62M,abandoned,https://i.postimg.cc/YSVJHGYS/1269-T-62-M-dam-aband-20-10-24.jpg,2024-10-22,670,1383,4,7-67013834
Russia,Russia,118 T-80BVM,abandoned,https://i.postimg.cc/Qd4nbQGx/1027-t80bvm-dam-aband-27-02-24.jpg,2024-04-08,671,1387,4,7-67113874
Russia,Russia,118 T-80BVM,abandoned,https://i.postimg.cc/BnbjCBjY/1040-T80-BVM-dam-aband-04-05-24.jpg,2024-05-09,671,1391,4,7-67113914
Russia,Russia,119 BMP-3 688A-sb6-2KP,abandoned,https://i.postimg.cc/hjSXPfS3/1047-BMP-3-688-A-sb6-2-KP-aband-16-07-24.jpg,2024-07-18,679,1404,4,7-67914044
Russia,Soviet Union,119 T-62M,abandoned,https://i.postimg.cc/c1282Mk8/1321-T-62-M-aband-20-10-24.jpg,2024-10-23,684,1412,4,7-68414124
Russia,Russia,12 T-80BV Obr. 2022,abandoned,https://i.postimg.cc/Wzzr3tYf/1008-T-80-BV-Obr-2022-aband-21-01-24.jpg,2024-01-24,722,1475,4,7-72214754
Russia,Russia,12 T-80BV Obr. 2022,abandoned,https://i.postimg.cc/cJc8BfVb/1026-T-80bv-Obr2022-aband-21-01-24.jpg,2024-01-24,722,1476,4,7-72214764
Russia,Russia,12 T-90M,abandoned,https://i.postimg.cc/NfvGCqFJ/1043-t90m-dam-aband-18-02-23.jpg,2023-02-21,723,1478,4,7-72314784
Russia,Soviet Union,120 UAZ-452 van,abandoned,https://i.postimg.cc/wT68vWPY/1017-UAZ-452-dam-aband-18-08-24.jpg,2024-08-22,740,1503,4,7-74015034
Russia,Soviet Union,120mm 2B16 Nona-K howitzer,abandoned,https://i.postimg.cc/sfM2Rn9R/f13.png,2022-03-19,745,1522,4,7-74515224
Russia,Soviet Union,120mm 2B16 Nona-K howitzer,abandoned,https://i.postimg.cc/5jcQqnzn/hhj.jpg,2022-03-19,745,1523,4,7-74515234
Russia,Soviet Union,120mm 2S9 Nona,abandoned,https://i.postimg.cc/KcgFMz7v/543.png,2022-03-19,748,1535,4,7-74815354
Russia,Soviet Union,122 T-62M,abandoned,https://i.postimg.cc/vBsK2961/1013-T-62-M-aband-26-12-24.jpg,2024-12-29,768,1588,4,7-76815884
Russia,Soviet Union,122 Unknown BMP-1/2,abandoned,https://i.postimg.cc/jdKxj2FJ/1019-2x-T64bv-destr-18-07-23.jpg,2023-07-20,771,1597,4,7-77115974
Russia,Soviet Union,1220 BMP-2(K),abandoned,https://i.postimg.cc/C18BzF3J/1039-bmp2-dam-aband-26-03-24.jpg,2024-04-08,773,1651,4,7-77316514
Russia,Soviet Union,1220 BMP-2(K),abandoned,https://i.postimg.cc/Fzhrg6r4/1032-bmp2-dam-aband-21-03-24.jpg,2024-04-08,773,1652,4,7-77316524
Russia,Soviet Union,1220 BMP-2(K),abandoned,https://i.postimg.cc/DwRcXGM5/1036-bmp2-dam-aband-15-03-24.jpg,2024-04-08,773,1653,4,7-77316534
Russia,Soviet Union,1220 BMP-2(K),abandoned,https://i.postimg.cc/D0y8Kyy3/1043-bmp2-dam-aband-09-03-24.jpg,2024-04-08,773,1654,4,7-77316544
Russia,Soviet Union,1220 BMP-2(K),abandoned,https://i.postimg.cc/bN5dKh74/1046-bmp2-dam-aband-09-03-24.jpg,2024-04-08,773,1655,4,7-77316554
Russia,Soviet Union,1220 BMP-2(K),abandoned,https://i.postimg.cc/gj4DXBC6/1077-2x-bmp2-dam-aband-19-03-24.jpg,2024-04-08,773,1656,4,7-77316564
Russia,Soviet Union,1220 BMP-2(K),abandoned,https://i.postimg.cc/wTTF8gN5/1067-bmp2-dam-aband-17-03-24.jpg,2024-04-08,773,1657,4,7-77316574
Russia,Soviet Union,1220 BMP-2(K),abandoned,https://i.postimg.cc/MpTqpTfs/1064-bmp2-dam-aband-01-04-24.jpg,2024-04-08,773,1658,4,7-77316584
Russia,Soviet Union,1220 BMP-2(K),abandoned,https://i.postimg.cc/rmSLPR7p/1070-bmp2-dam-aband-01-04-24.jpg,2024-04-08,773,1659,4,7-77316594
Russia,Soviet Union,1220 BMP-2(K),abandoned,https://i.postimg.cc/Zqvm6Mcp/1071-bmp2-dam-aband-01-04-24.jpg,2024-04-08,773,1660,4,7-77316604
Russia,Soviet Union,1220 BMP-2(K),abandoned,https://i.postimg.cc/HLKNBQgf/1000-bmp2-dam-aband-17-03-24.jpg,2024-04-08,773,1661,4,7-77316614
Russia,Soviet Union,1220 BMP-2(K),abandoned,https://i.postimg.cc/gkqfmXVZ/1002-bmp2-dam-aband-02-04-24.jpg,2024-04-08,773,1662,4,7-77316624
Russia,Russia,122mm 2B17 Tornado-G,abandoned,https://i.postimg.cc/Xq1jMGMk/5544.png,2022-03-31,776,1678,4,7-77616784
Russia,Soviet Union,122mm 2S1 Gvozdika,abandoned,https://i.postimg.cc/qBYJLRq1/63.png,2022-03-19,778,1690,4,7-77816904
Russia,Soviet Union,122mm 2S1 Gvozdika,abandoned,https://i.postimg.cc/pXrnFmJS/48j.png,2022-06-29,778,1707,4,7-77817074
Russia,Soviet Union,122mm BM-21 'Grad',abandoned,https://i.postimg.cc/1t68G6Ls/Screenshot-8400.png,2022-03-19,780,1836,4,7-78018364
Russia,Soviet Union,122mm BM-21 'Grad',abandoned,https://i.postimg.cc/T3WhvbLL/v54.png,2022-03-19,780,1837,4,7-78018374
Russia,Soviet Union,122mm BM-21 'Grad',abandoned,https://i.postimg.cc/3xDpBMBL/r44.png,2022-03-19,780,1838,4,7-78018384
Russia,Soviet Union,122mm BM-21 'Grad',abandoned,https://i.postimg.cc/7Zxh5pRG/r45.png,2022-03-19,780,1839,4,7-78018394
Russia,Soviet Union,122mm BM-21 'Grad',abandoned,https://i.postimg.cc/0QS7sKvJ/490.png,2022-03-19,780,1840,4,7-78018404
Russia,Soviet Union,122mm BM-21 'Grad',abandoned,https://i.postimg.cc/nr1Wrst0/439.png,2022-03-26,780,1851,4,7-78018514
Russia,Soviet Union,122mm BM-21 Grad,abandoned,https://i.postimg.cc/KvMqQ1rx/65g.png,2022-06-26,781,1879,4,7-78118794
Russia,Soviet Union,122mm D-30 howitzer 2A18,abandoned,https://i.postimg.cc/zXqyhypY/Screenshot-8404.png,2022-03-19,783,1982,4,7-78319824
Russia,Soviet Union,122mm D-30 howitzer 2A18,abandoned,https://i.postimg.cc/DwP0wn1y/Screenshot-8485.png,2022-03-19,783,1983,4,7-78319834
Russia,Soviet Union,122mm D-30 howitzer 2A18,abandoned,https://i.postimg.cc/Fs5rrPFD/g66.png,2022-03-19,783,1984,4,7-78319844
Russia,Soviet Union,122mm D-30 howitzer 2A18,abandoned,https://i.postimg.cc/XJ8bh0Y3/57.png,2022-03-29,783,1990,4,7-78319904
Russia,Soviet Union,1230 BMP-2(K),abandoned,https://i.postimg.cc/15c8Z07B/1091-bmp2-dam-aband-30-03-24.jpg,2024-05-09,794,2022,4,7-79420224
Russia,Soviet Union,1232 BMP-2(K),abandoned,https://i.postimg.cc/g2QfyTVc/1030-bmp2-dam-aband-09-04-24.jpg,2024-04-14,796,2032,4,7-79620324
Russia,Soviet Union,1232 BMP-2(K),abandoned,https://i.postimg.cc/1XmT5hQB/1043-bmp2-dam-aband-25-02-24.jpg,2024-04-14,796,2033,4,7-79620334
Russia,Russia,124 BTR-82AT,abandoned,https://i.postimg.cc/fThhvxfW/1031-BTR-82-AT-dam-aband-21-06-24.jpg,2024-06-24,801,2046,4,7-80120464
Russia,Russia,124 BTR-82AT,abandoned,https://i.postimg.cc/jqfbN8Nk/1032-BTR-82-AT-dam-aband-21-06-24.jpg,2024-06-24,801,2047,4,7-80120474
Russia,Russia,124 BTR-82AT,abandoned,https://i.postimg.cc/d3GcY1wK/1033-BTR-82-AT-dam-aband-21-06-24.jpg,2024-06-24,801,2048,4,7-80120484
Russia,Russia,125 BMP-3 688A-sb6-2KP,abandoned,https://i.postimg.cc/tCND25ZL/1132-BMP-3-688-A-sb6-2-KP-dam-aband-25-01-24.jpg,2024-08-06,812,2083,4,7-81220834
Russia,Russia,125 T-80BVM,abandoned,https://i.postimg.cc/tJH8Dkb3/1026-T-80-BVM-dam-aband-21-06-24.jpg,2024-06-24,817,2089,4,7-81720894
Russia,Russia,125 T-80BVM,abandoned,https://i.postimg.cc/7YgcL3mD/1052-T-80-BVM-dam-aband-05-07-24.jpg,2024-07-09,817,2090,4,7-81720904
Russia,Soviet Union,1257 BMP-2(K),abandoned,https://i.postimg.cc/L8Fv4rSm/1010-bmp2-aband-23-05-24.jpg,2024-05-26,823,2112,4,7-82321124
Russia,Russia,127 T-80BVM,abandoned,https://i.postimg.cc/FKD7JWnw/1008-T-80-BVM-dam-aband-16-07-24.jpg,2024-07-21,845,2153,4,7-84521534
Russia,Soviet Union,1281 BMP-2(K),abandoned,https://i.postimg.cc/XJ58Z4Yj/1007-BMP-2-K-dam-aband-30-05-24.jpg,2024-06-09,862,2194,4,7-86221944
Russia,Russia,129 BMP-3 688A-sb6-2KP,abandoned,https://i.postimg.cc/g0npVwnw/1009-BMP-3-688-A-sb6-2-KP-dam-aband-12-08-24.jpg,2024-08-18,866,2204,4,7-86622044
Russia,Soviet Union,1297 BMP-2(K),abandoned,https://i.postimg.cc/Bt9Zfm4R/1003-bmp2-dam-aband-09-06-24.jpg,2024-06-11,874,2231,4,7-87422314
Russia,Soviet Union,1297 BMP-2(K),abandoned,https://i.postimg.cc/mZcQRhTS/1044-bmp2-dam-aband-06-06-24.jpg,2024-06-11,874,2232,4,7-87422324
Russia,Soviet Union,1297 BMP-2(K),abandoned,https://i.postimg.cc/gJ7kNY5z/1056-bmp2-dam-aband-06-08-23.jpg,2024-06-11,874,2233,4,7-87422334
Russia,Soviet Union,1297 BMP-2(K),abandoned,https://i.postimg.cc/rmsw1dfZ/1057-bmp2-aband-25-05-24.jpg,2024-06-11,874,2234,4,7-87422344
Russia,Soviet Union,131 T-62M,abandoned,https://i.postimg.cc/Prcp2QRb/1411-T-62-M-dam-aband-10-01-25.jpg,2025-03-20,944,2346,4,7-94423464
Russia,Soviet Union,131 T-62M,abandoned,https://i.postimg.cc/7PN62jcd/1067-T-62-M-dam-aband-04-03-25.jpg,2025-03-20,944,2347,4,7-94423474
Russia,Soviet Union,131 Unknown BMP-1/2,abandoned,https://i.postimg.cc/tgfDdtqb/1015-unkn-bmp-destr-04-12-23.jpg,2023-12-08,947,2358,4,7-94723584
Russia,Soviet Union,132 Unknown BMP-1/2,abandoned,https://i.postimg.cc/d1SSvC9q/1033-unkn-bmp1-2-aband-31-10-23.jpg,2023-11-02,961,2381,4,7-96123814
Russia,Soviet Union,1320 BMP-2(K),abandoned,https://i.postimg.cc/G3fH45xR/1008-bmp2-dam-aband-24-06-24.jpg,2024-06-30,965,2393,4,7-96523934
Russia,Soviet Union,1325 BMP-2(K),abandoned,https://i.postimg.cc/NGzV8jvR/1041-BMP-2-K-dam-aband-07-01-24.jpg,2024-07-15,967,2399,4,7-96723994
Russia,Russia,134 BMP-3 688A-sb6-2KP,abandoned,https://i.postimg.cc/m2J7Vy5H/1009-BMP-3-688-A-sb6-2-KP-dam-aband-14-09-24.jpg,2024-09-20,982,2434,4,7-98224344
Russia,Russia,135 BMP-3 688A-sb6-2KP,abandoned,https://i.postimg.cc/qvFyN15j/1057-BMP-3-688-A-sb6-2-KP-dam-aband-19-09-24.jpg,2024-09-21,998,2468,4,7-99824684
Russia,Soviet Union,1359 BMP-2(K),abandoned,https://i.postimg.cc/Qdfhht63/1002-BMP-2-dam-aband-25-08-24.jpg,2024-08-30,1009,2495,4,7-100924954
Russia,Russia,136 BTR-82AT,abandoned,https://i.postimg.cc/bN7WwySD/1041-BTR-82-AT-dam-aband-23-07-24.jpg,2024-07-31,1012,2500,4,7-101225004
Russia,Russia,137 BTR-82AT,abandoned,https://i.postimg.cc/FK7SkDSV/1014-BTR-82-AT-aband-29-07-24.jpg,2024-08-03,1027,2535,4,7-102725354
Russia,Soviet Union,139 Unknown BMP-1/2,abandoned,https://i.postimg.cc/P5N8Cv7y/1042-unkn-bmp-dam-aband-22-01-24.jpg,2024-01-27,1059,2596,4,7-105925964
Russia,Soviet Union,140 Unknown BMP-1/2,abandoned,https://i.postimg.cc/hGNQqmL1/1039-unkn-bmp-dam-aband-09-01-24.jpg,2024-01-21,1110,2666,4,7-111026664
Russia,Soviet Union,140 Unknown BMP-1/2,abandoned,https://i.postimg.cc/D0TWSKYW/1042-unkn-bmp-dam-aband-18-01-24.jpg,2024-01-21,1110,2667,4,7-111026674
Russia,Soviet Union,1400 BMP-2(K),abandoned,https://i.postimg.cc/ZRLDw46T/1142-BMP-2-K-dam-aband-03-10-24.jpg,2024-10-22,1113,2686,4,7-111326864
Russia,Soviet Union,1400 BMP-2(K),abandoned,https://i.postimg.cc/vByN7cgq/1091-BMP-2-K-dam-aband-12-10-24.jpg,2024-10-22,1113,2687,4,7-111326874
Russia,Soviet Union,141 Unknown BMP-1/2,abandoned,https://twitter.com/bayraktar_1love/status/1737780638701261204,2024-01-09,1124,2715,4,7-112427154
Russia,Soviet Union,141 Unknown BMP-1/2,abandoned,https://i.postimg.cc/gj51ZCzy/1045-unkn-bmp-aband-21-12-23.jpg,2024-01-09,1124,2716,4,7-112427164
Russia,Soviet Union,141 Unknown BMP-1/2,abandoned,https://i.postimg.cc/jS3frhcn/1011-unkn-tank-and-bmp-aband-29-12-23.jpg,2024-01-09,1124,2717,4,7-112427174
Russia,Soviet Union,141 Unknown BMP-1/2,abandoned,https://i.postimg.cc/L5DzPMjN/1013-unkn-bmp-aband-04-01-24.jpg,2024-01-09,1124,2718,4,7-112427184
Russia,Soviet Union,142 Unknown BMP-1/2,abandoned,https://i.postimg.cc/mDP8DQZK/1034-unkn-bmp-aband-21-01-24.jpg,2024-01-24,1139,2751,4,7-113927514
Russia,Soviet Union,142 Unknown BMP-1/2,abandoned,https://i.postimg.cc/FRwGJ77z/1035-unkn-bmp-aband-21-01-24.jpg,2024-01-24,1139,2752,4,7-113927524
Russia,Soviet Union,1436 BMP-2(K),abandoned,https://i.postimg.cc/3RjTypk8/1014-BMP-2-K-dam-aband-08-12-24.jpg,2024-12-12,1153,2790,4,7-115327904
Russia,Soviet Union,1436 BMP-2(K),abandoned,https://i.postimg.cc/vZDbPcNh/1016-BMP-2-K-dam-aband-08-12-24.jpg,2024-12-12,1153,2791,4,7-115327914
Russia,Soviet Union,1441 BMP-2(K),abandoned,https://i.postimg.cc/HLH9DY7B/1009-BMP-2-K-dam-aband-26-12-24.jpg,2024-12-31,1168,2828,4,7-116828284
Russia,Soviet Union,1449 BMP-2(K),abandoned,https://i.postimg.cc/Jn2jNHqV/1002-BMP-2-K-dam-aband-08-01-25.jpg,2025-01-13,1172,2839,4,7-117228394
Russia,Soviet Union,145 Unknown BMP-1/2,abandoned,https://i.postimg.cc/Sj0Z4b2Z/1059-unkn-bmp-aband-06-02-24.jpg,2024-02-09,1178,2850,4,7-117828504
Russia,Soviet Union,1455 BMP-2(K),abandoned,https://i.postimg.cc/QtRMBgwR/1038-BMP-2-dam-aband-31-12-24.jpg,2025-01-19,1182,2858,4,7-118228584
Russia,Russia,146 Unknown tank,abandoned,https://i.postimg.cc/8zSNkws4/1030-unkn-tank-aband.jpg,2022-10-06,1192,2879,4,7-119228794
Russia,Soviet Union,1485 BMP-2(K),abandoned,https://i.postimg.cc/2j1BvtHj/1403-BMP-2-abandoned-14-12-23.jpg,2025-03-20,1217,2934,4,7-121729344
Russia,Russia,149 BTR-82AT,abandoned,https://i.postimg.cc/zXXcbsLv/1015-BTR-82-AT-aband-07-08-24.jpg,2024-08-18,1220,2944,4,7-122029444
Russia,Russia,149 BTR-82AT,abandoned,https://i.postimg.cc/D07YcDBC/1016-BTR-82-AT-aband-07-08-24.jpg,2024-08-18,1220,2945,4,7-122029454
Russia,Russia,149 BTR-82AT,abandoned,https://i.postimg.cc/fRPph8RL/1034-BTR-82-AT-dam-aband-16-08-24.jpg,2024-08-18,1220,2946,4,7-122029464
Russia,Russia,15 BMP-1 675-sb3KDZ,abandoned,https://i.postimg.cc/3RphP5Hp/1004-BMP-1-675-sb3-KDZ-dam-aband-30-05-24.jpg,2024-06-06,1243,2983,4,7-124329834
Russia,Soviet Union,15 T-62MV,abandoned,https://i.postimg.cc/tgG55XHW/1022-t62mv-dam-aband-23-06-23.jpg,2023-06-25,1255,2997,4,7-125529974
Russia,Soviet Union,1508 BMP-2(K),abandoned,https://i.postimg.cc/kgDSrzCB/1012-BMP-2-K-dam-aband-06-04-25.jpg,2025-04-10,1272,3028,4,7-127230284
Russia,Soviet Union,1510 BMP-2(K),abandoned,https://i.postimg.cc/SsdRsMGr/1015-BMP-2-K-dam-aband-07-04-25.jpg,2025-04-13,1282,3051,4,7-128230514
Russia,Soviet Union,152mm 2A65 Msta-B howitzer,abandoned,https://i.postimg.cc/13CTS2R9/431f.png,2022-03-19,1296,3119,4,7-129631194
Russia,Soviet Union,152mm 2S19 Msta-S,abandoned,https://i.postimg.cc/Nf5WZ40V/32da.png,2022-03-19,1297,3147,4,7-129731474
Russia,Soviet Union,152mm 2S19 Msta-S,abandoned,https://i.postimg.cc/VkNQR04y/2r.jpg,2022-03-19,1297,3149,4,7-129731494
Russia,Soviet Union,152mm 2S19 Msta-S,abandoned,https://i.postimg.cc/Y08W5pnP/557723.png,2022-03-19,1297,3150,4,7-129731504
Russia,Soviet Union,152mm 2S19 Msta-S,abandoned,https://i.postimg.cc/SKkpzp7Z/aa2.jpg,2022-03-19,1297,3151,4,7-129731514
Russia,Soviet Union,152mm 2S19 Msta-S,abandoned,https://i.postimg.cc/LsDFt0xm/aa3.jpg,2022-03-19,1297,3152,4,7-129731524
Russia,Soviet Union,152mm 2S19 Msta-S,abandoned,https://i.postimg.cc/3NSNyzNR/ff3.jpg,2022-03-19,1297,3153,4,7-129731534
Russia,Soviet Union,152mm 2S19 Msta-S,abandoned,https://i.postimg.cc/YqhYV3pF/764.png,2022-03-19,1297,3154,4,7-129731544
Russia,Soviet Union,152mm 2S19 Msta-S,abandoned,https://i.postimg.cc/VvcXHJpv/d27.png,2022-03-19,1297,3155,4,7-129731554
Russia,Soviet Union,152mm 2S19 Msta-S,abandoned,https://i.postimg.cc/NFFhC8rz/3350.jpg,2022-03-19,1297,3156,4,7-129731564
Russia,Soviet Union,152mm 2S19 Msta-S,abandoned,https://i.postimg.cc/TwVtf4qx/5490.png,2022-03-19,1297,3162,4,7-129731624
Russia,Soviet Union,152mm 2S19 Msta-S,abandoned,https://i.postimg.cc/K8TKNKZ6/431.png,2022-03-30,1297,3171,4,7-129731714
Russia,Soviet Union,152mm 2S19 Msta-S,abandoned,https://i.postimg.cc/g07hV40m/5547.png,2022-03-30,1297,3172,4,7-129731724
Russia,Soviet Union,152mm 2S19 Msta-S,abandoned,https://i.postimg.cc/V6hfPDxL/19.png,2022-04-04,1297,3178,4,7-129731784
Russia,Soviet Union,152mm 2S19 Msta-S,abandoned,https://i.postimg.cc/mk7nKMHw/489.png,2022-05-01,1297,3196,4,7-129731964
Russia,Soviet Union,152mm 2S3 Akatsiya,abandoned,https://i.postimg.cc/85D97Vs5/3v.png,2022-03-19,1298,3221,4,7-129832214
Russia,Soviet Union,152mm 2S3 Akatsiya,abandoned,https://i.postimg.cc/zD2FmSBx/j76.png,2022-03-19,1298,3222,4,7-129832224
Russia,Soviet Union,152mm 2S3 Akatsiya,abandoned,https://i.postimg.cc/Y9BBtK7d/470.png,2022-03-19,1298,3223,4,7-129832234
Russia,Soviet Union,152mm 2S3 Akatsiya,abandoned,https://i.postimg.cc/wxDRxYgf/3316.png,2022-03-26,1298,3229,4,7-129832294
Russia,Soviet Union,152mm 2S3 Akatsiya,abandoned,https://i.postimg.cc/qBbfFfc5/r5.jpg,2022-03-26,1298,3230,4,7-129832304
Russia,Soviet Union,152mm 2S3 Akatsiya,abandoned,https://i.postimg.cc/VvH30ML8/r6.jpg,2022-03-26,1298,3231,4,7-129832314
Russia,Soviet Union,152mm 2S3(M) Akatsiya,abandoned,https://i.postimg.cc/8k9BL7pL/1034-2-S3-M-Akatsiya-dam-aband-30-11-24.jpg,2025-02-11,1299,3364,4,7-129933644
Russia,Russia,154 BTR-82AT,abandoned,https://i.postimg.cc/gJ6y5GGT/1005-BTR-82-AT-dam-aband-22-08-24.jpg,2024-08-25,1319,3462,4,7-131934624
Russia,Russia,155 BMP-3 688A-sb6-2KP,abandoned,https://i.postimg.cc/QMwk3tr8/1022-BMP-3-688-A-sb6-2-KP-aband-09-10-24.jpg,2024-10-22,1330,3493,4,7-133034934
Russia,Russia,155 BMP-3 688A-sb6-2KP,abandoned,https://i.postimg.cc/gcvyCmtp/1221-BMP-3-688-A-sb6-2-KP-aband-23-09-24.jpg,2024-10-22,1330,3494,4,7-133034944
Russia,Russia,155 BMP-3 688A-sb6-2KP,abandoned,https://i.postimg.cc/pXCfdkt1/1222-BMP-3-688-A-sb6-2-KP-dam-aband-23-09-24.jpg,2024-10-22,1330,3495,4,7-133034954
Russia,Soviet Union,155 Unknown BMP-1/2,abandoned,https://i.postimg.cc/N0v8XHG5/1003-unkn-bmp-aband-31-05-23.jpg,2024-02-18,1335,3509,4,7-133535094
Russia,Soviet Union,155 Unknown BMP-1/2,abandoned,https://i.postimg.cc/SRP1bx6C/1027-unkn-bmp-aband-17-02-24.jpg,2024-02-18,1335,3510,4,7-133535104
Russia,Soviet Union,155 Unknown BMP-1/2,abandoned,https://i.postimg.cc/MT2WqzDk/1031-unkn-bmp-aband-16-02-24.jpg,2024-02-18,1335,3511,4,7-133535114
Russia,Soviet Union,157 Unknown BMP-1/2,abandoned,https://i.postimg.cc/v81YV5cm/1011-unkn-bmp-aband-09-02-24.jpg,2024-02-21,1355,3551,4,7-135535514
Russia,Soviet Union,158 BTR-80,abandoned,https://i.postimg.cc/yNYJHDjJ/1012-btr80-aband-07-06-23.jpg,2023-06-11,1360,3559,4,7-136035594
Russia,Soviet Union,16 BTR-70,abandoned,https://i.postimg.cc/fbb1nz0L/1259-BTR-70-dam-aband-18-10-24.jpg,2024-10-22,1393,3605,4,7-139336054
Russia,Russia,16 T-80BV Obr. 2022,abandoned,https://i.postimg.cc/Pq5p5TJ3/1040-T-80-BVM-obr2022-1x-destr-1x-dam-aband-07-02-24.jpg,2024-02-09,1408,3633,4,7-140836334
Russia,Soviet Union,164 BMP-1(P),abandoned,https://twitter.com/Blue_Sauron/status/1577397473257361408,2022-10-05,1446,3696,4,7-144636964
Russia,Russia,167 GAZ Tigr-M,abandoned,https://i.postimg.cc/N0vSkTpM/1007-GAZ-tigr-M-aband-19-05-24.jpg,2024-05-24,1470,3743,4,7-147037434
Russia,Soviet Union,167 Unknown BMP-1/2,abandoned,https://i.postimg.cc/VL1rD7G5/1012-unkn-bmp-dam-aband-20-03-24.jpg,2024-04-08,1473,3764,4,7-147337644
Russia,Soviet Union,167 Unknown BMP-1/2,abandoned,https://i.postimg.cc/k5mQM6tR/1057-unkn-bmp-dam-aband-09-03-24.jpg,2024-04-08,1473,3765,4,7-147337654
Russia,Soviet Union,167 Unknown BMP-1/2,abandoned,https://i.postimg.cc/Cx2jZV7j/1013-unkn-bmp-dam-aband-30-03-24.jpg,2024-04-08,1473,3766,4,7-147337664
Russia,Soviet Union,167 Unknown BMP-1/2,abandoned,https://i.postimg.cc/Wb2mC8tJ/1014-unkn-bmp-dam-aband-30-03-24.jpg,2024-04-08,1473,3767,4,7-147337674
Russia,Soviet Union,167 Unknown BMP-1/2,abandoned,https://i.postimg.cc/T2ST3mXp/1081-unkn-bmp-dam-aband-02-04-24.jpg,2024-04-08,1473,3768,4,7-147337684
Russia,Soviet Union,167 Unknown BMP-1/2,abandoned,https://i.postimg.cc/pVwRRWkt/1012-unkn-bmp-dam-aband-02-04-24.jpg,2024-04-08,1473,3769,4,7-147337694
Russia,Soviet Union,167 Unknown BMP-1/2,abandoned,https://i.postimg.cc/6p0XrdK9/1045-unkn-bmp-dam-aband-05-04-24.jpg,2024-04-08,1473,3770,4,7-147337704
Russia,Soviet Union,168 BMP-1(P),abandoned,https://i.postimg.cc/gkRGP1cr/1029-bmp1-aband.jpg,2022-10-06,1478,3782,4,7-147837824
Russia,Soviet Union,17 1V14 battery command and forward observer vehicle,abandoned,https://i.postimg.cc/RhfQQc5g/1019-1-V14-M-aband-04-03-23.jpg,2023-07-28,1501,3824,4,7-150138244
Russia,Soviet Union,17 T-72AV,abandoned,https://i.postimg.cc/3W5fP1mH/1020-T-72-AV-dam-aband-09-04-24.jpg,2024-04-14,1525,3868,4,7-152538684
Russia,Russia,174 BMP-3 688A-sb6-2KP,abandoned,https://i.postimg.cc/brpsR8nZ/1051-BMP-3-688-A-sb6-2-KP-aband-11-11-24.jpg,2024-11-14,1564,3925,4,7-156439254
Russia,Russia,174 BMP-3 688A-sb6-2KP,abandoned,https://i.postimg.cc/76g57b5v/1050-BMP-3-688-A-sb6-2-KP-aband-11-11-24.jpg,2024-11-14,1564,3926,4,7-156439264
Russia,Russia,174 BMP-3 688A-sb6-2KP,abandoned,https://i.postimg.cc/cJtgxFZL/1049-BMP-3-688-A-sb6-2-KP-dam-aband-11-11-24.jpg,2024-11-14,1564,3927,4,7-156439274
Russia,Soviet Union,175 BTR-80,abandoned,https://i.postimg.cc/YqN4CPXT/1036-btr80-dam-aband-30-05-23.jpg,2023-10-06,1575,3946,4,7-157539464
Russia,Soviet Union,176 BTR-80,abandoned,https://i.postimg.cc/br97gV2z/1040-2x-bmp1-1x-btr80-aband-11-10-23.jpg,2023-10-12,1584,3961,4,7-158439614
Russia,Russia,176 BTR-82AT,abandoned,https://i.postimg.cc/vZ3mTYRv/1026-BTR-82-AT-dam-aband-30-09-24.jpg,2024-10-03,1585,3963,4,7-158539634
Russia,Russia,176 BTR-82AT,abandoned,https://i.postimg.cc/3JQNbfC2/1027-BTR-82-AT-dam-aband-30-09-24.jpg,2024-10-03,1585,3964,4,7-158539644
Russia,Soviet Union,176 MT-LBVM and MT-LBVMK,abandoned,https://i.postimg.cc/yYthh002/1037-MT-LBVMK-dam-aband-03-07-23.jpg,2023-07-14,1587,3967,4,7-158739674
Russia,Russia,177 ASN-233115 'Tigr-M SpN',abandoned,https://i.postimg.cc/SsCgS3dF/1054-ASN-233115-Tigr-M-Sp-N-aband-10-12-24.jpg,2024-12-23,1594,3986,4,7-159439864
Russia,Soviet Union,177 Unknown BMP-1/2,abandoned,https://i.postimg.cc/V672K6Gn/1016-unkn-bmp-dam-aband-20-03-24.jpg,2024-04-27,1597,3989,4,7-159739894
Russia,Soviet Union,18 T-62MV,abandoned,https://i.postimg.cc/Df6cQRq6/1002-t62mv-dam-aband-08-01-23.jpg,2024-01-10,1644,4055,4,7-164440554
Russia,Soviet Union,181 BTR-80,abandoned,https://i.postimg.cc/CMR82vVH/1065-btr80-dam-aband-11-10-23.jpg,2023-10-22,1662,4075,4,7-166240754
Russia,Soviet Union,181 T-80BV,abandoned,https://i.postimg.cc/2857gx7R/1019-t80bv-dam-aband.jpg,2022-12-05,1665,4080,4,7-166540804
Russia,Soviet Union,183 BTR-80,abandoned,https://i.postimg.cc/056Mq5Lk/1065-btr80-dam-aband-11-10-23.jpg,2023-11-02,1680,4108,4,7-168041084
Russia,Soviet Union,183 Unknown BMP-1/2,abandoned,https://i.postimg.cc/1thyq5LX/1027-unkn-bmp-dam-aband-10-05-24.jpg,2024-05-15,1683,4114,4,7-168341144
Russia,Soviet Union,183 Unknown BMP-1/2,abandoned,https://i.postimg.cc/BbJsm7ZG/1032-unkn-bmp-aband-12-05-24.jpg,2024-05-15,1683,4115,4,7-168341154
Russia,Soviet Union,185 BTR-80,abandoned,https://i.postimg.cc/sggTN8y2/1010-mtlb-destr-btr80-dam-aband-05-11-23.jpg,2023-11-10,1696,4139,4,7-169641394
Russia,Russia,188 BMP-3 688A-sb6-2KP,abandoned,https://i.postimg.cc/HkjFKGV9/1027-BMP-3-688-A-sb6-2-KP-aband-23-11-24.jpg,2025-01-19,1710,4171,4,7-171041714
Russia,Soviet Union,188 Unknown BMP-1/2,abandoned,https://i.postimg.cc/LX032CkS/1006-unkn-bmp-dam-aband-23-05-24.jpg,2024-05-26,1713,4179,4,7-171341794
Russia,Soviet Union,189 T-80BV,abandoned,https://twitter.com/UAWeapons/status/1601185077626810368,2022-12-11,1722,4200,4,7-172242004
Russia,Russia,19 BMP-2M 675-sb3KDZ,abandoned,https://i.postimg.cc/jqHnnxnR/1046-BMP-2-M-675-sb3-KDZ-dam-aband-06-02-25.jpg,2025-02-11,1734,4214,4,7-173442144
Russia,Russia,190 ASN-233115 'Tigr-M SpN',abandoned,https://i.postimg.cc/PJJ4sMwB/1026-ASN-233115-Tigr-M-Sp-N-aband-16-02-25.jpg,2025-02-23,1755,4241,4,7-175542414
Russia,Soviet Union,192 BTR-80,abandoned,https://i.postimg.cc/hG63g66z/1008-BTR-80-aband-31-12-23.jpg,2024-01-19,1766,4268,4,7-176642684
Russia,Soviet Union,192 BTR-80,abandoned,https://i.postimg.cc/FzQWkc9h/1009-BTR-80-aband-31-12-23.jpg,2024-01-19,1766,4269,4,7-176642694
Russia,Soviet Union,192 MT-LBVM and MT-LBVMK,abandoned,https://i.postimg.cc/LXGVB2Ps/1043-mtlb-dam-aband-24-12-23.jpg,2024-01-09,1767,4271,4,7-176742714
Russia,Soviet Union,192 T-80BV,abandoned,https://i.postimg.cc/QMJQBB2j/1038-t80bv-aband.jpg,2022-12-15,1768,4274,4,7-176842744
Russia,Russia,193 Unknown tank,abandoned,https://i.postimg.cc/dVjFxL4y/1015-4x-unkn-tank-2x-destr-2x-aband-1x-mtlb-destr-1x-unkn-vehicle-08-02-23.jpg,2023-02-12,1773,4284,4,7-177342844
Russia,Russia,193 Unknown tank,abandoned,https://i.postimg.cc/mgsRjQN4/1010-1x-t72b3-aband-1x-unkn-tank-aband-09-02-23.jpg,2023-02-12,1773,4285,4,7-177342854
Russia,Russia,194 GAZ Tigr-M,abandoned,https://i.postimg.cc/rFYWY8Lf/1061-GAZ-Tigr-M-dam-aband-04-09-24.jpg,2024-09-21,1777,4295,4,7-177742954
Russia,Russia,195 ASN-233115 'Tigr-M SpN',abandoned,https://i.postimg.cc/Vv3KDWW5/1176-ASN-233115-Tigr-M-Sp-N-aband-16-02-25.jpg,2025-03-20,1780,4305,4,7-178043054
Russia,Soviet Union,196 T-80BV,abandoned,https://i.postimg.cc/Vk38X9Fv/1000-t80bv-dam-aband.jpg,2022-12-30,1792,4334,4,7-179243344
Russia,Russia,198 BTR-82AT,abandoned,https://i.postimg.cc/rp5drKSZ/1314-BTR-82-AT-aband-18-10-24.jpg,2024-10-23,1803,4361,4,7-180343614
Russia,Russia,198 BTR-82AT,abandoned,https://i.postimg.cc/Tw9ptFNr/1315-BTR-82-AT-aband-18-10-24.jpg,2024-10-23,1803,4362,4,7-180343624
Russia,Russia,198 BTR-82AT,abandoned,https://i.postimg.cc/xCYXyn5f/1316-BTR-82-AT-aband-18-10-24.jpg,2024-10-23,1803,4363,4,7-180343634
Russia,Soviet Union,199 BTR-80,abandoned,https://i.postimg.cc/RVbdVpj1/1050-btr80-dam-aband-01-03-24.jpg,2024-03-02,1811,4387,4,7-181143874
Russia,Soviet Union,199 BTR-80,abandoned,https://i.postimg.cc/59gpD2gR/1000-BTR-80-dam-aband-27-02-24.jpg,2024-03-02,1811,4388,4,7-181143884
Russia,Soviet Union,199 BTR-80,abandoned,https://i.postimg.cc/wMq23Cq2/1017-BTR-80-dam-aband-27-02-24.jpg,2024-03-02,1811,4389,4,7-181143894
Russia,Soviet Union,199 BTR-80,abandoned,https://i.postimg.cc/02NZv1H2/1019-BTR-80-dam-aband-26-02-24.jpg,2024-03-02,1811,4390,4,7-181143904
Russia,Soviet Union,199 MT-LBVM and MT-LBVMK,abandoned,https://i.postimg.cc/GpZLHJpq/1021-mtlbvmk-dam-aband-10-10-23.jpg,2024-02-28,1812,4391,4,7-181243914
Russia,Soviet Union,1V13 battery fire control center,abandoned,https://i.postimg.cc/CxMBs7WF/436.png,2022-03-19,1824,4434,4,7-182444344
Russia,Soviet Union,1V13 battery fire control center,abandoned,https://i.postimg.cc/gc14s4Fb/a2.png,2022-03-26,1824,4437,4,7-182444374
Russia,Soviet Union,1V13 battery fire control center,abandoned,https://i.postimg.cc/sgntV80G/44fss.png,2022-03-26,1824,4438,4,7-182444384
Russia,Soviet Union,1V13 battery fire control center,abandoned,https://i.postimg.cc/c4K0H35q/3211.png,2022-03-30,1824,4440,4,7-182444404
Russia,Soviet Union,1V13 battery fire control center,abandoned,https://i.postimg.cc/132LjY94/3213.png,2022-03-30,1824,4441,4,7-182444414
Russia,Soviet Union,1V14 battery command and forward observer vehicle,abandoned,https://i.postimg.cc/63JZBWDQ/b76.png,2022-03-26,1826,4451,4,7-182644514
Russia,Russia,2 MTP-A2.1 recovery vehicle,abandoned,https://i.postimg.cc/mr1k4CZC/Screenshot-8402.png,2022-06-26,1917,4563,4,7-191745634
Russia,Soviet Union,2 T-72 'Ural',abandoned,https://i.postimg.cc/59CtGKz2/1018-t72ural-dam-aband-19-05-23.jpg,2023-05-23,1946,4595,4,7-194645954
Russia,Russia,2 T-72B3 Obr. 2025,abandoned,https://i.postimg.cc/8krFw4sd/1009-T-72-B3-Obr-2025-dam-aband-04-07-25.jpg,2025-07-17,1949,4599,4,7-194945994
Russia,Soviet Union,2 T-80B,abandoned,https://i.postimg.cc/BQ0pVZmx/1031-t80b-dam-aband-02-11-23.jpg,2023-11-11,1950,4600,4,7-195046004
Russia,Russia,2 T-80BVM Obr. 2022,abandoned,https://twitter.com/UAWeapons/status/1660286197497753600,2023-05-22,1953,4604,4,7-195346044
Russia,Russia,2 Unknown BMD,abandoned,https://i.postimg.cc/8PdZ2NSB/1052-btr-mdm-destr-2x-unkn-bmd-aband-06-01-24.jpg,2024-01-19,1963,4615,4,7-196346154
Russia,Soviet Union,20 T-62MV,abandoned,https://i.postimg.cc/NfyGNJk5/1016-T-62-MV-dam-aband-11-02-24.jpg,2024-03-02,2005,4673,4,7-200546734
Russia,Soviet Union,200 Unknown BMP-1/2,abandoned,https://i.postimg.cc/PxJ3DdNk/1059-unkn-bmp-dam-aband-28-07-24.jpg,2024-07-31,2017,4689,4,7-201746894
Russia,Soviet Union,200 Unknown BMP-1/2,abandoned,https://i.postimg.cc/nzWdYNQ9/1060-unkn-bmp-dam-aband-28-07-24.jpg,2024-07-31,2017,4690,4,7-201746904
Russia,Russia,201 BMP-3 688A-sb6-2KP,abandoned,https://i.postimg.cc/pV1C8hr5/1032-BMP-3-688-A-sb6-2-KP-dam-aband-19-01-25.jpg,2025-01-25,2019,4700,4,7-201947004
Russia,Russia,201 BMP-3 688A-sb6-2KP,abandoned,https://i.postimg.cc/CL34P3jF/1033-BMP-3-688-A-sb6-2-KP-dam-aband-19-01-25.jpg,2025-01-25,2019,4701,4,7-201947014
Russia,Soviet Union,202 BMP-1(P),abandoned,https://twitter.com/UAWeapons/status/1590375007930417152,2022-11-10,2026,4720,4,7-202647204
Russia,Soviet Union,203 Unknown BMP-1/2,abandoned,https://i.postimg.cc/YCJj9Fkc/1044-unkn-bmp-aband-11-08-24.jpg,2024-08-12,2040,4748,4,7-204047484
Russia,Soviet Union,204 BTR-80,abandoned,https://i.postimg.cc/cHnRfNG8/1105-btr80-dam-aband-08-12-23.jpg,2024-04-08,2043,4758,4,7-204347584
Russia,Soviet Union,204 BTR-80,abandoned,https://i.postimg.cc/9fDbktsP/1069-btr80-dam-aband-10-03-24.jpg,2024-04-08,2043,4759,4,7-204347594
Russia,Soviet Union,204 BTR-80,abandoned,https://i.postimg.cc/g0hJGG2t/1042-btr80-dam-aband-14-03-24.jpg,2024-04-08,2043,4760,4,7-204347604
Russia,Soviet Union,204 BTR-80,abandoned,https://i.postimg.cc/QMX9sz2Q/1024-BTR-80-aband-29-02-24.jpg,2024-04-08,2043,4761,4,7-204347614
Russia,Russia,204 Unknown tank,abandoned,https://twitter.com/UAWeapons/status/1557732021937455104,2022-08-13,2046,4771,4,7-204647714
Russia,Russia,204 Unknown tank,abandoned,https://i.postimg.cc/8kwYcCfR/1002-unkn-tank.jpg,2022-08-13,2046,4772,4,7-204647724
Russia,Russia,207 BTR-82AT,abandoned,https://i.postimg.cc/rsv80Rq6/1102-BTR-82-AT-dam-aband-20-10-24.jpg,2024-10-30,2066,4823,4,7-206648234
Russia,Soviet Union,207 Unknown BMP-1/2,abandoned,https://i.postimg.cc/sfBBjXmg/1013-unkn-bmp-aband-09-02-24.jpg,2024-08-18,2071,4834,4,7-207148344
Russia,Soviet Union,208 MT-LBVM and MT-LBVMK,abandoned,https://i.postimg.cc/Df486Qbc/1029-MT-LBVM-K-dam-aband-04-09-24.jpg,2024-09-05,2076,4846,4,7-207648464
Russia,Soviet Union,209 T-80BV,abandoned,https://i.postimg.cc/NMSHWvVC/1014-t80bv-dam-aband-31-01-23.jpg,2023-02-03,2085,4861,4,7-208548614
Russia,Soviet Union,21 T-72AV,abandoned,https://i.postimg.cc/C51YbwX0/1012-T-72-AV-dam-aband-16-06-24.jpg,2024-06-20,2111,4896,4,7-211148964
Russia,Soviet Union,211 BMP-1(P),abandoned,https://i.postimg.cc/jdr64fMQ/1021-bmp1-dam-aband.jpg,2022-11-16,2125,4922,4,7-212549224
Russia,Soviet Union,211 BTR-80,abandoned,https://i.postimg.cc/430hnvVm/1041-BTR-80-aband-15-05-24.jpg,2024-06-02,2127,4929,4,7-212749294
Russia,Soviet Union,213 Unknown BMP-1/2,abandoned,https://i.postimg.cc/VNbpz1Jz/1010-BMP-1-or-2-dam-aband-04-09-24.jpg,2024-09-09,2137,4945,4,7-213749454
Russia,Soviet Union,214 152mm 2S19 Msta-S,abandoned,https://i.postimg.cc/Nf3Fkvwg/1053-152mm-2-S19-Msta-S-dam-aband-15-08-24.jpg,2024-08-19,2139,4960,4,7-213949604
Russia,Soviet Union,216 T-80BV,abandoned,https://twitter.com/UAWeapons/status/1622943432581779459,2023-02-12,2155,5007,4,7-215550074
Russia,Soviet Union,216 T-80BV,abandoned,https://i.postimg.cc/bvw7VLZ7/1032-t80bv-dam-09-02-23.jpg,2023-02-12,2155,5008,4,7-215550084
Russia,Soviet Union,216 Unknown BMP-1/2,abandoned,https://i.postimg.cc/FHz0FMDY/1034-BMP-1-or-2-dam-aband-20-09-24.jpg,2024-09-21,2156,5010,4,7-215650104
Russia,Soviet Union,216 Unknown BMP-1/2,abandoned,https://i.postimg.cc/jjJNPzVK/1062-BMP-1-or-2-dam-aband-17-07-24.jpg,2024-09-21,2156,5011,4,7-215650114
Russia,Russia,217 BTR-82AT,abandoned,https://i.postimg.cc/fyLWHdDW/1012-BTR-82-AT-dam-aband-01-11-24.jpg,2024-11-05,2159,5018,4,7-215950184
Russia,Soviet Union,218 T-80BV,abandoned,https://i.postimg.cc/8zVxQgLR/1042-2x-t80bv-dam-aband-12-02-23.jpg,2023-02-13,2167,5029,4,7-216750294
Russia,Soviet Union,218 T-80BV,abandoned,https://i.postimg.cc/gkxT6kHq/1026-t80bv-aband-06-02-23.jpg,2023-02-13,2167,5030,4,7-216750304
Russia,Soviet Union,219 Unknown BMP-1/2,abandoned,https://i.postimg.cc/x87cFnrZ/1009-unkn-bmp-dam-aband-23-09-24.jpg,2024-09-25,2172,5039,4,7-217250394
Russia,Soviet Union,22 River link pontoon (for PMP(-M) floating bridge system),abandoned,https://i.postimg.cc/mgJwTM1H/1101-River-link-pontoon-for-PMP-M-floating-bridge-system-aband-17-04-22.jpg,2024-01-23,2191,5083,4,7-219150834
Russia,Russia,220mm TOS-1A,abandoned,https://i.postimg.cc/FHk1HzFy/r1.jpg,2022-03-26,2206,5200,4,7-220652004
Russia,Russia,221 BMP-3 688A-sb6-2KP,abandoned,https://i.postimg.cc/tCMvDmHM/1019-BMP-3-688-A-sb6-2-KP-dam-aband-17-10-24.jpg,2025-04-20,2209,5245,4,7-220952454
Russia,Russia,223 BTR-82AT,abandoned,https://i.postimg.cc/VsXXnR0C/1051-BTR-82-AT-dam-aband-07-11-24.jpg,2024-11-11,2221,5275,4,7-222152754
Russia,Soviet Union,224 BTR-80,abandoned,https://i.postimg.cc/Y9cSqHwY/1038-BTR-80-aband-28-07-24.jpg,2024-08-03,2226,5293,4,7-222652934
Russia,Russia,226 Unknown tank,abandoned,https://i.postimg.cc/g0JBYvSX/443f.png,2023-04-04,2239,5322,4,7-223953224
Russia,Russia,227 BMP-3 688A-sb6-2KP,abandoned,https://i.postimg.cc/hPzssNrM/1021-BMP-3-688-A-sb6-2-KP-dam-aband-11-05-25.jpg,2025-05-18,2242,5330,4,7-224253304
Russia,Soviet Union,228 BTR-80,abandoned,https://i.postimg.cc/YSp3D5P6/1004-BTR-80-aband-22-08-24.jpg,2024-08-25,2249,5344,4,7-224953444
Russia,Soviet Union,229 T-80BV,abandoned,https://twitter.com/UAWeapons/status/1626579093801271304,2023-02-18,2256,5358,4,7-225653584
Russia,Soviet Union,229 T-80BV,abandoned,https://i.postimg.cc/3NRK5BLK/1025-2x-t80bv-1x-aband-1x-dam-aband-11-02-23.jpg,2023-02-18,2256,5359,4,7-225653594
Russia,Russia,229 Unknown tank,abandoned,https://i.postimg.cc/WzdjsRck/1015-unkn-tank-aband-28-03-23.jpg,2023-04-05,2257,5362,4,7-225753624
Russia,Russia,229 Unknown tank,abandoned,https://i.postimg.cc/0Q2wX91K/1018-2x-unkn-tank-dam-aband-02-05-23.jpg,2023-05-06,2257,5365,4,7-225753654
Russia,Soviet Union,231 BMP-1(P),abandoned,https://i.postimg.cc/Hnwj7SHP/1005-bmp1-aband.jpg,2022-12-15,2291,5419,4,7-229154194
Russia,Soviet Union,231 BMP-1(P),abandoned,https://i.postimg.cc/D0v3B5LN/1033-bmp1-aband.jpg,2022-12-15,2291,5420,4,7-229154204
Russia,Soviet Union,232 BTR-80,abandoned,https://i.postimg.cc/C1WXQPVD/1046-BTR-80-aband-27-09-24.jpg,2024-09-29,2298,5430,4,7-229854304
Russia,Soviet Union,232 Unknown BMP-1/2,abandoned,https://i.postimg.cc/wj1Kb7pD/1055-BMP-1-or-2-dam-aband-01-11-24.jpg,2024-11-11,2300,5438,4,7-230054384
Russia,Soviet Union,232 Unknown BMP-1/2,abandoned,https://i.postimg.cc/SNTFrcwy/1060-BMP-1-or-2-dam-aband-29-10-24.jpg,2024-11-11,2300,5439,4,7-230054394
Russia,Soviet Union,233 T-80BV,abandoned,https://i.postimg.cc/2yRYthkb/1036-t80bv-dam-aband-19-02-23.jpg,2023-02-21,2305,5457,4,7-230554574
Russia,Soviet Union,233 T-80BV,abandoned,https://i.postimg.cc/sgM7gJPw/1001-bmp3-and-t-80bv-dam-aband-06-02-23.jpg,2023-02-23,2305,5458,4,7-230554584
Russia,Russia,234 T-72B3,abandoned,https://twitter.com/UAWeapons/status/1593277101003755521,2022-11-18,2313,5474,4,7-231354744
Russia,Soviet Union,237 Unknown BMP-1/2,abandoned,https://i.postimg.cc/MpQw8Szv/1021-BMP-1-or-2-aband-27-11-24.jpg,2024-11-30,2333,5508,4,7-233355084
Russia,Soviet Union,238 BMP-1(P),abandoned,https://i.postimg.cc/XJPbVTY2/1015-bmp1-dam-aband.jpg,2022-12-30,2337,5518,4,7-233755184
Russia,Soviet Union,238 T-80BV,abandoned,https://twitter.com/UAWeapons/status/1630135537750142977,2023-03-01,2342,5524,4,7-234255244
Russia,Russia,24 EOV-3521 excavator,abandoned,https://i.postimg.cc/j2B58p7Q/1036-EOV-3521-excavator-dam-aband-14-06-24.jpg,2024-08-06,2363,5558,4,7-236355584
Russia,Soviet Union,24 IMR-2(M) combat engineering vehicle,abandoned,https://i.postimg.cc/XXMtDyMz/1109-imr2-dam-aband-06-02-23.jpg,2023-02-12,2365,5560,4,7-236555604
Russia,Soviet Union,24 T-62MV,abandoned,https://i.postimg.cc/W3g5XXRh/1017-t62mv-aband-14-05-24.jpg,2024-05-18,2373,5576,4,7-237355764
Russia,Russia,241 BMP-3 688A-sb6-2KP,abandoned,https://i.postimg.cc/G36nQXpY/1010-BMP-3-688-A-sb6-2-KP-dam-aband-23-07-25.jpg,2025-08-14,2390,5671,4,7-239056714
Russia,Russia,242 BTR-82AT,abandoned,https://i.postimg.cc/mgHPpJqS/1024-BTR-82-AT-aband-27-11-24.jpg,2024-11-30,2394,5682,4,7-239456824
Russia,Russia,242 BTR-82AT,abandoned,https://i.postimg.cc/fbQJG5QQ/1023-BTR-82-AT-dam-aband-27-11-24.jpg,2024-11-30,2394,5683,4,7-239456834
Russia,Russia,242 Unknown tank,abandoned,https://i.postimg.cc/nrbnpZmc/1041-unkn-tank-aband-10-05-23.png,2023-05-23,2396,5690,4,7-239656904
Russia,Russia,244 BTR-82AT,abandoned,https://i.postimg.cc/J7g8Wf02/1031-BTR-82-AT-dam-aband-30-11-24.jpg,2024-12-03,2405,5713,4,7-240557134
Russia,Soviet Union,244 T-80BV,abandoned,https://i.postimg.cc/52RyPWV1/1006-t80bv-dam-aband-03-03-23.jpg,2023-03-04,2407,5717,4,7-240757174
Russia,Soviet Union,244 T-80BV,abandoned,https://i.postimg.cc/XYJXc7tQ/1007-t80bv-dam-aband-03-03-23.jpg,2023-03-04,2407,5718,4,7-240757184
Russia,Soviet Union,25 BREM-1 armoured recovery vehicle,abandoned,https://i.postimg.cc/X7M0NwP5/1017-t72b-and-brem1-aband-08-02-23.jpg,2023-02-12,2436,5767,4,7-243657674
Russia,Soviet Union,25 River link pontoon (for PMP(-M) floating bridge system),abandoned,https://i.postimg.cc/Pq8zcLyj/1008-River-link-pontoon-for-PMP-M-floating-bridge-system-dam-aband-28-08-24.jpg,2024-09-03,2447,5780,4,7-244757804
Russia,Russia,25 T-80BV Obr. 2022,abandoned,https://i.postimg.cc/JnqpPXqP/1020-T-80-BV-Obr2022-dam-aband-19-01-24.jpg,2024-04-11,2452,5810,4,7-245258104
Russia,Soviet Union,250 Unknown BMP-1/2,abandoned,https://i.postimg.cc/MT4kfJfv/1033-BMP-1-or-2-dam-aband-25-01-25.jpg,2025-01-31,2459,5823,4,7-245958234
Russia,Soviet Union,253 BTR-80,abandoned,https://i.postimg.cc/nzm8K5RM/1047-BTR-80-dam-aband-13-11-24.jpg,2024-11-17,2466,5846,4,7-246658464
Russia,Russia,253 BTR-82AT,abandoned,https://i.postimg.cc/HxDqTN4y/1015-BTR-82-AT-dam-aband-01-12-24.jpg,2024-12-09,2467,5855,4,7-246758554
Russia,Russia,255 Unknown tank,abandoned,https://i.postimg.cc/MZLM4XKj/1034-unkn-tank-dam-aband-13-06-23.jpg,2023-06-14,2475,5874,4,7-247558744
Russia,Soviet Union,256 T-80BV,abandoned,https://twitter.com/UAWeapons/status/1632458755446063106,2023-03-07,2479,5886,4,7-247958864
Russia,Soviet Union,256 T-80BV,abandoned,https://i.postimg.cc/524HDy1N/1000-t80bv-dam-aband-2x-bmp2-destr-27-02-23.jpg,2023-03-07,2479,5887,4,7-247958874
Russia,Soviet Union,26 BRM-1 and BRM-1K reconnaissance vehicle,abandoned,https://i.postimg.cc/MH5RvRmc/1009-bmp1-dam-aband-26-01-23.jpg,2023-01-30,2506,5932,4,7-250659324
Russia,Soviet Union,264 Unknown BMP-1/2,abandoned,https://i.postimg.cc/c46f93vB/1175-BMP-1-or-2-aband-16-02-25.jpg,2025-03-20,2549,6008,4,7-254960084
Russia,Soviet Union,264 Unknown BMP-1/2,abandoned,https://i.postimg.cc/1X3DZnJP/1009-BMP-1-or-2-dam-aband-11-03-25.jpg,2025-03-20,2549,6009,4,7-254960094
Russia,Soviet Union,266 T-80BV,abandoned,https://i.postimg.cc/P5rfXBWG/1028-t80bv-dam-aband-16-03-23.jpg,2023-03-20,2557,6024,4,7-255760244
Russia,Soviet Union,266 T-80BV,abandoned,https://i.postimg.cc/T1V21xNx/1032-t80bv-dam-aband-28-11-22.jpg,2023-03-20,2557,6025,4,7-255760254
Russia,Russia,266 Unknown tank,abandoned,https://i.postimg.cc/T20K5LrQ/1020-1x-destr-1x-dam-aband-unkn-tank-19-08-23.jpg,2023-08-21,2559,6029,4,7-255960294
Russia,Soviet Union,267 BMP-1(P),abandoned,https://i.postimg.cc/8ktswz18/1012-bmp1-dam-aband-28-01-23.jpg,2023-01-30,2561,6037,4,7-256160374
Russia,Soviet Union,27 BREM-1 armoured recovery vehicle,abandoned,https://i.postimg.cc/c4jBktHW/1028-brem1-aband-xx-08-22.jpg,2023-02-21,2580,6073,4,7-258060734
Russia,Soviet Union,27 IMR-2(M) combat engineering vehicle,abandoned,https://i.postimg.cc/C5gkvgY8/13.png,2023-04-08,2583,6077,4,7-258360774
Russia,Russia,27 T-80BV Obr. 2022,abandoned,https://i.postimg.cc/63KVv1vf/1016-t80bv-obr2022-dam-aband-18-04-24.jpg,2024-04-21,2592,6088,4,7-259260884
Russia,Soviet Union,271 BMP-1(P),abandoned,https://i.postimg.cc/26hVmcLJ/1006-bmp1-dam-aband-02-02-23.jpg,2023-02-05,2603,6105,4,7-260361054
Russia,Soviet Union,273 T-80BV,abandoned,https://i.postimg.cc/rpfGkc17/5541.png,2023-03-26,2611,6127,4,7-261161274
Russia,Soviet Union,275 Unknown BMP-1/2,abandoned,https://i.postimg.cc/fLzSS4JB/1057-BMP-1-or-2-dam-aband-01-04-25.jpg,2025-04-07,2616,6149,4,7-261661494
Russia,Russia,277 T-72B3,abandoned,https://i.postimg.cc/6QHXBFs6/1002-t72b3-dam-aband-09-02-23.jpg,2023-02-12,2624,6174,4,7-262461744
Russia,Russia,277 T-72B3,abandoned,https://i.postimg.cc/y823p1WS/1100-t72b3-dam-aband-06-02-23.jpg,2023-02-12,2624,6175,4,7-262461754
Russia,Russia,277 T-72B3,abandoned,https://i.postimg.cc/FFGd5g7v/1101-t72b3-dam-aband-06-02-23.jpg,2023-02-12,2624,6176,4,7-262461764
Russia,Russia,277 T-72B3,abandoned,https://i.postimg.cc/6qZJL38T/1004-1x-mtlb-dam-aband-2x-bmp2-1x-destr-1x-dam-aband-2x-t72b3-dam-aband-09-02-23.jpg,2023-02-12,2624,6177,4,7-262461774
Russia,Russia,277 T-72B3,abandoned,https://i.postimg.cc/mgsRjQN4/1010-1x-t72b3-aband-1x-unkn-tank-aband-09-02-23.jpg,2023-02-12,2624,4285,4,7-262442854
Russia,Russia,277 T-72B3,abandoned,https://i.postimg.cc/8kxTJ87j/1006-1x-t72b3-destr-1x-t90a-destr-09-02-23.jpg,2023-02-12,2624,6178,4,7-262461784
Russia,Russia,277 T-72B3,abandoned,https://i.postimg.cc/pV0T1W6X/1103-t72b3-dam-aband-06-02-23.jpg,2023-02-12,2624,6179,4,7-262461794
Russia,Soviet Union,279 BTR-80,abandoned,https://i.postimg.cc/X7mYsys6/1023-BTR-80-dam-aband-17-04-25.jpg,2025-05-12,2631,6192,4,7-263161924
Russia,Russia,279 Unknown tank,abandoned,https://i.postimg.cc/HWXLWfZ8/1010-2x-unkn-tank-dam-aband-12-10-23.jpg,2023-10-15,2634,6201,4,7-263462014
Russia,Russia,281 BTR-82AT,abandoned,https://i.postimg.cc/cHzLdpqb/1036-BTR-82-AT-dam-aband-31-12-24.jpg,2025-01-07,2665,6245,4,7-266562454
Russia,Soviet Union,283 T-80BV,abandoned,https://i.postimg.cc/s29yBnP9/1021-t80bv-dam-aband-07-05-23.jpg,2023-05-11,2670,6258,4,7-267062584
Russia,Russia,284 T-72B3,abandoned,https://i.postimg.cc/zvW2tVvv/1000-2x-T-72b3-1x-t72-2x-bmp3-2x-btr82-dan-aband-1x-bmp3-destr-24-01-23.jpg,2023-02-15,2673,6265,4,7-267362654
Russia,Russia,285 Unknown tank,abandoned,https://i.postimg.cc/Hn3cL4TR/1024-1x-destr-1x-dam-aband-unkn-tank-Remdiesel-Z-STS-Akhmat-destr-15-10-23.jpg,2023-10-18,2676,6274,4,7-267662744
Russia,Russia,285 Unknown tank,abandoned,https://i.postimg.cc/V613cN27/1015-unkn-tank-aband-18-11-23.jpg,2023-12-14,2676,6278,4,7-267662784
Russia,Soviet Union,287 BMP-1(P),abandoned,https://twitter.com/UAWeapons/status/1622943432581779459,2023-02-12,2680,5007,4,7-268050074
Russia,Soviet Union,287 BMP-1(P),abandoned,https://i.postimg.cc/MH8VrTP7/1044-bmp1-dam-aband-04-02-23.jpg,2023-02-12,2680,6291,4,7-268062914
Russia,Soviet Union,287 BMP-1(P),abandoned,https://i.postimg.cc/Y9T1JFFx/1000-2x-bmp-1-1x-destr-1x-dam-09-02-23.jpg,2023-02-12,2680,6286,4,7-268062864
Russia,Soviet Union,287 BMP-1(P),abandoned,https://i.postimg.cc/sfTvfdC0/1007-bmp1-dam-aband-07-02-23.jpg,2023-02-12,2680,6292,4,7-268062924
Russia,Russia,287 T-72B3,abandoned,https://i.postimg.cc/9Fkf265s/1026-t80bv-destr-and-t72b3-dam-aband-16-02-23.jpg,2023-02-18,2681,5356,4,7-268153564
Russia,Russia,287 Unknown tank,abandoned,https://i.postimg.cc/xjz9fCS2/1039-unkn-tank-aband-23-10-23.jpg,2023-10-25,2682,6296,4,7-268262964
Russia,Russia,288 Unknown tank,abandoned,https://i.postimg.cc/2jXcjkDY/1010-unkn-tank-dam-aband-10-12-23.jpg,2024-01-09,2686,6314,4,7-268663144
Russia,Russia,288 Unknown tank,abandoned,https://i.postimg.cc/T1ZJVPdW/1032-unkn-tank-dam-aband-10-12-23.jpg,2024-01-09,2686,6315,4,7-268663154
Russia,Russia,288 Unknown tank,abandoned,https://i.postimg.cc/85ffVGYz/1015-unkn-tank-dam-aband-28-12-23.jpg,2024-01-09,2686,6316,4,7-268663164
Russia,Russia,288 Unknown tank,abandoned,https://i.postimg.cc/jS3frhcn/1011-unkn-tank-and-bmp-aband-29-12-23.jpg,2024-01-09,2686,2717,4,7-268627174
Russia,Russia,289 Unknown tank,abandoned,https://i.postimg.cc/nzpZYVhR/1004-unkn-tank-dam-aband-20-10-23.jpg,2023-10-26,2689,6318,4,7-268963184
Russia,Russia,289 Unknown tank,abandoned,https://i.postimg.cc/8C8TcmQV/1005-unkn-tank-and-btr82-aband-2x-unkn-afv-destr-20-10-23.jpg,2023-10-26,2689,6319,4,7-268963194
Russia,Russia,29 T-90M,abandoned,https://i.postimg.cc/VN02R8fZ/1023-t90m-dam-aband-04-08-23.jpg,2023-08-06,2707,6340,4,7-270763404
Russia,Russia,290 Unknown tank,abandoned,https://i.postimg.cc/GpJxThQG/1003-Unknown-tank-dam-aband-26-11-23.jpg,2024-01-19,2713,6356,4,7-271363564
Russia,Russia,290 Unknown tank,abandoned,https://i.postimg.cc/vHkzpKTg/1000-Unknown-tank-aband-12-01-24.jpg,2024-01-19,2713,6357,4,7-271363574
Russia,Russia,290 Unknown tank,abandoned,https://i.postimg.cc/Cx8NY4nv/1014-Unknown-tank-aband-31-12-23.jpg,2024-01-19,2713,6358,4,7-271363584
Russia,Russia,290 Unknown tank,abandoned,https://i.postimg.cc/FRrgy5Wq/1017-unkn-tank-aband-31-12-23.jpg,2024-01-19,2713,6359,4,7-271363594
Russia,Russia,291 T-72B3,abandoned,https://i.postimg.cc/ZnYH71hW/1003-t72b3-dam-aband-25-02-23.jpg,2023-02-27,2714,6366,4,7-271463664
Russia,Russia,291 Unknown tank,abandoned,https://i.postimg.cc/FH9mJy4P/1015-2x-unkn-tank-aband-18-11-23.jpg,2023-11-27,2716,6382,4,7-271663824
Russia,Russia,291 Unknown tank,abandoned,https://i.postimg.cc/cCTHK0HH/1043-unkn-tank-aband-30-10-23.jpg,2023-11-27,2716,6383,4,7-271663834
Russia,Soviet Union,292 T-80BV,abandoned,https://i.postimg.cc/q7sJgVvm/1007-t80bv-dam-aband-15-05-23.jpg,2023-05-24,2720,6398,4,7-272063984
Russia,Russia,293 Unknown tank,abandoned,https://i.postimg.cc/mrMMY2nR/1017-unkn-tank-aband-31-10-23.jpg,2023-11-10,2724,6409,4,7-272464094
Russia,Russia,293 Unknown tank,abandoned,https://i.postimg.cc/tJkVq2W6/1052-unkn-tank-aband-04-01-24.jpg,2024-01-21,2724,6410,4,7-272464104
Russia,Russia,293 Unknown tank,abandoned,https://i.postimg.cc/prWp6z4L/1000-unkn-tank-dam-aband-28-12-23.jpg,2024-01-21,2724,6411,4,7-272464114
Russia,Russia,294 BTR-82AT,abandoned,https://i.postimg.cc/c4JjZqrQ/1029-BTR-82-AT-dam-aband-28-01-25.jpg,2025-02-16,2726,6414,4,7-272664144
Russia,Russia,294 Unknown tank,abandoned,https://i.postimg.cc/DZPHr1xP/1017-unkn-tank-dam-aband-31-10-23.jpg,2023-11-02,2728,6419,4,7-272864194
Russia,Soviet Union,295 BMP-1(P),abandoned,https://i.postimg.cc/4yJztJnY/1008-bmp1-aband-10-02-23.jpg,2023-02-21,2729,6421,4,7-272964214
Russia,Russia,295 T-72B3,abandoned,https://i.postimg.cc/CxcZ00LC/1004-t72b3-dam-aband-04-03-23.jpg,2023-03-07,2732,6431,4,7-273264314
Russia,Russia,2K22M1 Tunguska,abandoned,https://i.postimg.cc/BZ7r1kkf/3d2.png,2022-03-19,2742,6460,4,7-274264604
Russia,Russia,2K22M1 Tunguska,abandoned,https://i.postimg.cc/htLpLCsr/gw.png,2022-03-19,2742,6461,4,7-274264614
Russia,Russia,2K22M1 Tunguska,abandoned,https://i.postimg.cc/9MqLyHJZ/764.png,2022-03-19,2742,6462,4,7-274264624
Russia,Russia,2K22M1 Tunguska,abandoned,https://i.postimg.cc/Qt3jK6LJ/66577.png,2022-03-19,2742,6463,4,7-274264634
Russia,Russia,2K22M1 Tunguska,abandoned,https://i.postimg.cc/6pD3WrQj/gy67.png,2022-03-19,2742,6464,4,7-274264644
Russia,Russia,2K22M1 Tunguska,abandoned,https://i.postimg.cc/vTkPtPTr/668.png,2022-05-29,2742,6467,4,7-274264674
Russia,Russia,3 BMP-3 4S24 NKDZ,abandoned,https://i.postimg.cc/bJ1MYky3/1000-BMP-3-4-S24-NKDZ-dam-aband-03-08-25.jpg,2025-08-14,2778,6507,4,7-277865074
Russia,Russia,3 KamAZ-4385,abandoned,https://i.postimg.cc/ZnW7XB1P/1005-Kam-AZ-4385-dam-aband-10-11-24.jpg,2024-12-12,2799,6531,4,7-279965314
Russia,Russia,3 RIDA 'Buran ASV',abandoned,https://i.postimg.cc/FFwv0gGK/1035-RIDA-Buran-ASV-dam-aband-26-11-24.jpg,2025-01-19,2823,6558,4,7-282365584
Russia,Soviet Union,3 T-72 'Ural',abandoned,https://i.postimg.cc/CMrk2Hzy/1012-t72ural-aband-21-01-24.jpg,2024-01-24,2837,6578,4,7-283765784
Russia,Russia,3 Unknown BMP-1/2 675-sb3KDZ,abandoned,https://i.postimg.cc/1tHBcVCj/1020-BMP-1-or-2-675-sb3-KDZ-aband-30-08-24.jpg,2024-08-31,2849,6595,4,7-284965954
Russia,Soviet Union,3 Unknown T-54/55,abandoned,https://i.postimg.cc/pTqMF7mQ/1081-unkn-t54-55-dam-aband-17-02-24.jpg,2024-04-08,2855,6603,4,7-285566034
Russia,Soviet Union,30 IMR-2(M) combat engineering vehicle,abandoned,https://i.postimg.cc/FHkWFNbt/1034-imr2-dam-aband-09-10-23.jpg,2023-10-15,2876,6630,4,7-287666304
Russia,Soviet Union,301 T-80BV,abandoned,https://i.postimg.cc/ZKmBYsKv/1019-t80bv-dam-aband-10-06-23.jpg,2023-06-11,2899,6685,4,7-289966854
Russia,Soviet Union,302 BMP-1(P),abandoned,https://twitter.com/UAWeapons/status/1628044473635598340,2023-02-23,2900,6686,4,7-290066864
Russia,Russia,303 T-72B3,abandoned,https://i.postimg.cc/B6G0Xqkx/1018-t72b3-aband-20-04-23.jpg,2023-05-02,2904,6697,4,7-290466974
Russia,Russia,303 Unknown tank,abandoned,https://i.postimg.cc/qR34C4cz/1048-Unknown-tank-dam-aband-23-01-24.jpg,2024-01-27,2906,6701,4,7-290667014
Russia,Russia,304 BTR-82AT,abandoned,https://i.postimg.cc/2yWZhjcd/1043-BTR-82-AT-dam-aband-18-02-25.jpg,2025-02-27,2908,6706,4,7-290867064
Russia,Russia,304 T-72B3,abandoned,https://postlmg.cc/dhTQRzCD,2023-03-26,2910,6712,4,7-291067124
Russia,Russia,304 T-72B3,abandoned,https://i.postimg.cc/bwnqPYs5/1038-t72b3-aband-08-03-23.jpg,2023-05-11,2910,6715,4,7-291067154
Russia,Russia,304 Unknown tank,abandoned,https://i.postimg.cc/bv01V72L/1005-unkn-tank-aband-04-01-24.jpg,2024-01-24,2911,6723,4,7-291167234
Russia,Russia,304 Unknown tank,abandoned,https://i.postimg.cc/rwx4zBgc/1014-unkn-tank-aband-21-01-24.jpg,2024-01-24,2911,6724,4,7-291167244
Russia,Russia,304 Unknown tank,abandoned,https://i.postimg.cc/wvfySgx5/1022-unkn-tank-dam-aband-17-01-24.jpg,2024-01-24,2911,6725,4,7-291167254
Russia,Russia,304 Unknown tank,abandoned,https://i.postimg.cc/G3fTKL5d/1031-unkn-tank-aband-21-01-24.jpg,2024-01-24,2911,6726,4,7-291167264
Russia,Russia,304 Unknown tank,abandoned,https://i.postimg.cc/cLSR71v6/1069-2x-unkn-tank-1x-bmp3-1x-mtlb-aband-1x-mtlb-dam-aband-23-01-24.jpg,2024-01-24,2911,6727,4,7-291167274
Russia,Soviet Union,307 Unknown BMP-1/2,abandoned,https://i.postimg.cc/02Ht69cN/1076-BMP-1-or-2-dam-aband-02-04-25.jpg,2025-05-12,2919,6778,4,7-291967784
Russia,Russia,31 BMP-1 675-sb3KDZ,abandoned,https://i.postimg.cc/C5QHZpsb/1033-BMP-1-675-sb3-KDZ-aband-06-10-24.jpg,2024-10-09,2932,6797,4,7-293267974
Russia,Russia,31 BMP-1 675-sb3KDZ,abandoned,https://i.postimg.cc/Bv9pcs9g/1034-BMP-1-675-sb3-KDZ-dam-aband-06-10-24.jpg,2024-10-09,2932,6798,4,7-293267984
Russia,Russia,31 BMP-1 675-sb3KDZ,abandoned,https://i.postimg.cc/R07Rg8vz/1051-BMP-1-AM-675-sb3-KDZ-dam-aband-08-10-24.jpg,2024-10-09,2932,6799,4,7-293267994
Russia,Soviet Union,31 BREM-1 armoured recovery vehicle,abandoned,https://i.postimg.cc/DwFvf0H4/1016-BREM-1-BTR-82-A-T-72-A-T-72-B3-dam-aband-08-07-23.jpg,2023-07-09,2934,6801,4,7-293468014
Russia,Soviet Union,31 IMR-2(M) combat engineering vehicle,abandoned,https://i.postimg.cc/BbBnXphj/1028-imr2-aband-31-08-23.jpg,2023-11-10,2937,6805,4,7-293768054
Russia,Russia,312 T-72B3,abandoned,https://i.postimg.cc/x1xNCV6F/1030-1x-t72b3-dam-aband-09-02-23.jpg,2023-06-04,2961,6847,4,7-296168474
Russia,Russia,314 Unknown tank,abandoned,https://i.postimg.cc/1zQtT62N/1046-Unknown-tank-dam-aband-18-12-24.jpg,2024-02-23,2967,6859,4,7-296768594
Russia,Russia,314 Unknown tank,abandoned,https://i.postimg.cc/LX98xV1y/1056-unkn-tank-dam-aband-21-02-24.jpg,2024-02-23,2967,6860,4,7-296768604
Russia,Russia,315 T-72B3,abandoned,https://i.postimg.cc/PrcKCW36/1005-t72b3-dam-aband-22-06-23.jpg,2023-06-25,2969,6868,4,7-296968684
Russia,Russia,316 T-72B3,abandoned,https://i.postimg.cc/Znhxjxwq/1016-t72b3-dam-aband-22-06-23.jpg,2023-06-28,2973,6884,4,7-297368844
Russia,Soviet Union,316 Unknown BMP-1/2,abandoned,https://i.postimg.cc/fWHyQJ86/1060-BMP-1-or-2-dam-aband-25-05-25.jpg,2025-05-30,2974,6885,4,7-297468854
Russia,Russia,319 T-72B3,abandoned,https://twitter.com/UAWeapons/status/1676873776187731969,2023-07-07,2982,6902,4,7-298269024
Russia,Russia,319 Unknown tank,abandoned,https://i.postimg.cc/8c5932Vx/1022-2x-t80bv-and-unkn-tank-dam-aband-17-02-24.jpg,2024-02-18,2984,6908,4,7-298469084
Russia,Russia,32 R-149MA1 command and staff vehicle,abandoned,https://postimg.cc/JDHcKJry,2022-08-13,3000,6931,4,7-300069314
Russia,Russia,320 T-72B3,abandoned,https://i.postimg.cc/DwFvf0H4/1016-BREM-1-BTR-82-A-T-72-A-T-72-B3-dam-aband-08-07-23.jpg,2023-07-09,3010,6801,4,7-301068014
Russia,Russia,321 T-72B3,abandoned,https://i.postimg.cc/T3nKTC1X/1017-t72b3-aband-09-07-23.jpg,2023-07-10,3015,6966,4,7-301569664
Russia,Russia,323 Unknown tank,abandoned,https://i.postimg.cc/m2jhnBNM/1013-Unknown-tank-dam-aband-02-02-24.jpg,2024-02-09,3023,6989,4,7-302369894
Russia,Russia,323 Unknown tank,abandoned,https://i.postimg.cc/65W5qyF9/1021-unkn-tank-aband-30-01-24.jpg,2024-02-09,3023,6990,4,7-302369904
Russia,Russia,323 Unknown tank,abandoned,https://i.postimg.cc/44bxXzLL/1024-unkn-tank-dam-aband-30-01-24.jpg,2024-02-09,3023,6991,4,7-302369914
Russia,Russia,323 Unknown tank,abandoned,https://i.postimg.cc/90VXGMMY/1025-unkn-tank-aband-30-01-24.jpg,2024-02-09,3023,6992,4,7-302369924
Russia,Russia,323 Unknown tank,abandoned,https://i.postimg.cc/1zqy26VK/1033-unkn-tank-aband-26-01-24.jpg,2024-02-09,3023,6993,4,7-302369934
Russia,Russia,323 Unknown tank,abandoned,https://i.postimg.cc/MT1pmSpn/1014-Unknown-tank-dam-aband-02-02-24.jpg,2024-02-09,3023,6994,4,7-302369944
Russia,Russia,323 Unknown tank,abandoned,https://i.postimg.cc/8CrH6BWJ/1011-unkn-tank-dam-aband-27-12-23.jpg,2024-02-09,3023,6995,4,7-302369954
Russia,Russia,323 Unknown tank,abandoned,https://i.postimg.cc/3JSCfbF0/1018-Unknown-tank-dam-aband-03-02-24.jpg,2024-02-09,3023,6996,4,7-302369964
Russia,Russia,323 Unknown tank,abandoned,https://i.postimg.cc/dVgRwkXq/1019-Unknown-tank-dam-aband-03-02-24.jpg,2024-02-09,3023,6997,4,7-302369974
Russia,Russia,323 Unknown tank,abandoned,https://i.postimg.cc/y6gRR1P2/1050-Unknown-tank-dam-aband-07-02-24.jpg,2024-02-09,3023,6998,4,7-302369984
Russia,Soviet Union,324 T-80BV,abandoned,https://i.postimg.cc/gkSqGgbS/1012-t80bv-dam-aband-28-06-23.jpg,2023-06-30,3024,7003,4,7-302470034
Russia,Russia,325 BTR-82A(M),abandoned,https://i.postimg.cc/wvZ3tPpJ/1030-btr82a-dam-aband-and-t80bv-destr.jpg,2022-11-03,3025,3652,4,7-302536524
Russia,Russia,325 BTR-82AT,abandoned,https://i.postimg.cc/KjVjS7xm/1005-BTR-82-AT-aband-29-03-25.jpg,2025-04-02,3026,7009,4,7-302670094
Russia,Russia,325 BTR-82AT,abandoned,https://i.postimg.cc/7PQf247j/1006-BTR-82-AT-dam-aband-29-03-25.jpg,2025-04-02,3026,7010,4,7-302670104
Russia,Soviet Union,326 BMP-1(P),abandoned,https://i.postimg.cc/fT7fqSzd/1006-bmp1-aband-09-03-23.jpg,2023-03-11,3029,7020,4,7-302970204
Russia,Russia,328 T-72B3,abandoned,https://i.postimg.cc/FzCFWSp4/1044-t72b3-dam-aband-17-08-23.jpg,2023-08-21,3033,7026,4,7-303370264
Russia,Russia,329 T-72B3,abandoned,https://i.postimg.cc/J0tMSfm3/1005-72-B3-and-80-BVM-dam-aband-20-08-23.jpg,2023-08-24,3036,7032,4,7-303670324
Russia,Russia,329 Unknown tank,abandoned,https://i.postimg.cc/CxVmX5gg/1102-unkn-tank-dam-aband-05-04-24.jpg,2024-04-26,3037,7033,4,7-303770334
Russia,Russia,33 T-80BV Obr. 2022,abandoned,https://i.postimg.cc/9QFV42Xc/1045-t80bv-obr2022-dam-aband-04-06-24.jpg,2024-06-06,3056,7058,4,7-305670584
Russia,Russia,33 T-80BV Obr. 2022,abandoned,https://i.postimg.cc/VsqcDvdY/1067-t80bv-obr2022-dam-aband-01-06-24.jpg,2024-06-06,3056,7059,4,7-305670594
Russia,Russia,330 Unknown tank,abandoned,https://i.postimg.cc/1zSDgz30/1005-Unknown-tank-dam-aband-21-04-24.jpg,2024-04-28,3066,7076,4,7-306670764
Russia,Russia,332 T-72B3,abandoned,https://i.postimg.cc/gkxDdQG7/5554.png,2023-08-30,3071,7090,4,7-307170904
Russia,Russia,332 Unknown tank,abandoned,https://i.postimg.cc/QxdbmPn6/1010-Unknown-tank-dam-aband-01-04-24.jpg,2024-04-21,3073,7096,4,7-307370964
Russia,Soviet Union,333 BMP-1(P),abandoned,https://i.postimg.cc/vTMbqnZD/1019-bmp1-dam-aband-26-02-23.jpg,2023-03-16,3074,7100,4,7-307471004
Russia,Russia,334 Unknown tank,abandoned,https://i.postimg.cc/FF3fNh4w/1036-Unknown-tank-dam-aband-01-03-24.jpg,2024-04-08,3079,7126,4,7-307971264
Russia,Russia,334 Unknown tank,abandoned,https://i.postimg.cc/zGJHx646/1024-Unknown-tank-dam-aband-22-01-24.jpg,2024-04-08,3079,7127,4,7-307971274
Russia,Russia,334 Unknown tank,abandoned,https://i.postimg.cc/D0k8LMqC/1025-Unknown-tank-aband-22-01-24.jpg,2024-04-08,3079,7128,4,7-307971284
Russia,Russia,334 Unknown tank,abandoned,https://i.postimg.cc/j2HCX4cR/1026-Unknown-tank-aband-22-01-24.jpg,2024-04-08,3079,7129,4,7-307971294
Russia,Russia,334 Unknown tank,abandoned,https://i.postimg.cc/prrhNXq5/1041-unkn-tank-dam-aband-09-03-24.jpg,2024-04-08,3079,7130,4,7-307971304
Russia,Russia,334 Unknown tank,abandoned,https://i.postimg.cc/FKG0HmTD/1036-Unknown-tank-dam-aband-22-03-24.jpg,2024-04-08,3079,7131,4,7-307971314
Russia,Russia,334 Unknown tank,abandoned,https://i.postimg.cc/prBcPftc/1014-Unknown-tank-dam-aband-02-04-24.jpg,2024-04-08,3079,7132,4,7-307971324
Russia,Russia,334 Unknown tank,abandoned,https://i.postimg.cc/SxR1pY1V/1035-Unknown-tank-aband-21-03-24.jpg,2024-04-08,3079,7133,4,7-307971334
Russia,Russia,334 Unknown tank,abandoned,https://i.postimg.cc/rpCrnQGH/1042-Unknown-tank-dam-aband-05-04-24.jpg,2024-04-08,3079,7134,4,7-307971344
Russia,Russia,334 Unknown tank,abandoned,https://i.postimg.cc/cHx8VwXL/1043-unkn-tank-dam-aband-05-04-24.jpg,2024-04-08,3079,7135,4,7-307971354
Russia,Russia,334 Unknown tank,abandoned,https://i.postimg.cc/FKq5s8Jg/1015-Unknown-tank-dam-aband-09-03-24.jpg,2024-05-02,3079,7139,4,7-307971394
Russia,Russia,335 Unknown tank,abandoned,https://i.postimg.cc/Hnn9zhjk/1036-unkn-tank-dam-aband-07-04-24.jpg,2024-04-11,3080,7140,4,7-308071404
Russia,Russia,335 Ural-4320,abandoned,https://i.postimg.cc/zfZxn94Q/1118_Ural-4320_damaged_and_abandoned.jpg,2022-07-28,3081,7170,4,7-308171704
Russia,Russia,335 Ural-4320,abandoned,https://i.postimg.cc/SRsdSqzn/1117_Ural-4320_abandoned.jpg,2022-07-28,3081,7171,4,7-308171714
Russia,Russia,335 Ural-4320,abandoned,https://i.postimg.cc/bNYcn21n/1089-Ural-4320-abandoned.jpg,2022-07-28,3081,7172,4,7-308171724
Russia,Russia,337 Unknown tank,abandoned,https://i.postimg.cc/qqw8VvV8/1026-unkn-tank-aband-02-05-24.jpg,2024-05-04,3084,7182,4,7-308471824
Russia,Russia,339 T-72B3,abandoned,https://i.postimg.cc/fyBP7Tg5/4313.png,2023-09-11,3091,7226,4,7-309172264
Russia,Russia,339 T-72B3,abandoned,https://i.postimg.cc/bwbMh8NJ/3212.png,2023-09-11,3091,7227,4,7-309172274
Russia,Soviet Union,34 IMR-2(M) combat engineering vehicle,abandoned,https://i.postimg.cc/Y2fTHhkk/1024-imr2-dam-aband-01-05-24.jpg,2024-05-09,3102,7240,4,7-310272404
Russia,Russia,34 T-90M,abandoned,https://twitter.com/UAWeapons/status/1691132746171666448,2023-08-15,3113,7257,4,7-311372574
Russia,Soviet Union,343 T-80BV,abandoned,https://i.postimg.cc/NFxPr3vB/1034-t80bv-aband-09-07-23.jpg,2023-07-14,3133,7305,4,7-313373054
Russia,Soviet Union,343 T-80BV,abandoned,https://i.postimg.cc/1thW7m9y/1035-t80bv-aband-09-07-23.jpg,2023-07-14,3133,7306,4,7-313373064
Russia,Russia,344 T-72B3,abandoned,https://i.postimg.cc/rFHnk9JQ/1041-t72b3-aband-11-10-23.jpg,2023-10-12,3135,7309,4,7-313573094
Russia,Soviet Union,346 BMP-1(P),abandoned,https://twitter.com/GloOouD/status/1641418947315613696,2023-03-31,3139,7313,4,7-313973134
Russia,Soviet Union,347 BMP-1(P),abandoned,https://i.postimg.cc/brvzBDvp/1001-bmp1-dam-aband-04-04-23.jpg,2023-04-05,3143,7323,4,7-314373234
Russia,Soviet Union,347 BMP-1(P),abandoned,https://twitter.com/UAWeapons/status/1643343199321161729,2023-04-06,3143,7324,4,7-314373244
Russia,Soviet Union,347 BMP-1(P),abandoned,https://i.postimg.cc/W4thWvnf/332d5.png,2023-04-06,3143,7325,4,7-314373254
Russia,Russia,347 T-72B3,abandoned,https://i.postimg.cc/YS0HdtjY/1017-T-72-B3-dam-aband-11-11-23.jpg,2023-11-27,3146,7337,4,7-314673374
Russia,Russia,347 Unknown tank,abandoned,https://i.postimg.cc/90XmQcT8/1098-Unknown-tank-dam-aband-30-03-24.jpg,2024-05-09,3147,7343,4,7-314773434
Russia,Russia,347 Unknown tank,abandoned,https://i.postimg.cc/9F8MzwLG/1094-Unknown-tank-dam-aband-30-03-24.jpg,2024-05-09,3147,7344,4,7-314773444
Russia,Russia,347 Unknown tank,abandoned,https://i.postimg.cc/13b3rhhX/1093-Unknown-tank-aband-30-03-24.jpg,2024-05-09,3147,7345,4,7-314773454
Russia,Russia,347 Unknown tank,abandoned,https://i.postimg.cc/L665H339/1092-Unknown-tank-dam-aband-30-03-24.jpg,2024-05-09,3147,7346,4,7-314773464
Russia,Russia,347 Unknown tank,abandoned,https://i.postimg.cc/Wpmqp3Rn/1055-unkn-tank-aband-07-03-24.jpg,2024-05-09,3147,7347,4,7-314773474
Russia,Russia,349 T-72B3,abandoned,https://i.postimg.cc/MT8FVxxQ/1003-72-B3-dam-aband-25-10-23.jpg,2023-10-28,3154,7359,4,7-315473594
Russia,Russia,349 T-72B3,abandoned,https://i.postimg.cc/cHzLF2pC/1013-t72b3-aband-unkn-t72-1x-destr-1x-dam-aband-04-12-23.jpg,2023-12-08,3154,7363,4,7-315473634
Russia,Russia,349 T-72B3,abandoned,https://i.postimg.cc/L616QY0Y/1016-T-72-B3-dam-aband-11-02-24.jpg,2024-02-15,3154,7368,4,7-315473684
Russia,Russia,349 T-72B3,abandoned,https://i.postimg.cc/cJNScDW3/1013-t72b3-dam-aband-16-02-24.jpg,2024-02-23,3154,7370,4,7-315473704
Russia,Russia,35 T-80BVM,abandoned,https://i.postimg.cc/qMTDvQnb/1003-t80bvm.jpg,2022-08-30,3174,7397,4,7-317473974
Russia,Russia,35 T-90M,abandoned,https://postimg.cc/7C4qWVjY,2023-09-05,3175,7398,4,7-317573984
Russia,Russia,350 BTR-82AT,abandoned,https://i.postimg.cc/yYvHb7PT/1021-BTR-82-AT-dam-aband-21-01-25.jpg,2025-05-14,3181,7411,4,7-318174114
Russia,Russia,350 T-72B3,abandoned,https://i.postimg.cc/0Qdznct4/1031-t72b3-dam-aband-15-01-24.jpg,2024-01-21,3182,7417,4,7-318274174
Russia,Russia,350 T-72B3,abandoned,https://i.postimg.cc/ydVYv7LH/1036-T-72-B3-dama-aband-29-02-24.jpg,2024-03-02,3182,7419,4,7-318274194
Russia,Russia,351 Unknown tank,abandoned,https://i.postimg.cc/G2m95094/1004-Unknown-tank-dam-aband-19-05-24.jpg,2024-05-24,3185,7427,4,7-318574274
Russia,Russia,352 T-72B3,abandoned,https://i.postimg.cc/66PRrcQp/1019-T-72-B3-dam-aband-22-04-24.jpg,2024-04-27,3189,7436,4,7-318974364
Russia,Russia,352 Unknown tank,abandoned,https://i.postimg.cc/Wpm9ZW6y/1030-unkn-tank-dam-aband-14-05-24.jpg,2024-05-18,3190,7440,4,7-319074404
Russia,Russia,353 T-72B3,abandoned,https://i.postimg.cc/X77WTjkb/1057-t72b3-dam-aband-15-12-23.jpg,2024-01-09,3194,7453,4,7-319474534
Russia,Russia,355 BTR-82A(M),abandoned,https://twitter.com/UAWeapons/status/1597208161047703553,2022-11-30,3199,7466,4,7-319974664
Russia,Russia,356 BTR-82AT,abandoned,https://i.postimg.cc/4dffrgVf/1046-BTR-82-AT-aband-11-05-24.jpg,2025-05-30,3202,7470,4,7-320274704
Russia,Russia,356 T-72B3,abandoned,https://i.postimg.cc/HWbXJzMb/1037-T72-B3-dam-aband-30-04-24.jpg,2024-05-09,3203,7473,4,7-320374734
Russia,Russia,358 Unknown tank,abandoned,https://i.postimg.cc/qM6r8dyy/1049-Unknown-tank-dam-aband-22-05-24.jpg,2024-05-26,3208,7496,4,7-320874964
Russia,Russia,358 Unknown tank,abandoned,https://i.postimg.cc/zBD5WbFG/1009-Unknown-tank-aband-23-05-24.jpg,2024-05-26,3208,7497,4,7-320874974
Russia,Soviet Union,359 T-80BV,abandoned,https://i.postimg.cc/hPDJyZFk/1027-t80bv-dam-aband-22-07-23.jpg,2023-07-24,3212,7505,4,7-321275054
Russia,Soviet Union,36 MT-LB with ZU-23 AA gun,abandoned,https://i.postimg.cc/8kynTp9c/1030-unkn-t72-and-MT-LB-with-ZU-23-aband-31-10-23.jpg,2023-11-02,3223,7518,4,7-322375184
Russia,Russia,361 Ural-4320,abandoned,https://i.postimg.cc/GhTrHLBz/1006-Ural-4320.jpg,2022-08-24,3239,7567,4,7-323975674
Russia,Russia,363 T-72B3,abandoned,https://i.postimg.cc/Y23TBgKB/1038-T-72-B3-dam-aband-12-06-24.jpg,2024-06-17,3245,7586,4,7-324575864
Russia,Russia,363 Unknown tank,abandoned,https://i.postimg.cc/W1PMqkx8/1058-Unknown-tank-dam-aband-29-05-24.jpg,2024-05-31,3247,7594,4,7-324775944
Russia,Russia,363 Unknown tank,abandoned,https://i.postimg.cc/QNymCVXY/1011-unkn-tank-dam-aband-17-05-24.jpg,2024-05-31,3247,7595,4,7-324775954
Russia,Russia,365 T-72B3,abandoned,https://i.postimg.cc/02hxJRfg/1030-T-72-B3-dam-aband-17-06-24.jpg,2024-06-20,3251,7600,4,7-325176004
Russia,Russia,366 Unknown tank,abandoned,https://i.postimg.cc/gjFmr6j7/1003-Unknown-tank-dam-aband-29-05-24.jpg,2024-06-06,3256,7614,4,7-325676144
Russia,Russia,369 BTR-82AT,abandoned,https://i.postimg.cc/K4XW9RD3/1004-BTR-82-AT-aband-11-05-24.jpg,2025-08-17,3262,7626,4,7-326276264
Russia,Russia,369 T-72B3,abandoned,https://i.postimg.cc/mkx2pHHB/1024-t72b3-dam-aband-12-06-24.jpg,2024-07-15,3263,7629,4,7-326376294
Russia,Russia,370 BTR-82A(M),abandoned,https://i.postimg.cc/QM9zTHYN/1024-bmp3-and-btr82a-dam-aband.jpg,2022-12-11,3291,7679,4,7-329176794
Russia,Russia,370 Unknown tank,abandoned,https://i.postimg.cc/Zn2WyJkK/1009-Unknown-tank-dam-aband-30-05-24.jpg,2024-06-09,3294,7686,4,7-329476864
Russia,Russia,370 Unknown tank,abandoned,https://i.postimg.cc/3wYdGLqp/1032-Unknown-tank-dam-aband-24-05-24.jpg,2024-06-09,3294,7687,4,7-329476874
Russia,Soviet Union,372 BMP-1(P),abandoned,https://twitter.com/UAWeapons/status/1660286197497753600,2023-05-22,3298,4604,4,7-329846044
Russia,Soviet Union,374 T-80BV,abandoned,https://i.postimg.cc/L8PQYk8t/1005-t80bv-dam-aband-07-08-23.jpg,2023-08-09,3308,7726,4,7-330877264
Russia,Russia,377 BTR-82A(M),abandoned,https://i.postimg.cc/13ZFwPK4/1500-btr82a-aband-14-05-22.jpg,2023-01-06,3320,7749,4,7-332077494
Russia,Soviet Union,38 IMR-2(M) combat engineering vehicle,abandoned,https://i.postimg.cc/ncNS1ttG/1056-imr2-dam-aband-08-07-24.jpg,2024-07-09,3339,7775,4,7-333977754
Russia,Russia,38 T-80BV Obr. 2022,abandoned,https://i.postimg.cc/SRw2ySX0/1040-t80bv-obr2022-dam-aband-12-07-24.jpg,2024-07-24,3345,7788,4,7-334577884
Russia,Soviet Union,381 BMP-1(P),abandoned,https://i.postimg.cc/RFF6KnLs/1018-bmp1-dan-aband-24-05-23.jpg,2023-06-01,3354,7799,4,7-335477994
Russia,Soviet Union,381 BMP-1(P),abandoned,https://i.postimg.cc/rmPdJFh8/1010-bmp1-aband-21-05-23.jpg,2023-06-01,3354,7800,4,7-335478004
Russia,Soviet Union,384 T-80BV,abandoned,https://i.postimg.cc/7LbYj3mh/1016-2x-t80bv-1x-destr-1x-aband-1x-bmp1-destr-14-08-23.jpg,2023-08-15,3360,7812,4,7-336078124
Russia,Russia,384 Unknown tank,abandoned,https://i.postimg.cc/y63XYrdf/1014-Unknown-tank-dam-aband-31-05-24.jpg,2024-07-03,3361,7817,4,7-336178174
Russia,Russia,384 Unknown tank,abandoned,https://i.postimg.cc/tC0d1tn9/1013-Unknown-tank-dam-aband-31-05-24.jpg,2024-07-03,3361,7818,4,7-336178184
Russia,Soviet Union,39 IMR-2(M) combat engineering vehicle,abandoned,https://i.postimg.cc/j534nsfz/1050-IMR-2-M-combat-engineering-vehicle-dam-aband-28-10-24.jpg,2024-10-30,3380,7882,4,7-338078824
Russia,Soviet Union,392 BMP-1(P),abandoned,https://i.postimg.cc/rFDYndMN/1014-bmp1-dam-aband-11-06-23.jpg,2023-06-23,3397,7911,4,7-339779114
Russia,Soviet Union,392 T-80BV,abandoned,https://i.postimg.cc/tCm7DKvx/1031-t80bv-aband-23-07-23.jpg,2023-08-21,3399,7918,4,7-339979184
Russia,Soviet Union,395 T-80BV,abandoned,https://i.postimg.cc/mgZCfQTj/1001-t80bv-dam-aband-20-08-23.jpg,2023-08-24,3401,7923,4,7-340179234
Russia,Russia,395 Unknown tank,abandoned,https://i.postimg.cc/v8647QVG/1000-Unknown-tank-aband-08-07-24.jpg,2024-07-15,3402,7927,4,7-340279274
Russia,Russia,395 Unknown tank,abandoned,https://i.postimg.cc/VvLgz74M/1044-Unknown-tank-aband-09-07-24.jpg,2024-07-15,3402,7928,4,7-340279284
Russia,Soviet Union,397 T-80BV,abandoned,https://i.postimg.cc/kgdZnvTF/1501-t80bv-dam-aband-20-08-23.jpg,2023-08-27,3406,7941,4,7-340679414
Russia,Russia,397 Unknown tank,abandoned,https://i.postimg.cc/JnvgsKf7/1011-Unknown-tank-dam-aband-04-07-24.jpg,2024-07-09,3407,7948,4,7-340779484
Russia,Russia,399 BTR-82A(M),abandoned,https://i.postimg.cc/Kv83yg9v/1021-btr82a-dam-aband-24-01-23.jpg,2023-01-30,3409,7960,4,7-340979604
Russia,Russia,4 9A331M TLAR (for 9K332 Tor-M2),abandoned,https://i.postimg.cc/9XnwhNCn/1012.jpg,2022-07-09,3424,7980,4,7-342479804
Russia,Russia,4 T-72B Obr. 2022,abandoned,https://i.postimg.cc/cLKTshcY/1016-t72b-2022-dam-aband-14-07-23.jpg,2023-07-17,3469,8031,4,7-346980314
Russia,Russia,4 T-90M,abandoned,https://twitter.com/UAWeapons/status/1581733028870488064,2022-10-17,3476,8041,4,7-347680414
Russia,Soviet Union,4 Unknown T-54/55,abandoned,https://i.postimg.cc/KjbMBZLR/1106-unkn-t54-55-dam-aband-31-03-24.jpg,2024-06-11,3486,8059,4,7-348680594
Russia,Soviet Union,4 Ural-4320 (for PMP floating bridge system),abandoned,https://i.postimg.cc/y6prPRt3/1102-Ural-4320-for-PMP-floating-bridge-system-aband-17-04-22.jpg,2024-01-23,3495,8072,4,7-349580724
Russia,Soviet Union,40 T-72A,abandoned,https://i.postimg.cc/3N1qRr1N/1015-t72a-dam-aband-04-08-23.jpg,2023-08-06,3515,8113,4,7-351581134
Russia,Russia,401 Unknown tank,abandoned,https://i.postimg.cc/KYVbgM9g/1033-Unknown-tank-dam-aband-23-07-24.jpg,2024-07-25,3522,8125,4,7-352281254
Russia,Russia,401 Unknown tank,abandoned,https://i.postimg.cc/nLf6SGH7/1046-Unknown-tank-aband-14-06-24.jpg,2024-07-27,3522,8127,4,7-352281274
Russia,Soviet Union,402 BMP-1(P),abandoned,https://i.postimg.cc/q7pstx1c/1048-bmp1-dam-aband-25-06-23.jpg,2023-06-28,3523,8132,4,7-352381324
Russia,Russia,405 Unknown tank,abandoned,https://i.postimg.cc/QM8xSWr5/1010-Unknown-tank-dam-aband-25-07-24.jpg,2024-07-30,3530,8153,4,7-353081534
Russia,Russia,405 Unknown tank,abandoned,https://i.postimg.cc/GmdnFwkS/1063-Unknown-tank-dam-aband-25-07-24.jpg,2024-07-30,3530,8154,4,7-353081544
Russia,Russia,406 BTR-82A(M),abandoned,https://i.postimg.cc/zvW2tVvv/1000-2x-T-72b3-1x-t72-2x-bmp3-2x-btr82-dan-aband-1x-bmp3-destr-24-01-23.jpg,2023-02-15,3531,6265,4,7-353162654
Russia,Russia,411 Unknown tank,abandoned,https://i.postimg.cc/Hx8Gcb7n/1024-Unknown-tank-aband-30-07-24.jpg,2024-08-06,3562,8209,4,7-356282094
Russia,Soviet Union,418 BMP-1(P),abandoned,https://i.postimg.cc/3RLRLwrL/1015-bmp1-damaged-and-abandoned-09-07-23.jpg,2023-07-10,3569,8232,4,7-356982324
Russia,Soviet Union,418 BMP-1(P),abandoned,https://i.postimg.cc/qBSBgSNC/1014-bmp1-abandoned-09-07-23.jpg,2023-07-10,3569,8233,4,7-356982334
Russia,Soviet Union,418 BMP-1(P),abandoned,https://i.postimg.cc/FFMfw7gq/1019-bmp1-abandoned-09-07-23.jpg,2023-07-10,3569,8234,4,7-356982344
Russia,Russia,419 Unknown tank,abandoned,https://i.postimg.cc/65jLW3RM/1055-Unknown-tank-aband-24-07-24.jpg,2024-08-19,3572,8241,4,7-357282414
Russia,Russia,419 Unknown tank,abandoned,https://i.postimg.cc/8CWhmmYY/1056-Unknown-tank-aband-24-07-24.jpg,2024-08-19,3572,8242,4,7-357282424
Russia,Russia,419 Unknown tank,abandoned,https://i.postimg.cc/9QDPrhYC/1057-unkn-tank-dam-aband-14-08-24.jpg,2024-08-19,3572,8243,4,7-357282434
Russia,Soviet Union,425 BMP-1(P),abandoned,https://i.postimg.cc/gJg9QWh7/1001-bmp1-dam-aband-13-07-23.jpg,2023-07-14,3597,8288,4,7-359782884
Russia,Russia,429 BTR-82A(M),abandoned,https://twitter.com/naalsio26/status/1651029309526618115,2023-04-28,3607,8312,4,7-360783124
Russia,Soviet Union,43 BRM-1(K) reconnaissance vehicle,abandoned,https://i.postimg.cc/mg2vnPxj/1031-BRM-1-K-reconnaissance-vehicle-dam-aband-27-03-25.jpg,2025-04-07,3619,8333,4,7-361983334
Russia,Soviet Union,43 IMR-2(M) combat engineering vehicle,abandoned,https://i.postimg.cc/W3Dq9QHn/1069-IMR-2-M-combat-engineering-vehicle-aband-12-12-24.jpg,2024-12-18,3620,8334,4,7-362083344
Russia,Soviet Union,43 IMR-2(M) combat engineering vehicle,abandoned,https://i.postimg.cc/9MvRsL3j/1061-IMR-2-M-combat-engineering-vehicle-dam-aband-12-12-24.jpg,2024-12-18,3620,8335,4,7-362083354
Russia,Soviet Union,43 IMR-2(M) combat engineering vehicle,abandoned,https://i.postimg.cc/ry5HNntP/1000-IMR-2-M-combat-engineering-vehicle-aband-04-01-25.jpg,2025-01-10,3620,8336,4,7-362083364
Russia,Russia,431 Unknown tank,abandoned,https://i.postimg.cc/K8wQxNJC/1012-Unknown-tank-aband-21-09-24.jpg,2024-09-25,3634,8361,4,7-363483614
Russia,Russia,437 BTR-82A(M),abandoned,https://i.postimg.cc/kXN1jSHW/6h.png,2023-04-17,3642,8391,4,7-364283914
Russia,Russia,449 Unknown tank,abandoned,https://i.postimg.cc/Zqz2wBtt/1270-unkn-tank-dam-aband-20-10-24.jpg,2024-10-22,3688,8510,4,7-368885104
Russia,Russia,453 Unknown tank,abandoned,https://i.postimg.cc/ZRGjYJSG/1047-Unknown-tank-dam-aband-24-10-24.jpg,2024-10-27,3710,8543,4,7-371085434
Russia,Russia,456 BTR-82A(M),abandoned,https://i.postimg.cc/DwFvf0H4/1016-BREM-1-BTR-82-A-T-72-A-T-72-B3-dam-aband-08-07-23.jpg,2023-07-09,3716,6801,4,7-371668014
Russia,Soviet Union,46 IMR-2(M) combat engineering vehicle,abandoned,https://i.postimg.cc/JhFKbNMz/1001-IMR-2-M-combat-engineering-vehicle-dam-ababd-14-01-25.jpg,2025-01-31,3734,8581,4,7-373485814
Russia,Russia,461 Unknown tank,abandoned,https://i.postimg.cc/prqyGzW8/1034-Unknown-tank-aband-01-11-24.jpg,2024-11-14,3741,8597,4,7-374185974
Russia,Russia,462 BTR-82A(M),abandoned,https://i.postimg.cc/L8sKw1J2/1001-btr82a-dam-aband-17-07-23.jpg,2023-07-20,3743,8612,4,7-374386124
Russia,Russia,463 Unknown tank,abandoned,https://i.postimg.cc/qRW4y57t/1020-Unknown-tank-aband-27-11-24.jpg,2024-11-30,3748,8624,4,7-374886244
Russia,Russia,466 Unknown tank,abandoned,https://i.postimg.cc/ncvnBbF0/1018-Unknown-tank-dam-aband-10-01-25.jpg,2025-01-13,3756,8648,4,7-375686484
Russia,Russia,469 Unknown tank,abandoned,https://i.postimg.cc/htgKQQZP/1016-Unknown-tank-dam-aband-09-01-25.jpg,2025-01-16,3763,8665,4,7-376386654
Russia,Russia,471 Unknown tank,abandoned,https://i.postimg.cc/0jm2JWnM/1018-Unknown-tank-aband-14-01-25.jpg,2025-02-11,3784,8705,4,7-378487054
Russia,Russia,471 Unknown tank,abandoned,https://i.postimg.cc/wxsBPMzq/1029-Unknown-tank-dam-aband-31-01-25.jpg,2025-02-11,3784,8706,4,7-378487064
Russia,Russia,472 Unknown tank,abandoned,https://i.postimg.cc/8zC6W4sY/1066-Unknown-tank-aband-28-05-24.jpg,2025-01-19,3787,8715,4,7-378787154
Russia,Russia,473 Unknown tank,abandoned,https://i.postimg.cc/T3Gf20Lj/1034-Unknown-tank-aband-01-01-25.jpg,2025-02-12,3789,8719,4,7-378987194
Russia,Russia,474 Unknown tank,abandoned,https://i.postimg.cc/fyJ3TSyt/1019-Unknown-tank-dam-aband-16-02-25.jpg,2025-02-23,3790,8723,4,7-379087234
Russia,Soviet Union,479 BMP-1(P),abandoned,https://i.postimg.cc/V648Y3sp/436.png,2023-08-29,3798,8741,4,7-379887414
Russia,Russia,481 Unknown tank,abandoned,https://i.postimg.cc/X7nXNgK7/1029-Unknown-tank-dam-aband-23-02-25.jpg,2025-02-27,3823,8796,4,7-382387964
Russia,Russia,486 Unknown tank,abandoned,https://i.postimg.cc/fyP1dzhY/1150-Unknown-tank-dam-aband-11-03-25.jpg,2025-03-20,3834,8820,4,7-383488204
Russia,Russia,488 Unknown tank,abandoned,https://i.postimg.cc/0jkzx5Ty/1000-Unknown-tank-dam-aband-27-03-25.jpg,2025-04-02,3838,8829,4,7-383888294
Russia,Soviet Union,49 IMR-2(M) combat engineering vehicle,abandoned,https://i.postimg.cc/tR5C4h6K/1005-IMR-2-M-combat-engineering-vehicle-dam-aband-08-03-25.jpg,2025-05-12,3850,8848,4,7-385088484
Russia,Soviet Union,490 BMP-1(P),abandoned,https://i.postimg.cc/vTcrKxqJ/32766.png,2023-09-08,3857,8864,4,7-385788644
Russia,Soviet Union,490 BMP-1(P),abandoned,https://i.postimg.cc/QtRwN793/652.png,2023-09-08,3857,8865,4,7-385788654
Russia,Russia,496 Unknown tank,abandoned,https://i.postimg.cc/W3xtfmFB/1080-Unknown-tank-dam-aband-06-01-24.jpg,2025-04-07,3871,8900,4,7-387189004
Russia,Russia,496 Unknown tank,abandoned,https://i.postimg.cc/CMZqH5ny/1000-Unknown-tank-aband-03-04-25.jpg,2025-04-07,3871,8901,4,7-387189014
Russia,Russia,499 Unknown tank,abandoned,https://i.postimg.cc/jS6Y4XYs/1008-Unknown-tank-dam-aband-19-03-25.jpg,2025-04-13,3877,8925,4,7-387789254
Russia,Russia,5 AMN-590951,abandoned,https://twitter.com/UAWeapons/status/1660389486730067974,2023-05-23,3893,8944,4,7-389389444
Russia,Russia,50 (Unknown) vehicle,abandoned,https://i.postimg.cc/Xq6GD1t0/1002-Unknown-vehicle-dam-aband-28-12-23.jpg,2024-01-21,3951,9013,4,7-395190134
Russia,Russia,51 BMP-1AM,abandoned,https://i.postimg.cc/JzWdHv03/1043-BMP-1-AM-Basurmanin-dam-aband-10-09-24.jpg,2024-10-06,3978,9077,4,7-397890774
Russia,Russia,51 Unknown BTR-80/BTR-82A,abandoned,https://i.postimg.cc/2S03jFcL/1039-BTR-80-82-A-dam-aband-08-11-23.jpg,2023-11-14,3982,9090,4,7-398290904
Russia,Russia,518 BTR-82A(M),abandoned,https://i.postimg.cc/8C8TcmQV/1005-unkn-tank-and-btr82-aband-2x-unkn-afv-destr-20-10-23.jpg,2023-10-26,3998,6319,4,7-399863194
Russia,Soviet Union,52 T-64BV,abandoned,https://i.postimg.cc/cJ1RNdnM/337.png,2023-04-08,4006,9164,4,7-400691644
Russia,Russia,52 Unknown BTR-80/BTR-82A,abandoned,https://i.postimg.cc/7ZrJthXQ/1054-BTR-80-or-82-dam-aband-02-04-24.jpg,2024-04-08,4010,9175,4,7-401091754
Russia,Russia,53 T-80BV Obr. 2022,abandoned,https://i.postimg.cc/P5HSsTJR/1021-t80bv-obr2022-dam-aband-29-09-24.jpg,2024-10-09,4040,9288,4,7-404092884
Russia,Russia,539 Unknown tank,abandoned,https://i.postimg.cc/XYwhMyVW/1022-Unknown-tank-dam-aband-16-01-24.jpg,2025-05-30,4058,9337,4,7-405893374
Russia,Russia,539 Unknown tank,abandoned,https://i.postimg.cc/QMhzjxtT/1024-Unknown-tank-dam-aband-30-03-24.jpg,2025-05-30,4058,9338,4,7-405893384
Russia,Russia,550 KamAZ 6x6,abandoned,https://twitter.com/UAWeapons/status/1591015600046116865,2022-11-12,4098,9441,4,7-409894414
Russia,Russia,560 BTR-82A(M),abandoned,https://i.postimg.cc/hj626ydP/1046-btr82a-dam-aband-25-11-23.jpg,2023-11-27,4125,9504,4,7-412595044
Russia,Russia,560 BTR-82A(M),abandoned,https://i.postimg.cc/rwMQBtKW/1047-btr82a-aband-25-11-23.jpg,2023-11-27,4125,9505,4,7-412595054
Russia,Russia,571 BTR-82A(M),abandoned,https://twitter.com/Danspiun/status/1732013886268694558,2023-12-08,4150,9556,4,7-415095564
Russia,Russia,577 BTR-82A(M),abandoned,https://i.postimg.cc/J7PP84cp/1019-btr82a-aband-09-12-23.jpg,2023-12-10,4157,9605,4,7-415796054
Russia,Russia,577 BTR-82A(M),abandoned,https://i.postimg.cc/wBXQG6jc/1025-btr82a-dam-aband-09-12-23.jpg,2023-12-10,4157,9606,4,7-415796064
Russia,Russia,58 T-80BV Obr. 2022,abandoned,https://i.postimg.cc/Hkw2jkKc/1051-t80bv-obr2022-aband-28-10-24.jpg,2024-10-30,4169,9623,4,7-416996234
Russia,Russia,587 BTR-82A(M),abandoned,https://i.postimg.cc/25NSBJK7/1061-btr82a-dam-aband-11-12-23.jpg,2023-12-13,4180,9660,4,7-418096604
Russia,Russia,587 BTR-82A(M),abandoned,https://i.postimg.cc/J4gnRt3g/1060-btr82a-dam-aband-11-12-23.jpg,2023-12-13,4180,9661,4,7-418096614
Russia,Russia,587 BTR-82A(M),abandoned,https://i.postimg.cc/BQtbW2FH/1049-btr82a-dam-aband-19-10-23.jpg,2023-12-13,4180,9662,4,7-418096624
Russia,Russia,587 BTR-82A(M),abandoned,https://i.postimg.cc/JzfG5tGJ/1027-btr82-aband-23-10-23.jpg,2023-12-13,4180,9663,4,7-418096634
Russia,Russia,587 BTR-82A(M),abandoned,https://i.postimg.cc/501yDG52/1009-btr82a-aband-04-12-23.jpg,2023-12-13,4180,9664,4,7-418096644
Russia,Russia,587 BTR-82A(M),abandoned,https://i.postimg.cc/pVC5M26b/1008-btr82a-aband-04-12-23.jpg,2023-12-13,4180,9665,4,7-418096654
Russia,Soviet Union,596 BMP-2(K),abandoned,https://twitter.com/UAWeapons/status/1584532037829939200,2022-10-25,4207,3564,4,7-420735644
Russia,Russia,6 MTU-72 bridge layer,abandoned,https://i.postimg.cc/ydp3yLRw/1015-MTU-72-bridge-layer-aband-13-12-24.jpg,2025-01-07,4244,9788,4,7-424497884
Russia,Soviet Union,6 T-62MV,abandoned,https://i.postimg.cc/xjWHFMwX/1000-t62mv-dam-aband.jpg,2022-10-20,4253,9796,4,7-425397964
Russia,Russia,6 T-80BV Obr. 2022,abandoned,https://i.postimg.cc/prLXJCDC/1042-t80bvm-unkn-t80-bmp1-and-bmp2-destr-20-08-23.jpg,2023-08-21,4255,8724,4,7-425587244
Russia,Russia,6 T-90S,abandoned,https://twitter.com/UAWeapons/status/1622633889314250752,2023-02-07,4257,9803,4,7-425798034
Russia,Russia,602 BTR-82A(M),abandoned,https://i.postimg.cc/bw4qFryL/1021-btr82a-dam-aband-17-02-24.jpg,2024-04-08,4292,9899,4,7-429298994
Russia,Russia,602 BTR-82A(M),abandoned,https://i.postimg.cc/sfc0kzqJ/1030-btr82a-dam-aband-08-03-24.jpg,2024-04-08,4292,9900,4,7-429299004
Russia,Russia,602 BTR-82A(M),abandoned,https://i.postimg.cc/JnQGgB8Q/1016-btr82a-dam-aband-21-02-24.jpg,2024-04-08,4292,9901,4,7-429299014
Russia,Russia,602 BTR-82A(M),abandoned,https://i.postimg.cc/k5rq9RLW/1048-btr82a-aband-01-04-24.jpg,2024-04-08,4292,9902,4,7-429299024
Russia,Russia,602 BTR-82A(M),abandoned,https://i.postimg.cc/7ZJwpntx/1047-btr82a-dam-aband-01-04-24.jpg,2024-04-08,4292,9903,4,7-429299034
Russia,Russia,602 BTR-82A(M),abandoned,https://i.postimg.cc/Qxrt20vX/1063-btr82a-dam-aband-05-04-24.jpg,2024-04-08,4292,9904,4,7-429299044
Russia,Soviet Union,606 BMP-2(K),abandoned,https://twitter.com/UAWeapons/status/1589181759211524098,2022-11-08,4297,9916,4,7-429799164
Russia,Russia,606 BTR-82A(M),abandoned,https://i.postimg.cc/BbKNDD4m/1007-btr82a-aband-31-12-23.jpg,2024-01-19,4298,9923,4,7-429899234
Russia,Russia,606 BTR-82A(M),abandoned,https://i.postimg.cc/FFdT2t30/1012-BTR-82-AT-aband-31-12-23.jpg,2024-01-19,4298,9924,4,7-429899244
Russia,Russia,607 BTR-82A(M),abandoned,https://i.postimg.cc/rFq0cMr3/1045-btr82a-dam-aband-19-01-24.jpg,2024-01-21,4301,9930,4,7-430199304
Russia,Russia,609 BTR-82A(M),abandoned,https://i.postimg.cc/sDdwjQk0/1027-btr82a-dam-aband-21-01-24.jpg,2024-01-24,4304,9937,4,7-430499374
Russia,Russia,61 Ural-43206,abandoned,https://i.postimg.cc/R0QNMfTp/1141-Ural-43206-abandoned-and-damaged.jpg,2022-07-28,4317,9966,4,7-431799664
Russia,Soviet Union,61 ZiL-131,abandoned,https://i.postimg.cc/fbyFMqsr/1039-Zi-L-131-dam-aband-04-02-25.jpg,2025-02-12,4319,9970,4,7-431999704
Russia,Russia,610 BTR-82A(M),abandoned,https://i.postimg.cc/Z5G342dJ/1057-btr82a-dam-aband-14-04-24.jpg,2024-04-17,4320,9974,4,7-432099744
Russia,Russia,610 BTR-82A(M),abandoned,https://i.postimg.cc/9MV7q9bS/1058-btr82a-dam-aband-14-04-24.jpg,2024-04-17,4320,9975,4,7-432099754
Russia,Russia,616 BTR-82A(M),abandoned,https://i.postimg.cc/Jz8L396c/1060-btr82a-aband-06-02-24.jpg,2024-02-09,4326,10007,4,7-4326100074
Russia,Russia,616 BTR-82A(M),abandoned,https://i.postimg.cc/RFprq0pY/1023-btr82a-dam-aband-11-12-23.jpg,2024-05-02,4326,10010,4,7-4326100104
Russia,Russia,62 Unknown BTR-80/BTR-82A,abandoned,https://i.postimg.cc/Wzf1VR47/1047-unkn-btr-dam-aband-04-06-24.jpg,2024-06-06,4343,10057,4,7-4343100574
Russia,Russia,620 BTR-82A(M),abandoned,https://i.postimg.cc/bv0x9wdL/1004-BTR-82-AT-aband-11-02-24.jpg,2024-02-18,4346,10062,4,7-4346100624
Russia,Russia,622 BTR-82A(M),abandoned,https://i.postimg.cc/yNB4C95m/1079-btr82a-aband-07-05-24.jpg,2024-05-09,4348,10068,4,7-4348100684
Russia,Russia,624 BTR-82A(M),abandoned,https://i.postimg.cc/RVxcnZMG/1014-btr82a-dam-aband-17-02-24.jpg,2024-02-23,4351,10082,4,7-4351100824
Russia,Russia,625 BTR-82A(M),abandoned,https://i.postimg.cc/15PrL2dr/1039-btr82a-dam-aband-08-05-24.jpg,2024-05-12,4354,10097,4,7-4354100974
Russia,Russia,628 BTR-82A(M),abandoned,https://i.postimg.cc/tgQmQ2CJ/1042-btr82a-aband-25-02-24.jpg,2024-02-26,4357,10106,4,7-4357101064
Russia,Russia,631 Ural-4320,abandoned,https://postimg.cc/VJT1p7p5,2023-04-03,4378,10156,4,7-4378101564
Russia,Russia,634 BTR-82A(M),abandoned,https://i.postimg.cc/bNCzSjp0/1046-BTR-82-A-M-aband-04-06-24.jpg,2024-06-06,4381,10164,4,7-4381101644
Russia,Russia,637 BTR-82A(M),abandoned,https://i.postimg.cc/d0gfSJHd/1008-BTR-82-A-M-dam-aband-30-05-24.jpg,2024-06-09,4386,10187,4,7-4386101874
Russia,Russia,639 BTR-82A(M),abandoned,https://i.postimg.cc/wjHPS478/1111-btr82a-aband-09-06-24.jpg,2024-06-12,4390,10193,4,7-4390101934
Russia,Russia,64 Unknown BTR-80/BTR-82A,abandoned,https://i.postimg.cc/W40Zq4JQ/1036-BTR-80-or-82-aband-16-07-24.jpg,2024-07-18,4402,10214,4,7-4402102144
Russia,Russia,642 BTR-82A(M),abandoned,https://i.postimg.cc/gjKgKHFn/1058-btr82a-dam-aband-23-05-24.jpg,2024-06-15,4406,10226,4,7-4406102264
Russia,Russia,65 T-80BV Obr. 2022,abandoned,https://i.postimg.cc/HstgS62W/1106-T-80-BV-Obr2022-dam-aband-11-11-24.jpg,2024-12-09,4429,10284,4,7-4429102844
Russia,Russia,65 Unknown BTR-80/BTR-82A,abandoned,https://i.postimg.cc/Y04XWMJv/1031-BTR-80-or-82-aband-13-07-24.jpg,2024-07-21,4432,10290,4,7-4432102904
Russia,Russia,658 BTR-82A(M),abandoned,https://i.postimg.cc/2y8CVRgL/1018-btr82a-dam-aband-07-07-24.jpg,2024-07-15,4446,10340,4,7-4446103404
Russia,Russia,660 BTR-82A(M),abandoned,https://i.postimg.cc/cCsxxkjk/1025-BTR-82-A-M-dam-aband-17-07-24.jpg,2024-07-21,4465,10367,4,7-4465103674
Russia,Russia,664 BTR-82A(M),abandoned,https://i.postimg.cc/qvjPV7Dg/1027-BTR-82-A-M-aband-23-07-24.jpg,2024-07-24,4468,10379,4,7-4468103794
Russia,Russia,664 Ural-4320,abandoned,https://i.postimg.cc/jq7w2sb8/1018-ural4320-aband-26-02-22.jpg,2023-05-17,4469,10383,4,7-4469103834
Russia,Russia,668 BTR-82A(M),abandoned,https://i.postimg.cc/hG6dLTbW/1013-BTR-82-A-aband-29-07-24.jpg,2024-08-03,4477,10400,4,7-4477104004
Russia,Soviet Union,67 T-62M,abandoned,https://i.postimg.cc/Jzf348Lr/1021-t62m-dam-aband-21-12-23.jpg,2024-01-10,4485,10410,4,7-4485104104
Russia,Russia,673 BTR-82A(M),abandoned,https://i.postimg.cc/m2X6QmMw/1012-BTR-82-A-M-dam-aband-15-08-24.jpg,2024-08-18,4501,10447,4,7-4501104474
Russia,Russia,68 T-80BV Obr. 2022,abandoned,https://i.postimg.cc/Y0JGXQdf/1006-T-80-BV-Obr2022-dam-aband-16-12-24.jpg,2024-12-23,4522,10486,4,7-4522104864
Russia,Russia,686 BTR-82A(M),abandoned,https://i.postimg.cc/3JMDJQnn/1012-BTR-82-A-M-dam-aband-04-09-24.jpg,2024-09-09,4536,10513,4,7-4536105134
Russia,Russia,686 BTR-82A(M),abandoned,https://i.postimg.cc/JnvHkfm7/1061-BTR-82-A-M-dam-aband-04-09-24.jpg,2024-09-09,4536,10514,4,7-4536105144
Russia,Soviet Union,689 BMP-2(K),abandoned,https://i.postimg.cc/SsBxhTfn/1029-bmp2-aband-14-01-23.jpg,2023-01-21,4544,10535,4,7-4544105354
Russia,Soviet Union,69 T-64BV,abandoned,https://i.postimg.cc/0NcRYBJS/1046-t64bv-dam-aband-18-10-23.jpg,2023-10-22,4551,10546,4,7-4551105464
Russia,Russia,69 T-80BV Obr. 2022,abandoned,https://i.postimg.cc/C1Y8mZzV/1004-T-80-BV-Obr-2022-dam-aband-01-01-25.jpg,2025-01-07,4552,10549,4,7-4552105494
Russia,Russia,69 ZALA 421-16Е,abandoned,https://i.postimg.cc/MTzdYW9b/1023-ZALA-421-16-reconnaissance-UAV-aband-22-07-24.jpg,2024-07-25,4557,10555,4,7-4557105554
Russia,Russia,690 BTR-82A(M),abandoned,https://i.postimg.cc/PrJY4GYd/1019-BTR-82-A-M-dam-aband-12-09-24.jpg,2024-09-21,4558,10557,4,7-4558105574
Russia,Russia,690 BTR-82A(M),abandoned,https://i.postimg.cc/Hns5RRN4/1059-BTR-82-A-M-aband-19-09-24.jpg,2024-09-21,4558,10558,4,7-4558105584
Russia,Russia,7 BMP-1 765-SB3KDZ,abandoned,https://i.postimg.cc/pTD5Z43D/1042-BMP-1-SB3-KDZ-dam-aband-25-02-24.jpg,2024-04-14,4583,10604,4,7-4583106044
Russia,Russia,7 BREM-L armoured recovery vehicle,abandoned,https://i.postimg.cc/G36GB29z/1305-brem-L-dam-aband-17-02-24.jpg,2024-04-08,4588,10615,4,7-4588106154
Russia,Russia,7 MTU-72 bridge layer,abandoned,https://i.postimg.cc/ZKy88nFF/1053-MTU-72-bridge-layer-dam-aband-03-01-25.jpg,2025-02-23,4601,10628,4,7-4601106284
Russia,Soviet Union,702 BMP-2(K),abandoned,https://i.postimg.cc/NF4LLtyM/1004-2x-bmp2-dam-aband-1x-BTR82-A-destr-25-01-23.jpg,2023-01-30,4646,7951,4,7-464679514
Russia,Soviet Union,702 BMP-2(K),abandoned,https://i.postimg.cc/gk7jFtXN/1013-bmp2-dam-aband-28-01-23.jpg,2023-01-30,4646,10702,4,7-4646107024
Russia,Soviet Union,702 BMP-2(K),abandoned,https://i.postimg.cc/vT31VQms/1020-bmp2-dam-aband-24-01-23.jpg,2023-01-30,4646,10703,4,7-4646107034
Russia,Russia,71 T-80BV Obr. 2022,abandoned,https://i.postimg.cc/59wLMjZs/1026-T-80-BV-Obr2022-dam-aband-23-11-24.jpg,2025-01-19,4663,10743,4,7-4663107434
Russia,Russia,710 BTR-82A(M),abandoned,https://i.postimg.cc/DzSLBbMv/1042-BTR-82-A-M-dam-aband-06-09-24.jpg,2024-10-22,4670,10766,4,7-4670107664
Russia,Russia,710 BTR-82A(M),abandoned,https://i.postimg.cc/Jz6jNQKY/1159-BTR-82-A-M-dam-aband-10-10-24.jpg,2024-10-22,4670,10767,4,7-4670107674
Russia,Russia,710 Ural-4320,abandoned,https://i.postimg.cc/QCtz5WqC/1049-ural4320-dam-aband-25-06-23.jpg,2023-06-28,4671,10778,4,7-4671107784
Russia,Russia,713 BTR-82A(M),abandoned,https://i.postimg.cc/YCGLtXjH/1313-BTR-82-A-M-aband-18-10-24.jpg,2024-10-23,4674,10787,4,7-4674107874
Russia,Russia,716 BTR-82A(M),abandoned,https://i.postimg.cc/sD5rP2HN/1034-BTR-82-A-M-dam-aband-25-10-24.jpg,2024-10-27,4675,10791,4,7-4675107914
Russia,Soviet Union,72 T-64BV,abandoned,https://i.postimg.cc/Dyzd0W42/1016-64-BV-and-72-B-dam-aband-19-10-23.jpg,2023-11-06,4687,10816,4,7-4687108164
Russia,Russia,726 BTR-82A(M),abandoned,https://i.postimg.cc/fRXzgDnd/1035-BTR-82-A-M-dam-aband-26-10-24.jpg,2024-11-05,4701,10842,4,7-4701108424
Russia,Russia,726 BTR-82A(M),abandoned,https://i.postimg.cc/ZKkVhnpr/1050-BTR-82-A-M-dam-aband-07-11-24.jpg,2024-11-11,4701,10843,4,7-4701108434
Russia,Russia,726 BTR-82A(M),abandoned,https://i.postimg.cc/Yq1827zT/1052-BTR-82-A-M-dam-aband-07-11-24.jpg,2024-11-11,4701,10844,4,7-4701108444
Russia,Soviet Union,73 T-62M,abandoned,https://i.postimg.cc/XvQVBwXh/1036-T-62-M-dam-aband-12-02-24.jpg,2024-02-15,4707,10856,4,7-4707108564
Russia,Soviet Union,734 BMP-2(K),abandoned,https://twitter.com/UAWeapons/status/1622943432581779459,2023-02-12,4717,5007,4,7-471750074
Russia,Soviet Union,734 BMP-2(K),abandoned,https://i.postimg.cc/6qZJL38T/1004-1x-mtlb-dam-aband-2x-bmp2-1x-destr-1x-dam-aband-2x-t72b3-dam-aband-09-02-23.jpg,2023-02-12,4717,6177,4,7-471761774
Russia,Soviet Union,734 BMP-2(K),abandoned,https://i.postimg.cc/7653s956/1001-bmp2-dam-aband-09-02-23.jpg,2023-02-12,4717,10892,4,7-4717108924
Russia,Soviet Union,734 BMP-2(K),abandoned,https://i.postimg.cc/3RdHN97X/1005-1x-bmp2-destr-1x-mtlb-aband-1x-t72b3-aband-09-02-23.jpg,2023-02-12,4717,10893,4,7-4717108934
Russia,Soviet Union,734 BMP-2(K),abandoned,https://i.postimg.cc/3wKQTpyM/1108-bmp2-aband-06-02-23.jpg,2023-02-12,4717,10894,4,7-4717108944
Russia,Soviet Union,734 BMP-2(K),abandoned,https://twitter.com/UAWeapons/status/1624007672965083136,2023-02-12,4717,10895,4,7-4717108954
Russia,Soviet Union,734 BMP-2(K),abandoned,https://i.postimg.cc/m2hhtXbZ/1004-2x-bmp2-dam-aband-07-02-23.jpg,2023-02-12,4717,10896,4,7-4717108964
Russia,Soviet Union,734 BMP-2(K),abandoned,https://i.postimg.cc/qqFJsrkJ/1012-bmp2-aband-07-02-23.jpg,2023-02-12,4717,10897,4,7-4717108974
Russia,Soviet Union,734 BMP-2(K),abandoned,https://i.postimg.cc/TYyYRK9p/1013-bmp2-dam-aband-07-02-23.jpg,2023-02-12,4717,10898,4,7-4717108984
Russia,Soviet Union,734 BMP-2(K),abandoned,https://i.postimg.cc/kXkMD71w/1014-bmp2-aband-07-02-23.jpg,2023-02-12,4717,10899,4,7-4717108994
Russia,Russia,74 T-80BVM,abandoned,https://twitter.com/UAWeapons/status/1636692524830957571,2023-03-20,4734,10946,4,7-4734109464
Russia,Russia,74 Ural-4320 tanker,abandoned,https://i.postimg.cc/3xMyy4yj/1013.jpg,2022-07-09,4737,10951,4,7-4737109514
Russia,Russia,741 BTR-82A(M),abandoned,https://i.postimg.cc/pXkqzLjn/1055-BTR-82-A-M-dam-aband-07-11-24.jpg,2024-11-14,4739,10966,4,7-4739109664
Russia,Russia,741 BTR-82A(M),abandoned,https://i.postimg.cc/NjMb4v8C/1057-BTR-82-A-M-aband-07-11-24.jpg,2024-11-14,4739,10967,4,7-4739109674
Russia,Soviet Union,743 BMP-2(K),abandoned,https://i.postimg.cc/L4Crkzcs/1005-bmp2-aband-14-02-23.jpg,2023-02-15,4741,10975,4,7-4741109754
Russia,Soviet Union,75 BTR-D,abandoned,https://i.postimg.cc/LXc2pJCx/1028-BTR-D-aband-13-06-23.jpg,2023-06-14,4752,11008,4,7-4752110084
Russia,Soviet Union,755 BMP-2(K),abandoned,https://i.postimg.cc/9Qg2PRT1/1002-T80-BV-destr-2x-bmp1-dam-aband-23-02-23.jpg,2023-02-24,4767,5475,4,7-476754754
Russia,Russia,759 BTR-82A(M),abandoned,https://i.postimg.cc/BvF2DX44/1022-BTR-82-A-M-dam-aband-27-11-24.jpg,2024-11-30,4770,11054,4,7-4770110544
Russia,Soviet Union,76 T-62M,abandoned,https://i.postimg.cc/q7Znqz75/1026-1x-destr-2x-dam-aband-T62-M-06-02-23.jpg,2024-02-18,4779,11067,4,7-4779110674
Russia,Russia,761 KamAZ 6x6,abandoned,https://i.postimg.cc/cCZdNpkp/1014-kamaz6x6-aband-23-05-23.jpg,2023-06-01,4790,11090,4,7-4790110904
Russia,Soviet Union,764 BMP-2(K),abandoned,https://i.postimg.cc/Wbrt5H4J/1033-2x-bmp2-1x-destr-1x-dam-aband-02-03-23.jpg,2023-03-04,4793,11100,4,7-4793111004
Russia,Soviet Union,77 T-64BV,abandoned,https://i.postimg.cc/kg244rdJ/1044-T-64-BV-destr-30-10-23.jpg,2023-11-27,4810,11128,4,7-4810111284
Russia,Soviet Union,77 T-64BV,abandoned,https://i.postimg.cc/yNpVKk2L/1007_T-64BV_aband_t64bv_21_11_23.jpg,2023-11-28,4810,11129,4,7-4810111294
Russia,Soviet Union,77 T-72B Obr. 1989,abandoned,https://i.postimg.cc/3RdHN97X/1005-1x-bmp2-destr-1x-mtlb-aband-1x-t72b3-aband-09-02-23.jpg,2023-02-12,4811,10893,4,7-4811108934
Russia,Soviet Union,77 T-72B Obr. 1989,abandoned,https://i.postimg.cc/jdLjppp6/1104-t72b1989-dam-aband-06-02-23.jpg,2023-02-12,4811,11133,4,7-4811111334
Russia,Soviet Union,77 T-72B Obr. 1989,abandoned,https://i.postimg.cc/gkQ0mMpC/1105-t72b1989-dam-aband-06-02-23.jpg,2023-02-12,4811,11134,4,7-4811111344
Russia,Russia,770 BTR-82A(M),abandoned,https://i.postimg.cc/50CRGSh2/1066-BTR-82-A-M-dam-aband-07-12-24.jpg,2024-12-09,4815,11149,4,7-4815111494
Russia,Russia,770 BTR-82A(M),abandoned,https://i.postimg.cc/vmjK3NSK/1082-BTR-82-A-M-dam-aband-03-12-24.jpg,2024-12-09,4815,11150,4,7-4815111504
Russia,Soviet Union,775 BMP-2(K),abandoned,https://i.postimg.cc/kgpdmJLd/1042-2x-bmp2-aband-04-03-23.jpg,2023-03-07,4822,11172,4,7-4822111724
Russia,Soviet Union,78 BTR-D,abandoned,https://i.postimg.cc/C5Hs9B4P/1029-BTR-D-dam-aband-13-08-23.jpg,2023-08-15,4832,11191,4,7-4832111914
Russia,Soviet Union,78 T-72B Obr. 1989,abandoned,https://twitter.com/UAWeapons/status/1628044473635598340,2023-02-23,4836,6686,4,7-483666864
Russia,Russia,782 BTR-82A(M),abandoned,https://i.postimg.cc/vBNWS9tz/1008-BTR-82-A-M-dam-aband-23-12-24.jpg,2024-12-26,4843,11214,4,7-4843112144
Russia,Soviet Union,789 BMP-2(K),abandoned,https://twitter.com/UAWeapons/status/1635313931731492865,2023-03-16,4856,7097,4,7-485670974
Russia,Soviet Union,79 T-62M,abandoned,https://i.postimg.cc/bwQcFjyb/1032-T-62-M-dam-aband-12-04-24.jpg,2024-04-17,4866,11262,4,7-4866112624
Russia,Soviet Union,79 T-62M,abandoned,https://i.postimg.cc/mktWdzk2/1033-T-62-M-dam-aband-12-04-24.jpg,2024-04-17,4866,11263,4,7-4866112634
Russia,Russia,8 BMP-2M 675-sb3KDZ,abandoned,https://i.postimg.cc/90TDgqzt/1004-BMP-2-M-675-sb3-KDZ-dam-aband-27-07-24.jpg,2024-07-31,4904,11332,4,7-4904113324
Russia,Russia,8 BREM-L armoured recovery vehicle,abandoned,https://i.postimg.cc/V6Ld5BwM/1011-BREM-L-Beglyanka-armoured-recovery-vehicle-aband-02-08-24.jpg,2024-08-06,4905,11333,4,7-4905113334
Russia,Soviet Union,8 T-62M,abandoned,https://i.postimg.cc/FHvqwqSC/1007-t62m-dam-aban.jpg,2022-10-04,4927,11355,4,7-4927113554
Russia,Soviet Union,804 BMP-2(K),abandoned,https://twitter.com/UAWeapons/status/1638845891254558720,2023-03-26,4961,5937,4,7-496159374
Russia,Soviet Union,807 BMP-2(K),abandoned,https://i.postimg.cc/bJpD8zvX/4313.png,2023-03-28,4965,11430,4,7-4965114304
Russia,Soviet Union,81 T-62M,abandoned,https://i.postimg.cc/V63LKJWz/1020-T-62-M-dam-aband-20-04-24.jpg,2024-04-24,4974,11440,4,7-4974114404
Russia,Soviet Union,81 T-64BV,abandoned,https://i.postimg.cc/QtnrhwF4/1008-T-64-BV-dam-aband-18-12-23.jpg,2024-01-30,4975,11443,4,7-4975114434
Russia,Soviet Union,81 T-64BV,abandoned,https://i.postimg.cc/tJKQV6tF/1009-T-64-BV-dam-aband-18-12-23.jpg,2024-01-30,4975,11444,4,7-4975114444
Russia,Soviet Union,811 BMP-2(K),abandoned,https://i.postimg.cc/7PFyFHxK/4.png,2023-03-29,4980,11453,4,7-4980114534
Russia,Soviet Union,812 BMP-2(K),abandoned,https://i.postimg.cc/vH9fRXMD/1019-bmp2-aband-14-02-23.jpg,2023-05-02,4981,11471,4,7-4981114714
Russia,Soviet Union,812 BMP-2(K),abandoned,https://i.postimg.cc/Df4bs5S5/1044-bmp2-dam-aband-28-04-23.jpg,2023-05-02,4981,11472,4,7-4981114724
Russia,Soviet Union,814 BMP-2(K),abandoned,https://i.postimg.cc/wM3zbrF6/4430.png,2023-04-08,4984,11487,4,7-4984114874
Russia,Soviet Union,82 T-72B Obr. 1989,abandoned,https://i.postimg.cc/Xq9G6ypX/1002-t72b-1989-aband-05-03-23.jpg,2023-03-07,4993,11504,4,7-4993115044
Russia,Russia,82 Unknown BTR-80/82A,abandoned,https://i.postimg.cc/cL20SBkQ/1040-BTR-80-or-82-dam-aband-15-02-25.jpg,2025-02-18,4997,11512,4,7-4997115124
Russia,Russia,821 BTR-82A(M),abandoned,https://i.postimg.cc/pLvZrTGN/1132-BTR-82-A-M-dam-aband-28-02-25.jpg,2025-03-20,5002,11533,4,7-5002115334
Russia,Soviet Union,827 BMP-2(K),abandoned,https://twitter.com/UAWeapons/status/1660286197497753600,2023-05-22,5011,4604,4,7-501146044
Russia,Soviet Union,83 T-72B Obr. 1989,abandoned,https://i.postimg.cc/sX6f34fy/1301-t72b1989-dam-aband.jpg,2023-03-20,5024,11573,4,7-5024115734
Russia,Soviet Union,833 BMP-2(K),abandoned,https://i.postimg.cc/GpzT4jGT/1017-bmp2-aband-23-05-23.jpg,2023-06-01,5034,11594,4,7-5034115944
Russia,Russia,836 BTR-82A(M),abandoned,https://i.postimg.cc/9MJfmVBc/1012-BTR-82-A-M-dam-aband-07-05-25.jpg,2025-05-12,5038,11610,4,7-5038116104
Russia,Soviet Union,84 T-72B Obr. 1989,abandoned,https://i.postimg.cc/bNSwnVvB/245.png,2023-03-29,5050,11632,4,7-5050116324
Russia,Soviet Union,848 BMP-2(K),abandoned,https://i.postimg.cc/qRxT21ns/1016-2x-bmp2-1x-destr-1x-dam-aband-18-06-23.jpg,2023-06-19,5072,11674,4,7-5072116744
Russia,Russia,86 T-80BVM,abandoned,https://i.postimg.cc/c4R5jpYr/1001-t80bvm-dam-aband-10-07-23.jpg,2023-07-14,5099,11722,4,7-5099117224
Russia,Russia,87 T-80BVM,abandoned,https://i.postimg.cc/FHqWc8KD/1032-t80bvm-dam-aband-15-07-23.jpg,2023-07-17,5123,11780,4,7-5123117804
Russia,Russia,89 BTR-82AT,abandoned,https://i.postimg.cc/4dwbSfy7/1050-BTR-82-AT-dam-aband-07-03-24.jpg,2024-04-08,5151,11881,4,7-5151118814
Russia,Russia,89 BTR-82AT,abandoned,https://i.postimg.cc/hjkjPrj1/1020-BTR-82-AT-dam-aband-02-04-24.jpg,2024-04-08,5151,11882,4,7-5151118824
Russia,Russia,89 BTR-82AT,abandoned,https://i.postimg.cc/Xq9vZCBS/1021-BTR-82-AT-dam-aband-02-04-24.jpg,2024-04-08,5151,11883,4,7-5151118834
Russia,Soviet Union,896 BMP-2(K),abandoned,https://i.postimg.cc/CxtZTS0s/1041-2x-bmp3-destr-1x-bmp2-dam-aband-21-07-23.jpg,2023-07-22,5161,11906,4,7-5161119064
Russia,Soviet Union,9 KrAZ-255 (for PMP floating bridge system),abandoned,https://i.postimg.cc/Nfp4rvFW/1009-Kr-AZ-255-for-PMP-floating-bridge-system-dam-aband-28-08-24.jpg,2024-09-03,5195,11949,4,7-5195119494
Russia,Russia,9 T-62MV Obr. 2022,abandoned,https://i.postimg.cc/3J9ZznYP/1019-T62-MV-Obr2022-dam-aband-02-05-24.jpg,2024-05-04,5209,11973,4,7-5209119734
Russia,Russia,9 T-62MV Obr. 2022,abandoned,https://i.postimg.cc/nL9YjxBJ/1009-T62-MV-Obr2022-dam-aband-01-05-24.jpg,2024-05-04,5209,11974,4,7-5209119744
Russia,Russia,9 T-62MV Obr. 2022,abandoned,https://i.postimg.cc/3RMj2qFD/1010-T62-MV-Obr2022-dam-aband-01-05-24.jpg,2024-05-04,5209,11975,4,7-5209119754
Russia,Russia,9 T-62MV Obr. 2022,abandoned,https://i.postimg.cc/NFB1zrVs/1011-T62-MV-Obr2022-dam-aband-01-05-24.jpg,2024-05-04,5209,11976,4,7-5209119764
Russia,Soviet Union,92 T-62M,abandoned,https://i.postimg.cc/Gm7wrvPR/1002-T-62-M-dam-aband-02-06-24.jpg,2024-06-24,5282,12140,4,7-5282121404
Russia,Soviet Union,926 BMP-2(K),abandoned,https://i.postimg.cc/sxC5ZQPr/1018-bmp2-dam-aband-12-08-23.jpg,2023-08-16,5298,12186,4,7-5298121864
Russia,Soviet Union,93 T-64BV,abandoned,https://i.postimg.cc/sfB5C7hg/1022-T-64-BV-dam-aband-11-05-25.jpg,2025-05-18,5307,12198,4,7-5307121984
Russia,Soviet Union,933 BMP-2(K),abandoned,https://i.postimg.cc/dVZ5HK6k/1026-brem1-destr-and-bmp2-dam-aband-19-08-23.jpg,2023-08-21,5314,7386,4,7-531473864
Russia,Soviet Union,933 BMP-2(K),abandoned,https://i.postimg.cc/bJpLwShk/1033-bmp2-aband-23-07-23.jpg,2023-08-21,5314,12211,4,7-5314122114
Russia,Soviet Union,95 T-62M,abandoned,https://i.postimg.cc/Y2FHQvCF/1105-T-62-M-aband-30-01-24.jpg,2024-07-15,5351,12301,4,7-5351123014
Russia,Russia,95 T-80BVM,abandoned,https://i.postimg.cc/J0tMSfm3/1005-72-B3-and-80-BVM-dam-aband-20-08-23.jpg,2023-08-24,5353,7032,4,7-535370324
Russia,Soviet Union,97 T-72B Obr. 1989,abandoned,https://i.postimg.cc/029Gq8r4/1024-T72b1989-aband-and-T80bvm-destr-15-10-23.jpg,2023-12-09,5382,851,4,7-53828514
Russia,Soviet Union,970 BMP-2(K),abandoned,https://i.postimg.cc/s2zyRwj8/328.png,2023-09-14,5391,12378,4,7-5391123784
Russia,Soviet Union,976 BMP-2(K),abandoned,https://i.postimg.cc/0NfNx9pj/2249.png,2023-09-21,5396,12395,4,7-5396123954
Russia,Soviet Union,976 BMP-2(K),abandoned,https://i.postimg.cc/k44Hjd9L/3g3.png,2023-09-21,5396,12396,4,7-5396123964
Russia,Russia,98 T-80U,abandoned,https://i.postimg.cc/Gmk4H0Xd/1031-T-80-U-dam-aband-24-05-24.jpg,2024-06-09,5413,12430,4,7-5413124304
Russia,Soviet Union,99 T-72B Obr. 1989,abandoned,https://i.postimg.cc/5071gLHB/1015-T-72-B-Obr-1989-dam-aband-01-02-24.jpg,2024-03-02,5434,12469,4,7-5434124694
Russia,Soviet Union,9A330 Tor TLAR (for 9K330 Tor-M),abandoned,https://i.postimg.cc/8PS5zQYB/4310.png,2022-03-19,5457,12559,4,7-5457125594
Russia,Soviet Union,9A330 Tor TLAR (for 9K330 Tor-M),abandoned,https://i.postimg.cc/mgHPxQR3/5k.png,2022-03-19,5457,12560,4,7-5457125604
Russia,Russia,9A331 TLAR (for 9K331 Tor-M1),abandoned,https://i.postimg.cc/6pfMfZYj/f430.jpg,2022-03-19,5458,12564,4,7-5458125644
Russia,Soviet Union,9K33 Osa,abandoned,https://i.postimg.cc/PxkdsRX3/438.png,2022-03-19,5466,12626,4,7-5466126264
Russia,Soviet Union,9K33 Osa,abandoned,https://i.postimg.cc/3RKjWRVn/6657.png,2022-03-19,5466,12627,4,7-5466126274
Russia,Soviet Union,9K35 Strela-10,abandoned,https://i.postimg.cc/rmQmjFmn/542.png,2022-03-19,5468,12655,4,7-5468126554
Russia,Soviet Union,9K35 Strela-10,abandoned,https://i.postimg.cc/FKXqgKZj/n8.jpg,2022-03-19,5468,12656,4,7-5468126564
Russia,Soviet Union,9K35 Strela-10,abandoned,https://i.postimg.cc/gcVRwKgk/v56.png,2022-03-19,5468,12657,4,7-5468126574
Russia,Soviet Union,9M114 Kokon,abandoned,https://i.postimg.cc/Qdw6LXPV/98u.png,2022-03-19,5473,12736,4,7-5473127364
Russia,Soviet Union,9M114 Kokon,abandoned,https://i.postimg.cc/8PNsyDd1/3f.jpg,2022-03-19,5473,12737,4,7-5473127374
Russia,Soviet Union,9P149 Shturm-S,abandoned,https://i.postimg.cc/3JJmTx8c/77666.jpg,2022-06-05,5475,12746,4,7-5475127464
Russia,Soviet Union,9P149 Shturm-S ATGM carrier,abandoned,https://i.postimg.cc/Qdw6LXPV/98u.png,2022-03-19,5476,12736,4,7-5476127364
Russia,Soviet Union,9P149 Shturm-S ATGM carrier,abandoned,https://i.postimg.cc/8PNsyDd1/3f.jpg,2022-03-19,5476,12737,4,7-5476127374
Russia,Soviet Union,9P149 Shturm-S ATGM carrier,abandoned,https://i.postimg.cc/QNk4QVWH/1f.png,2022-03-29,5476,12755,4,7-5476127554
Russia,Russia,"9S931-3/9S932-2 intelligence, control and command vehicle (for Barnaul-T)",abandoned,https://i.postimg.cc/28FY7N7Y/4f2.jpg,2022-04-02,5483,12776,4,7-5483127764
Russia,Russia,AMN-590951,abandoned,https://i.postimg.cc/13hGxb01/1038-ural-59095-dam-aband-18-10-23.jpg,2023-10-22,5488,12808,4,7-5488128084
Russia,Russia,AMN-590951,abandoned,https://i.postimg.cc/7PR195f6/1045-ural-59095-dam-aband-18-10-23.jpg,2023-10-22,5488,12809,4,7-5488128094
Russia,Russia,AMN-590951,abandoned,https://i.postimg.cc/J7qPHk2V/1033-AMN-590951-aband-10-12-23.jpg,2024-01-09,5488,12815,4,7-5488128154
Russia,Russia,AMN-590951 VPK Ural,abandoned,https://i.postimg.cc/N0SPkDRH/1044-AMN-590951-VPK-Ural-dam-aband28-12-24.jpg,2025-01-07,5489,12849,4,7-5489128494
Russia,Russia,AMN-590951 VPK Ural,abandoned,https://i.postimg.cc/htCYfcjM/1043-AMN-590951-VPK-Ural-aband28-12-24.jpg,2025-01-07,5489,12850,4,7-5489128504
Russia,Russia,AMN-590951 VPK Ural,abandoned,https://i.postimg.cc/bvsBnWSP/1042-AMN-590951-VPK-Ural-aband28-12-24.jpg,2025-01-07,5489,12851,4,7-5489128514
Russia,Russia,AMN-590951 VPK Ural,abandoned,https://i.postimg.cc/L8XhJq0G/1009-AMN-590951-VPK-Ural-dam-aband-06-02-25.jpg,2025-02-11,5489,12855,4,7-5489128554
Russia,Russia,AMN-590951 VPK Ural,abandoned,https://i.postimg.cc/rmyjrgWW/1005-AMN-590951-VPK-Ural-dam-aband-06-04-25.jpg,2025-04-10,5489,12863,4,7-5489128634
Russia,Soviet Union,BAT-2 heavy engineering vehicle,abandoned,https://i.postimg.cc/02PWXdtR/1016-BAT-2-dam-aband-27-12-23.jpg,2024-02-09,5493,12886,4,7-5493128864
Russia,Soviet Union,BMD-2,abandoned,https://i.postimg.cc/hvdB25Hw/j2.jpg,2022-03-19,5495,12913,4,7-5495129134
Russia,Soviet Union,BMD-2,abandoned,https://i.postimg.cc/xjLsrGfV/79.png,2022-03-19,5495,12914,4,7-5495129144
Russia,Soviet Union,BMD-2,abandoned,https://i.postimg.cc/W4N1CS83/v1.png,2022-03-19,5495,12722,4,7-5495127224
Russia,Soviet Union,BMD-2,abandoned,https://i.postimg.cc/R0G3QWB8/g6.jpg,2022-03-19,5495,12915,4,7-5495129154
Russia,Soviet Union,BMD-2,abandoned,https://i.postimg.cc/yxkdsj2X/8879.jpg,2022-03-19,5495,12916,4,7-5495129164
Russia,Soviet Union,BMD-2,abandoned,https://i.postimg.cc/5NVXwfjS/350.png,2022-03-19,5495,12917,4,7-5495129174
Russia,Soviet Union,BMD-2,abandoned,https://i.postimg.cc/q7ynHGm8/r6.png,2022-03-19,5495,12918,4,7-5495129184
Russia,Soviet Union,BMD-2,abandoned,https://i.postimg.cc/7hqDdFSC/1011.jpg,2022-07-18,5495,13010,4,7-5495130104
Russia,Soviet Union,BMD-2,abandoned,https://i.postimg.cc/ncKxWZrF/1020-bmd2-dam-aband-08-07-23.jpg,2023-07-09,5495,13126,4,7-5495131264
Russia,Soviet Union,BMD-2,abandoned,https://i.postimg.cc/J4JgJPsR/1008-bmd2-dam-aband-24-07-23.jpg,2023-07-26,5495,13128,4,7-5495131284
Russia,Soviet Union,BMD-2,abandoned,https://i.postimg.cc/L5WKwCtW/1004-bmd2-dam-aband-20-10-23.jpg,2023-10-22,5495,13147,4,7-5495131474
Russia,Soviet Union,BMD-2,abandoned,https://i.postimg.cc/mDrk5PTb/1043-bmd2-dam-aband-13-12-23.jpg,2023-12-17,5495,13165,4,7-5495131654
Russia,Soviet Union,BMD-2,abandoned,https://i.postimg.cc/Kj3BYv3v/1046-bmd2-dam-aband-10-12-23.jpg,2024-01-09,5495,13169,4,7-5495131694
Russia,Soviet Union,BMD-2,abandoned,https://i.postimg.cc/bvPbrfLn/1006-bmd2-dam-aband-14-02-24.jpg,2024-02-18,5495,13174,4,7-5495131744
Russia,Soviet Union,BMD-2,abandoned,https://i.postimg.cc/NfVPy6TZ/1056-BMD-2-dam-aband-04-04-24.jpg,2024-04-11,5495,13190,4,7-5495131904
Russia,Soviet Union,BMD-2,abandoned,https://i.postimg.cc/WzLVdxhh/1006-BMD-2-dam-aband-28-05-24.jpg,2024-06-02,5495,13201,4,7-5495132014
Russia,Soviet Union,BMD-2,abandoned,https://i.postimg.cc/ZRq731ff/1054-BMD-2-dam-aband-18-05-24.jpg,2024-07-15,5495,13205,4,7-5495132054
Russia,Soviet Union,BMD-2,abandoned,https://i.postimg.cc/X7bmP9Zr/1040-BMD-2-dam-aband-29-09-24.jpg,2024-10-03,5495,13222,4,7-5495132224
Russia,Soviet Union,BMD-2,abandoned,https://i.postimg.cc/2SBXt7ZK/1004-BMD-2-dam-aband-15-11-24.jpg,2024-11-20,5495,13234,4,7-5495132344
Russia,Soviet Union,BMD-2,abandoned,https://i.postimg.cc/6prYYvFh/1018-BMD-2-dam-aband-30-11-24.jpg,2024-12-03,5495,13241,4,7-5495132414
Russia,Soviet Union,BMD-2,abandoned,https://i.postimg.cc/fWY6s0Y7/1012-BMD-2-aband-08-12-24.jpg,2024-12-16,5495,13250,4,7-5495132504
Russia,Soviet Union,BMD-2,abandoned,https://i.postimg.cc/ZKZX5KLG/1041-BMD-2-dam-aband-12-12-24.jpg,2024-12-16,5495,13251,4,7-5495132514
Russia,Soviet Union,BMD-2,abandoned,https://i.postimg.cc/mr09rrph/1031-BMD-2-aband-21-12-24.jpg,2024-12-23,5495,13257,4,7-5495132574
Russia,Soviet Union,BMD-2,abandoned,https://i.postimg.cc/6QfVfqtj/1036-BMD-2-dam-aband-24-11-24.jpg,2025-01-19,5495,13273,4,7-5495132734
Russia,Soviet Union,BMD-2,abandoned,https://i.postimg.cc/d1S7739r/1002-BMD-2-dam-aband-14-01-25.jpg,2025-01-31,5495,13282,4,7-5495132824
Russia,Soviet Union,BMD-2,abandoned,https://i.postimg.cc/5Nx0z4Pt/1001-BMD-2-dam-aband-29-01-25.jpg,2025-02-02,5495,13283,4,7-5495132834
Russia,Soviet Union,BMD-2,abandoned,https://i.postimg.cc/BnprpRkz/1204-BMD-2-dam-aband-06-03-25.jpg,2025-03-20,5495,13316,4,7-5495133164
Russia,Soviet Union,BMD-2,abandoned,https://i.postimg.cc/Gmb0kb7Y/1198-BMD-2-aband-06-03-25.jpg,2025-03-20,5495,13317,4,7-5495133174
Russia,Soviet Union,BMD-2,abandoned,https://i.postimg.cc/3NpMZNQj/1059-BMD-2-aband-06-03-25.jpg,2025-03-20,5495,13318,4,7-5495133184
Russia,Soviet Union,BMD-2,abandoned,https://i.postimg.cc/RV5xZ7wg/1058-BMD-2-aband-06-03-25.jpg,2025-03-20,5495,13319,4,7-5495133194
Russia,Soviet Union,BMD-2,abandoned,https://i.postimg.cc/jqJrTgnW/1057-BMD-2-aband-06-03-25.jpg,2025-03-20,5495,13320,4,7-5495133204
Russia,Soviet Union,BMD-2,abandoned,https://i.postimg.cc/k4L388zX/1055-BMD-2-aband-06-03-25.jpg,2025-03-20,5495,13321,4,7-5495133214
Russia,Russia,BMD-4M,abandoned,https://i.postimg.cc/MZy05BrN/674.png,2022-03-19,5496,13342,4,7-5496133424
Russia,Russia,BMD-4M,abandoned,https://i.postimg.cc/KYVQ34Vs/1012-BMD-4-dam-aband-30-06-23.jpg,2023-08-01,5496,13391,4,7-5496133914
Russia,Russia,BMD-4M,abandoned,https://i.postimg.cc/zv6MwhLd/1002-bmd4m-dam-aband-31-10-23.jpg,2023-11-02,5496,13403,4,7-5496134034
Russia,Russia,BMD-4M,abandoned,https://i.postimg.cc/kgsfqXbH/1050-bmd4m-dam-aband-24-11-23.jpg,2023-11-27,5496,13405,4,7-5496134054
Russia,Russia,BMD-4M,abandoned,https://i.postimg.cc/gJz5TTmY/1002-bmd4m-aband-29-12-23.jpg,2024-01-09,5496,13418,4,7-5496134184
Russia,Russia,BMD-4M,abandoned,https://i.postimg.cc/V6jvQVLz/1049-bmd4m-dam-aband-17-01-24.jpg,2024-01-21,5496,13423,4,7-5496134234
Russia,Russia,BMD-4M,abandoned,https://i.postimg.cc/wjf72hK0/1000-bmd4m-dam-aband-04-03-24.jpg,2024-04-08,5496,13433,4,7-5496134334
Russia,Russia,BMD-4M,abandoned,https://i.postimg.cc/SNQvwNj6/1017-BMD-4-M-dam-aband-13-05-24.jpg,2024-08-09,5496,13440,4,7-5496134404
Russia,Russia,BMD-4M,abandoned,https://i.postimg.cc/5NSTWjvn/1030-BMD-4-M-dam-aband-30-09-24.jpg,2024-10-03,5496,13445,4,7-5496134454
Russia,Russia,BMD-4M,abandoned,https://i.postimg.cc/L6qq7W4Y/1054-BMD-4-M-dam-aband-13-11-24.jpg,2024-11-27,5496,13453,4,7-5496134534
Russia,Russia,BMD-4M,abandoned,https://i.postimg.cc/N0CZyCsW/1015-BMD-4-M-aband-24-11-24.jpg,2024-11-30,5496,13458,4,7-5496134584
Russia,Russia,BMD-4M,abandoned,https://i.postimg.cc/XvYTY6bf/1016-BMD-4-M-aband-24-11-24.jpg,2024-11-30,5496,13459,4,7-5496134594
Russia,Russia,BMD-4M,abandoned,https://i.postimg.cc/fymPrwcN/1019-BMD-4-M-aband-24-11-24.jpg,2024-11-30,5496,13460,4,7-5496134604
Russia,Russia,BMD-4M,abandoned,https://i.postimg.cc/W3j27jqw/1002-BMD-4-M-aband-07-11-24.jpg,2024-12-12,5496,13464,4,7-5496134644
Russia,Russia,BMD-4M,abandoned,https://i.postimg.cc/Qtbj4PpG/1027-BMD-4-M-aband-07-11-24.jpg,2024-12-12,5496,13465,4,7-5496134654
Russia,Russia,BMD-4M,abandoned,https://i.postimg.cc/k4Qw0KLB/1039-BMD-4-M-aband-12-12-24.jpg,2024-12-16,5496,13468,4,7-5496134684
Russia,Russia,BMD-4M,abandoned,https://i.postimg.cc/B69M7MYr/1040-BMD-4-M-dam-aband-12-12-24.jpg,2024-12-16,5496,13469,4,7-5496134694
Russia,Russia,BMD-4M,abandoned,https://i.postimg.cc/90NnphXw/1103-BMD-4-M-dam-aband-11-01-25.jpg,2025-02-23,5496,13490,4,7-5496134904
Russia,Russia,BMD-4M,abandoned,https://i.postimg.cc/fTKDpC0L/1030-BMD-4-M-dam-aband-25-03-25.jpg,2025-03-27,5496,13493,4,7-5496134934
Russia,Soviet Union,BMK-130M/BMK-150 towing and motor boat,abandoned,https://i.postimg.cc/2yFgdmxY/57j.png,2022-03-26,5497,13498,4,7-5497134984
Russia,Soviet Union,BMK-460 towing and motor boat,abandoned,https://i.postimg.cc/dQhHKCYh/87j.png,2022-05-14,5498,13504,4,7-5498135044
Russia,Soviet Union,BMK-460 towing and motor boat,abandoned,https://i.postimg.cc/hj9Ln38X/442.jpg,2022-05-26,5498,13506,4,7-5498135064
Russia,Soviet Union,BMK-460 towing and motor boat,abandoned,https://i.postimg.cc/L4NSYhXX/554f.jpg,2022-05-27,5498,13507,4,7-5498135074
Russia,Soviet Union,BMK-460 towing and motor boat,abandoned,https://i.postimg.cc/6q81dyJS/4f70.png,2022-05-29,5498,13508,4,7-5498135084
Russia,Soviet Union,BMK-460 towing and motor boat,abandoned,https://i.postimg.cc/hPxWtr7P/INqk1cd-M-jpg-large.jpg,2022-06-29,5498,13510,4,7-5498135104
Russia,Soviet Union,BMP-1(P),abandoned,https://i.postimg.cc/D0F7t6vH/b55.jpg,2022-04-01,5500,13540,4,7-5500135404
Russia,Soviet Union,BMP-1(P),abandoned,https://i.postimg.cc/QMPbRrpP/8j.png,2022-05-14,5500,13558,4,7-5500135584
Russia,Soviet Union,BMP-1(P),abandoned,https://i.postimg.cc/W4wTp5Qd/6h5.png,2022-05-26,5500,13583,4,7-5500135834
Russia,Soviet Union,BMP-1(P),abandoned,https://i.postimg.cc/8Cpqfmv7/3322.jpg,2022-05-26,5500,13584,4,7-5500135844
Russia,Soviet Union,BMP-1(P),abandoned,https://i.postimg.cc/8ztZ9QFC/cs3.jpg,2022-05-26,5500,13585,4,7-5500135854
Russia,Soviet Union,BMP-1(P),abandoned,https://i.postimg.cc/P5dzz35Q/dd.jpg,2022-05-26,5500,13586,4,7-5500135864
Russia,Soviet Union,BMP-1(P),abandoned,https://i.postimg.cc/d3MG7nfd/dr.jpg,2022-05-26,5500,13587,4,7-5500135874
Russia,Soviet Union,BMP-1(P),abandoned,https://i.postimg.cc/bJLsPghp/ggg5.jpg,2022-05-26,5500,13588,4,7-5500135884
Russia,Soviet Union,BMP-1(P),abandoned,https://i.postimg.cc/sx43xwB6/33d.jpg,2022-05-26,5500,13589,4,7-5500135894
Russia,Soviet Union,BMP-1(P),abandoned,https://i.postimg.cc/pXwSB7s7/441.jpg,2022-05-26,5500,13590,4,7-5500135904
Russia,Soviet Union,BMP-1(P),abandoned,https://i.postimg.cc/CLz7N7gC/d3.jpg,2022-06-11,5500,13596,4,7-5500135964
Russia,Soviet Union,BMP-1(P),abandoned,https://i.postimg.cc/Z5cKsDdh/478.png,2022-06-26,5500,13602,4,7-5500136024
Russia,Soviet Union,BMP-1(P),abandoned,https://twitter.com/UAWeapons/status/1536424104957460480,2022-06-26,5500,13597,4,7-5500135974
Russia,Soviet Union,BMP-1(P),abandoned,https://i.postimg.cc/kMx3QrtW/3251.png,2023-09-25,5500,13612,4,7-5500136124
Russia,Soviet Union,BMP-1(P),abandoned,https://i.postimg.cc/hjTw1xhK/319.png,2023-09-25,5500,13613,4,7-5500136134
Russia,Soviet Union,BMP-1(P),abandoned,https://i.postimg.cc/br97gV2z/1040-2x-bmp1-1x-btr80-aband-11-10-23.jpg,2023-10-12,5500,3961,4,7-550039614
Russia,Soviet Union,BMP-1(P),abandoned,https://i.postimg.cc/htTWZ0fC/1039-bmp1-dam-aband-18-10-23.jpg,2023-10-22,5500,13631,4,7-5500136314
Russia,Soviet Union,BMP-1(P),abandoned,https://i.postimg.cc/LsSdcZPm/1040-bmp1-dam-aband-18-10-23.jpg,2023-10-22,5500,13632,4,7-5500136324
Russia,Soviet Union,BMP-1(P),abandoned,https://i.postimg.cc/FKxtNsb3/1041-bmp1-dam-aband-18-10-23.jpg,2023-10-22,5500,13633,4,7-5500136334
Russia,Soviet Union,BMP-1(P),abandoned,https://i.postimg.cc/HnPSzzXX/1028-1x-t64bv-1x-bmp1-destr-bmp1-aband-31-10-23.jpg,2023-11-02,5500,10737,4,7-5500107374
Russia,Soviet Union,BMP-1(P),abandoned,https://i.postimg.cc/L4brFcyz/1021-bmp1-aband-31-10-23.jpg,2023-11-02,5500,13648,4,7-5500136484
Russia,Soviet Union,BMP-1(P),abandoned,https://i.postimg.cc/SRR2SMT3/1040-1x-unkn-tank-destr-2x-bmp1-dam-aband-04-11-23.jpg,2023-11-06,5500,6399,4,7-550063994
Russia,Soviet Union,BMP-1(P),abandoned,https://i.postimg.cc/CxMnZsGG/1002-bmp1-dam-aband-06-11-23.jpg,2023-11-10,5500,13650,4,7-5500136504
Russia,Soviet Union,BMP-1(P),abandoned,https://i.postimg.cc/RZ9c8R8k/1001-bmp1-dam-aband-10-11-23.jpg,2023-11-14,5500,13651,4,7-5500136514
Russia,Soviet Union,BMP-1(P),abandoned,https://twitter.com/Danspiun/status/1732470404894060709,2023-12-07,5500,13658,4,7-5500136584
Russia,Soviet Union,BMP-1(P),abandoned,https://i.postimg.cc/QdJRqzw3/1019-bmp1-aband-03-12-23.jpg,2023-12-08,5500,13661,4,7-5500136614
Russia,Soviet Union,BMP-1(P),abandoned,https://i.postimg.cc/9Xv5XZZv/1018-bmp1-dam-aband-03-12-23.jpg,2023-12-08,5500,13662,4,7-5500136624
Russia,Soviet Union,BMP-1(P),abandoned,https://i.postimg.cc/9fnw5pbq/1056-bmp1-dam-aband-12-10-23.jpg,2023-12-13,5500,13671,4,7-5500136714
Russia,Soviet Union,BMP-1(P),abandoned,https://i.postimg.cc/fW0ms66W/1026-bmp1-dam-aband-24-10-23.jpg,2023-12-13,5500,13672,4,7-5500136724
Russia,Soviet Union,BMP-1(P),abandoned,https://twitter.com/Danspiun/status/1736003718909157560,2024-01-09,5500,13691,4,7-5500136914
Russia,Soviet Union,BMP-1(P),abandoned,https://i.postimg.cc/zfRkDJvV/1014-bmp1-dam-aband-10-12-23.jpg,2024-01-09,5500,13692,4,7-5500136924
Russia,Soviet Union,BMP-1(P),abandoned,https://twitter.com/NOELreports/status/1737736296049582440,2024-01-09,5500,13693,4,7-5500136934
Russia,Soviet Union,BMP-1(P),abandoned,https://i.postimg.cc/QM3GSZp0/1034-bmp1-aband-24-12-23.jpg,2024-01-09,5500,13694,4,7-5500136944
Russia,Soviet Union,BMP-1(P),abandoned,https://i.postimg.cc/XNyrY1Gh/1029-bmp1-aband-21-12-23.jpg,2024-01-09,5500,13695,4,7-5500136954
Russia,Soviet Union,BMP-1(P),abandoned,https://i.postimg.cc/LXx7RwqF/1041-bmp1-dam-aband-25-12-23.jpg,2024-01-09,5500,13696,4,7-5500136964
Russia,Soviet Union,BMP-1(P),abandoned,https://i.postimg.cc/Yqvc2rfn/1005-bmp1-dam-aband-29-12-23.jpg,2024-01-09,5500,13697,4,7-5500136974
Russia,Soviet Union,BMP-1(P),abandoned,https://i.postimg.cc/LX7NnvKq/1013-bmp1-aband-20-12-23.jpg,2024-01-19,5500,13703,4,7-5500137034
Russia,Soviet Union,BMP-1(P),abandoned,https://i.postimg.cc/QdF3kDhz/1037-bmp1-dam-aband-19-01-24.jpg,2024-01-21,5500,13711,4,7-5500137114
Russia,Soviet Union,BMP-1(P),abandoned,https://i.postimg.cc/4NLG9ykt/1012-bmp1-dam-aband-18-10-23.jpg,2024-01-21,5500,13712,4,7-5500137124
Russia,Soviet Union,BMP-1(P),abandoned,https://i.postimg.cc/t70TjgK6/1068-unkn-tank-destr-2x-bmp1-aband-22-01-24.jpg,2024-01-24,5500,6722,4,7-550067224
Russia,Soviet Union,BMP-1(P),abandoned,https://i.postimg.cc/t4HzDHyh/1006-BMP-1-P-dam-aband-18-12-23.jpg,2024-01-30,5500,13724,4,7-5500137244
Russia,Soviet Union,BMP-1(P),abandoned,https://i.postimg.cc/Df9NxHpj/1032-bmp1-dam-aband-27-01-24.jpg,2024-02-09,5500,13733,4,7-5500137334
Russia,Soviet Union,BMP-1(P),abandoned,https://i.postimg.cc/B6dmwPpL/1053-bmp1-dam-aband-01-02-24.jpg,2024-02-09,5500,13734,4,7-5500137344
Russia,Soviet Union,BMP-1(P),abandoned,https://i.postimg.cc/FzS3ZqS5/1012-bmp1-dam-aband-27-12-23.jpg,2024-02-09,5500,13735,4,7-5500137354
Russia,Soviet Union,BMP-1(P),abandoned,https://i.postimg.cc/zvSsgNGj/1038-BMP-1-dam-aband-29-01-24.jpg,2024-02-15,5500,13747,4,7-5500137474
Russia,Soviet Union,BMP-1(P),abandoned,https://i.postimg.cc/sg6QKjRk/1019-bmp1-dam-aband-17-02-24.jpg,2024-02-23,5500,13761,4,7-5500137614
Russia,Soviet Union,BMP-1(P),abandoned,https://i.postimg.cc/5ydFvsMj/1000-bmp1-dam-aband-31-08-23.jpg,2024-02-23,5500,13762,4,7-5500137624
Russia,Soviet Union,BMP-1(P),abandoned,https://i.postimg.cc/jSrmtNmQ/1109-bmp1-dam-aband-31-05-23.jpg,2024-02-23,5500,13763,4,7-5500137634
Russia,Soviet Union,BMP-1(P),abandoned,https://i.postimg.cc/Dy7cVj47/1040-BMP-1-P-dam-aband-20-02-24.jpg,2024-02-23,5500,13764,4,7-5500137644
Russia,Soviet Union,BMP-1(P),abandoned,https://i.postimg.cc/G347ST1K/1051-bmp1-dam-aband-19-02-24.jpg,2024-02-23,5500,13765,4,7-5500137654
Russia,Soviet Union,BMP-1(P),abandoned,https://i.postimg.cc/WpxWRpNv/1055-BMP-1-P-aband-21-02-24.jpg,2024-02-23,5500,13766,4,7-5500137664
Russia,Soviet Union,BMP-1(P),abandoned,https://i.postimg.cc/4dXLnycT/1033-bmp1-aband-23-02-24.jpg,2024-02-26,5500,13773,4,7-5500137734
Russia,Soviet Union,BMP-1(P),abandoned,https://i.postimg.cc/YqzWCyyM/1034-bmp1-aband-28-02-24.jpg,2024-02-29,5500,13776,4,7-5500137764
Russia,Soviet Union,BMP-1(P),abandoned,https://i.postimg.cc/NMZ1R91t/1015-BMP-1-P-dam-aband-23-02-24.jpg,2024-02-29,5500,13777,4,7-5500137774
Russia,Soviet Union,BMP-1(P),abandoned,https://i.postimg.cc/1tBHNwJh/1041-BMP-1-P-dam-aband-22-03-24.jpg,2024-04-08,5500,13818,4,7-5500138184
Russia,Soviet Union,BMP-1(P),abandoned,https://i.postimg.cc/9QSTtTXR/1009-BMP-1-P-dam-aband-08-03-24.jpg,2024-04-08,5500,13819,4,7-5500138194
Russia,Soviet Union,BMP-1(P),abandoned,https://i.postimg.cc/tTbs2NKT/1026-bmp1-dam-aband-08-03-24.jpg,2024-04-08,5500,13820,4,7-5500138204
Russia,Soviet Union,BMP-1(P),abandoned,https://i.postimg.cc/8CR5Jr7V/1049-bmp1-dam-aband-19-02-24.jpg,2024-04-08,5500,13821,4,7-5500138214
Russia,Soviet Union,BMP-1(P),abandoned,https://i.postimg.cc/tCBNRW5Y/1070-BMP-1-P-dam-aband-17-03-24.jpg,2024-04-08,5500,13822,4,7-5500138224
Russia,Soviet Union,BMP-1(P),abandoned,https://i.postimg.cc/hGJffNjZ/1017-BMP-1-P-dam-aband-20-03-24.jpg,2024-04-08,5500,13823,4,7-5500138234
Russia,Soviet Union,BMP-1(P),abandoned,https://i.postimg.cc/LsZ8HfCr/1020-BMP-1-P-dam-aband-20-03-24.jpg,2024-04-08,5500,13824,4,7-5500138244
Russia,Soviet Union,BMP-1(P),abandoned,https://i.postimg.cc/Yq9XYn5X/1032-BMP-1-P-aband-24-03-24.jpg,2024-04-08,5500,13825,4,7-5500138254
Russia,Soviet Union,BMP-1(P),abandoned,https://i.postimg.cc/9039p4dv/1002-bmp1-dam-aband-24-03-24.jpg,2024-04-08,5500,13826,4,7-5500138264
Russia,Soviet Union,BMP-1(P),abandoned,https://i.postimg.cc/zf508LcM/1009-BMP-1-P-dam-aband-30-03-24.jpg,2024-04-08,5500,13827,4,7-5500138274
Russia,Soviet Union,BMP-1(P),abandoned,https://i.postimg.cc/pr7sHqwY/1015-BMP-1-P-dam-aband-27-03-24.jpg,2024-04-08,5500,13828,4,7-5500138284
Russia,Soviet Union,BMP-1(P),abandoned,https://i.postimg.cc/k4BkL9Tr/1056-bmp1-dam-aband-09-04-24.jpg,2024-04-14,5500,13845,4,7-5500138454
Russia,Soviet Union,BMP-1(P),abandoned,https://i.postimg.cc/Y9ZJHVPv/1068-BMP-1-P-dam-aband-10-04-24.jpg,2024-04-14,5500,13846,4,7-5500138464
Russia,Soviet Union,BMP-1(P),abandoned,https://i.postimg.cc/ZKJR2cV9/1042-bmp1-dam-aband-09-01-24.jpg,2024-04-21,5500,13858,4,7-5500138584
Russia,Soviet Union,BMP-1(P),abandoned,https://i.postimg.cc/mgrbQvvL/1019-bmp1-dam-aband-21-04-24.jpg,2024-04-24,5500,13867,4,7-5500138674
Russia,Soviet Union,BMP-1(P),abandoned,https://i.postimg.cc/T3Yx3rh0/1059-bmp1-aband-31-03-24.jpg,2024-05-02,5500,13872,4,7-5500138724
Russia,Soviet Union,BMP-1(P),abandoned,https://i.postimg.cc/SxN0dnDk/1104-bmp1-aband-18-06-23.jpg,2024-05-04,5500,13876,4,7-5500138764
Russia,Soviet Union,BMP-1(P),abandoned,https://i.postimg.cc/J7X8f1Y5/1084-bmp1-dam-aband-06-04-24.jpg,2024-05-09,5500,13882,4,7-5500138824
Russia,Soviet Union,BMP-1(P),abandoned,https://i.postimg.cc/3N2HmB0c/1085-bmp1-dam-aband-06-04-24.jpg,2024-05-09,5500,13883,4,7-5500138834
Russia,Soviet Union,BMP-1(P),abandoned,https://i.postimg.cc/6pWN4CWM/1090-bmp1-dam-aband-24-03-24.jpg,2024-05-09,5500,13884,4,7-5500138844
Russia,Soviet Union,BMP-1(P),abandoned,https://i.postimg.cc/s2kcrp7x/1033-bmp1-dam-aband-09-08-22.jpg,2024-05-15,5500,13890,4,7-5500138904
Russia,Soviet Union,BMP-1(P),abandoned,https://i.postimg.cc/CxVvf0vT/1026-bmp1-dam-aband-17-05-24.jpg,2024-05-24,5500,13894,4,7-5500138944
Russia,Soviet Union,BMP-1(P),abandoned,https://i.postimg.cc/bwCqn9TG/1057-BMP-1-P-aband-30-05-24.jpg,2024-06-06,5500,13903,4,7-5500139034
Russia,Soviet Union,BMP-1(P),abandoned,https://i.postimg.cc/Z5bjx4hv/1055-bmp1-dam-aband-09-06-24.jpg,2024-06-11,5500,13909,4,7-5500139094
Russia,Soviet Union,BMP-1(P),abandoned,https://i.postimg.cc/jj8RGD8T/1007-bmp1-dam-aband-24-06-24.jpg,2024-06-30,5500,13918,4,7-5500139184
Russia,Soviet Union,BMP-1(P),abandoned,https://i.postimg.cc/8PM6hLYp/1004-bmp1-aband-08-07-24.jpg,2024-07-15,5500,13928,4,7-5500139284
Russia,Soviet Union,BMP-1(P),abandoned,https://i.postimg.cc/rst82C4K/1005-bmp1-dam-aband-08-07-24.jpg,2024-07-15,5500,13929,4,7-5500139294
Russia,Soviet Union,BMP-1(P),abandoned,https://i.postimg.cc/MZcRpCbj/1006-bmp1-dam-aband-08-07-24.jpg,2024-07-15,5500,13930,4,7-5500139304
Russia,Soviet Union,BMP-1(P),abandoned,https://i.postimg.cc/Z5JFZqtt/1008-bmp1-dam-aband-23-09-24.jpg,2024-09-25,5500,13971,4,7-5500139714
Russia,Soviet Union,BMP-1(P),abandoned,https://i.postimg.cc/SsXHNw9q/1018-BMP-1-P-dam-aband-09-10-24.jpg,2024-10-22,5500,13988,4,7-5500139884
Russia,Soviet Union,BMP-1(P),abandoned,https://i.postimg.cc/HkCjT4Pp/1001-BMP-1-P-dam-aband-02-11-24.jpg,2024-11-11,5500,13998,4,7-5500139984
Russia,Soviet Union,BMP-1(P),abandoned,https://i.postimg.cc/brqjWDYZ/1015-BMP-1-P-dam-aband-21-12-24.jpg,2024-12-26,5500,14020,4,7-5500140204
Russia,Soviet Union,BMP-1(P),abandoned,https://i.postimg.cc/Wb3Y0WNg/1036-BMP-1-P-dam-aband-07-01-25.jpg,2025-01-10,5500,14029,4,7-5500140294
Russia,Soviet Union,BMP-1(P),abandoned,https://i.postimg.cc/YStNMH9V/1001-BMP-1-P-dam-aband-08-01-25.jpg,2025-01-13,5500,14030,4,7-5500140304
Russia,Soviet Union,BMP-1(P),abandoned,https://i.postimg.cc/3RX9YQz1/1061-BMP-1-P-dam-aband-31-03-25.jpg,2025-04-07,5500,14058,4,7-5500140584
Russia,Soviet Union,BMP-1(P),abandoned,https://i.postimg.cc/Hsg1m493/1004-BMP-1-P-dam-aband-21-12-24.jpg,2025-06-01,5500,14095,4,7-5500140954
Russia,Russia,BMP-1AM,abandoned,https://i.postimg.cc/0Nbx8HDv/dc.jpg,2022-05-08,5501,14103,4,7-5501141034
Russia,Russia,BMP-1AM,abandoned,https://i.postimg.cc/j5fbfwMk/d4.jpg,2022-05-08,5501,14104,4,7-5501141044
Russia,Russia,BMP-1AM,abandoned,https://i.postimg.cc/SQrpTVVm/548.png,2022-05-29,5501,14109,4,7-5501141094
Russia,Russia,BMP-1AM,abandoned,https://twitter.com/UAWeapons/status/1628467332648411137,2023-02-23,5501,14131,4,7-5501141314
Russia,Russia,BMP-1AM,abandoned,https://i.postimg.cc/2SNYFz2v/1023-BMP-1-P-dam-aband-15-08-23.jpg,2023-08-24,5501,14141,4,7-5501141414
Russia,Russia,BMP-1AM,abandoned,https://i.postimg.cc/3rnkfHx6/548.png,2023-09-14,5501,14144,4,7-5501141444
Russia,Russia,BMP-1AM,abandoned,https://twitter.com/Danspiun/status/1724039908635849028,2023-11-14,5501,14146,4,7-5501141464
Russia,Russia,BMP-1AM,abandoned,https://i.postimg.cc/wx5Vnw3G/1052-bmp1am-dam-aband-12-10-23.jpg,2023-12-13,5501,14151,4,7-5501141514
Russia,Russia,BMP-1AM,abandoned,https://i.postimg.cc/mDqnf5Lr/1022-BMP-1-AM-aband-30-01-24.jpg,2024-02-09,5501,14155,4,7-5501141554
Russia,Russia,BMP-1AM,abandoned,https://i.postimg.cc/mg5gCBMn/1029-bmp1am-dam-aband-05-03-24.jpg,2024-04-08,5501,14161,4,7-5501141614
Russia,Soviet Union,BMP-1Khs,abandoned,https://i.postimg.cc/6qdwks4D/n7.jpg,2022-03-19,5503,14167,4,7-5503141674
Russia,Soviet Union,BMP-2,abandoned,https://i.postimg.cc/vBy9TRg0/77699.png,2022-03-19,5504,14214,4,7-5504142144
Russia,Soviet Union,BMP-2,abandoned,https://i.postimg.cc/XYyYKfsy/Screenshot-8236.png,2022-03-19,5504,14215,4,7-5504142154
Russia,Soviet Union,BMP-2,abandoned,https://i.postimg.cc/2jX5hmCS/u1.jpg,2022-03-19,5504,14216,4,7-5504142164
Russia,Soviet Union,BMP-2,abandoned,https://i.postimg.cc/5NY2mGtq/u2.jpg,2022-03-19,5504,14217,4,7-5504142174
Russia,Soviet Union,BMP-2,abandoned,https://i.postimg.cc/BQzv1YB0/Screenshot-8238.png,2022-03-19,5504,14218,4,7-5504142184
Russia,Soviet Union,BMP-2,abandoned,https://i.postimg.cc/tJM8dQNL/h77.png,2022-03-19,5504,14219,4,7-5504142194
Russia,Soviet Union,BMP-2,abandoned,https://i.postimg.cc/zBg2tRx0/436.png,2022-03-19,5504,14220,4,7-5504142204
Russia,Soviet Union,BMP-2,abandoned,https://i.postimg.cc/MGgQyPNn/ff22.png,2022-03-19,5504,14221,4,7-5504142214
Russia,Soviet Union,BMP-2,abandoned,https://i.postimg.cc/DwqTZzsJ/aa5.jpg,2022-03-19,5504,14222,4,7-5504142224
Russia,Soviet Union,BMP-2,abandoned,https://i.postimg.cc/15MCpgJd/3r5.png,2022-03-19,5504,14223,4,7-5504142234
Russia,Soviet Union,BMP-2,abandoned,https://i.postimg.cc/qR49PRwf/5540.jpg,2022-03-19,5504,14224,4,7-5504142244
Russia,Soviet Union,BMP-2,abandoned,https://i.postimg.cc/RZVFPVYR/465.png,2022-03-19,5504,14225,4,7-5504142254
Russia,Soviet Union,BMP-2,abandoned,https://i.postimg.cc/rF84w7J1/fsl.png,2022-03-19,5504,14227,4,7-5504142274
Russia,Soviet Union,BMP-2,abandoned,https://i.postimg.cc/gkfPzLKt/65.png,2022-03-29,5504,14277,4,7-5504142774
Russia,Soviet Union,BMP-2,abandoned,https://i.postimg.cc/W342ytqB/bmp2aban.png,2022-04-06,5504,14320,4,7-5504143204
Russia,Soviet Union,BMP-2,abandoned,https://i.postimg.cc/T16zGXFS/ab1.png,2022-04-18,5504,14364,4,7-5504143644
Russia,Soviet Union,BMP-2,abandoned,https://i.postimg.cc/7hwWdnTr/ab10.png,2022-04-18,5504,14365,4,7-5504143654
Russia,Soviet Union,BMP-2,abandoned,https://i.postimg.cc/RFcYgDhT/ab11.png,2022-04-18,5504,14366,4,7-5504143664
Russia,Soviet Union,BMP-2,abandoned,https://i.postimg.cc/Jzn9RxY1/ab2.png,2022-04-18,5504,14367,4,7-5504143674
Russia,Soviet Union,BMP-2,abandoned,https://i.postimg.cc/j5V9Qbx5/ab9.png,2022-04-18,5504,14368,4,7-5504143684
Russia,Soviet Union,BMP-2,abandoned,https://i.postimg.cc/MGTLkhhC/655.jpg,2022-04-24,5504,14379,4,7-5504143794
Russia,Soviet Union,BMP-2,abandoned,https://postlmg.cc/XXqxFmgP,2022-05-01,5504,14393,4,7-5504143934
Russia,Soviet Union,BMP-2,abandoned,https://i.postimg.cc/DznHJRJz/r2.jpg,2022-05-01,5504,14394,4,7-5504143944
Russia,Soviet Union,BMP-2,abandoned,https://i.postimg.cc/4d30wt1k/r1.jpg,2022-05-01,5504,14395,4,7-5504143954
Russia,Soviet Union,BMP-2,abandoned,https://i.postimg.cc/MHv6Bc4t/366.jpg,2022-05-01,5504,14390,4,7-5504143904
Russia,Soviet Union,BMP-2,abandoned,https://i.postimg.cc/yYm1frDk/54.jpg,2022-05-08,5504,14419,4,7-5504144194
Russia,Soviet Union,BMP-2,abandoned,https://i.postimg.cc/4N5xtm9S/b1.jpg,2022-05-26,5504,14441,4,7-5504144414
Russia,Russia,BMP-2 675-sb3KDZ,abandoned,https://i.postimg.cc/C1NZgPmR/4453.png,2023-09-12,5505,14451,4,7-5505144514
Russia,Russia,BMP-2 675-sb3KDZ,abandoned,https://twitter.com/Danspiun/status/1732390628149907536,2023-12-08,5505,14459,4,7-5505144594
Russia,Russia,BMP-2 675-sb3KDZ,abandoned,https://i.postimg.cc/bvy9cHZr/1007-BMP-2-675-SB3-KDZ-dam-aband-21-12-23.jpg,2024-01-30,5505,14470,4,7-5505144704
Russia,Russia,BMP-2 675-sb3KDZ,abandoned,https://i.postimg.cc/MZf7qcFP/1013-BMP-2-675-SB3-KDZ-dam-aband-27-12-23.jpg,2024-02-09,5505,14473,4,7-5505144734
Russia,Russia,BMP-2 675-sb3KDZ,abandoned,https://i.postimg.cc/TY8rwd8R/1017-BMP-2-675-SB3-KDZ-dam-aband-27-12-23.jpg,2024-02-09,5505,14474,4,7-5505144744
Russia,Russia,BMP-2 675-sb3KDZ,abandoned,https://i.postimg.cc/bv05S8Pf/1024-BMP-2-675-SB3-KDZ-dam-aband-17-02-24.jpg,2024-02-18,5505,14477,4,7-5505144774
Russia,Russia,BMP-2 675-sb3KDZ,abandoned,https://i.postimg.cc/SNHL5tSr/1055-BMP-2-675-sb3-KDZ-dam-aband-09-03-24.jpg,2024-04-08,5505,14511,4,7-5505145114
Russia,Russia,BMP-2 675-sb3KDZ,abandoned,https://i.postimg.cc/x1WJb2gL/1039-BMP-2-675-SB3-KDZ-dam-aband-09-03-24.jpg,2024-04-08,5505,14512,4,7-5505145124
Russia,Russia,BMP-2 675-sb3KDZ,abandoned,https://i.postimg.cc/kGMCttsM/1036-BMP-2-675-SB3-KDZ-dam-aband-25-02-24.jpg,2024-04-08,5505,14513,4,7-5505145134
Russia,Russia,BMP-2 675-sb3KDZ,abandoned,https://i.postimg.cc/gkST7FyF/1003-BMP-2-675-SB3-KDZ-dam-aband-21-03-24.jpg,2024-04-08,5505,14514,4,7-5505145144
Russia,Russia,BMP-2 675-sb3KDZ,abandoned,https://i.postimg.cc/cLLmghSN/1020-BMP-2-675-SB3-KDZ-dam-aband-28-03-24.jpg,2024-04-08,5505,14515,4,7-5505145154
Russia,Russia,BMP-2 675-sb3KDZ,abandoned,https://i.postimg.cc/gjMZQ0zZ/1024-BMP-2-SB3-KDZ-dam-aband-21-01-24.jpg,2024-04-11,5505,14527,4,7-5505145274
Russia,Russia,BMP-2 675-sb3KDZ,abandoned,https://i.postimg.cc/5t9sByJ4/1113-BMP-2-SB3-KDZ-dam-aband-13-04-24.jpg,2024-04-26,5505,14532,4,7-5505145324
Russia,Russia,BMP-2 675-sb3KDZ,abandoned,https://i.postimg.cc/mgxJXKwX/1031-BMP-2-SB3-KDZ-dam-aband-24-04-24.jpg,2024-04-27,5505,14533,4,7-5505145334
Russia,Russia,BMP-2 675-sb3KDZ,abandoned,https://i.postimg.cc/MpvBN31J/1056-BMP-2-675-sb3-KDZ-dam-aband-29-04-24.jpg,2024-05-02,5505,14536,4,7-5505145364
Russia,Russia,BMP-2 675-sb3KDZ,abandoned,https://i.postimg.cc/c4YKQHk7/1044-BMP-2-675-sb3-KDZ-dam-aband-04-06-24.jpg,2024-06-06,5505,14551,4,7-5505145514
Russia,Russia,BMP-2 675-sb3KDZ,abandoned,https://i.postimg.cc/Jnz5jqVw/1017-BMP-2-675-sb3-KDZ-dam-aband-07-06-24.jpg,2024-06-11,5505,14553,4,7-5505145534
Russia,Russia,BMP-2 675-sb3KDZ,abandoned,https://i.postimg.cc/VvzCR4qt/1012-BMP-2-675-sb3-KDZ-dam-aband-15-05-24.jpg,2024-07-03,5505,14571,4,7-5505145714
Russia,Russia,BMP-2 675-sb3KDZ,abandoned,https://i.postimg.cc/T2KR65tL/1002-BMP-2-675-sb3-KDZ-dam-aband-04-06-24.jpg,2024-07-06,5505,14572,4,7-5505145724
Russia,Russia,BMP-2 675-sb3KDZ,abandoned,https://i.postimg.cc/vTJHQrYC/1057-BMP-2-675-sb3-KDZ-dam-aband-05-07-24.jpg,2024-07-09,5505,14573,4,7-5505145734
Russia,Russia,BMP-2 675-sb3KDZ,abandoned,https://i.postimg.cc/HsPkD6cK/1046-BMP-2-675-sb3-KDZ-aband-16-07-24.jpg,2024-07-18,5505,14579,4,7-5505145794
Russia,Russia,BMP-2 675-sb3KDZ,abandoned,https://i.postimg.cc/JnWhYtDz/1049-BMP-2-675-sb3-KDZ-aband-16-07-24.jpg,2024-07-18,5505,14580,4,7-5505145804
Russia,Russia,BMP-2 675-sb3KDZ,abandoned,https://i.postimg.cc/sgHWG74g/1034-BMP-2-675-sb3-KDZ-dam-aband-18-07-24.jpg,2024-07-21,5505,14585,4,7-5505145854
Russia,Russia,BMP-2 675-sb3KDZ,abandoned,https://i.postimg.cc/3JLG9s3H/1020-BMP-2-675-sb3-KDZ-dam-aband-28-07-24.jpg,2024-08-03,5505,14596,4,7-5505145964
Russia,Russia,BMP-2 675-sb3KDZ,abandoned,https://i.postimg.cc/tg9x5QTF/1075-BMP-2-675-sb3-KDZ-dam-aband-30-07-24.jpg,2024-08-16,5505,14611,4,7-5505146114
Russia,Russia,BMP-2 675-sb3KDZ,abandoned,https://i.postimg.cc/pVhV7dVV/1026-BMP-2-675-sb3-KDZ-dam-aband-31-08-24.jpg,2024-09-03,5505,14618,4,7-5505146184
Russia,Russia,BMP-2 675-sb3KDZ,abandoned,https://i.postimg.cc/FzpBjMMM/1004-BMP-2-675-sb3-KDZ-dam-aband-20-09-24.jpg,2024-09-21,5505,14633,4,7-5505146334
Russia,Russia,BMP-2 675-sb3KDZ,abandoned,https://i.postimg.cc/8crMXsPt/1033-BMP-2-675-sb3-KDZ-dam-aband-26-09-24.jpg,2024-09-29,5505,14650,4,7-5505146504
Russia,Russia,BMP-2 675-sb3KDZ,abandoned,https://i.postimg.cc/QtzcqcsF/1048-BMP-2-675-sb3-KDZ-dam-aband-27-09-24.jpg,2024-09-29,5505,14651,4,7-5505146514
Russia,Russia,BMP-2 675-sb3KDZ,abandoned,https://i.postimg.cc/K8qqVxqf/1267-BMP-2-675-sb3-KDZ-aband-20-10-24.jpg,2024-10-22,5505,14663,4,7-5505146634
Russia,Russia,BMP-2 675-sb3KDZ,abandoned,https://i.postimg.cc/kgXYfBcD/1268-BMP-2-675-sb3-KDZ-dam-aband-20-10-24.jpg,2024-10-22,5505,14664,4,7-5505146644
Russia,Russia,BMP-2 675-sb3KDZ,abandoned,https://i.postimg.cc/j2ty5ymh/1320-BMP-2-675-sb3-KDZ-dam-aband-20-10-24.jpg,2024-10-23,5505,14665,4,7-5505146654
Russia,Russia,BMP-2 675-sb3KDZ,abandoned,https://i.postimg.cc/3rbkFLhv/1332-BMP-2-675-sb3-KDZ-dam-aband-20-10-24.jpg,2024-10-24,5505,14666,4,7-5505146664
Russia,Russia,BMP-2 675-sb3KDZ,abandoned,https://i.postimg.cc/02zcYf2p/1043-BMP-2-675-sb3-KDZ-dam-aband-29-10-24.jpg,2024-11-14,5505,14690,4,7-5505146904
Russia,Russia,BMP-2 675-sb3KDZ,abandoned,https://i.postimg.cc/SsBtkChW/1055-BMP-2-675-sb3-KDZ-dam-aband-25-11-24.jpg,2024-11-27,5505,14702,4,7-5505147024
Russia,Russia,BMP-2 675-sb3KDZ,abandoned,https://i.postimg.cc/255twCGB/1049-BMP-2-675-sb3-KDZ-dam-aband-26-11-24.jpg,2024-11-27,5505,14703,4,7-5505147034
Russia,Russia,BMP-2 675-sb3KDZ,abandoned,https://i.postimg.cc/bwpWZx2g/1048-BMP-2-675-sb3-KDZ-dam-aband-26-11-24.jpg,2024-11-27,5505,14704,4,7-5505147044
Russia,Russia,BMP-2 675-sb3KDZ,abandoned,https://i.postimg.cc/jjqpFHx2/1033-BMP-2-675-sb3-KDZ-aband-25-11-24.jpg,2024-11-27,5505,14705,4,7-5505147054
Russia,Russia,BMP-2 675-sb3KDZ,abandoned,https://i.postimg.cc/L4PbvCtv/1052-BMP-2-675-sb3-KDZ-aband-26-11-24.jpg,2024-11-27,5505,14706,4,7-5505147064
Russia,Russia,BMP-2 675-sb3KDZ,abandoned,https://i.postimg.cc/rwKQHKvP/1051-BMP-2-675-sb3-KDZ-dam-aband-04-12-24.jpg,2024-12-23,5505,14722,4,7-5505147224
Russia,Russia,BMP-2 675-sb3KDZ,abandoned,https://i.postimg.cc/k5XwpmJm/1014-BMP-2-675-sb3-KDZ-aband-26-12-24.jpg,2024-12-29,5505,14729,4,7-5505147294
Russia,Russia,BMP-2 675-sb3KDZ,abandoned,https://i.postimg.cc/zftpmcvR/1015-BMP-2-675-sb3-KDZ-dam-aband-26-12-24.jpg,2024-12-29,5505,14730,4,7-5505147304
Russia,Russia,BMP-2 675-sb3KDZ,abandoned,https://i.postimg.cc/4yVxp7Tn/1037-BMP-2-675-sb3-KDZ-dam-aband-31-12-24.jpg,2025-01-19,5505,14745,4,7-5505147454
Russia,Russia,BMP-2 675-sb3KDZ,abandoned,https://i.postimg.cc/4yJXkSqD/1100-BMP-2-675-sb3-KDZ-aband-27-11-24.jpg,2025-01-22,5505,14751,4,7-5505147514
Russia,Russia,BMP-2 675-sb3KDZ,abandoned,https://i.postimg.cc/wMBRdTNQ/1002-BMP-2-675-sb3-KDZ-dam-aband-27-03-25.jpg,2025-04-02,5505,14805,4,7-5505148054
Russia,Russia,BMP-2 675-sb3KDZ,abandoned,https://i.postimg.cc/ZRwFZRt0/1032-BMP-2-675-sb3-KDZ-aband-12-04-25.jpg,2025-04-17,5505,14836,4,7-5505148364
Russia,Russia,BMP-2 675-sb3KDZ,abandoned,https://i.postimg.cc/V6fB3th3/1028-BMP-2-675-sb3-KDZ-dam-aband-12-04-25.jpg,2025-04-17,5505,14837,4,7-5505148374
Russia,Russia,BMP-2 675-sb3KDZ,abandoned,https://i.postimg.cc/SNT33xcV/1051-BMP-2-675-sb3-KDZ-dam-aband-18-02-25.jpg,2025-04-20,5505,14840,4,7-5505148404
Russia,Russia,BMP-2 675-sb3KDZ,abandoned,https://i.postimg.cc/c41jg9WF/1028-BMP-2-675-sb3-KDZ-dam-aband-16-04-25.jpg,2025-05-12,5505,14864,4,7-5505148644
Russia,Russia,BMP-2 675-sb3KDZ,abandoned,https://i.postimg.cc/TYy5K2Wp/1004-BMP-2-675-sb3-KDZ-aband-14-06-25.jpg,2025-06-27,5505,14883,4,7-5505148834
Russia,Russia,BMP-2 675-sb3KDZ,abandoned,https://i.postimg.cc/gcQgTGdw/1010-BMP-2-675-sb3-KDZ-dam-aband-04-07-25.jpg,2025-07-17,5505,14887,4,7-5505148874
Russia,Russia,BMP-2 675-sb3KDZ,abandoned,https://i.postimg.cc/c43FqP4F/1011-BMP-2-675-sb3-KDZ-aband-04-07-25.jpg,2025-07-17,5505,14888,4,7-5505148884
Russia,Soviet Union,BMP-2(K),abandoned,https://i.postimg.cc/vmzFcYFS/4311.png,2022-06-07,5506,14903,4,7-5506149034
Russia,Soviet Union,BMP-2(K),abandoned,https://i.postimg.cc/MGjDbM6t/abanbmp2.jpg,2022-06-29,5506,14914,4,7-5506149144
Russia,Soviet Union,BMP-2(K),abandoned,https://i.postimg.cc/QxwSBJsV/bmp.jpg,2022-06-29,5506,14915,4,7-5506149154
Russia,Soviet Union,BMP-2(K),abandoned,https://twitter.com/UAWeapons/status/1536726507061751808,2022-06-30,5506,14919,4,7-5506149194
Russia,Soviet Union,BMP-2(K),abandoned,https://i.postimg.cc/G38ZY9w0/1003-bmp2-damaged-abandoned.jpg,2022-08-04,5506,14952,4,7-5506149524
Russia,Soviet Union,BMP-2(K),abandoned,https://i.postimg.cc/G2kXxmxm/1017-bmp2.jpg,2022-08-18,5506,14969,4,7-5506149694
Russia,Soviet Union,BMP-2(K),abandoned,https://i.postimg.cc/0yhrvYcw/1031-bmp2.jpg,2022-08-22,5506,15001,4,7-5506150014
Russia,Soviet Union,BMP-2K,abandoned,https://i.postimg.cc/jSVTtfWY/aa4.jpg,2022-03-19,5507,15117,4,7-5507151174
Russia,Russia,BMP-2M Berezhok,abandoned,https://i.postimg.cc/L8Pz5wyS/1005-bmp2m-dam-aband-14-12-23.jpg,2024-01-09,5509,15130,4,7-5509151304
Russia,Russia,BMP-2M Berezhok,abandoned,https://i.postimg.cc/j58yHrJc/1001-bmp2m-dam-aband-17-03-24.jpg,2024-04-08,5509,15135,4,7-5509151354
Russia,Russia,BMP-2M Berezhok,abandoned,https://i.postimg.cc/k46CSrFK/1041-BMP-2-M-Berezhok-aband-27-05-24.jpg,2024-05-31,5509,15139,4,7-5509151394
Russia,Russia,BMP-2M Berezhok,abandoned,https://i.postimg.cc/kg9W7GGf/1100-bmp2m-dam-aband-28-12-23.jpg,2024-07-15,5509,15140,4,7-5509151404
Russia,Russia,BMP-3,abandoned,https://i.postimg.cc/B66JMmRq/g55.jpg,2022-03-19,5510,15167,4,7-5510151674
Russia,Russia,BMP-3,abandoned,https://i.postimg.cc/4yK9s6df/76.jpg,2022-05-14,5510,15245,4,7-5510152454
Russia,Russia,BMP-3,abandoned,https://i.postimg.cc/Y06k5PbX/1062-bmp3.jpg,2022-08-22,5510,15296,4,7-5510152964
Russia,Russia,BMP-3,abandoned,https://i.postimg.cc/8PbNwqFc/1063-bmp3.jpg,2022-08-22,5510,15297,4,7-5510152974
Russia,Russia,BMP-3,abandoned,https://i.postimg.cc/sfY8r74h/1001-bmp3-aband.png,2022-09-09,5510,15306,4,7-5510153064
Russia,Russia,BMP-3,abandoned,https://twitter.com/UAWeapons/status/1577310511212920834,2022-10-05,5510,466,4,7-55104664
Russia,Russia,BMP-3,abandoned,https://i.postimg.cc/QM9zTHYN/1024-bmp3-and-btr82a-dam-aband.jpg,2022-12-11,5510,7679,4,7-551076794
Russia,Russia,BMP-3,abandoned,https://i.postimg.cc/NMWX9DZ8/1001-bmp3-dam-aband-21-01-23.jpg,2023-01-24,5510,15387,4,7-5510153874
Russia,Russia,BMP-3,abandoned,https://i.postimg.cc/43vfXdwf/1007-1x-unkn-tank-destr-4x-bmp3-aband-22-01-23.jpg,2023-01-24,5510,4133,4,7-551041334
Russia,Russia,BMP-3,abandoned,https://i.postimg.cc/PxbvdbsN/1019-bmp3-dam-aband-24-01-23.jpg,2023-01-30,5510,15390,4,7-5510153904
Russia,Russia,BMP-3,abandoned,https://i.postimg.cc/JzRKzTQN/1013-bmp3-dam-aband-05-02-23.jpg,2023-02-12,5510,15399,4,7-5510153994
Russia,Russia,BMP-3,abandoned,https://i.postimg.cc/KvfBJmnT/1037-bmp3-dam-aband-05-02-23.jpg,2023-02-12,5510,15400,4,7-5510154004
Russia,Russia,BMP-3,abandoned,https://i.postimg.cc/NF7mhcSW/1038-bmp3-dad-aband-06-02-23.jpg,2023-02-12,5510,15401,4,7-5510154014
Russia,Russia,BMP-3,abandoned,https://i.postimg.cc/zvW2tVvv/1000-2x-T-72b3-1x-t72-2x-bmp3-2x-btr82-dan-aband-1x-bmp3-destr-24-01-23.jpg,2023-02-15,5510,6265,4,7-551062654
Russia,Russia,BMP-3,abandoned,https://i.postimg.cc/sgM7gJPw/1001-bmp3-and-t-80bv-dam-aband-06-02-23.jpg,2023-02-23,5510,5458,4,7-551054584
Russia,Russia,BMP-3,abandoned,https://i.postimg.cc/kg6FGpRK/1028-bmp3-aband-24-02-23.jpg,2023-02-27,5510,15407,4,7-5510154074
Russia,Russia,BMP-3,abandoned,https://i.postimg.cc/vmXsPW9n/1028-bmp3-dam-aband-02-03-23.jpg,2023-03-04,5510,15412,4,7-5510154124
Russia,Russia,BMP-3,abandoned,https://i.postimg.cc/QCTHH3jq/66580.jpg,2023-03-29,5510,15422,4,7-5510154224
Russia,Russia,BMP-3,abandoned,https://i.postimg.cc/2SVWqRn3/88j.png,2023-04-17,5510,15427,4,7-5510154274
Russia,Russia,BMP-3,abandoned,https://twitter.com/UAWeapons/status/1652390786841935872,2023-05-02,5510,15433,4,7-5510154334
Russia,Russia,BMP-3,abandoned,https://i.postimg.cc/YC6dqCSH/1011-bmp3-dam-aband-03-08-23.jpg,2023-08-06,5510,15462,4,7-5510154624
Russia,Russia,BMP-3,abandoned,https://i.postimg.cc/Kcs8DJ6Q/1035-bmp3-dam-aband-10-08-23.jpg,2023-08-12,5510,15465,4,7-5510154654
Russia,Russia,BMP-3,abandoned,https://i.postimg.cc/xC55Jjf7/1045-bmp3-dam-aband-17-08-23.jpg,2023-08-21,5510,15470,4,7-5510154704
Russia,Russia,BMP-3,abandoned,https://i.postimg.cc/gJ32txyc/1041-BMP-3-dam-aband-06-11-23.jpg,2023-11-10,5510,15498,4,7-5510154984
Russia,Russia,BMP-3,abandoned,https://twitter.com/Danspiun/status/1732470404894060709,2023-12-07,5510,13658,4,7-5510136584
Russia,Russia,BMP-3,abandoned,https://twitter.com/Danspiun/status/1732745197669228736,2023-12-08,5510,15507,4,7-5510155074
Russia,Russia,BMP-3,abandoned,https://i.postimg.cc/d1fPQpvM/1061-1x-bmp3-2x-bmp2-dam-aband-14-12-23.jpg,2023-12-17,5510,834,4,7-55108344
Russia,Russia,BMP-3,abandoned,https://i.postimg.cc/NFWv1C8Y/1010-2x-bmp3-1x-destr-1x-dam-aband-08-01-23.jpg,2024-01-10,5510,15521,4,7-5510155214
Russia,Russia,BMP-3,abandoned,https://i.postimg.cc/J4CTYt9z/1043-bmp3-dam-aband-11-01-24.jpg,2024-01-19,5510,15523,4,7-5510155234
Russia,Russia,BMP-3,abandoned,https://i.postimg.cc/gcVXfnn3/1043-bmp3-dam-aband-17-01-24.jpg,2024-01-21,5510,15526,4,7-5510155264
Russia,Russia,BMP-3,abandoned,https://i.postimg.cc/J4Kyzv3n/1047-bmp3-dam-aband-04-01-24.jpg,2024-01-21,5510,15527,4,7-5510155274
Russia,Russia,BMP-3,abandoned,https://i.postimg.cc/cLSR71v6/1069-2x-unkn-tank-1x-bmp3-1x-mtlb-aband-1x-mtlb-dam-aband-23-01-24.jpg,2024-01-24,5510,6727,4,7-551067274
Russia,Russia,BMP-3,abandoned,https://i.postimg.cc/NMX6525S/1001-BMP-3-aband-24-01-24.jpg,2024-01-27,5510,15530,4,7-5510155304
Russia,Russia,BMP-3,abandoned,https://i.postimg.cc/gJwRmMmz/1032-2x-bmp3-dam-aband-25-01-24.jpg,2024-01-30,5510,15531,4,7-5510155314
Russia,Russia,BMP-3,abandoned,https://i.postimg.cc/DfbhZFMJ/1043-bmp3-dam-aband-17-02-24.jpg,2024-02-21,5510,15539,4,7-5510155394
Russia,Russia,BMP-3,abandoned,https://i.postimg.cc/Y0zfGgZc/1047-BMP-3-dam-aband-18-02-24.jpg,2024-02-23,5510,15541,4,7-5510155414
Russia,Russia,BMP-3,abandoned,https://i.postimg.cc/1zrMxSj7/1046-2x-bmp3-aband-24-02-24.jpg,2024-02-26,5510,15545,4,7-5510155454
Russia,Russia,BMP-3,abandoned,https://i.postimg.cc/CMD8WKGZ/1038-bmp3-dam-aband-27-02-24.jpg,2024-02-29,5510,15552,4,7-5510155524
Russia,Russia,BMP-3,abandoned,https://i.postimg.cc/qvm686TF/1027-bmp3-aband-28-02-24.jpg,2024-02-29,5510,15553,4,7-5510155534
Russia,Russia,BMP-3,abandoned,https://i.postimg.cc/Wbd1myd8/1079-BMP-3-dam-aband-17-02-24.jpg,2024-04-08,5510,15571,4,7-5510155714
Russia,Russia,BMP-3,abandoned,https://i.postimg.cc/3wTrTJnf/1078-BMP-3-dam-aband-17-02-24.jpg,2024-04-08,5510,15572,4,7-5510155724
Russia,Russia,BMP-3,abandoned,https://i.postimg.cc/g0mDBJWm/1304-BMP-3-dam-aband-17-02-24.jpg,2024-04-08,5510,15573,4,7-5510155734
Russia,Russia,BMP-3,abandoned,https://i.postimg.cc/9MpcYMk7/1010-BMP-3-dam-aband-02-04-24.jpg,2024-04-08,5510,15574,4,7-5510155744
Russia,Russia,BMP-3,abandoned,https://i.postimg.cc/2SsjzgvV/1013-BMP-3-dam-aband-02-04-24.jpg,2024-04-08,5510,15575,4,7-5510155754
Russia,Russia,BMP-3,abandoned,https://i.postimg.cc/pVJNd0mP/1028-BMP-3-dam-aband-06-04-24.jpg,2024-04-24,5510,15583,4,7-5510155834
Russia,Russia,BMP-3,abandoned,https://i.postimg.cc/KjFdNTHX/1015-BMP-3-dam-aband-17-04-24.jpg,2024-04-24,5510,15584,4,7-5510155844
Russia,Russia,BMP-3,abandoned,https://i.postimg.cc/W1MKQSY2/1027-BMP-3-dam-aband-17-04-24.jpg,2024-04-27,5510,15586,4,7-5510155864
Russia,Russia,BMP-3,abandoned,https://i.postimg.cc/W4LZYHhm/1036-BMP-3-aband-03-05-24.jpg,2024-05-04,5510,15589,4,7-5510155894
Russia,Russia,BMP-3,abandoned,https://i.postimg.cc/HLxGXG43/1034-bmp3-dam-aband-27-05-24.jpg,2024-05-31,5510,15596,4,7-5510155964
Russia,Russia,BMP-3,abandoned,https://i.postimg.cc/mZ0hvML2/1049-BMP-3-dam-aband-14-06-24.jpg,2024-06-18,5510,15604,4,7-5510156044
Russia,Russia,BMP-3,abandoned,https://i.postimg.cc/jd9gkt61/1050-bmp3-aband-20-06-24.jpg,2024-06-30,5510,15608,4,7-5510156084
Russia,Russia,BMP-3,abandoned,https://i.postimg.cc/ZqVs0Wbc/1064-bmp3-aband-25-07-24.jpg,2024-07-31,5510,15621,4,7-5510156214
Russia,Russia,BMP-3,abandoned,https://i.postimg.cc/c1DRtS7T/1051-BMP-3-dam-aband-16-09-24.jpg,2024-09-20,5510,15638,4,7-5510156384
Russia,Russia,BMP-3,abandoned,https://i.postimg.cc/BnrYfy9P/1000-BMP-3-aband-30-09-24.jpg,2024-10-06,5510,15649,4,7-5510156494
Russia,Russia,BMP-3,abandoned,https://i.postimg.cc/vm6SJC6V/1252-BMP-3-aband-18-10-24.jpg,2024-10-22,5510,15664,4,7-5510156644
Russia,Russia,BMP-3,abandoned,https://i.postimg.cc/G2R1fyJw/1047-BMP-3-aband-15-10-24.jpg,2024-11-05,5510,15672,4,7-5510156724
Russia,Russia,BMP-3,abandoned,https://i.postimg.cc/HknkSS1D/1008-BMP-3-dam-aband-27-01-25.jpg,2025-02-02,5510,15703,4,7-5510157034
Russia,Russia,BMP-3,abandoned,https://i.postimg.cc/nrQs5cny/1066-BMP-3-dam-aband-09-10-24.jpg,2025-04-17,5510,15720,4,7-5510157204
Russia,Russia,BMP-3,abandoned,https://i.postimg.cc/8zNNBG53/1004-BMP-3-aband-19-04-25.jpg,2025-05-21,5510,15729,4,7-5510157294
Russia,Russia,BMP-3,abandoned,https://i.postimg.cc/vT14hbcQ/1041-BMP-3-aband-17-06-25.jpg,2025-06-27,5510,15738,4,7-5510157384
Russia,Russia,BMP-3 688A-sb6-2KP,abandoned,https://i.postimg.cc/1zgtCRc7/1004-BMP-3-688-A-sb6-2-KP-dam-aband-09-05-24.jpg,2024-05-12,5511,15749,4,7-5511157494
Russia,Russia,BMP-3 688A-sb6-2KP,abandoned,https://i.postimg.cc/FRZY5W6Y/1013-BMP-3-688-A-sb6-2-KP-dam-aband-14-05-24.jpg,2024-05-18,5511,15753,4,7-5511157534
Russia,Russia,BMP-3 688M sb. 3KDZ,abandoned,https://i.postimg.cc/xjMSj5NC/1300-bmp3-dad-aband-06-02-23.jpg,2023-05-24,5512,15759,4,7-5512157594
Russia,Russia,BMP-3 688M sb. 3KDZ,abandoned,https://i.postimg.cc/rpbqN2hC/1302-bmp3-uparmored-damaged-and-abandoned-24-01-23.jpg,2023-05-24,5512,15760,4,7-5512157604
Russia,Russia,BMP-3 688M sb. 3KDZ,abandoned,https://i.postimg.cc/YCKXHWMR/1014-bmp3m688-dam-aband-04-08-23.jpg,2023-08-06,5512,15768,4,7-5512157684
Russia,Russia,BMP-3 688M sb. 3KDZ,abandoned,https://i.postimg.cc/qRprBHqz/1009-BMP-3-688-M-sb-3-KDZ-dam-aband-24-12-23.jpg,2024-01-09,5512,15771,4,7-5512157714
Russia,Russia,BMP-3 688M sb. 3KDZ,abandoned,https://i.postimg.cc/k5Q9dgn0/1010-BMP-3-688-M-sb-3-KDZ-dam-aband-24-12-23.jpg,2024-01-09,5512,15772,4,7-5512157724
Russia,Russia,BMP-3 688M sb. 3KDZ,abandoned,https://i.postimg.cc/XqdCyprt/1031-BMP-3-688-M-SB3-KDZ-dam-aband-21-01-24.jpg,2024-01-30,5512,15774,4,7-5512157744
Russia,Russia,BMP-3 688M sb. 3KDZ,abandoned,https://i.postimg.cc/dVBSt1sp/1036-BMP-3-688-M-SB3-KDZ-dam-aband-29-01-24.jpg,2024-02-09,5512,15776,4,7-5512157764
Russia,Russia,BMP-3 688M sb. 3KDZ,abandoned,https://i.postimg.cc/j2bV22t2/1029-BMP-3-688-M-SB3-KDZ-aband-14-02-24.jpg,2024-02-15,5512,15777,4,7-5512157774
Russia,Russia,BMP-3 688M sb. 3KDZ,abandoned,https://i.postimg.cc/GhRymgQ5/1004-BMP-3-688-M-SB3-KDZ-dam-aband-16-02-24.jpg,2024-02-23,5512,15778,4,7-5512157784
Russia,Russia,BMP-3 688M sb. 3KDZ,abandoned,https://i.postimg.cc/T15TmXz8/1036-BMP-3-688-M-SB3-KDZ-dam-aband-01-04-24.jpg,2024-04-08,5512,15805,4,7-5512158054
Russia,Russia,BMP-3 688M sb. 3KDZ,abandoned,https://i.postimg.cc/BnrtbVMk/1027-BMP-3-SB3-KDZ-dam-aband-06-04-24.jpg,2024-04-11,5512,15808,4,7-5512158084
Russia,Russia,BMP-3 688M sb. 3KDZ,abandoned,https://i.postimg.cc/YCZL5FvJ/1041-BMP-3-SB3-KDZ-dam-aband-17-04-24.jpg,2024-04-21,5512,15810,4,7-5512158104
Russia,Soviet Union,BREM-1 armoured recovery vehicle,abandoned,https://i.postimg.cc/J06KWRhW/460.png,2022-03-30,5515,15824,4,7-5515158244
Russia,Soviet Union,BREM-1 armoured recovery vehicle,abandoned,https://i.postimg.cc/TP35M56S/2d.png,2022-05-10,5515,15830,4,7-5515158304
Russia,Soviet Union,BREM-1 armoured recovery vehicle,abandoned,https://i.postimg.cc/yxvxyCTy/54.jpg,2022-06-11,5515,15833,4,7-5515158334
Russia,Soviet Union,BREM-1 armoured recovery vehicle,abandoned,https://i.postimg.cc/ydK0fB0M/336.jpg,2022-06-11,5515,15834,4,7-5515158344
Russia,Soviet Union,BREM-1 armoured recovery vehicle,abandoned,https://i.postimg.cc/LsHhHGmp/1015-brem1-dam-aband-10-10-23.jpg,2023-10-12,5515,15846,4,7-5515158464
Russia,Soviet Union,BREM-1 armoured recovery vehicle,abandoned,https://i.postimg.cc/SKWv4Wbb/1026-t72bobr22022-destr-t72b-brem1-mtlb-aband-31-10-23.jpg,2023-11-02,5515,15850,4,7-5515158504
Russia,Soviet Union,BREM-1 armoured recovery vehicle,abandoned,https://i.postimg.cc/T2Vw72RT/1037-2x-dam-aband-bmp2-1x-brem-1-aband-08-11-23.jpg,2023-11-10,5515,15851,4,7-5515158514
Russia,Soviet Union,BREM-1 armoured recovery vehicle,abandoned,https://i.postimg.cc/rySZ9YNN/1020-brem1-dam-aband-30-01-24.jpg,2024-02-09,5515,15854,4,7-5515158544
Russia,Soviet Union,BREM-1 armoured recovery vehicle,abandoned,https://i.postimg.cc/KzQfrC0R/1049-brem1-dam-aband-07-02-24.jpg,2024-02-09,5515,15855,4,7-5515158554
Russia,Soviet Union,BREM-1 armoured recovery vehicle,abandoned,https://i.postimg.cc/pdQg6dxy/1036-brem1-dam-aband-15-02-24.jpg,2024-02-18,5515,15856,4,7-5515158564
Russia,Soviet Union,BREM-1 armoured recovery vehicle,abandoned,https://i.postimg.cc/MGzyMwW9/1079-1x-aband-1x-dam-aband-BREM-1-18-03-24.jpg,2024-04-08,5515,15862,4,7-5515158624
Russia,Soviet Union,BREM-1 armoured recovery vehicle,abandoned,https://i.postimg.cc/Y0C76NbD/1027-brem1-dam-aband-21-03-24.jpg,2024-04-08,5515,15863,4,7-5515158634
Russia,Soviet Union,BREM-1 armoured recovery vehicle,abandoned,https://i.postimg.cc/VLKTJpdV/1101-brem1-aband-08-05-24.jpg,2024-05-09,5515,15868,4,7-5515158684
Russia,Soviet Union,BREM-1 armoured recovery vehicle,abandoned,https://i.postimg.cc/gjQWvFdL/1067-BREM-1-armoured-recovery-vehicle-aband-16-03-24.jpg,2024-06-11,5515,15875,4,7-5515158754
Russia,Soviet Union,BREM-1 armoured recovery vehicle,abandoned,https://i.postimg.cc/2jKrpvvj/1066-BREM-1-armoured-recovery-vehicle-dam-aband-16-03-24.jpg,2024-06-11,5515,15876,4,7-5515158764
Russia,Soviet Union,BREM-1 armoured recovery vehicle,abandoned,https://i.postimg.cc/7L4VCT9t/1059-BREM-1-armoured-recovery-vehicle-dam-aband-04-09-24.jpg,2024-09-09,5515,15883,4,7-5515158834
Russia,Soviet Union,BREM-1 armoured recovery vehicle,abandoned,https://i.postimg.cc/x1sYGfHW/1061-BREM-1-armoured-recovery-vehicle-dam-aband-25-09-24.jpg,2024-11-27,5515,15892,4,7-5515158924
Russia,Soviet Union,BREM-1 armoured recovery vehicle,abandoned,https://i.postimg.cc/pdjSLFTs/1026-BREM-1-armoured-recovery-vehicle-aband-09-12-24.jpg,2024-12-12,5515,15895,4,7-5515158954
Russia,Soviet Union,BREM-1 armoured recovery vehicle,abandoned,https://i.postimg.cc/BQnhkdKh/1008-BREM-1-M-armoured-recovery-vehicle-aband-08-08-25.jpg,2025-08-14,5515,15907,4,7-5515159074
Russia,Czech Republic,BREM-Ch ''BREM-4'' armoured recovery vehicle,abandoned,https://i.postimg.cc/NjJtF5qR/4775.png,2022-04-14,5517,15915,4,7-5517159154
Russia,Soviet Union,BTR-50 with BPU-1 turret,abandoned,https://i.postimg.cc/fLT9JW3d/1051-BTR-50-with-BPU-1-turret-aband-02-04-24.jpg,2024-06-09,5522,15935,4,7-5522159354
Russia,Soviet Union,BTR-80,abandoned,https://i.postimg.cc/gcn1yNwd/h6.png,2022-03-19,5526,15970,4,7-5526159704
Russia,Soviet Union,BTR-80,abandoned,https://i.postimg.cc/hGQ71FqT/h7.png,2022-03-19,5526,15971,4,7-5526159714
Russia,Soviet Union,BTR-80,abandoned,https://i.postimg.cc/mrxdHDX8/43134.png,2022-03-19,5526,15972,4,7-5526159724
Russia,Soviet Union,BTR-80,abandoned,https://i.postimg.cc/FRd1GGTm/f22.png,2022-03-19,5526,15973,4,7-5526159734
Russia,Soviet Union,BTR-80,abandoned,https://i.postimg.cc/KjcSwP7f/579.png,2022-03-19,5526,15974,4,7-5526159744
Russia,Soviet Union,BTR-80,abandoned,https://i.postimg.cc/GpM5MThW/36.png,2022-03-26,5526,15967,4,7-5526159674
Russia,Russia,BTR-82A,abandoned,https://i.postimg.cc/j5kxgNCW/g66.jpg,2022-03-19,5527,16069,4,7-5527160694
Russia,Russia,BTR-82A,abandoned,https://i.postimg.cc/J01GbYLL/bb2.png,2022-03-19,5527,16070,4,7-5527160704
Russia,Russia,BTR-82A,abandoned,https://i.postimg.cc/bJDw1Gdq/46.png,2022-03-19,5527,16071,4,7-5527160714
Russia,Russia,BTR-82A,abandoned,https://i.postimg.cc/Kc32fSfv/6658.png,2022-03-19,5527,16072,4,7-5527160724
Russia,Russia,BTR-82A,abandoned,https://i.postimg.cc/25DqyNfS/55448.png,2022-03-19,5527,16073,4,7-5527160734
Russia,Russia,BTR-82A,abandoned,https://i.postimg.cc/pLXYWb0d/49.png,2022-03-19,5527,16074,4,7-5527160744
Russia,Russia,BTR-82A,abandoned,https://i.postimg.cc/d3ZQm1t0/rgg.png,2022-03-19,5527,16075,4,7-5527160754
Russia,Russia,BTR-82A,abandoned,https://i.postimg.cc/MTnD6Msb/45.jpg,2022-03-19,5527,16076,4,7-5527160764
Russia,Russia,BTR-82A,abandoned,https://i.postimg.cc/qMxr03Ry/82a.jpg,2022-04-23,5527,16180,4,7-5527161804
Russia,Russia,BTR-82A,abandoned,https://i.postimg.cc/PxBfYfhk/767.jpg,2022-05-20,5527,14432,4,7-5527144324
Russia,Russia,BTR-82A,abandoned,https://twitter.com/UAWeapons/status/1525936384434913281,2022-05-24,5527,16217,4,7-5527162174
Russia,Russia,BTR-82A(M),abandoned,https://i.postimg.cc/1RJVYmjQ/82.png,2022-06-29,5528,16227,4,7-5528162274
Russia,Soviet Union,BTR-D,abandoned,https://i.postimg.cc/W3rVnKRy/x1.jpg,2022-03-19,5529,16271,4,7-5529162714
Russia,Soviet Union,BTR-D,abandoned,https://i.postimg.cc/nzH4n8F8/6659.jpg,2022-03-19,5529,16272,4,7-5529162724
Russia,Soviet Union,BTR-D,abandoned,https://i.postimg.cc/cHHvDd1J/g7.jpg,2022-03-19,5529,16273,4,7-5529162734
Russia,Soviet Union,BTR-D,abandoned,https://i.postimg.cc/Y9V7fHyY/j1.jpg,2022-03-19,5529,16274,4,7-5529162744
Russia,Soviet Union,BTR-D,abandoned,https://i.postimg.cc/Vk3585Qr/547.png,2022-03-19,5529,16275,4,7-5529162754
Russia,Soviet Union,BTR-D,abandoned,https://i.postimg.cc/Dy5GN1B5/jj8.jpg,2022-03-19,5529,16276,4,7-5529162764
Russia,Soviet Union,BTR-D,abandoned,https://i.postimg.cc/P5grPQ3H/4fj.png,2022-03-19,5529,16277,4,7-5529162774
Russia,Soviet Union,BTR-D,abandoned,https://i.postimg.cc/tRtkGhj9/54g.png,2022-03-19,5529,16278,4,7-5529162784
Russia,Soviet Union,BTR-D,abandoned,https://i.postimg.cc/zGYyLF60/38.png,2022-03-26,5529,16293,4,7-5529162934
Russia,Soviet Union,BTR-D,abandoned,https://i.postimg.cc/CL2nNvdT/699.png,2022-03-26,5529,16294,4,7-5529162944
Russia,Soviet Union,BTR-D,abandoned,https://i.postimg.cc/MpyZQtQY/d12.jpg,2022-03-26,5529,16295,4,7-5529162954
Russia,Soviet Union,BTR-D,abandoned,https://postimg.cc/14zY5RHW,2022-04-18,5529,16301,4,7-5529163014
Russia,Soviet Union,BTR-D,abandoned,https://postimg.cc/xXL6FXfd,2022-04-18,5529,16302,4,7-5529163024
Russia,Soviet Union,BTR-D,abandoned,https://i.postimg.cc/VL6fPJrT/1001-BTR-D-aband-08-12-23.jpg,2023-12-17,5529,16347,4,7-5529163474
Russia,Russia,BTR-MDM Rakushka,abandoned,https://i.postimg.cc/8C3Np1Z2/1016-2x-BTR-MDM-Rakushka-aband-08-12-23.jpg,2023-12-10,5532,16395,4,7-5532163954
Russia,Russia,BTR-MDM Rakushka,abandoned,https://i.postimg.cc/YCbFBBSN/1005-BTR-MDM-Rakushka-dam-aband-28-05-24.jpg,2024-06-02,5532,16408,4,7-5532164084
Russia,Russia,BTR-MDM Rakushka,abandoned,https://i.postimg.cc/TYbfy74m/1010-BTR-MDM-Rakushka-dam-aband-17-01-25.jpg,2025-01-22,5532,16418,4,7-5532164184
Russia,Soviet Union,BTS-4A armoured recovery vehicle,abandoned,https://i.postimg.cc/8PqH77vz/3327.png,2023-09-08,5535,16431,4,7-5535164314
Russia,Soviet Union,BTS-4A armoured recovery vehicle,abandoned,https://i.postimg.cc/d1y9QMTL/1024-bts4-aband-18-11-23.jpg,2023-12-14,5535,16433,4,7-5535164334
Russia,Soviet Union,BTS-4A armoured recovery vehicle,abandoned,https://i.postimg.cc/fR8kJhtb/1038-bts4a-dam-aband-22-03-24.jpg,2024-04-08,5535,16434,4,7-5535164344
Russia,Soviet Union,BTS-4A armoured recovery vehicle,abandoned,https://i.postimg.cc/mkRq9GY0/1021-bts4a-arv-dam-aband-30-03-24.jpg,2024-05-09,5535,16435,4,7-5535164354
Russia,Russia,Barnaul-T 9<U+0421>932-1 automated system for air defence units,abandoned,https://i.postimg.cc/fTrQXZpK/g2.jpg,2022-03-19,5536,16451,4,7-5536164514
Russia,Russia,GAZ Sobol,abandoned,https://postimg.cc/87FbS5YH,2022-03-19,5547,16514,4,7-5547165144
Russia,Russia,GAZ Tigr,abandoned,https://i.postimg.cc/mDbvhs6S/n8.png,2022-03-19,5548,16515,4,7-5548165154
Russia,Russia,GAZ Tigr-M,abandoned,https://i.postimg.cc/vZRf920n/t1.jpg,2022-03-19,5549,16544,4,7-5549165444
Russia,Russia,GAZ Tigr-M,abandoned,https://i.postimg.cc/qv8nGcF5/t2.jpg,2022-03-19,5549,16545,4,7-5549165454
Russia,Russia,GAZ Tigr-M,abandoned,https://i.postimg.cc/25GZskrd/t3.jpg,2022-03-19,5549,16546,4,7-5549165464
Russia,Russia,GAZ-3308,abandoned,https://postimg.cc/cg7mbbzG,2022-03-19,5550,16628,4,7-5550166284
Russia,Russia,GAZ-3308,abandoned,https://postimg.cc/62xczXYh,2022-03-19,5550,16629,4,7-5550166294
Russia,Russia,GAZ-3308,abandoned,https://i.postimg.cc/wjz9hn1C/361.png,2022-03-19,5550,16630,4,7-5550166304
Russia,Soviet Union,GAZ-66,abandoned,https://i.postimg.cc/8zKhCCjn/317.png,2022-03-19,5552,16643,4,7-5552166434
Russia,Soviet Union,GAZ-66,abandoned,https://i.postimg.cc/zByHJ18m/1014-GAZ-66-dam-aband-24-05-25.jpg,2025-06-01,5552,16729,4,7-5552167294
Russia,Soviet Union,IMR-2 combat engineering vehicle,abandoned,https://i.postimg.cc/gkmWVDpv/336.png,2022-03-19,5554,16746,4,7-5554167464
Russia,Soviet Union,IMR-2 combat engineering vehicle,abandoned,https://i.postimg.cc/Y2Jw09RD/684.png,2022-03-19,5554,16747,4,7-5554167474
Russia,Soviet Union,IMR-2 combat engineering vehicle,abandoned,https://i.postimg.cc/d18bTNg1/4362.png,2022-04-01,5554,16751,4,7-5554167514
Russia,Soviet Union,IMR-2(M) combat engineering vehicle,abandoned,https://i.postimg.cc/w38nDgW5/655.jpg,2022-05-08,5555,16754,4,7-5555167544
Russia,Italy,Iveco LMV 'Rys',abandoned,https://i.postimg.cc/sDCqXTNg/Screenshot-8445.png,2022-03-19,5559,16775,4,7-5559167754
Russia,Italy,Iveco LMV Rys,abandoned,https://i.postimg.cc/zGz7j1NL/43.png,2022-06-09,5560,16787,4,7-5560167874
Russia,Russia,K-53949 Typhoon-K,abandoned,https://i.postimg.cc/N0hp3Q4m/545.jpg,2022-03-19,5563,16817,4,7-5563168174
Russia,Russia,Ka-52 'Alligator' attack helicopter,abandoned,https://postimg.cc/jCmC8Nx5,2022-03-19,5564,16825,4,7-5564168254
Russia,Russia,Ka-52 'Alligator' attack helicopter,abandoned,https://i.postimg.cc/Zqj182jJ/987.png,2022-03-19,5564,16826,4,7-5564168264
Russia,Russia,Ka-52 'Alligator' attack helicopter,abandoned,https://i.postimg.cc/vmtC0wn8/57.png,2022-04-14,5564,16832,4,7-5564168324
Russia,Russia,Ka-52 'Alligator' attack helicopter,abandoned,https://i.postimg.cc/tRxDy5TM/3288.png,2022-04-21,5564,16836,4,7-5564168364
Russia,Russia,KamAZ 4x4,abandoned,https://i.postimg.cc/65M1yk1T/4245.png,2022-03-19,5566,16884,4,7-5566168844
Russia,Russia,KamAZ 6x6,abandoned,https://i.postimg.cc/GhDp0yzL/tt1.png,2022-03-19,5568,16969,4,7-5568169694
Russia,Russia,KamAZ 6x6,abandoned,https://i.postimg.cc/CK9ZnJrc/Screenshot-8398.png,2022-03-19,5568,16970,4,7-5568169704
Russia,Russia,KamAZ 6x6,abandoned,https://i.postimg.cc/9F0M05Tb/Screenshot-8232.png,2022-03-19,5568,16971,4,7-5568169714
Russia,Russia,KamAZ 6x6,abandoned,https://i.postimg.cc/RFmCkffg/Screenshot-8273.png,2022-03-19,5568,16972,4,7-5568169724
Russia,Russia,KamAZ 6x6,abandoned,https://i.postimg.cc/tCPccYNm/v8.png,2022-03-19,5568,16973,4,7-5568169734
Russia,Russia,KamAZ 6x6,abandoned,https://i.postimg.cc/xTNQw51P/aa1.jpg,2022-03-19,5568,16974,4,7-5568169744
Russia,Russia,KamAZ 6x6,abandoned,https://i.postimg.cc/RC6RYDzZ/Screenshot-8396.png,2022-03-19,5568,16975,4,7-5568169754
Russia,Russia,KamAZ 6x6,abandoned,https://i.postimg.cc/ZqYR92LP/Screenshot-8486.png,2022-03-19,5568,16976,4,7-5568169764
Russia,Russia,KamAZ 6x6,abandoned,https://i.postimg.cc/Pf0f1L53/v3.png,2022-03-19,5568,16977,4,7-5568169774
Russia,Russia,KamAZ 6x6,abandoned,https://i.postimg.cc/sgcVZwrF/ka1.png,2022-03-19,5568,16978,4,7-5568169784
Russia,Russia,KamAZ 6x6,abandoned,https://i.postimg.cc/WbxvqjmQ/g1.png,2022-03-19,5568,16979,4,7-5568169794
Russia,Russia,KamAZ 6x6,abandoned,https://i.postimg.cc/nh7tv50M/g2.png,2022-03-19,5568,16980,4,7-5568169804
Russia,Russia,KamAZ 6x6,abandoned,https://i.postimg.cc/jjbYvXFc/g3.png,2022-03-19,5568,16981,4,7-5568169814
Russia,Russia,KamAZ 6x6,abandoned,https://i.postimg.cc/SRcQVH07/44366.png,2022-03-19,5568,16982,4,7-5568169824
Russia,Russia,KamAZ 6x6,abandoned,https://i.postimg.cc/43yxjGmX/432.png,2022-03-19,5568,16983,4,7-5568169834
Russia,Russia,KamAZ 6x6,abandoned,https://i.postimg.cc/85PBn7X1/a1.png,2022-03-19,5568,16984,4,7-5568169844
Russia,Russia,KamAZ 6x6,abandoned,https://i.postimg.cc/QxWgPGmW/a2.png,2022-03-19,5568,16985,4,7-5568169854
Russia,Russia,KamAZ 6x6,abandoned,https://i.postimg.cc/C1PHyw9b/a3.png,2022-03-19,5568,16986,4,7-5568169864
Russia,Russia,KamAZ 6x6,abandoned,https://i.postimg.cc/rsDGMvL3/a4.png,2022-03-19,5568,16987,4,7-5568169874
Russia,Russia,KamAZ 6x6,abandoned,https://i.postimg.cc/gc7qNkVW/a5.png,2022-03-19,5568,16988,4,7-5568169884
Russia,Russia,KamAZ 6x6,abandoned,https://twitter.com/UAWeapons/status/1527607537041801216,2022-05-23,5568,14,4,7-5568144
Russia,Russia,KamAZ 6x6,abandoned,https://twitter.com/UAWeapons/status/1525936384434913281,2022-05-24,5568,16217,4,7-5568162174
Russia,Russia,KamAZ Avtozaks,abandoned,https://i.postimg.cc/kg3NP1YY/a6.png,2022-03-19,5572,17223,4,7-5572172234
Russia,Russia,KamAZ with armoured cabin,abandoned,https://i.postimg.cc/k5h1G2f3/39.png,2022-03-19,5573,17231,4,7-5573172314
Russia,Russia,KamAZ with armoured cabin,abandoned,https://i.postimg.cc/4yj6dBfd/a7.png,2022-03-19,5573,17232,4,7-5573172324
Russia,Russia,KamAZ-63968 'Typhoon',abandoned,https://i.postimg.cc/Kjr4dzfx/t11.jpg,2022-03-19,5580,17294,4,7-5580172944
Russia,Russia,KamAZ-63968 'Typhoon',abandoned,https://i.postimg.cc/brjsCbQm/t12.jpg,2022-03-19,5580,17295,4,7-5580172954
Russia,Russia,KamAZ-63968 Typhoon,abandoned,https://i.postimg.cc/g0gcjCG4/1005-Kam-AZ-63968-Typhoon.jpg,2022-08-04,5581,17307,4,7-5581173074
Russia,Russia,MP-2IM signals vehicle,abandoned,https://i.postimg.cc/wM1CmTC8/b89.png,2022-03-19,5592,17370,4,7-5592173704
Russia,Soviet Union,MT-LB,abandoned,https://i.postimg.cc/GpG26n3R/446.png,2022-03-19,5593,17395,4,7-5593173954
Russia,Soviet Union,MT-LB,abandoned,https://i.postimg.cc/Y21qgqY7/7766.jpg,2022-03-19,5593,17396,4,7-5593173964
Russia,Soviet Union,MT-LB,abandoned,https://i.postimg.cc/mkwsnkyF/433.png,2022-03-19,5593,17397,4,7-5593173974
Russia,Soviet Union,MT-LB,abandoned,https://i.postimg.cc/1z6127Wh/h54.png,2022-03-19,5593,17398,4,7-5593173984
Russia,Soviet Union,MT-LB,abandoned,https://i.postimg.cc/vHYqqTjM/544.png,2022-03-19,5593,17399,4,7-5593173994
Russia,Soviet Union,MT-LB,abandoned,https://i.postimg.cc/yNdpdVtm/d1.png,2022-03-19,5593,17400,4,7-5593174004
Russia,Soviet Union,MT-LB,abandoned,https://i.postimg.cc/dV6Sf0SG/6hf.png,2022-03-19,5593,17401,4,7-5593174014
Russia,Soviet Union,MT-LB,abandoned,https://i.postimg.cc/MT7GfMmt/467.png,2022-03-19,5593,17402,4,7-5593174024
Russia,Soviet Union,MT-LB,abandoned,https://i.postimg.cc/yYY0Hk5C/73.jpg,2022-03-19,5593,17403,4,7-5593174034
Russia,Soviet Union,MT-LB,abandoned,https://i.postimg.cc/ZRgTChvT/f24.png,2022-03-19,5593,17404,4,7-5593174044
Russia,Soviet Union,MT-LB,abandoned,https://i.postimg.cc/SRx4st8h/46805.png,2022-03-19,5593,17405,4,7-5593174054
Russia,Soviet Union,MT-LB,abandoned,https://i.postimg.cc/mrJwQRQ2/f69.png,2022-03-19,5593,17406,4,7-5593174064
Russia,Soviet Union,MT-LB,abandoned,https://i.postimg.cc/44Pdb9wn/48.png,2022-03-19,5593,17407,4,7-5593174074
Russia,Soviet Union,MT-LB,abandoned,https://i.postimg.cc/43RcYDPt/m2.png,2022-03-19,5593,17408,4,7-5593174084
Russia,Soviet Union,MT-LB,abandoned,https://i.postimg.cc/mr3HCmpn/m3.png,2022-03-19,5593,17409,4,7-5593174094
Russia,Soviet Union,MT-LB,abandoned,https://i.postimg.cc/26bSBK7B/6j.png,2022-03-19,5593,17410,4,7-5593174104
Russia,Soviet Union,MT-LB,abandoned,https://i.postimg.cc/3RqpkBLf/329.png,2022-03-19,5593,17411,4,7-5593174114
Russia,Soviet Union,MT-LB,abandoned,https://i.postimg.cc/Gp549LKJ/h24.png,2022-03-19,5593,17412,4,7-5593174124
Russia,Soviet Union,MT-LB,abandoned,https://i.postimg.cc/JzjbsLP6/44313.jpg,2022-03-26,5593,17457,4,7-5593174574
Russia,Soviet Union,MT-LB,abandoned,https://i.postimg.cc/sXXbnXYV/mtlba3.jpg,2022-04-17,5593,17495,4,7-5593174954
Russia,Soviet Union,MT-LB,abandoned,https://postimg.cc/VS1KyzvW,2022-04-18,5593,17508,4,7-5593175084
Russia,Soviet Union,MT-LB,abandoned,https://i.postimg.cc/j5Bm4Z3G/f1.jpg,2022-04-24,5593,17514,4,7-5593175144
Russia,Soviet Union,MT-LB,abandoned,https://i.postimg.cc/C5DtPkWd/f2.jpg,2022-04-24,5593,17515,4,7-5593175154
Russia,Soviet Union,MT-LB,abandoned,https://twitter.com/UAWeapons/status/1543208793907122179,2022-07-03,5593,17556,4,7-5593175564
Russia,Soviet Union,MT-LB,abandoned,https://i.postimg.cc/k4c3cw6N/1001-mtlb-aband.jpg,2022-11-28,5593,17725,4,7-5593177254
Russia,Soviet Union,MT-LB,abandoned,https://i.postimg.cc/6qZJL38T/1004-1x-mtlb-dam-aband-2x-bmp2-1x-destr-1x-dam-aband-2x-t72b3-dam-aband-09-02-23.jpg,2023-02-12,5593,6177,4,7-559361774
Russia,Soviet Union,MT-LB,abandoned,https://i.postimg.cc/3RdHN97X/1005-1x-bmp2-destr-1x-mtlb-aband-1x-t72b3-aband-09-02-23.jpg,2023-02-12,5593,10893,4,7-5593108934
Russia,Soviet Union,MT-LB,abandoned,https://i.postimg.cc/6q7QmWqK/1028-mtlb-aband-07-02-23.jpg,2023-02-13,5593,17758,4,7-5593177584
Russia,Soviet Union,MT-LB,abandoned,https://i.postimg.cc/L6cQRhLY/1006-mtlb-aband-21-02-23.jpg,2023-02-23,5593,17762,4,7-5593177624
Russia,Soviet Union,MT-LB,abandoned,https://i.postimg.cc/J7xY1wsR/1016-mtlb-aband-23-05-23.jpg,2023-06-01,5593,17814,4,7-5593178144
Russia,Soviet Union,MT-LB,abandoned,https://i.postimg.cc/KzwCtB2F/1012-mtlb-aband-02-06-23.jpg,2023-06-09,5593,17818,4,7-5593178184
Russia,Soviet Union,MT-LB,abandoned,https://i.postimg.cc/jdK1NqPB/1029-MT-LB-aband-13-06-23.jpg,2023-06-14,5593,17824,4,7-5593178244
Russia,Soviet Union,MT-LB,abandoned,https://i.postimg.cc/c4bhDpG9/1039-mtlb-dam-aband-02-07-23.jpg,2023-07-14,5593,17843,4,7-5593178434
Russia,Soviet Union,MT-LB,abandoned,https://i.postimg.cc/HLQtkjcR/1040-mtlb-dam-aband-02-07-23.jpg,2023-07-14,5593,17844,4,7-5593178444
Russia,Soviet Union,MT-LB,abandoned,https://i.postimg.cc/Vk0R2KYY/1041-mtlb-aband-02-07-23.jpg,2023-07-14,5593,17845,4,7-5593178454
Russia,Soviet Union,MT-LB,abandoned,https://i.postimg.cc/QMh1Rfhk/1014-MT-LB-dam-aband-29-07-23.jpg,2023-08-01,5593,17852,4,7-5593178524
Russia,Soviet Union,MT-LB,abandoned,https://twitter.com/UAWeapons/status/1691132746171666448,2023-08-15,5593,7257,4,7-559372574
Russia,Soviet Union,MT-LB,abandoned,https://i.postimg.cc/8zBjN2Y0/1019-MT-LB-aband-25-08-23.jpg,2023-10-05,5593,17889,4,7-5593178894
Russia,Soviet Union,MT-LB,abandoned,https://twitter.com/UAWeapons/status/1712147257338867867,2023-10-12,5593,17894,4,7-5593178944
Russia,Soviet Union,MT-LB,abandoned,https://i.postimg.cc/XJxHxz2N/1001-MT-LB-aband-16-10-23.png,2023-10-19,5593,17897,4,7-5593178974
Russia,Soviet Union,MT-LB,abandoned,https://i.postimg.cc/mZdv5yry/1032-MT-LB-aband-10-10-23.jpg,2023-10-26,5593,12810,4,7-5593128104
Russia,Soviet Union,MT-LB,abandoned,https://i.postimg.cc/SKWv4Wbb/1026-t72bobr22022-destr-t72b-brem1-mtlb-aband-31-10-23.jpg,2023-11-02,5593,15850,4,7-5593158504
Russia,Soviet Union,MT-LB,abandoned,https://i.postimg.cc/2ywbhjbK/1024-MT-LB-aband-31-10-23.jpg,2023-11-02,5593,17915,4,7-5593179154
Russia,Soviet Union,MT-LB,abandoned,https://i.postimg.cc/13TgpjXs/1029-mtlb-aband-31-10-23.jpg,2023-11-02,5593,17916,4,7-5593179164
Russia,Soviet Union,MT-LB,abandoned,https://i.postimg.cc/k4cKX9n6/1032-t72bobr2022-and-3x-mtlb-dam-aband-05-11-23.jpg,2023-11-06,5593,17918,4,7-5593179184
Russia,Soviet Union,MT-LB,abandoned,https://i.postimg.cc/Gt5vsxt2/1000-mtlb-dam-aband-10-11-23.jpg,2023-11-14,5593,17928,4,7-5593179284
Russia,Soviet Union,MT-LB,abandoned,https://i.postimg.cc/QdL09cQz/1033-mtlb-dam-aband-15-11-23.jpg,2023-11-20,5593,17938,4,7-5593179384
Russia,Soviet Union,MT-LB,abandoned,https://i.postimg.cc/90TdsxWV/1033-mtlb-aband-23-11-23.jpg,2023-11-27,5593,17944,4,7-5593179444
Russia,Soviet Union,MT-LB,abandoned,https://i.postimg.cc/fL1724QB/1034-mtlb-aband-23-11-23.jpg,2023-11-27,5593,17945,4,7-5593179454
Russia,Soviet Union,MT-LB,abandoned,https://i.postimg.cc/44cxsJjN/1024-mtlb-dam-aband-03-12-23.jpg,2023-12-08,5593,17951,4,7-5593179514
Russia,Soviet Union,MT-LB,abandoned,https://i.postimg.cc/V5QKdJTR/1024-mtlb-dam-aband-26-10-23.jpg,2023-12-13,5593,17956,4,7-5593179564
Russia,Soviet Union,MT-LB,abandoned,https://i.postimg.cc/pVkKHFK1/1021-mtlb-dam-aband-21-12-23.jpg,2024-01-09,5593,17984,4,7-5593179844
Russia,Soviet Union,MT-LB,abandoned,https://twitter.com/bayraktar_1love/status/1737780638701261204,2024-01-09,5593,2715,4,7-559327154
Russia,Soviet Union,MT-LB,abandoned,https://i.postimg.cc/Dzj60qyL/1026-mtlb-dam-aband-21-12-23.jpg,2024-01-09,5593,17985,4,7-5593179854
Russia,Soviet Union,MT-LB,abandoned,https://i.postimg.cc/LhKZhs1z/1023-MT-LB-aband-21-12-23.jpg,2024-01-09,5593,17986,4,7-5593179864
Russia,Soviet Union,MT-LB,abandoned,https://i.postimg.cc/gcwSwBhJ/1025-MT-LB-aband-21-12-23.jpg,2024-01-09,5593,17987,4,7-5593179874
Russia,Soviet Union,MT-LB,abandoned,https://i.postimg.cc/9fF1cxVc/1050-mtlb-aband-21-12-23.jpg,2024-01-09,5593,17988,4,7-5593179884
Russia,Soviet Union,MT-LB,abandoned,https://i.postimg.cc/rpLNHjwG/1040-mtlb-aband-25-12-23.jpg,2024-01-09,5593,17989,4,7-5593179894
Russia,Soviet Union,MT-LB,abandoned,https://i.postimg.cc/T3JS7sdQ/1012-bmp2-and-mtlb-aband-08-01-24.jpg,2024-01-10,5593,958,4,7-55939584
Russia,Soviet Union,MT-LB,abandoned,https://i.postimg.cc/Hk44JxNV/1038-mtlb-aband-10-01-24.jpg,2024-01-19,5593,18002,4,7-5593180024
Russia,Soviet Union,MT-LB,abandoned,https://i.postimg.cc/W1XX48td/1042-bmp3-destr-mtlb-dam-aband-11-01-24.jpg,2024-01-19,5593,15522,4,7-5593155224
Russia,Soviet Union,MT-LB,abandoned,https://i.postimg.cc/Xqssgxdk/1004-MT-LB-aband-31-12-23.jpg,2024-01-19,5593,18003,4,7-5593180034
Russia,Soviet Union,MT-LB,abandoned,https://i.postimg.cc/RV0s05xs/1010-mtlb-aband-20-12-23.jpg,2024-01-19,5593,18004,4,7-5593180044
Russia,Soviet Union,MT-LB,abandoned,https://i.postimg.cc/vBLq4Gmj/1023-MT-LB-aband-15-01-24.jpg,2024-01-19,5593,18005,4,7-5593180054
Russia,Soviet Union,MT-LB,abandoned,https://i.postimg.cc/Y04g212q/1038-mtlb-dam-aband-21-12-23.jpg,2024-01-21,5593,18012,4,7-5593180124
Russia,Soviet Union,MT-LB,abandoned,https://i.postimg.cc/vmMW7gh3/1024-MT-LB-dam-aband-15-01-24.jpg,2024-01-21,5593,18013,4,7-5593180134
Russia,Soviet Union,MT-LB,abandoned,https://i.postimg.cc/cJmfFx5Z/1023-MT-LB-dam-aband-15-01-24.jpg,2024-01-21,5593,18014,4,7-5593180144
Russia,Soviet Union,MT-LB,abandoned,https://i.postimg.cc/cLSR71v6/1069-2x-unkn-tank-1x-bmp3-1x-mtlb-aband-1x-mtlb-dam-aband-23-01-24.jpg,2024-01-24,5593,6727,4,7-559367274
Russia,Soviet Union,MT-LB,abandoned,https://i.postimg.cc/8zYnqWWr/1009-MT-LB-dam-aband-25-01-24.jpg,2024-01-27,5593,18021,4,7-5593180214
Russia,Soviet Union,MT-LB,abandoned,https://i.postimg.cc/qvq5bQtT/1011-MT-LB-dam-aband-02-01-24.jpg,2024-01-27,5593,18022,4,7-5593180224
Russia,Soviet Union,MT-LB,abandoned,https://i.postimg.cc/d12Hkxf8/1013-MT-LB-dam-aband-25-01-24.jpg,2024-01-27,5593,18023,4,7-5593180234
Russia,Soviet Union,MT-LB,abandoned,https://i.postimg.cc/BbJhxCWR/1014-MT-LB-dam-aband-08-01-24.jpg,2024-01-27,5593,18024,4,7-5593180244
Russia,Soviet Union,MT-LB,abandoned,https://i.postimg.cc/CxSBZrMM/1015-mtlb-aband-27-01-24.jpg,2024-01-30,5593,18030,4,7-5593180304
Russia,Soviet Union,MT-LB,abandoned,https://i.postimg.cc/tTDhgVn5/1016-mtlb-dam-aband-25-12-23.jpg,2024-02-09,5593,18052,4,7-5593180524
Russia,Soviet Union,MT-LB,abandoned,https://i.postimg.cc/gk13rpjf/1022-mtlb-dam-aband-30-01-24.jpg,2024-02-09,5593,18053,4,7-5593180534
Russia,Soviet Union,MT-LB,abandoned,https://i.postimg.cc/TYKrR1dV/1023-mtlb-aband-30-01-24.jpg,2024-02-09,5593,18054,4,7-5593180544
Russia,Soviet Union,MT-LB,abandoned,https://i.postimg.cc/wvtXG3Nm/1014-MT-LB-dam-aband-27-12-23.jpg,2024-02-09,5593,18055,4,7-5593180554
Russia,Soviet Union,MT-LB,abandoned,https://i.postimg.cc/j5cGrDZ5/1055-MT-LB-aband-06-02-24.jpg,2024-02-09,5593,18056,4,7-5593180564
Russia,Soviet Union,MT-LB,abandoned,https://i.postimg.cc/J0hS7R2Q/1057-MT-LB-aband-06-02-24.jpg,2024-02-09,5593,18057,4,7-5593180574
Russia,Soviet Union,MT-LB,abandoned,https://i.postimg.cc/zvP6V9mY/1058-MT-LB-aband-06-02-24.jpg,2024-02-09,5593,18058,4,7-5593180584
Russia,Soviet Union,MT-LB,abandoned,https://i.postimg.cc/B6FNjCnc/1021-MT-LB-dam-aband-11-02-24.jpg,2024-02-15,5593,18064,4,7-5593180644
Russia,Soviet Union,MT-LB,abandoned,https://i.postimg.cc/HWfcXFbZ/1023-mtlb-aband-17-02-24.jpg,2024-02-18,5593,18069,4,7-5593180694
Russia,Soviet Union,MT-LB,abandoned,https://i.postimg.cc/13DzGty4/1005-mtlb-dam-aband-11-02-24.jpg,2024-02-18,5593,18070,4,7-5593180704
Russia,Soviet Union,MT-LB,abandoned,https://i.postimg.cc/2yMHBP9C/1012-mtlb-aband-09-02-23.jpg,2024-02-21,5593,18077,4,7-5593180774
Russia,Soviet Union,MT-LB,abandoned,https://i.postimg.cc/8k0X36px/1013-mtlb-aband-04-03-23.jpg,2024-02-21,5593,18078,4,7-5593180784
Russia,Soviet Union,MT-LB,abandoned,https://i.postimg.cc/wTR4dj3M/1045-mtlb-aband-17-02-24.jpg,2024-02-21,5593,18079,4,7-5593180794
Russia,Soviet Union,MT-LB,abandoned,https://i.postimg.cc/QdmKTYv6/1023-mtlb-dam-aband-18-02-24.jpg,2024-02-23,5593,18086,4,7-5593180864
Russia,Soviet Union,MT-LB,abandoned,https://i.postimg.cc/SQtLpP55/1031-mtlb-dam-aband-27-02-24.jpg,2024-02-29,5593,18092,4,7-5593180924
Russia,Soviet Union,MT-LB,abandoned,https://i.postimg.cc/Pf8q9ygR/1038-MT-LB-dam-aband-29-02-24.jpg,2024-03-02,5593,18099,4,7-5593180994
Russia,Soviet Union,MT-LB,abandoned,https://i.postimg.cc/63940hZ0/1027-mtlb-aband-08-03-24.jpg,2024-04-08,5593,18149,4,7-5593181494
Russia,Soviet Union,MT-LB,abandoned,https://i.postimg.cc/T31Qnpsp/1111-MT-LB-dam-aband-18-03-24.jpg,2024-04-08,5593,18150,4,7-5593181504
Russia,Soviet Union,MT-LB,abandoned,https://i.postimg.cc/63f3tTxc/1011-MT-LB-dam-aband-06-03-24.jpg,2024-04-08,5593,18151,4,7-5593181514
Russia,Soviet Union,MT-LB,abandoned,https://i.postimg.cc/jSnLy4qp/1044-mtlb-aband-02-05-24.jpg,2024-05-04,5593,18189,4,7-5593181894
Russia,Soviet Union,MT-LB,abandoned,https://i.postimg.cc/QtgQHMTn/1032-MT-LB-dam-aband-06-04-24.jpg,2024-05-12,5593,18198,4,7-5593181984
Russia,Soviet Union,MT-LB,abandoned,https://i.postimg.cc/bvtHfgNP/1035-MT-LB-dam-aband-06-05-24.jpg,2024-05-12,5593,18199,4,7-5593181994
Russia,Soviet Union,MT-LB,abandoned,https://i.postimg.cc/R0csssJG/1019-mtlb-dam-aband-10-05-24.jpg,2024-05-15,5593,18208,4,7-5593182084
Russia,Soviet Union,MT-LB,abandoned,https://i.postimg.cc/bN1RD84b/1042-MT-LB-dam-aband-13-05-24.jpg,2024-05-18,5593,18211,4,7-5593182114
Russia,Soviet Union,MT-LB,abandoned,https://i.postimg.cc/vTgdWyH0/1022-MT-LB-aband-19-05-24.jpg,2024-05-24,5593,18219,4,7-5593182194
Russia,Soviet Union,MT-LB,abandoned,https://i.postimg.cc/VsxSRV9F/1013-MT-LB-dam-aband-20-05-24.jpg,2024-05-24,5593,18220,4,7-5593182204
Russia,Soviet Union,MT-LB,abandoned,https://i.postimg.cc/vH0Gz2dh/1016-MT-LB-dam-aband-16-06-24.jpg,2024-06-20,5593,18274,4,7-5593182744
Russia,Soviet Union,MT-LB,abandoned,https://i.postimg.cc/8k3Qg6tV/1039-MT-LB-dam-aband-02-05-24.jpg,2024-07-15,5593,18318,4,7-5593183184
Russia,Soviet Union,MT-LB,abandoned,https://i.postimg.cc/NM8tQ9Gx/1033-MT-LB-dam-aband-15-05-24.jpg,2024-08-12,5593,18353,4,7-5593183534
Russia,Soviet Union,MT-LB,abandoned,https://i.postimg.cc/WzfVwhZn/1035-MT-LB-dam-aband-25-08-24.jpg,2024-08-28,5593,18371,4,7-5593183714
Russia,Soviet Union,MT-LB,abandoned,https://i.postimg.cc/0N0NPKKy/1046-MT-LB-dam-aband-30-09-24.jpg,2024-10-03,5593,18436,4,7-5593184364
Russia,Soviet Union,MT-LB,abandoned,https://i.postimg.cc/Dzn2jfpk/1032-MT-LB-dam-aband-30-09-24.jpg,2024-10-03,5593,18437,4,7-5593184374
Russia,Soviet Union,MT-LB,abandoned,https://i.postimg.cc/7hfP3Bs5/1031-MT-LB-dam-aband-30-09-24.jpg,2024-10-03,5593,18438,4,7-5593184384
Russia,Soviet Union,MT-LB,abandoned,https://i.postimg.cc/Y0bY5KsJ/1048-MT-LB-dam-aband-28-09-24.jpg,2024-10-09,5593,18455,4,7-5593184554
Russia,Soviet Union,MT-LB,abandoned,https://i.postimg.cc/sDgppxBy/1061-MT-LB-aband-30-09-24.jpg,2024-10-09,5593,18456,4,7-5593184564
Russia,Soviet Union,MT-LB,abandoned,https://i.postimg.cc/d1dvSPDD/1052-MT-LB-aband-31-05-24.jpg,2024-10-22,5593,18486,4,7-5593184864
Russia,Soviet Union,MT-LB,abandoned,https://i.postimg.cc/d3YFbHT6/1050-MT-LB-aband-31-05-24.jpg,2024-10-22,5593,18487,4,7-5593184874
Russia,Soviet Union,MT-LB,abandoned,https://i.postimg.cc/vmCbzHYp/1012-MT-LB-dam-aband-07-10-24.jpg,2024-10-22,5593,18488,4,7-5593184884
Russia,Soviet Union,MT-LB,abandoned,https://i.postimg.cc/pXfMYWrn/1027-MT-LB-aband-18-02-25.jpg,2025-02-21,5593,18679,4,7-5593186794
Russia,Soviet Union,MT-LB,abandoned,https://i.postimg.cc/13PqDtYT/1020-MT-LB-dam-aband-16-02-25.jpg,2025-02-23,5593,18688,4,7-5593186884
Russia,Soviet Union,MT-LB,abandoned,https://i.postimg.cc/CMqBtD3X/1029-MT-LB-aband-16-02-25.jpg,2025-02-23,5593,18689,4,7-5593186894
Russia,Soviet Union,MT-LB,abandoned,https://i.postimg.cc/x1Rb52wd/1021-MT-LB-dam-aband-16-02-25.jpg,2025-02-23,5593,18690,4,7-5593186904
Russia,Soviet Union,MT-LB,abandoned,https://i.postimg.cc/9Qmhq8zz/1030-MT-LB-dam-aband-23-02-25.jpg,2025-02-27,5593,18693,4,7-5593186934
Russia,Soviet Union,MT-LB,abandoned,https://i.postimg.cc/0QhXctbw/1151-MT-LB-aband-11-03-25.jpg,2025-03-20,5593,18718,4,7-5593187184
Russia,Soviet Union,MT-LB,abandoned,https://i.postimg.cc/Z0tPy20w/1012-MT-LB-dam-aband-06-03-25.jpg,2025-03-20,5593,18719,4,7-5593187194
Russia,Soviet Union,MT-LB,abandoned,https://i.postimg.cc/rmHNqKTX/1011-MT-LB-dam-aband-06-03-25.jpg,2025-03-20,5593,18720,4,7-5593187204
Russia,Soviet Union,MT-LB,abandoned,https://i.postimg.cc/DyphNY5j/1003-MT-LB-aband-06-04-25.jpg,2025-04-10,5593,18757,4,7-5593187574
Russia,Soviet Union,MT-LB,abandoned,https://i.postimg.cc/qMcQ1Pzj/1009-MT-LB-dam-aband-25-07-25.jpg,2025-08-17,5593,18902,4,7-5593189024
Russia,Soviet Union,MT-LBM 6MB,abandoned,https://i.postimg.cc/pr29GJz8/359.png,2022-03-19,5598,18916,4,7-5598189164
Russia,Russia,MT-LBM 6MB,abandoned,https://i.postimg.cc/Xq2m7DSY/3317.png,2023-03-26,5598,18920,4,7-5598189204
Russia,Soviet Union,MT-LBVM and MT-LBVMK,abandoned,https://i.postimg.cc/2SdCJzyP/mtlba2.jpg,2022-04-16,5599,18941,4,7-5599189414
Russia,Soviet Union,MT-LBVM and MT-LBVMK,abandoned,https://i.postimg.cc/bwfz3Gyx/mtlba1.jpg,2022-04-16,5599,18942,4,7-5599189424
Russia,Soviet Union,MT-LBu,abandoned,https://i.postimg.cc/gc14s4Fb/a2.png,2022-03-19,5600,4437,4,7-560044374
Russia,Soviet Union,MT-LBu,abandoned,https://i.postimg.cc/sgntV80G/44fss.png,2022-03-19,5600,4438,4,7-560044384
Russia,Soviet Union,MT-LBu,abandoned,https://i.postimg.cc/63JZBWDQ/b76.png,2022-03-19,5600,4451,4,7-560044514
Russia,Soviet Union,MT-LBu,abandoned,https://i.postimg.cc/rs9z99Nk/f16.png,2022-03-19,5600,18983,4,7-5600189834
Russia,Soviet Union,MT-LBu,abandoned,https://i.postimg.cc/L5dWghTy/1055-MT-LBu-dam-aband-16-01-25.jpg,2025-01-19,5600,19011,4,7-5600190114
Russia,Soviet Union,MT-LBu,abandoned,https://i.postimg.cc/nrvP4ZSn/1059-MT-LBu-dam-aband-15-01-25.jpg,2025-01-19,5600,19012,4,7-5600190124
Russia,Russia,Mi-8 transport helicopter,abandoned,https://i.postimg.cc/V660k1F5/31g.png,2022-03-27,5610,19080,4,7-5610190804
Russia,Russia,Mi-8 transport helicopter,abandoned,https://i.postimg.cc/ncL87Pvg/65.png,2022-03-31,5610,19082,4,7-5610190824
Russia,Russia,PP-2005 floating bridge,abandoned,https://i.postimg.cc/s2M12CLf/32d3.png,2022-05-08,5625,19438,4,7-5625194384
Russia,Russia,PP-2005 floating bridge,abandoned,https://i.postimg.cc/V6M6jB13/32d3.png,2022-05-08,5625,19439,4,7-5625194394
Russia,Russia,PP-2005 floating bridge,abandoned,https://i.postimg.cc/59RWtr9r/da2.jpg,2022-05-27,5625,19442,4,7-5625194424
Russia,Russia,PP-2005 floating bridge,abandoned,https://i.postimg.cc/9Q33dq7t/da1.jpg,2022-05-27,5625,19443,4,7-5625194434
Russia,Russia,PP-2005 floating bridge,abandoned,https://i.postimg.cc/FKCXJCg1/ggg56.jpg,2022-05-27,5625,19444,4,7-5625194444
Russia,Russia,PP-2005 floating bridge,abandoned,https://i.postimg.cc/7LjDWQCd/55441.jpg,2022-05-27,5625,19445,4,7-5625194454
Russia,Russia,PP-2005 floating bridge,abandoned,https://i.postimg.cc/VsShLBGs/ff2.jpg,2022-05-27,5625,19446,4,7-5625194464
Russia,Soviet Union,PTS-3 tracked amphibious transport,abandoned,https://i.postimg.cc/Z5VK9XR3/v77.png,2022-03-19,5627,19455,4,7-5627194554
Russia,Soviet Union,PTS-3 tracked amphibious transport,abandoned,https://i.postimg.cc/DzNv6s1w/v88.png,2022-03-19,5627,19456,4,7-5627194564
Russia,Soviet Union,PTS-3 tracked amphibious transport,abandoned,https://i.postimg.cc/Xq8PbPkz/4677.png,2022-04-06,5627,19457,4,7-5627194574
Russia,Soviet Union,PTS-3 tracked amphibious transport,abandoned,https://i.postimg.cc/sDCVYrG0/431.png,2022-05-08,5627,19464,4,7-5627194644
Russia,Soviet Union,PTS-3 tracked amphibious transport,abandoned,https://i.postimg.cc/65MmYqgR/776.jpg,2022-06-11,5627,19467,4,7-5627194674
Russia,Soviet Union,PTS-3 tracked amphibious transport,abandoned,https://twitter.com/UAWeapons/status/1551593956743516160,2022-07-26,5627,19468,4,7-5627194684
Russia,Russia,Pantsir-S1,abandoned,https://i.postimg.cc/nc1WwSy5/f6.png,2022-03-19,5628,19470,4,7-5628194704
Russia,Russia,Pontoon bridge,abandoned,https://i.postimg.cc/gkfPzLKt/65.png,2022-03-29,5629,14277,4,7-5629142774
Russia,Russia,Pontoon bridge,abandoned,https://i.postimg.cc/FHRc7y1Q/657.png,2022-05-15,5629,19487,4,7-5629194874
Russia,Soviet Union,Project 1164 Slava class guided missile cruiser 'Moskva',abandoned,https://twitter.com/RALee85/status/1514379537903235074,2022-04-13,5632,19496,4,7-5632194964
Russia,Russia,R-149MA1 command and staff vehicle,abandoned,https://i.postimg.cc/jSgsKMn3/g553.jpg,2022-03-19,5643,19526,4,7-5643195264
Russia,Russia,R-149MA1 command and staff vehicle,abandoned,https://i.postimg.cc/TY9CCkH1/h6n.jpg,2022-03-19,5643,19527,4,7-5643195274
Russia,Russia,R-149MA1 command and staff vehicle,abandoned,https://postlmg.cc/DWr360St,2022-03-19,5643,19528,4,7-5643195284
Russia,Russia,R-166-0.5 signals vehicle,abandoned,https://i.postimg.cc/BQ3JL2hJ/g55.png,2022-03-19,5645,19583,4,7-5645195834
Russia,Russia,R-166-0.5 signals vehicle,abandoned,https://twitter.com/UAWeapons/status/1555673498152058883,2022-08-08,5645,69,4,7-5645694
Russia,Russia,R-419L1 communications station,abandoned,https://i.postimg.cc/HWF2jVg6/5588.png,2022-03-19,5650,19648,4,7-5650196484
Russia,Russia,Remdiesel Z-STS Akhmat,abandoned,https://twitter.com/RALee85/status/1663993455251722240,2023-06-03,5656,19664,4,7-5656196644
Russia,Russia,Remdiesel Z-STS Akhmat,abandoned,https://i.postimg.cc/y69w3jg1/1006-Akhmat-dam-aband-08-01-24.jpg,2024-01-10,5656,19669,4,7-5656196694
Russia,Russia,Remdiesel Z-STS Akhmat,abandoned,https://i.postimg.cc/XYvXh5xy/1145-Remdiesel-Z-STS-Akhmat-aband-03-10-24.jpg,2024-10-22,5656,19675,4,7-5656196754
Russia,Russia,Remdiesel Z-STS Akhmat,abandoned,https://i.postimg.cc/tCkY2kdj/1044-Remdiesel-Z-STS-Akhmat-dam-aband-09-10-24.jpg,2024-10-22,5656,19676,4,7-5656196764
Russia,Russia,Remdiesel Z-STS Akhmat,abandoned,https://i.postimg.cc/ZnZL1VZ3/1038-Remdiesel-Z-STS-Akhmat-dam-aband-18-10-24.jpg,2024-10-27,5656,19679,4,7-5656196794
Russia,Russia,Remdiesel Z-STS Akhmat,abandoned,https://i.postimg.cc/P5pmhtT6/1054-Remdiesel-Z-STS-Akhmat-dam-aband-17-11-24.jpg,2024-11-20,5656,19701,4,7-5656197014
Russia,Russia,Remdiesel Z-STS Akhmat,abandoned,https://i.postimg.cc/rpLjs23M/1037-Remdiesel-Z-STS-Akhmat-aband-04-12-24.jpg,2024-12-09,5656,19709,4,7-5656197094
Russia,Russia,Remdiesel Z-STS Akhmat,abandoned,https://i.postimg.cc/mkhNJLzN/1100-Remdiesel-Z-STS-Akhmat-aband-12-11-24.jpg,2024-12-09,5656,19710,4,7-5656197104
Russia,Russia,Remdiesel Z-STS Akhmat,abandoned,https://i.postimg.cc/k5mQKgN9/1010-Remdiesel-Z-STS-Akhmat-dam-aband-06-02-25.jpg,2025-02-11,5656,19718,4,7-5656197184
Russia,Soviet Union,T-62M,abandoned,https://twitter.com/Blue_Sauron/status/1572563299576975361,2022-09-22,5673,19980,4,7-5673199804
Russia,Russia,T-62M Obr. 2022,abandoned,https://i.postimg.cc/Pr1rDf8q/1008-T-62-M-Obr-2022-aband-24-11-23.jpg,2023-11-27,5674,19983,4,7-5674199834
Russia,Russia,T-62M Obr. 2022,abandoned,https://i.postimg.cc/9XBBZf4p/1006-T-62-MV-Obr2022-aband-27-12-23.jpg,2024-02-09,5674,19986,4,7-5674199864
Russia,Russia,T-62M Obr. 2022,abandoned,https://i.postimg.cc/q7ZTxnKs/1102-T-62-M-Obr-2022-dam-aband-21-12-23.jpg,2024-07-15,5674,19994,4,7-5674199944
Russia,Soviet Union,T-64BV,abandoned,https://i.postimg.cc/2SxhnNXW/545.jpg,2022-06-05,5675,20054,4,7-5675200544
Russia,Soviet Union,T-64BV,abandoned,https://twitter.com/Osinttechnical/status/1543835821123534849,2022-07-05,5675,20059,4,7-5675200594
Russia,Soviet Union,T-72A,abandoned,https://i.postimg.cc/q7Pd3TMR/5g4.jpg,2022-05-26,5676,20092,4,7-5676200924
Russia,Soviet Union,T-72A,abandoned,https://i.postimg.cc/pLvwFKqy/1009-1x-t72b-1x-t72-A-dam-aband-07-02-23.jpg,2023-02-12,5676,20114,4,7-5676201144
Russia,Soviet Union,T-72A,abandoned,https://i.postimg.cc/k4LZXS2J/1010-t72-A-dam-aband-07-02-23.jpg,2023-02-12,5676,20115,4,7-5676201154
Russia,Soviet Union,T-72A,abandoned,https://twitter.com/UAWeapons/status/1651964737742163969,2023-05-02,5676,6193,4,7-567661934
Russia,Soviet Union,T-72A,abandoned,https://i.postimg.cc/DwFvf0H4/1016-BREM-1-BTR-82-A-T-72-A-T-72-B3-dam-aband-08-07-23.jpg,2023-07-09,5676,6801,4,7-567668014
Russia,Soviet Union,T-72B,abandoned,https://i.postimg.cc/8zz8WcH7/763.png,2022-03-19,5678,20141,4,7-5678201414
Russia,Soviet Union,T-72B,abandoned,https://i.postimg.cc/1tvs3GFY/470.png,2022-03-19,5678,20142,4,7-5678201424
Russia,Soviet Union,T-72B,abandoned,https://i.postimg.cc/sfLpFS54/4566.png,2022-03-19,5678,20143,4,7-5678201434
Russia,Soviet Union,T-72B,abandoned,https://i.postimg.cc/zv3Z8G8D/5570.png,2022-03-19,5678,20144,4,7-5678201444
Russia,Soviet Union,T-72B,abandoned,https://i.postimg.cc/QCL5TQsB/d24.png,2022-03-19,5678,20145,4,7-5678201454
Russia,Soviet Union,T-72B,abandoned,https://i.postimg.cc/KzgLWJ4m/341.png,2022-03-19,5678,20146,4,7-5678201464
Russia,Soviet Union,T-72B,abandoned,https://i.postimg.cc/ZKwvnxCF/65h.jpg,2022-05-14,5678,20254,4,7-5678202544
Russia,Soviet Union,T-72B,abandoned,https://i.postimg.cc/wjfhLTQ3/4f9.jpg,2022-05-20,5678,20255,4,7-5678202554
Russia,Soviet Union,T-72B,abandoned,https://i.postimg.cc/GhcpMPJj/53.jpg,2022-05-25,5678,20264,4,7-5678202644
Russia,Soviet Union,T-72B,abandoned,https://i.postimg.cc/76yX3XC3/33dp.jpg,2022-05-26,5678,20265,4,7-5678202654
Russia,Soviet Union,T-72B,abandoned,https://i.postimg.cc/bv0V130C/1007-t72b-aband.jpg,2022-10-16,5678,20337,4,7-5678203374
Russia,Soviet Union,T-72B,abandoned,https://i.postimg.cc/597hV3rs/1005-t72b-aband.jpg,2022-11-01,5678,20355,4,7-5678203554
Russia,Soviet Union,T-72B,abandoned,https://twitter.com/UAWeapons/status/1590375007930417152,2022-11-10,5678,4720,4,7-567847204
Russia,Soviet Union,T-72B,abandoned,https://i.postimg.cc/28Qkhd6p/1501-t72b3-destr-t72b-aband.jpg,2022-12-15,5678,5835,4,7-567858354
Russia,Soviet Union,T-72B,abandoned,https://twitter.com/UAWeapons/status/1622325275856977922,2023-02-07,5678,10751,4,7-5678107514
Russia,Soviet Union,T-72B,abandoned,https://i.postimg.cc/X7M0NwP5/1017-t72b-and-brem1-aband-08-02-23.jpg,2023-02-12,5678,5767,4,7-567857674
Russia,Soviet Union,T-72B,abandoned,https://i.postimg.cc/x8F1k5zb/1102-t72b-dam-aband-06-02-23.jpg,2023-02-12,5678,20386,4,7-5678203864
Russia,Soviet Union,T-72B,abandoned,https://i.postimg.cc/pLvwFKqy/1009-1x-t72b-1x-t72-A-dam-aband-07-02-23.jpg,2023-02-12,5678,20114,4,7-5678201144
Russia,Soviet Union,T-72B,abandoned,https://twitter.com/UAWeapons/status/1625086988779937792,2023-02-15,5678,20388,4,7-5678203884
Russia,Soviet Union,T-72B,abandoned,https://i.postimg.cc/j5M6g9QL/7763.png,2023-04-04,5678,20409,4,7-5678204094
Russia,Soviet Union,T-72B,abandoned,https://i.postimg.cc/7LVLvGFm/66.png,2023-04-09,5678,20411,4,7-5678204114
Russia,Soviet Union,T-72B,abandoned,https://i.postimg.cc/tC2cVzq4/1003-t72b-aband-31-05-22.jpg,2023-05-17,5678,20421,4,7-5678204214
Russia,Soviet Union,T-72B,abandoned,https://i.postimg.cc/3Nhq2S0d/1004-t72b-aband-31-05-22.jpg,2023-05-17,5678,20422,4,7-5678204224
Russia,Soviet Union,T-72B,abandoned,https://i.postimg.cc/137bbr2j/1005-t72b-aband-31-05-22.jpg,2023-05-17,5678,20423,4,7-5678204234
Russia,Soviet Union,T-72B,abandoned,https://i.postimg.cc/Z56HZ0Q8/1008-72-B-dam-aband-03-07-23.jpg,2023-07-07,5678,20437,4,7-5678204374
Russia,Soviet Union,T-72B,abandoned,https://i.postimg.cc/4Nd157zz/1036-t72b-dam-aband-03-07-23.jpg,2023-07-14,5678,20438,4,7-5678204384
Russia,Soviet Union,T-72B,abandoned,https://twitter.com/UAWeapons/status/1689240998394671104,2023-08-12,5678,20449,4,7-5678204494
Russia,Soviet Union,T-72B,abandoned,https://i.postimg.cc/sDWVkfG0/4477.png,2023-08-30,5678,20455,4,7-5678204554
Russia,Soviet Union,T-72B,abandoned,https://i.postimg.cc/KvgcN12R/3786.png,2023-09-11,5678,20456,4,7-5678204564
Russia,Soviet Union,T-72B,abandoned,https://i.postimg.cc/jSJ8dJ3K/1042-t72b-aband-11-10-23.jpg,2023-10-12,5678,20463,4,7-5678204634
Russia,Soviet Union,T-72B,abandoned,https://i.postimg.cc/g0Yb6Wrd/1043-t72b-dam-aband-18-10-23.jpg,2023-10-22,5678,20464,4,7-5678204644
Russia,Soviet Union,T-72B,abandoned,https://i.postimg.cc/ydjpgsNf/1027-t72b-aband.jpg,2023-11-02,5678,20468,4,7-5678204684
Russia,Soviet Union,T-72B,abandoned,https://i.postimg.cc/SKWv4Wbb/1026-t72bobr22022-destr-t72b-brem1-mtlb-aband-31-10-23.jpg,2023-11-02,5678,15850,4,7-5678158504
Russia,Soviet Union,T-72B,abandoned,https://i.postimg.cc/Dyzd0W42/1016-64-BV-and-72-B-dam-aband-19-10-23.jpg,2023-11-06,5678,10816,4,7-5678108164
Russia,Soviet Union,T-72B,abandoned,https://i.postimg.cc/65GVwDNJ/1015-t72b-dam-aband-14-11-23.jpg,2023-11-20,5678,20470,4,7-5678204704
Russia,Soviet Union,T-72B,abandoned,https://i.postimg.cc/nMbcJ7ct/1028-t72b-aband-03-12-23.jpg,2023-12-08,5678,20476,4,7-5678204764
Russia,Soviet Union,T-72B,abandoned,https://i.postimg.cc/9fyqRdFK/1053-t72b-dam-aband-09-10-23.jpg,2023-12-13,5678,20479,4,7-5678204794
Russia,Soviet Union,T-72B,abandoned,https://i.postimg.cc/gkvXjG4b/1023-t72b-dam-aband-23-10-23.jpg,2023-12-14,5678,20480,4,7-5678204804
Russia,Soviet Union,T-72B,abandoned,https://i.postimg.cc/8PNcZLT5/1027-t72b-aband-21-12-23.jpg,2024-01-09,5678,20484,4,7-5678204844
Russia,Soviet Union,T-72B,abandoned,https://i.postimg.cc/j5LvbcMN/1005-t72b-aband-09-11-23.jpg,2024-01-09,5678,20485,4,7-5678204854
Russia,Soviet Union,T-72B,abandoned,https://i.postimg.cc/MGNX54G2/1031-t72b-aband-27-12-23.jpg,2024-01-09,5678,20486,4,7-5678204864
Russia,Soviet Union,T-72B,abandoned,https://i.postimg.cc/Mp66rkwF/1030-T-72-B-dam-aband-18-05-23.jpg,2024-01-27,5678,20492,4,7-5678204924
Russia,Soviet Union,T-72B,abandoned,https://twitter.com/RALee85/status/1753497089315631540,2024-02-09,5678,20499,4,7-5678204994
Russia,Soviet Union,T-72B,abandoned,https://i.postimg.cc/nhfVyF6d/1035-T-72-B-dam-aband-12-02-24.jpg,2024-02-15,5678,20500,4,7-5678205004
Russia,Soviet Union,T-72B,abandoned,https://i.postimg.cc/3wCwjqd4/1052-T-72-B-dam-aband-21-02-24.jpg,2024-02-23,5678,20504,4,7-5678205044
Russia,Soviet Union,T-72B,abandoned,https://i.postimg.cc/VL5mjYBJ/1008-T-72-B-dam-aband-08-03-24.jpg,2024-04-08,5678,20512,4,7-5678205124
Russia,Soviet Union,T-72B,abandoned,https://i.postimg.cc/rpj7DF9F/1112-1x-destr-1x-dam-aband-T72-B-20-03-24.jpg,2024-04-08,5678,20509,4,7-5678205094
Russia,Soviet Union,T-72B,abandoned,https://i.postimg.cc/JnyR6GT5/1019-t72b-dam-aband-20-10-23.jpg,2024-04-08,5678,20513,4,7-5678205134
Russia,Soviet Union,T-72B,abandoned,https://i.postimg.cc/YCxrPMxf/1044-T-72-B-dam-aband-24-03-24.jpg,2024-04-08,5678,20514,4,7-5678205144
Russia,Soviet Union,T-72B,abandoned,https://i.postimg.cc/kGJ6W4Wq/1037-t72b-aband-08-04-24.jpg,2024-05-15,5678,20528,4,7-5678205284
Russia,Soviet Union,T-72B,abandoned,https://i.postimg.cc/fycZdT0R/1010-T-72-B-dam-aband-30-05-24.jpg,2024-06-06,5678,20531,4,7-5678205314
Russia,Soviet Union,T-72B,abandoned,https://i.postimg.cc/sf63sZGg/1022-T-72-B-dam-aband-18-06-24.jpg,2024-06-20,5678,20537,4,7-5678205374
Russia,Russia,T-72B Obr. 1989,abandoned,https://i.postimg.cc/rsFyfrR7/h8.png,2022-03-19,5679,20568,4,7-5679205684
Russia,Russia,T-72B Obr. 1989,abandoned,https://i.postimg.cc/6qVQKzjC/4t.png,2022-03-19,5679,20569,4,7-5679205694
Russia,Russia,T-72B Obr. 1989,abandoned,https://i.postimg.cc/CLJ0n115/490.png,2022-03-26,5679,20574,4,7-5679205744
Russia,Russia,T-72B Obr. 1989,abandoned,https://twitter.com/UAWeapons/status/1507764352774025217,2022-03-27,5679,20577,4,7-5679205774
Russia,Russia,T-72B Obr. 1989,abandoned,https://i.postimg.cc/bvc3zdgp/3g.png,2022-03-29,5679,20579,4,7-5679205794
Russia,Soviet Union,T-72B Obr. 1989,abandoned,https://i.postimg.cc/Twf33VDW/1009-t72b1989.jpg,2022-09-24,5679,20643,4,7-5679206434
Russia,Russia,T-72B Obr. 2022,abandoned,https://i.postimg.cc/K8KNkcMC/3260.png,2023-09-28,5680,20645,4,7-5680206454
Russia,Russia,T-72B Obr. 2022,abandoned,https://i.postimg.cc/8cqxMB2V/1051-2x-t72b-obr2022-1x-destr-1x-dam-aband-03-10-23.jpg,2023-10-05,5680,20648,4,7-5680206484
Russia,Russia,T-72B Obr. 2022,abandoned,https://i.postimg.cc/cC9D67N1/1032-T-72-B-Obr-2022-dam-aband-11-10-23.jpg,2023-10-12,5680,20653,4,7-5680206534
Russia,Russia,T-72B Obr. 2022,abandoned,https://i.postimg.cc/2Sr4scV3/1049-1x-destr-1x-aband-t72b-obr-2022-1x-unkn-t72-dam-aband-1x-bmp1-destr-2x-bmp2-destr.jpg,2023-10-22,5680,595,4,7-56805954
Russia,Russia,T-72B Obr. 2022,abandoned,https://i.postimg.cc/s2WJztQ7/1014-t72bobr2022-dam-aband-02-11-23.jpg,2023-11-06,5680,20657,4,7-5680206574
Russia,Russia,T-72B Obr. 2022,abandoned,https://i.postimg.cc/MG11NVNY/1017-t72bobr2022-dam-aband.jpg,2023-11-06,5680,20658,4,7-5680206584
Russia,Russia,T-72B Obr. 2022,abandoned,https://i.postimg.cc/k4cKX9n6/1032-t72bobr2022-and-3x-mtlb-dam-aband-05-11-23.jpg,2023-11-06,5680,17918,4,7-5680179184
Russia,Russia,T-72B Obr. 2022,abandoned,https://i.postimg.cc/6q6vxVp5/1038-2x-t72b-obr2022-dam-aband-08-11-23.jpg,2023-11-10,5680,20659,4,7-5680206594
Russia,Russia,T-72B Obr. 2022,abandoned,https://i.postimg.cc/Z5zfqJdd/1020-t72b-obr2022-dam-aband-12-11-23.jpg,2023-11-14,5680,20661,4,7-5680206614
Russia,Russia,T-72B Obr. 2022,abandoned,https://i.postimg.cc/1tt6ddKd/1026-t72b-obr-2022-dam-aband-16-11-23.jpg,2023-11-20,5680,20663,4,7-5680206634
Russia,Russia,T-72B Obr. 2022,abandoned,https://i.postimg.cc/02qfsMLR/1020-t72b-2022-dam-aband-09-12-23.jpg,2023-12-10,5680,20667,4,7-5680206674
Russia,Russia,T-72B Obr. 2022,abandoned,https://i.postimg.cc/ZKFLKYS9/1021-t72b-2022-dam-aband-09-12-23.jpg,2023-12-10,5680,20668,4,7-5680206684
Russia,Russia,T-72B Obr. 2022,abandoned,https://i.postimg.cc/rswdP7C2/1046-t72b-2022-dam-aband-19-10-23.jpg,2023-12-13,5680,20671,4,7-5680206714
Russia,Russia,T-72B Obr. 2022,abandoned,https://i.postimg.cc/5y4vMXJG/1006-T-72-B-Obr-2022-dam-aband-04-12-23.jpg,2023-12-13,5680,20672,4,7-5680206724
Russia,Russia,T-72B Obr. 2022,abandoned,https://i.postimg.cc/MTbR4yCV/1007-T-72-B-Obr-2022-dam-aband-04-12-23.jpg,2023-12-13,5680,20673,4,7-5680206734
Russia,Russia,T-72B Obr. 2022,abandoned,https://i.postimg.cc/D0PgpK81/1025-t72b-2022-aband-13-12-23.jpg,2023-12-17,5680,20675,4,7-5680206754
Russia,Russia,T-72B Obr. 2022,abandoned,https://i.postimg.cc/pLJsYp99/1022-t72b-obr2022-dam-aband-22-12-23.jpg,2024-01-09,5680,20684,4,7-5680206844
Russia,Russia,T-72B Obr. 2022,abandoned,https://i.postimg.cc/MTN5KBLL/1014-t72b-obr2022-aband-22-12-23.jpg,2024-01-09,5680,20685,4,7-5680206854
Russia,Russia,T-72B Obr. 2022,abandoned,https://i.postimg.cc/nLP95r0W/1017-T-72-B-Obr-2022-aband-25-12-23.jpg,2024-01-09,5680,20686,4,7-5680206864
Russia,Russia,T-72B Obr. 2022,abandoned,https://i.postimg.cc/vHsgCptG/1001-t72b-2022-dam-aband-12-10-23.jpg,2024-01-09,5680,20687,4,7-5680206874
Russia,Russia,T-72B Obr. 2022,abandoned,https://i.postimg.cc/L40B1WzC/1018-T-72-B-Obr-2022-aband-14-01-24.jpg,2024-01-19,5680,20689,4,7-5680206894
Russia,Russia,T-72B Obr. 2022,abandoned,https://i.postimg.cc/W1PcNM4v/1030-t72b2022-dam-aband-21-01-24.jpg,2024-01-30,5680,20699,4,7-5680206994
Russia,Russia,T-72B Obr. 2022,abandoned,https://i.postimg.cc/R0kZZGx8/1005-t72b2022-dam-aband-27-01-24.jpg,2024-02-09,5680,20701,4,7-5680207014
Russia,Russia,T-72B Obr. 2022,abandoned,https://i.postimg.cc/j2st6n11/1015-t72b2022-dam-aband-02-02-24.jpg,2024-02-09,5680,20702,4,7-5680207024
Russia,Russia,T-72B Obr. 2022,abandoned,https://i.postimg.cc/sx39qkL7/1015-T-72-B-Obr2022-dam-aband-27-12-23.jpg,2024-02-09,5680,20703,4,7-5680207034
Russia,Russia,T-72B Obr. 2022,abandoned,https://i.postimg.cc/Jn7Tp8sg/1025-t72b2022-dam-aband-02-02-24.jpg,2024-02-28,5680,20707,4,7-5680207074
Russia,Russia,T-72B Obr. 2022,abandoned,https://i.postimg.cc/fR45swR1/1104-t72bobr2022-dam-aband-02-04-24.jpg,2024-04-08,5680,20720,4,7-5680207204
Russia,Russia,T-72B Obr. 2022,abandoned,https://i.postimg.cc/xT7txnvD/1023-t72b-obr2022-dam-aband-21-01-24.jpg,2024-04-11,5680,20726,4,7-5680207264
Russia,Russia,T-72B Obr. 2022,abandoned,https://i.postimg.cc/3rnjk1J2/1055-T-72-B-Obr-2022-dam-aband-14-04-24.jpg,2024-04-21,5680,20728,4,7-5680207284
Russia,Russia,T-72B Obr. 2022,abandoned,https://i.postimg.cc/g2NzfSHS/1009-t72b-obr2022-aband-26-03-24.jpg,2024-04-24,5680,20729,4,7-5680207294
Russia,Russia,T-72B Obr. 2022,abandoned,https://i.postimg.cc/SKRSq6Zy/1010-t72b-obr2022-dam-aband-20-04-24.jpg,2024-04-24,5680,20730,4,7-5680207304
Russia,Russia,T-72B Obr. 2022,abandoned,https://i.postimg.cc/Y9wmq894/1012-t72b-obr2022-dam-aband-12-05-24.jpg,2024-05-15,5680,20736,4,7-5680207364
Russia,Russia,T-72B Obr. 2022,abandoned,https://i.postimg.cc/fRtfWFnG/1004-t72b-obr2022-aband-28-05-24.jpg,2024-06-02,5680,20739,4,7-5680207394
Russia,Russia,T-72B Obr. 2022,abandoned,https://i.postimg.cc/XvN3bSqy/1012-t72b-obr2022-dam-aband-27-07-24.jpg,2024-07-30,5680,20752,4,7-5680207524
Russia,Russia,T-72B Obr. 2022,abandoned,https://i.postimg.cc/L8p2xZMD/1013-t72b-obr2022-dam-aband-27-07-24.jpg,2024-07-30,5680,20753,4,7-5680207534
Russia,Russia,T-72B Obr. 2022,abandoned,https://i.postimg.cc/Kz8k1RGn/1056-T-72-B-Obr2022-aband-21-10-24.jpg,2024-11-20,5680,20781,4,7-5680207814
Russia,Russia,T-72B Obr. 2022,abandoned,https://i.postimg.cc/50DG0CSR/1097-T-72-B-Obr2022-aband-08-11-24.jpg,2024-12-09,5680,20785,4,7-5680207854
Russia,Russia,T-72B Obr. 2022,abandoned,https://i.postimg.cc/HLDgTYLy/1007-T-72-B-Obr-2022-dam-aband-14-01-25.jpg,2025-01-22,5680,20791,4,7-5680207914
Russia,Russia,T-72B Obr. 2022,abandoned,https://i.postimg.cc/KjX0Gd7P/1036-T-72-B-obr2022-aband-31-01-25.jpg,2025-02-18,5680,20794,4,7-5680207944
Russia,Russia,T-72B Obr. 2022,abandoned,https://i.postimg.cc/dVyFh1wN/1025-T-72-Obr-2022-dam-aband-27-04-24.jpg,2025-05-30,5680,20813,4,7-5680208134
Russia,Russia,T-72B Obr. 2022,abandoned,https://i.postimg.cc/xCZbFKqS/1082-T-72-Obr-2022-dam-aband-12-03-24.jpg,2025-05-30,5680,20814,4,7-5680208144
Russia,Russia,T-72B3,abandoned,https://i.postimg.cc/fLmkGMYm/5g6.png,2022-03-19,5681,20832,4,7-5681208324
Russia,Russia,T-72B3,abandoned,https://i.postimg.cc/4Nvz1J9Q/42.png,2022-03-19,5681,20833,4,7-5681208334
Russia,Russia,T-72B3,abandoned,https://i.postimg.cc/9Q0cgWhd/3dh0.png,2022-03-19,5681,20834,4,7-5681208344
Russia,Russia,T-72B3,abandoned,https://i.postimg.cc/sDXVZcxD/d31.png,2022-03-19,5681,20835,4,7-5681208354
Russia,Russia,T-72B3,abandoned,https://i.postimg.cc/C5JhNWxL/d31.jpg,2022-03-19,5681,20836,4,7-5681208364
Russia,Russia,T-72B3,abandoned,https://i.postimg.cc/nhLv8Gnm/35.png,2022-03-31,5681,20869,4,7-5681208694
Russia,Russia,T-72B3,abandoned,https://i.postimg.cc/50y2CGW1/h8.jpg,2022-04-23,5681,20916,4,7-5681209164
Russia,Russia,T-72B3,abandoned,https://i.postimg.cc/XvQvXWhQ/5t.jpg,2022-04-23,5681,20917,4,7-5681209174
Russia,Russia,T-72B3,abandoned,https://i.postimg.cc/QMXtXC6F/53.jpg,2022-04-23,5681,20918,4,7-5681209184
Russia,Russia,T-72B3,abandoned,https://i.postimg.cc/q7s3JVng/c7.jpg,2022-05-14,5681,20940,4,7-5681209404
Russia,Russia,T-72B3,abandoned,https://i.postimg.cc/xjhn41wr/68.jpg,2022-05-20,5681,20942,4,7-5681209424
Russia,Russia,T-72B3,abandoned,https://twitter.com/UAWeapons/status/1547277890483519488,2022-07-14,5681,20968,4,7-5681209684
Russia,Russia,T-72B3,abandoned,https://i.postimg.cc/bJF9mQgx/1012-t72b3.png,2022-08-23,5681,20982,4,7-5681209824
Russia,Russia,T-72B3 Obr. 2016,abandoned,https://i.postimg.cc/44PbCC3z/v44.png,2022-03-19,5682,21068,4,7-5682210684
Russia,Russia,T-72B3 Obr. 2016,abandoned,https://i.postimg.cc/c6ysfCQt/c9.png,2022-03-19,5682,21069,4,7-5682210694
Russia,Russia,T-72B3 Obr. 2016,abandoned,https://i.postimg.cc/prkfqWMs/b4.jpg,2022-03-19,5682,21070,4,7-5682210704
Russia,Russia,T-72B3 Obr. 2016,abandoned,https://i.postimg.cc/brDMR83Y/d4g.png,2022-03-19,5682,21071,4,7-5682210714
Russia,Russia,T-72B3 Obr. 2016,abandoned,https://i.postimg.cc/G3jxcQTv/b55.jpg,2022-03-19,5682,21072,4,7-5682210724
Russia,Russia,T-72B3 Obr. 2016,abandoned,https://i.postimg.cc/R0cYJJNJ/221.jpg,2022-03-26,5682,21109,4,7-5682211094
Russia,Russia,T-72B3 Obr. 2016,abandoned,https://i.postimg.cc/Kjsphnsw/223.jpg,2022-03-26,5682,21104,4,7-5682211044
Russia,Russia,T-72B3 Obr. 2016,abandoned,https://i.postimg.cc/fy3BTKfJ/7768.png,2022-04-21,5682,21137,4,7-5682211374
Russia,Russia,T-72B3 Obr. 2016,abandoned,https://i.postimg.cc/K8xRPxCd/8875.png,2022-06-29,5682,21158,4,7-5682211584
Russia,Russia,T-72B3 Obr. 2016,abandoned,https://i.postimg.cc/Njj1wvgY/1000.jpg,2022-07-16,5682,21162,4,7-5682211624
Russia,Russia,T-72B3 Obr. 2016,abandoned,https://twitter.com/RALee85/status/1559945981789196290,2022-08-18,5682,7310,4,7-568273104
Russia,Russia,T-72B3 Obr. 2016,abandoned,https://i.postimg.cc/C5StSnj9/1009-72-B3-M-dam-aband-02-08-23.jpg,2023-08-06,5682,21314,4,7-5682213144
Russia,Russia,T-72B3 Obr. 2016,abandoned,https://i.postimg.cc/sXqKsJX1/24.png,2023-09-02,5682,21318,4,7-5682213184
Russia,Russia,T-72B3 Obr. 2016,abandoned,https://i.postimg.cc/6302zBZh/1034-t72b3-2016-dam-aband-22-10-23.jpg,2023-12-13,5682,21341,4,7-5682213414
Russia,Russia,T-72B3 Obr. 2016,abandoned,https://i.postimg.cc/SQgYMNkS/1055-t72b3-2016-dam-aband-10-10-23.jpg,2023-12-13,5682,21342,4,7-5682213424
Russia,Russia,T-72B3 Obr. 2016,abandoned,https://i.postimg.cc/tgR2rpPB/1043-T-72-B3-Obr-2016-aband-02-07-22.jpg,2024-01-09,5682,21349,4,7-5682213494
Russia,Russia,T-72B3 Obr. 2016,abandoned,https://i.postimg.cc/tRPnSXPr/1022-T-72-B3-Obr-2016-aband-06-12-23.jpg,2024-01-09,5682,21350,4,7-5682213504
Russia,Russia,T-72B3 Obr. 2022,abandoned,https://i.postimg.cc/SKyVKtMG/1001-T-72-B-Obr-2022-destr-2x-T-72-B3-Obr-2022-dam-aband-05-10-23.png,2023-10-09,5683,20651,4,7-5683206514
Russia,Russia,T-72B3 Obr. 2022,abandoned,https://i.postimg.cc/Bvs4cFYr/1012-t72b3-obr2022-dam-aband-20-10-23.jpg,2023-10-22,5683,21402,4,7-5683214024
Russia,Russia,T-72B3 Obr. 2022,abandoned,https://i.postimg.cc/zGHQdsdB/1003-T-72-B3-obr-2022-dam-aband-01-11-23.jpg,2023-11-02,5683,21405,4,7-5683214054
Russia,Russia,T-72B3 Obr. 2022,abandoned,https://i.postimg.cc/15wDNrFw/1026-T-72-B3-Obr-2022-aband-03-12-23.jpg,2023-12-08,5683,21407,4,7-5683214074
Russia,Russia,T-72B3 Obr. 2022,abandoned,https://i.postimg.cc/XJ5qz8ZZ/1038-t72b3-2022-dam-aband-28-12-23.jpg,2024-01-09,5683,21413,4,7-5683214134
Russia,Russia,T-72B3 Obr. 2022,abandoned,https://i.postimg.cc/hvNJtsdf/1030-T-72-B3-Obr-2022-dam-aband-21-01-24.jpg,2024-01-24,5683,21414,4,7-5683214144
Russia,Russia,T-72B3 Obr. 2022,abandoned,https://i.postimg.cc/jjsxj8qP/1004-T-72-B3-Obr2022-dam-aband-09-02-24.jpg,2024-02-15,5683,21416,4,7-5683214164
Russia,Russia,T-72B3 Obr. 2022,abandoned,https://i.postimg.cc/qBYvGXQH/1015-T-72-B3-Obr2022-dam-aband-08-02-24.jpg,2024-02-15,5683,21417,4,7-5683214174
Russia,Russia,T-72B3 Obr. 2022,abandoned,https://i.postimg.cc/T1gvLpcf/1060-T72-B3-Obr2022-dam-aband-13-04-24.jpg,2024-04-14,5683,21428,4,7-5683214284
Russia,Russia,T-72B3 Obr. 2022,abandoned,https://i.postimg.cc/RZKcVt4V/1034-T72-B3-Obr2022-dam-aband-24-04-24.jpg,2024-04-27,5683,21432,4,7-5683214324
Russia,Russia,T-72B3 Obr. 2022,abandoned,https://i.postimg.cc/C1XGsbvH/1027-T-72-B3-Obr-2022-dam-aband-30-06-24.jpg,2024-07-03,5683,21441,4,7-5683214414
Russia,Russia,T-72B3 Obr. 2022,abandoned,https://i.postimg.cc/2j1B4x7v/1032-T-72-B3-Obr-2022-dam-aband-13-11-24.jpg,2024-11-17,5683,21458,4,7-5683214584
Russia,Russia,T-72B3 Obr. 2022,abandoned,https://i.postimg.cc/tCH2JBfZ/1018-T-72-B3-Obr-2022-dam-aband-04-11-24.jpg,2025-06-01,5683,21485,4,7-5683214854
Russia,Soviet Union,T-80BV,abandoned,https://i.postimg.cc/fbx3fPBg/665f.jpg,2022-03-19,5685,21498,4,7-5685214984
Russia,Soviet Union,T-80BV,abandoned,https://i.postimg.cc/X7GD7K2Y/h66.jpg,2022-03-19,5685,21499,4,7-5685214994
Russia,Soviet Union,T-80BV,abandoned,https://i.postimg.cc/mgFJxNpD/544.png,2022-03-30,5685,21507,4,7-5685215074
Russia,Soviet Union,T-80BV,abandoned,https://i.postimg.cc/SxGZX1Gg/d14.jpg,2022-04-23,5685,21516,4,7-5685215164
Russia,Soviet Union,T-80BV,abandoned,https://i.postimg.cc/mhf9VRT7/d12.jpg,2022-04-23,5685,21517,4,7-5685215174
Russia,Soviet Union,T-80BV,abandoned,https://i.postimg.cc/T2yHk9RP/d13.jpg,2022-04-23,5685,21518,4,7-5685215184
Russia,Soviet Union,T-80BV,abandoned,https://i.postimg.cc/hv8ShJDX/97.png,2022-05-21,5685,21527,4,7-5685215274
Russia,Soviet Union,T-80BV,abandoned,https://i.postimg.cc/8zDZ4M2t/1000-T-80-BV-Dam-Aband-05-10-23.jpg,2023-10-09,5685,21561,4,7-5685215614
Russia,Soviet Union,T-80BV,abandoned,https://i.postimg.cc/50gJPcHx/1019-mtlb-destr-t80bv-dam-aband-22-10-23.jpg,2023-10-26,5685,17900,4,7-5685179004
Russia,Soviet Union,T-80BV,abandoned,https://i.postimg.cc/qMzDqfHL/1034-1x-t72b3-1x-t80bv-2x-unkn-tank-destr-1x-t80bv-aband-31-10-23.jpg,2023-11-02,5685,6417,4,7-568564174
Russia,Soviet Union,T-80BV,abandoned,https://i.postimg.cc/kGjHZq3V/1018-2x-t80bv-1x-destr-1x-dam-aband-31-10-23.jpg,2023-11-02,5685,21573,4,7-5685215734
Russia,Soviet Union,T-80BV,abandoned,https://i.postimg.cc/9QsZwqJJ/1001-2x-t80bv-dam-aband-06-11-23.jpg,2023-11-10,5685,21579,4,7-5685215794
Russia,Soviet Union,T-80BV,abandoned,https://i.postimg.cc/vTCWfvfN/1016-t80bv-dam-aband-14-11-23.jpg,2023-11-20,5685,21586,4,7-5685215864
Russia,Soviet Union,T-80BV,abandoned,https://i.postimg.cc/Mp7yfVT9/1019-2x-t80bv-dam-aband-16-11-23.jpg,2023-11-20,5685,21587,4,7-5685215874
Russia,Soviet Union,T-80BV,abandoned,https://i.postimg.cc/BZ8TJ0Qh/1030-t80bv-aband-03-12-23.jpg,2023-12-08,5685,21594,4,7-5685215944
Russia,Soviet Union,T-80BV,abandoned,https://i.postimg.cc/R05Nt6HJ/1012-t80bv-dam-aabnd-28-11-23.jpg,2023-12-13,5685,21596,4,7-5685215964
Russia,Soviet Union,T-80BV,abandoned,https://i.postimg.cc/Yq8R1McH/1047-1x-t80bv-dam-aband-14-12-23.jpg,2023-12-17,5685,21602,4,7-5685216024
Russia,Soviet Union,T-80BV,abandoned,https://i.postimg.cc/T3YkShj1/1028-t80bv-aband-04-12-23.jpg,2023-12-17,5685,21603,4,7-5685216034
Russia,Soviet Union,T-80BV,abandoned,https://i.postimg.cc/kg1jd9wc/1022-t80bv-aband-13-12-23.jpg,2023-12-17,5685,21604,4,7-5685216044
Russia,Soviet Union,T-80BV,abandoned,https://i.postimg.cc/C5Z4n8gg/1015-t80bv-aband-10-12-23.jpg,2024-01-09,5685,21627,4,7-5685216274
Russia,Soviet Union,T-80BV,abandoned,https://i.postimg.cc/LXQTsTGD/1016-t80bv-aband-10-12-23.jpg,2024-01-09,5685,21628,4,7-5685216284
Russia,Soviet Union,T-80BV,abandoned,https://i.postimg.cc/B6pZ9nqh/1020-t80bv-aband-21-12-23.jpg,2024-01-09,5685,21629,4,7-5685216294
Russia,Soviet Union,T-80BV,abandoned,https://i.postimg.cc/zX7B63fk/1028-t80bv-dam-aband-21-12-23.jpg,2024-01-09,5685,21630,4,7-5685216304
Russia,Soviet Union,T-80BV,abandoned,https://i.postimg.cc/mrttQRBy/1025-t80bv-dam-aband-21-12-23.jpg,2024-01-09,5685,21631,4,7-5685216314
Russia,Soviet Union,T-80BV,abandoned,https://i.postimg.cc/brjrctbm/1026-t80bv-dam-aband-21-12-23.jpg,2024-01-09,5685,21632,4,7-5685216324
Russia,Soviet Union,T-80BV,abandoned,https://i.postimg.cc/05bWFf6q/1042-t80bv-fam-aband-20-08-23.jpg,2024-01-09,5685,21633,4,7-5685216334
Russia,Soviet Union,T-80BV,abandoned,https://i.postimg.cc/d1rZrcYG/1044-t80bv-aband-25-12-23.jpg,2024-01-09,5685,21634,4,7-5685216344
Russia,Soviet Union,T-80BV,abandoned,https://i.postimg.cc/Bn1KSsL2/1004-t80bv-dam-aband-04-01-24.jpg,2024-01-09,5685,21635,4,7-5685216354
Russia,Soviet Union,T-80BV,abandoned,https://i.postimg.cc/sD8gpkjX/1028-t80bv-dam-aband-17-01-24.jpg,2024-01-21,5685,21640,4,7-5685216404
Russia,Soviet Union,T-80BV,abandoned,https://i.postimg.cc/RCgF032w/1027-t80bv-dam-aband-17-01-24.jpg,2024-01-21,5685,21641,4,7-5685216414
Russia,Soviet Union,T-80BV,abandoned,https://i.postimg.cc/pLbhN0vS/1038-T-80-BV-dam-aband-20-01-24.jpg,2024-01-24,5685,21645,4,7-5685216454
Russia,Soviet Union,T-80BV,abandoned,https://i.postimg.cc/3w9dvYGM/1049-t80bv-dam-aband-21-01-24.jpg,2024-01-24,5685,21646,4,7-5685216464
Russia,Soviet Union,T-80BV,abandoned,https://i.postimg.cc/mDk0XjmQ/1026-t80bv-aband-27-01-24.jpg,2024-01-30,5685,21650,4,7-5685216504
Russia,Soviet Union,T-80BV,abandoned,https://i.postimg.cc/zfzmW8W2/1028-t80bv-aband-27-01-24.jpg,2024-01-30,5685,21651,4,7-5685216514
Russia,Soviet Union,T-80BV,abandoned,https://i.postimg.cc/sXPsDrcQ/1035-t80bv-aband-26-01-24.jpg,2024-02-09,5685,21659,4,7-5685216594
Russia,Soviet Union,T-80BV,abandoned,https://i.postimg.cc/nhwrH2Wh/1006-t80bv-dam-aband-30-01-24.jpg,2024-02-09,5685,21660,4,7-5685216604
Russia,Soviet Union,T-80BV,abandoned,https://i.postimg.cc/XX64Gc8N/1054-T-80-BV-aband-06-02-24.jpg,2024-02-09,5685,21661,4,7-5685216614
Russia,Soviet Union,T-80BV,abandoned,https://i.postimg.cc/XY3Btwb0/1061-T-80-BV-dam-aband-06-02-24.jpg,2024-02-09,5685,21662,4,7-5685216624
Russia,Soviet Union,T-80BV,abandoned,https://i.postimg.cc/bY7tH7Vr/1056-T-80-BV-aband-06-02-24.jpg,2024-02-09,5685,21663,4,7-5685216634
Russia,Soviet Union,T-80BV,abandoned,https://i.postimg.cc/fTY0H81K/1062-T-80-BV-dam-aband-06-02-24.jpg,2024-02-09,5685,21664,4,7-5685216644
Russia,Soviet Union,T-80BV,abandoned,https://i.postimg.cc/8c5932Vx/1022-2x-t80bv-and-unkn-tank-dam-aband-17-02-24.jpg,2024-02-18,5685,6908,4,7-568569084
Russia,Soviet Union,T-80BV,abandoned,https://i.postimg.cc/MKXxKrgt/1000-t80bv-dam-aband-28-12-23.jpg,2024-02-18,5685,21670,4,7-5685216704
Russia,Soviet Union,T-80BV,abandoned,https://i.postimg.cc/2SgtZfW3/1029-t80bv-dam-aband-15-02-24.jpg,2024-02-21,5685,21673,4,7-5685216734
Russia,Soviet Union,T-80BV,abandoned,https://i.postimg.cc/sXmsx5th/1001-T-80-BV-aband-31-08-23.jpg,2024-02-23,5685,21680,4,7-5685216804
Russia,Soviet Union,T-80BV,abandoned,https://i.postimg.cc/4NW0DPDF/1012-T-80-BV-dam-aband-05-03-24.jpg,2024-04-08,5685,21715,4,7-5685217154
Russia,Soviet Union,T-80BV,abandoned,https://i.postimg.cc/ZK37KBpH/1037-T-80-BV-dam-aband-22-03-24.jpg,2024-04-08,5685,21716,4,7-5685217164
Russia,Soviet Union,T-80BV,abandoned,https://i.postimg.cc/fW0wNxKb/1083-t80bv-dam-aband-29-03-24.jpg,2024-04-08,5685,21717,4,7-5685217174
Russia,Soviet Union,T-80BV,abandoned,https://i.postimg.cc/DwNjffth/1011-T-80-BV-dam-aband-02-04-24.jpg,2024-04-08,5685,21718,4,7-5685217184
Russia,Soviet Union,T-80BV,abandoned,https://i.postimg.cc/q7yXgdz7/1033-T-80-BV-dam-aband-16-04-24.jpg,2024-04-21,5685,21730,4,7-5685217304
Russia,Soviet Union,T-80BV,abandoned,https://i.postimg.cc/gjS31zBg/1032-T-80-BV-dam-aband-16-04-24.jpg,2024-04-21,5685,21731,4,7-5685217314
Russia,Soviet Union,T-80BV,abandoned,https://i.postimg.cc/htJ0WmnT/1031-T-80-BV-dam-aband-16-04-24.jpg,2024-04-21,5685,21732,4,7-5685217324
Russia,Soviet Union,T-80BV,abandoned,https://i.postimg.cc/Jhzn0VhC/1012-T-80-BV-aband-20-04-24.jpg,2024-04-24,5685,21735,4,7-5685217354
Russia,Soviet Union,T-80BV,abandoned,https://i.postimg.cc/rpqtVYfQ/1047-T-80-BV-dam-aband-06-02-24.jpg,2024-04-27,5685,21739,4,7-5685217394
Russia,Soviet Union,T-80BV,abandoned,https://i.postimg.cc/rwV0VJVW/1027-T-80-BV-dam-aband-15-04-24.jpg,2024-05-12,5685,21749,4,7-5685217494
Russia,Soviet Union,T-80BV,abandoned,https://i.postimg.cc/qv1tz3qF/1041-T-80-BV-dam-aband-08-05-24.jpg,2024-05-12,5685,21750,4,7-5685217504
Russia,Soviet Union,T-80BV,abandoned,https://i.postimg.cc/cJmrh11q/1012-T-80-BV-dam-aband-02-04-24.jpg,2024-05-24,5685,21760,4,7-5685217604
Russia,Soviet Union,T-80BV,abandoned,https://i.postimg.cc/PJg14pJt/1032-T-80-BV-dam-aband-26-05-24.jpg,2024-05-31,5685,21764,4,7-5685217644
Russia,Soviet Union,T-80BV,abandoned,https://i.postimg.cc/dQHm8j4H/1059-T-80-BV-dam-aband-14-07-24.jpg,2024-07-15,5685,21793,4,7-5685217934
Russia,Soviet Union,T-80BV,abandoned,https://i.postimg.cc/CMmJcgL4/1040-T-80-BV-dam-aband-14-07-24.jpg,2024-07-15,5685,21794,4,7-5685217944
Russia,Soviet Union,T-80BV,abandoned,https://i.postimg.cc/fyQV10V1/1060-T-80-BV-aband-14-07-24.jpg,2024-07-15,5685,21795,4,7-5685217954
Russia,Soviet Union,T-80BV,abandoned,https://i.postimg.cc/nzDsd1hv/1061-T-80-BV-dam-aband-29-02-24.jpg,2024-07-15,5685,21796,4,7-5685217964
Russia,Soviet Union,T-80BV,abandoned,https://i.postimg.cc/bvGj8LhC/1056-T-80-BV-dam-aband-15-07-24.jpg,2024-07-18,5685,21798,4,7-5685217984
Russia,Soviet Union,T-80BV,abandoned,https://i.postimg.cc/N0MqyZrc/1011-T-80-BV-dam-aband-10-09-24.jpg,2024-09-16,5685,21818,4,7-5685218184
Russia,Soviet Union,T-80BV,abandoned,https://i.postimg.cc/dVNcntQJ/1241-T-80-BV-dam-aband-18-10-24.jpg,2024-10-22,5685,21839,4,7-5685218394
Russia,Soviet Union,T-80BV,abandoned,https://i.postimg.cc/nVyFZPvm/1005-T-80-BV-dam-aband-09-01-25.jpg,2025-01-16,5685,21880,4,7-5685218804
Russia,Soviet Union,T-80BV,abandoned,https://i.postimg.cc/8kJp2SrD/1006-T-80-BV-dam-aband-09-01-25.jpg,2025-01-16,5685,21881,4,7-5685218814
Russia,Soviet Union,T-80BV,abandoned,https://i.postimg.cc/bYT08vck/1103-T-80-BV-dam-aband-30-05-24.jpg,2025-02-11,5685,21892,4,7-5685218924
Russia,Soviet Union,T-80BV,abandoned,https://i.postimg.cc/QMy6PBHn/1031-T-80-BV-aband-16-02-25.jpg,2025-02-18,5685,21894,4,7-5685218944
Russia,Soviet Union,T-80BV,abandoned,https://i.postimg.cc/pVcMk8d1/1028-T-80-BV-dam-aband-07-06-24.jpg,2025-05-30,5685,21921,4,7-5685219214
Russia,Russia,T-80BVM,abandoned,https://i.postimg.cc/ZnF3nGrh/7uu.jpg,2022-03-19,5686,21930,4,7-5686219304
Russia,Russia,T-80BVM Obr. 2022,abandoned,https://twitter.com/UAWeapons/status/1712552062364561824,2023-10-14,5687,6185,4,7-568761854
Russia,Russia,T-80BVM Obr. 2022,abandoned,https://i.postimg.cc/G3XMDk9p/1019-T-80-BVM-Obr2022-dam-aband-19-01-24.jpg,2024-04-11,5687,21973,4,7-5687219734
Russia,Russia,T-80BVM Obr. 2022,abandoned,https://i.postimg.cc/DfJT5z04/1030-T-80-BVM-Obr-2022-dam-aband-06-06-24.jpg,2024-06-11,5687,21977,4,7-5687219774
Russia,Russia,T-80BVM Obr. 2022,abandoned,https://i.postimg.cc/wBpQjyNv/1010-T-80-BVM-Obr-2022-dam-aband-11-09-24.jpg,2024-09-21,5687,21987,4,7-5687219874
Russia,Russia,T-80BVM Obr. 2022,abandoned,https://i.postimg.cc/sDZckzr8/1066-T-80-BVM-Obr-2022-dam-aband-25-09-24.jpg,2024-09-29,5687,21989,4,7-5687219894
Russia,Russia,T-80BVM Obr. 2022,abandoned,https://i.postimg.cc/yYtzgPV2/1106-T-80-BVM-Obr-2022-dam-aband-03-03-25.jpg,2025-03-20,5687,22012,4,7-5687220124
Russia,Russia,T-80BVM Obr. 2022,abandoned,https://i.postimg.cc/YSV2cTMJ/1106-T-80-BVM-Obr-2022-dam-aband-21-01-25.jpg,2025-05-27,5687,22026,4,7-5687220264
Russia,Russia,T-80U,abandoned,https://i.postimg.cc/2Src3YPH/b67.png,2022-03-19,5688,22036,4,7-5688220364
Russia,Russia,T-80U,abandoned,https://i.postimg.cc/Bb1f2rCj/b8.jpg,2022-03-19,5688,22037,4,7-5688220374
Russia,Russia,T-80U,abandoned,https://i.postimg.cc/8Ck7L8Zk/m88.png,2022-03-19,5688,22038,4,7-5688220384
Russia,Russia,T-80U,abandoned,https://i.postimg.cc/L6bcSj1H/77633.png,2022-03-19,5688,22039,4,7-5688220394
Russia,Russia,T-80U,abandoned,https://i.postimg.cc/Y0bvnMbC/l8.png,2022-03-19,5688,22040,4,7-5688220404
Russia,Russia,T-80U,abandoned,https://i.postimg.cc/6pZrMGJj/5554.png,2022-03-19,5688,22041,4,7-5688220414
Russia,Russia,T-80U,abandoned,https://i.postimg.cc/fT1zwVth/l2.png,2022-03-19,5688,22042,4,7-5688220424
Russia,Russia,T-80U,abandoned,https://i.postimg.cc/Kjw2vWY5/l3.png,2022-03-19,5688,22043,4,7-5688220434
Russia,Russia,T-80U,abandoned,https://i.postimg.cc/prNhDTGN/n77.png,2022-03-19,5688,22044,4,7-5688220444
Russia,Russia,T-80U,abandoned,https://i.postimg.cc/90L44nrM/f58.png,2022-03-19,5688,22045,4,7-5688220454
Russia,Russia,T-80U,abandoned,https://i.postimg.cc/mg84T7cL/4g.jpg,2022-03-19,5688,22046,4,7-5688220464
Russia,Russia,T-80U,abandoned,https://i.postimg.cc/rF2MjVXk/5g3.jpg,2022-03-19,5688,22047,4,7-5688220474
Russia,Russia,T-80U,abandoned,https://i.postimg.cc/vBWYKzb7/47.png,2022-03-19,5688,22048,4,7-5688220484
Russia,Russia,T-80U,abandoned,https://i.postimg.cc/5ys6P3S7/652.png,2022-03-19,5688,22049,4,7-5688220494
Russia,Russia,T-80U,abandoned,https://i.postimg.cc/sf47Cvsh/76.jpg,2022-04-24,5688,22091,4,7-5688220914
Russia,Russia,T-80U,abandoned,https://i.postimg.cc/MGTLkhhC/655.jpg,2022-04-24,5688,14379,4,7-5688143794
Russia,Russia,T-80U,abandoned,https://i.postimg.cc/JnZFQnwx/5477.png,2022-06-05,5688,22099,4,7-5688220994
Russia,Russia,T-80U,abandoned,https://i.postimg.cc/yYRCdvZV/1500-t80u.jpg,2022-08-22,5688,22119,4,7-5688221194
Russia,Russia,T-80UK,abandoned,https://i.postimg.cc/Tw85mW08/f4.png,2022-03-19,5691,22124,4,7-5691221244
Russia,Russia,T-90A,abandoned,https://i.postimg.cc/vHYqqTjM/544.png,2022-03-19,5693,17399,4,7-5693173994
Russia,Russia,T-90A,abandoned,https://i.postimg.cc/90XRZvq9/4432.png,2022-03-19,5693,22133,4,7-5693221334
Russia,Russia,T-90A,abandoned,https://i.postimg.cc/PJxLN77q/3h.png,2022-03-19,5693,22134,4,7-5693221344
Russia,Russia,T-90A,abandoned,https://i.postimg.cc/5txSTbY7/368.png,2022-03-19,5693,22135,4,7-5693221354
Russia,Russia,T-90A,abandoned,https://twitter.com/UAWeapons/status/1573971359092412416,2022-09-26,5693,22154,4,7-5693221544
Russia,Russia,T-90A,abandoned,https://i.postimg.cc/8kxTJ87j/1006-1x-t72b3-destr-1x-t90a-destr-09-02-23.jpg,2023-02-12,5693,6178,4,7-569361784
Russia,Russia,T-90A,abandoned,https://i.postimg.cc/prcXc7Ks/1076-t90a-dam-aband-18-01-24.jpg,2024-01-21,5693,22171,4,7-5693221714
Russia,Russia,T-90A,abandoned,https://i.postimg.cc/QdfZvH8z/1028-unkn-t80-aband-28-04-24.jpg,2024-05-02,5693,22176,4,7-5693221764
Russia,Russia,T-90A,abandoned,https://i.postimg.cc/t4DTRpn1/1029-T-90-A-dam-aband-30-07-24.jpg,2024-08-03,5693,22179,4,7-5693221794
Russia,Russia,T-90M,abandoned,https://i.postimg.cc/C1Zgwtwq/1004.jpg,2022-07-11,5694,22187,4,7-5694221874
Russia,Russia,T-90M,abandoned,https://i.postimg.cc/XqwfQ1XR/245.png,2023-09-20,5694,22189,4,7-5694221894
Russia,Russia,T-90M,abandoned,https://i.postimg.cc/Y9D5qw80/1050-t90m-dam-aband-03-10-23.jpg,2023-10-05,5694,22193,4,7-5694221934
Russia,Russia,T-90M,abandoned,https://i.postimg.cc/W4X8q6mc/1000-T-90-M-dam-aband-05-10-23.png,2023-10-09,5694,22197,4,7-5694221974
Russia,Russia,T-90M,abandoned,https://i.postimg.cc/kGsz7H0t/1012-t90m-dam-aband-23-10-23.jpg,2023-10-28,5694,22199,4,7-5694221994
Russia,Russia,T-90M,abandoned,https://i.postimg.cc/y6cX9jwb/1013-t90m-dam-aband-18-11-23.jpg,2023-11-20,5694,22202,4,7-5694222024
Russia,Russia,T-90M,abandoned,https://i.postimg.cc/vB0KwK0P/1308-t90m-dam-aband-24-12-23.jpg,2024-01-09,5694,22207,4,7-5694222074
Russia,Russia,T-90M,abandoned,https://i.postimg.cc/9Xqddr7L/1044-t90m-dam-aband-12-01-24.jpg,2024-01-19,5694,22210,4,7-5694222104
Russia,Russia,T-90M,abandoned,https://i.postimg.cc/3J4jCZ1K/1019-T-90-M-aband-14-01-24.jpg,2024-01-19,5694,22211,4,7-5694222114
Russia,Russia,T-90M,abandoned,https://i.postimg.cc/vZjQ0XTB/1018-t90m-dam-aband-29-01-24.jpg,2024-02-09,5694,22215,4,7-5694222154
Russia,Russia,T-90M,abandoned,https://i.postimg.cc/hjhSHGvn/1031-T-90-M-dam-aband-03-02-24.jpg,2024-02-09,5694,22216,4,7-5694222164
Russia,Russia,T-90M,abandoned,https://i.postimg.cc/cLnydG8S/1029-t90m-dam-aband-16-02-24.jpg,2024-02-18,5694,22217,4,7-5694222174
Russia,Russia,T-90M,abandoned,https://i.postimg.cc/FzHzshSZ/1003-t90m-dam-aband-29-02-24.jpg,2024-03-02,5694,22220,4,7-5694222204
Russia,Russia,T-90M,abandoned,https://i.postimg.cc/SNGJYVjr/1051-t90m-dam-aband-04-03-24.jpg,2024-04-08,5694,22227,4,7-5694222274
Russia,Russia,T-90M,abandoned,https://i.postimg.cc/nhcM47Dt/1052-t90m-dam-aband-04-03-24.jpg,2024-04-08,5694,22228,4,7-5694222284
Russia,Russia,T-90M,abandoned,https://i.postimg.cc/HLFx1hPp/1053-t90m-dam-aband-04-03-24.jpg,2024-04-08,5694,22229,4,7-5694222294
Russia,Russia,T-90M,abandoned,https://i.postimg.cc/MTmmBzrv/1041-t90m-dam-aband-05-04-24.jpg,2024-04-08,5694,22230,4,7-5694222304
Russia,Russia,T-90M,abandoned,https://i.postimg.cc/SQ2SbKCZ/1033-t90m-dam-aband-05-04-24.jpg,2024-04-14,5694,22234,4,7-5694222344
Russia,Russia,T-90M,abandoned,https://i.postimg.cc/0yWcKZ4p/1014-t90m-dam-aband-01-05-24.jpg,2024-05-04,5694,22238,4,7-5694222384
Russia,Russia,T-90M,abandoned,https://i.postimg.cc/FzVxrxck/1015-t90m-dam-aband-01-05-24.jpg,2024-05-04,5694,22239,4,7-5694222394
Russia,Russia,T-90M,abandoned,https://i.postimg.cc/hPKrCHWL/1016-t90m-dam-aband-02-05-24.jpg,2024-05-04,5694,22240,4,7-5694222404
Russia,Russia,T-90M,abandoned,https://i.postimg.cc/NFxKdN8V/1053-t90m-dam-aband-07-05-24.jpg,2024-05-09,5694,22243,4,7-5694222434
Russia,Russia,T-90M,abandoned,https://i.postimg.cc/65928XtN/1054-t90m-dam-aband-07-03-24.jpg,2024-05-09,5694,22244,4,7-5694222444
Russia,Russia,T-90M,abandoned,https://i.postimg.cc/52r6KQvx/1056-t90m-aband-07-05-24.jpg,2024-05-09,5694,22245,4,7-5694222454
Russia,Russia,T-90M,abandoned,https://i.postimg.cc/Vs4sHbQ3/1089-t90m-aband-30-03-24.jpg,2024-05-09,5694,22246,4,7-5694222464
Russia,Russia,T-90M,abandoned,https://i.postimg.cc/B67tWh1M/1020-t90m-aband-22-05-24.jpg,2024-05-24,5694,22250,4,7-5694222504
Russia,Russia,T-90M,abandoned,https://i.postimg.cc/J4hQv0T4/1026-t90m-dam-aband-29-05-24.jpg,2024-06-02,5694,22255,4,7-5694222554
Russia,Russia,T-90M,abandoned,https://i.postimg.cc/L6G2fp56/1026-T-90-M-dam-aband-23-11-24.jpg,2024-11-27,5694,22280,4,7-5694222804
Russia,Russia,T-90M,abandoned,https://i.postimg.cc/MGSwPm1C/1058-T-90-M-Proryv-aband-23-11-24.jpg,2024-11-27,5694,22281,4,7-5694222814
Russia,Russia,T-90M,abandoned,https://i.postimg.cc/RVqdvBcW/1014-T-90-M-Proryv-dam-aband-30-01-25.jpg,2025-02-02,5694,22285,4,7-5694222854
Russia,Russia,T-90M,abandoned,https://i.postimg.cc/8PJMFxFM/1006-T-90-M-Proryv-dam-aband-06-04-25.jpg,2025-04-10,5694,22294,4,7-5694222944
Russia,Russia,T-90M,abandoned,https://i.postimg.cc/c15fLdJd/1007-T-90-M-Proryv-dam-aband-06-04-25.jpg,2025-04-10,5694,22295,4,7-5694222954
Russia,Soviet Union,TMM-3 bridge layer,abandoned,https://i.postimg.cc/C1DyRDFk/h89.jpg,2022-03-19,5695,22311,4,7-5695223114
Russia,Soviet Union,TMM-3 bridge layer,abandoned,https://i.postimg.cc/rpPCMn2C/b89.png,2022-03-19,5695,22312,4,7-5695223124
Russia,Soviet Union,TMM-3 bridge layer,abandoned,https://i.postimg.cc/85dm6pjK/44565.png,2022-03-19,5695,22313,4,7-5695223134
Russia,Russia,TZM-T reloader vehicle (for TOS-1A),abandoned,https://i.postimg.cc/3wM0txDr/4b.png,2022-03-19,5696,22337,4,7-5696223374
Russia,Russia,TZM-T reloader vehicle (for TOS-1A),abandoned,https://i.postimg.cc/T20m5nwc/5422.png,2022-03-19,5696,22338,4,7-5696223384
Russia,Russia,UAZ Patriot,abandoned,https://i.postimg.cc/tggdgvNx/54g.jpg,2022-03-19,5703,22357,4,7-5703223574
Russia,Soviet Union,UAZ-452 van,abandoned,https://i.postimg.cc/zBw1pdD0/1027-UAZ-452-aband-23-05-23.jpg,2023-06-01,5708,22391,4,7-5708223914
Russia,Soviet Union,UAZ-469,abandoned,https://i.postimg.cc/J4Nx3qRy/37h.png,2022-03-19,5709,22400,4,7-5709224004
Russia,Soviet Union,UR-77 'Meteorit' mine clearing vehicle,abandoned,https://i.postimg.cc/kg2sTMNt/874.jpg,2022-04-23,5710,22406,4,7-5710224064
Russia,Soviet Union,UR-77 'Meterorit' mine clearing vehicle,abandoned,https://i.postimg.cc/rppvJs6P/jj.jpg,2022-03-19,5711,22431,4,7-5711224314
Russia,Russia,Unknown AFV,abandoned,https://i.postimg.cc/yNKDhgkN/5g.png,2022-03-19,5712,22455,4,7-5712224554
Russia,Russia,Unknown AFV,abandoned,https://i.postimg.cc/Y965xPHs/67.jpg,2022-03-19,5712,22456,4,7-5712224564
Russia,Russia,Unknown AFV,abandoned,https://i.postimg.cc/RhRQ6vSr/dd2.jpg,2022-05-26,5712,22508,4,7-5712225084
Russia,Russia,Unknown AFV,abandoned,https://i.postimg.cc/FKrs9rX7/1008-unkn-afv.jpg,2022-08-04,5712,22547,4,7-5712225474
Russia,Russia,Unknown AFV,abandoned,https://i.postimg.cc/c49WrLL8/1016-unkn-afv-aband-28-03-23.jpg,2023-04-05,5712,22601,4,7-5712226014
Russia,Russia,Unknown AFV,abandoned,https://i.postimg.cc/yYbbg0Jz/57p.png,2023-04-21,5712,22605,4,7-5712226054
Russia,Russia,Unknown AFV,abandoned,https://i.postimg.cc/qB9m2XcG/1047-unkn-afv-aband-21-12-23.jpg,2024-01-09,5712,22633,4,7-5712226334
Russia,Russia,Unknown AFV,abandoned,https://i.postimg.cc/ZRS6TPfX/1019-unkn-afv-dam-aband-26-12-23.jpg,2024-01-09,5712,22634,4,7-5712226344
Russia,Russia,Unknown AFV,abandoned,https://i.postimg.cc/VkpHT7T7/1001-Unknown-IFV-aband-12-01-24.jpg,2024-01-19,5712,22635,4,7-5712226354
Russia,Russia,Unknown AFV,abandoned,https://i.postimg.cc/B67HGh0V/1001-Unknown-IFV-dam-aband-28-12-23.jpg,2024-01-21,5712,22636,4,7-5712226364
Russia,Russia,Unknown AFV,abandoned,https://i.postimg.cc/252B4HVS/1040-Unknown-IFV-aband-09-01-24.jpg,2024-01-21,5712,22637,4,7-5712226374
Russia,Russia,Unknown AFV,abandoned,https://i.postimg.cc/MTHftyQb/1041-Unknown-IFV-aband-09-01-24.jpg,2024-01-21,5712,22638,4,7-5712226384
Russia,Russia,Unknown AFV,abandoned,https://i.postimg.cc/d1jjH41M/1032-unkn-afv-dam-aband-21-01-24.jpg,2024-01-24,5712,22640,4,7-5712226404
Russia,Russia,Unknown AFV,abandoned,https://i.postimg.cc/BZNC2YkH/1046-unkn-afv-aband-14-01-24.jpg,2024-01-24,5712,22641,4,7-5712226414
Russia,Russia,Unknown AFV,abandoned,https://i.postimg.cc/k5th94FY/1010-unkn-afv-aband-25-01-24.jpg,2024-01-27,5712,22642,4,7-5712226424
Russia,Russia,Unknown AFV,abandoned,https://i.postimg.cc/j5wrVK4m/1023-unkn-afv-aband-30-01-24.jpg,2024-02-09,5712,22643,4,7-5712226434
Russia,Russia,Unknown AFV,abandoned,https://i.postimg.cc/Yqccpfrq/1001-Unknown-IFV-dam-aband-28-03-24.jpg,2024-04-08,5712,22655,4,7-5712226554
Russia,Russia,Unknown AFV,abandoned,https://i.postimg.cc/mZp1YCgY/1040-unkn-afv-dam-aband-09-03-24.jpg,2024-04-08,5712,22656,4,7-5712226564
Russia,Russia,Unknown AFV,abandoned,https://i.postimg.cc/gj7wGFTS/1084-Unknown-IFV-dam-aband-17-02-24.jpg,2024-04-08,5712,22657,4,7-5712226574
Russia,Russia,Unknown AFV,abandoned,https://i.postimg.cc/GpPc7Sz0/1049-unkn-afv-dam-aband-04-04-24.jpg,2024-04-11,5712,22658,4,7-5712226584
Russia,Russia,Unknown AFV,abandoned,https://i.postimg.cc/DyqS4KnP/1058-unkn-afv-aband-13-04-24.jpg,2024-04-14,5712,22660,4,7-5712226604
Russia,Russia,Unknown AFV,abandoned,https://i.postimg.cc/Znj0ST5r/1007-Unknown-IFV-aband-28-05-24.jpg,2024-06-02,5712,22668,4,7-5712226684
Russia,Russia,Unknown AFV,abandoned,https://i.postimg.cc/9FhpfvDg/1045-Unknown-IFV-dam-aband-05-07-24.jpg,2024-07-09,5712,22683,4,7-5712226834
Russia,Russia,Unknown AFV,abandoned,https://i.postimg.cc/RZ5xTDC3/1005-Unknown-IFV-aband-08-07-24.jpg,2024-07-21,5712,22689,4,7-5712226894
Russia,Russia,Unknown AFV,abandoned,https://i.postimg.cc/C1tCGCQb/1014-unkn-afv-aband-21-09-24.jpg,2024-09-25,5712,22717,4,7-5712227174
Russia,Russia,Unknown AFV,abandoned,https://i.postimg.cc/FRCQCrVy/1299-Unknown-IFV-dam-aband-15-08-24.jpg,2024-10-22,5712,22740,4,7-5712227404
Russia,Russia,Unknown AFV,abandoned,https://i.postimg.cc/MHhJx94X/1300-Unknown-IFV-dam-aband-15-08-24.jpg,2024-10-22,5712,22741,4,7-5712227414
Russia,Russia,Unknown AFV,abandoned,https://i.postimg.cc/FFq4jKRm/1301-Unknown-IFV-dam-aband-15-08-24.jpg,2024-10-22,5712,22742,4,7-5712227424
Russia,Russia,Unknown AFV,abandoned,https://i.postimg.cc/yYCFpCNZ/1319-Unknown-IFV-aband-20-10-24.jpg,2024-10-23,5712,22745,4,7-5712227454
Russia,Russia,Unknown AFV,abandoned,https://i.postimg.cc/mg7n4KNs/1042-Unknown-IFV-aband-31-10-24.jpg,2024-11-02,5712,22760,4,7-5712227604
Russia,Russia,Unknown AFV,abandoned,https://i.postimg.cc/qvMWnfT6/1045-Unknown-IFV-dam-aband-29-03-25.jpg,2025-04-02,5712,22816,4,7-5712228164
Russia,Russia,Unknown AFV,abandoned,https://i.postimg.cc/ZqXX0jWs/1073-Unknown-IFV-dam-aband-03-04-25.jpg,2025-04-07,5712,22819,4,7-5712228194
Russia,Russia,Unknown AFV,abandoned,https://i.postimg.cc/fTjjCBkM/1071-Unknown-IFV-aband-03-10-24.jpg,2025-04-17,5712,22829,4,7-5712228294
Russia,Russia,Unknown AFV,abandoned,https://i.postimg.cc/WpBq5c83/1027-Unknown-IFV-aband-17-06-25.jpg,2025-06-27,5712,22869,4,7-5712228694
Russia,Russia,Unknown AFV,abandoned,https://i.postimg.cc/DwvqM0T2/1009-Unknown-IFV-aband-15-08-25.jpg,2025-08-21,5712,22876,4,7-5712228764
Russia,Russia,Unknown AFV,abandoned,https://i.postimg.cc/W4t0syzC/1006-Unknown-IFV-aband-17-11-24.jpg,2025-08-21,5712,22877,4,7-5712228774
Russia,Soviet Union,Unknown BMP-1/2,abandoned,https://i.postimg.cc/mrftFwV5/5g.jpg,2022-04-24,5713,22886,4,7-5713228864
Russia,Soviet Union,Unknown BMP-1/2,abandoned,https://i.postimg.cc/vmWTdr9s/8j.png,2022-05-14,5713,22891,4,7-5713228914
Russia,Russia,Unknown BTR-80/BTR-82A,abandoned,https://i.postimg.cc/5yXs16gn/89.png,2022-04-13,5714,22931,4,7-5714229314
Russia,Russia,Unknown BTR-80/BTR-82A,abandoned,https://i.postimg.cc/Wzwjm3MY/317.png,2022-05-01,5714,22935,4,7-5714229354
Russia,Russia,Unknown BTR-80/BTR-82A,abandoned,https://twitter.com/UAWeapons/status/1521908181542260738,2022-05-05,5714,22940,4,7-5714229404
Russia,Russia,Unknown T-62,abandoned,https://i.postimg.cc/c1bZgJgd/1020-unkn-t62-dam-aband-21-05-24.jpg,2024-05-26,5723,23020,4,7-5723230204
Russia,Russia,Unknown T-62,abandoned,https://i.postimg.cc/8PQjtqRM/1001-unkn-t62-aband-08-07-24.jpg,2024-07-15,5723,23023,4,7-5723230234
Russia,Russia,Unknown T-62,abandoned,https://i.postimg.cc/7h7bqVk5/1002-unkn-t62-aband-08-07-24.jpg,2024-07-15,5723,23024,4,7-5723230244
Russia,Russia,Unknown T-62,abandoned,https://i.postimg.cc/02VYchHQ/1002-unkn-t62-dam-aband-25-09-24.jpg,2024-10-02,5723,23028,4,7-5723230284
Russia,Russia,Unknown T-62,abandoned,https://i.postimg.cc/zGGtSdqT/1042-unkn-T-62-dam-aband-07-01-25.jpg,2025-01-10,5723,23044,4,7-5723230444
Russia,Russia,Unknown T-72,abandoned,https://i.postimg.cc/zvW2tVvv/1000-2x-T-72b3-1x-t72-2x-bmp3-2x-btr82-dan-aband-1x-bmp3-destr-24-01-23.jpg,2023-02-15,5724,6265,4,7-572462654
Russia,Russia,Unknown T-72,abandoned,https://i.postimg.cc/d3xqShWY/1300-T-72-B-and-unkn-T72-destr-18-07-23.jpg,2023-07-22,5724,20441,4,7-5724204414
Russia,Russia,Unknown T-72,abandoned,https://i.postimg.cc/2Sr4scV3/1049-1x-destr-1x-aband-t72b-obr-2022-1x-unkn-t72-dam-aband-1x-bmp1-destr-2x-bmp2-destr.jpg,2023-10-22,5724,595,4,7-57245954
Russia,Russia,Unknown T-72,abandoned,https://i.postimg.cc/R0R9P02N/1028-unkn-t72-dam-aband-19-10-23.jpg,2023-10-22,5724,23095,4,7-5724230954
Russia,Russia,Unknown T-72,abandoned,https://i.postimg.cc/8kynTp9c/1030-unkn-t72-and-MT-LB-with-ZU-23-aband-31-10-23.jpg,2023-11-02,5724,7518,4,7-572475184
Russia,Russia,Unknown T-72,abandoned,https://i.postimg.cc/KcfDm7zq/1007-t72b3obr2016-destr-unkn-t72-dam-aband-02-11-23.jpg,2023-11-06,5724,21329,4,7-5724213294
Russia,Russia,Unknown T-72,abandoned,https://i.postimg.cc/cHzLF2pC/1013-t72b3-aband-unkn-t72-1x-destr-1x-dam-aband-04-12-23.jpg,2023-12-08,5724,7363,4,7-572473634
Russia,Russia,Unknown T-72,abandoned,https://i.postimg.cc/zD7KFFS1/1031-unkn-t72-dam-aband-22-10-23.jpg,2023-12-13,5724,23102,4,7-5724231024
Russia,Russia,Unknown T-72,abandoned,https://i.postimg.cc/DZF4qSSZ/1035-unkn-t72-aband-22-10-23.jpg,2023-12-13,5724,23103,4,7-5724231034
Russia,Russia,Unknown T-72,abandoned,https://i.postimg.cc/W1d3q5kf/1016-unkn-t72-aband-01-01-24.jpg,2024-01-09,5724,23105,4,7-5724231054
Russia,Russia,Unknown T-72,abandoned,https://i.postimg.cc/Qx7rZ6hm/1022-unkn-t72-dam-aband-28-01-24.jpg,2024-01-30,5724,23111,4,7-5724231114
Russia,Russia,Unknown T-72,abandoned,https://i.postimg.cc/633n7SSw/1008-unkn-t72-dam-aband-20-01-24.jpg,2024-04-08,5724,23124,4,7-5724231244
Russia,Russia,Unknown T-72,abandoned,https://i.postimg.cc/k5MfcTZY/1042-unkn-t72-aband-23-03-24.jpg,2024-04-08,5724,23125,4,7-5724231254
Russia,Russia,Unknown T-72,abandoned,https://i.postimg.cc/FRBw6nqx/1023-unkn-t72-dam-aband-30-03-24.jpg,2024-04-08,5724,23126,4,7-5724231264
Russia,Russia,Unknown T-72,abandoned,https://i.postimg.cc/mZ5sPwpc/1001-unkn-t72-aband-13-04-24.jpg,2024-04-17,5724,23129,4,7-5724231294
Russia,Russia,Unknown T-72,abandoned,https://i.postimg.cc/nrgbNF9K/1000-unkn-t72-dam-aband-13-04-24.jpg,2024-04-17,5724,23130,4,7-5724231304
Russia,Russia,Unknown T-72,abandoned,https://i.postimg.cc/qvRGry7g/1023-unkn-t72-dam-aband-28-04-24.jpg,2024-05-04,5724,23131,4,7-5724231314
Russia,Russia,Unknown T-72,abandoned,https://i.postimg.cc/W1Ckxscw/1015-unkn-t72-aband-12-10-23.jpg,2024-05-15,5724,23135,4,7-5724231354
Russia,Russia,Unknown T-72,abandoned,https://i.postimg.cc/TwGS4sw6/1008-unkn-t72-dam-aband-01-07-24.jpg,2024-07-15,5724,23146,4,7-5724231464
Russia,Russia,Unknown T-72,abandoned,https://i.postimg.cc/9QJdjHxv/1059-unkn-t72-dam-aband-17-09-24.jpg,2024-09-20,5724,23153,4,7-5724231534
Russia,Russia,Unknown T-72,abandoned,https://i.postimg.cc/7Ls92zVF/1038-unkn-t72-aband-05-10-24.jpg,2024-10-09,5724,23160,4,7-5724231604
Russia,Russia,Unknown T-72,abandoned,https://i.postimg.cc/sf7H1ftv/1184-unkn-t72-aband-17-10-24.jpg,2024-10-22,5724,23162,4,7-5724231624
Russia,Russia,Unknown T-72,abandoned,https://i.postimg.cc/X7g2cHNW/1253-unkn-t72-aband-18-10-24.jpg,2024-10-22,5724,23163,4,7-5724231634
Russia,Russia,Unknown T-72,abandoned,https://i.postimg.cc/G3XdNVXK/1020-T-72-aband-13-12-23.jpg,2025-05-30,5724,23218,4,7-5724232184
Russia,Russia,Unknown T-80,abandoned,https://i.postimg.cc/c1RSYb7Q/1005-16-10-23.jpg,2023-10-18,5725,564,4,7-57255644
Russia,Russia,Unknown T-80,abandoned,https://i.postimg.cc/bNxK4BKF/1043-unkn-t80-dam-aband-25-02-24.jpg,2024-02-26,5725,23228,4,7-5725232284
Russia,Russia,Unknown T-80,abandoned,https://i.postimg.cc/Dy376f11/1021-unkn-tank-dam-aband-25-03-24.jpg,2024-04-08,5725,23231,4,7-5725232314
Russia,Russia,Unknown T-80,abandoned,https://i.postimg.cc/NfrXpXy7/1015-unkn-t80-dam-aband-23-03-24.jpg,2024-04-27,5725,23233,4,7-5725232334
Russia,Russia,Unknown T-80,abandoned,https://i.postimg.cc/tgsD3W08/1000-unkn-t80-dam-aband-02-05-24.jpg,2024-05-04,5725,23234,4,7-5725232344
Russia,Russia,Unknown T-80,abandoned,https://i.postimg.cc/YSpnPdxy/1014-unkn-t80-aband-07-06-24.jpg,2024-06-11,5725,23236,4,7-5725232364
Russia,Russia,Unknown T-80,abandoned,https://i.postimg.cc/7L6NjNnd/1017-unkn-T-80-aband-08-12-24.jpg,2024-12-12,5725,23242,4,7-5725232424
Russia,Russia,Unknown tank,abandoned,https://i.postimg.cc/j23fFqPt/875.jpg,2022-03-19,5735,23302,4,7-5735233024
Russia,Russia,Unknown tank,abandoned,https://i.postimg.cc/L67vXhmv/541.jpg,2022-03-19,5735,23303,4,7-5735233034
Russia,Russia,Unknown tank,abandoned,https://i.postimg.cc/gkfPzLKt/65.png,2022-03-29,5735,14277,4,7-5735142774
Russia,Russia,Unknown tank,abandoned,https://i.postimg.cc/65bxy8wG/8j.png,2022-05-14,5735,23389,4,7-5735233894
Russia,Russia,Unknown tank,abandoned,https://twitter.com/UAWeapons/status/1546089606365552640,2022-07-11,5735,17561,4,7-5735175614
Russia,Russia,Unknown tank,abandoned,https://i.postimg.cc/MKzpNpgY/1003.jpg,2022-07-29,5735,23446,4,7-5735234464
Russia,Russia,Unknown truck,abandoned,https://i.postimg.cc/26pbyqvZ/v56.png,2022-03-19,5737,23501,4,7-5737235014
Russia,Russia,Unknown truck,abandoned,https://i.postimg.cc/zDWGBmQX/dgj.png,2022-03-19,5737,23502,4,7-5737235024
Russia,Russia,Ural Federal,abandoned,https://postimg.cc/4nNVGy79,2022-03-19,5738,23573,4,7-5738235734
Russia,Russia,Ural Federal,abandoned,https://i.postimg.cc/dV3Dkbgw/b8.png,2022-03-19,5738,23574,4,7-5738235744
Russia,Russia,Ural Federal,abandoned,https://i.postimg.cc/JhwxKbT0/4454.jpg,2022-03-19,5738,23575,4,7-5738235754
Russia,Russia,Ural-4320,abandoned,https://i.postimg.cc/xd8C4F47/tt2.png,2022-03-19,5740,23653,4,7-5740236534
Russia,Russia,Ural-4320,abandoned,https://i.postimg.cc/0yrVn7sf/4314.png,2022-03-19,5740,23654,4,7-5740236544
Russia,Russia,Ural-4320,abandoned,https://i.postimg.cc/R0KVpG33/Screenshot-8272.png,2022-03-19,5740,23655,4,7-5740236554
Russia,Russia,Ural-4320,abandoned,https://postimg.cc/yDMtjPBF,2022-03-19,5740,23656,4,7-5740236564
Russia,Russia,Ural-4320,abandoned,https://i.postimg.cc/3NZBVjmC/j8l.jpg,2022-03-19,5740,23657,4,7-5740236574
Russia,Russia,Ural-4320,abandoned,https://postimg.cc/SXqk7XMx,2022-03-19,5740,23658,4,7-5740236584
Russia,Russia,Ural-4320,abandoned,https://postimg.cc/fVYM97kP,2022-03-19,5740,23659,4,7-5740236594
Russia,Russia,Ural-4320,abandoned,https://i.postimg.cc/kMY6zXXK/g43.png,2022-03-19,5740,23660,4,7-5740236604
Russia,Russia,Ural-4320,abandoned,https://i.postimg.cc/ZKHxv1VF/d12.png,2022-03-19,5740,23661,4,7-5740236614
Russia,Russia,Ural-4320,abandoned,https://i.postimg.cc/vTzf9VLH/f2.png,2022-03-19,5740,23662,4,7-5740236624
Russia,Russia,Ural-4320,abandoned,https://i.postimg.cc/vHLG8bfn/352.png,2022-03-19,5740,23663,4,7-5740236634
Russia,Russia,Ural-4320,abandoned,https://i.postimg.cc/gcZ4B3nc/46.png,2022-03-19,5740,23664,4,7-5740236644
Russia,Russia,Ural-4320,abandoned,https://i.postimg.cc/dVqB1XnD/4y.png,2022-03-19,5740,23665,4,7-5740236654
Russia,Russia,Ural-4320,abandoned,https://i.postimg.cc/66gbyLs4/p6.png,2022-03-19,5740,23666,4,7-5740236664
Russia,Russia,Ural-4320,abandoned,https://i.postimg.cc/tTB5g9by/359.png,2022-03-19,5740,23667,4,7-5740236674
Russia,Russia,Ural-4320,abandoned,https://i.postimg.cc/hjpd1JQJ/6j.png,2022-03-19,5740,23668,4,7-5740236684
Russia,Russia,Ural-4320,abandoned,https://i.postimg.cc/3xfBbDV0/1025-Ural-4320-dam-aband-25-01-24.jpg,2024-01-27,5740,23949,4,7-5740239494
Russia,Russia,Ural-4320,abandoned,https://i.postimg.cc/76mdFgWr/1051-Ural-4320-dam-aband-14-04-24.jpg,2024-04-17,5740,24018,4,7-5740240184
Russia,Russia,Ural-4320,abandoned,https://i.postimg.cc/Dz5RVcyr/1065-Ural-4320-aband-28-11-24.jpg,2024-12-09,5740,24229,4,7-5740242294
Russia,Russia,Ural-43206,abandoned,https://i.postimg.cc/k4x56Cb5/Screenshot-8409.png,2022-03-19,5751,24452,4,7-5751244524
Russia,Russia,Ural-43206,abandoned,https://i.postimg.cc/yYNkW1z2/471.png,2022-03-19,5751,24453,4,7-5751244534
Russia,Russia,Ural-542301 tank transporter,abandoned,https://i.postimg.cc/63s3pqTS/Screenshot-8407.png,2022-03-19,5753,24494,4,7-5753244944
Russia,Russia,Ural-63704-0010 Tornado-U,abandoned,https://i.postimg.cc/Y0JH8vN0/79.png,2022-03-19,5754,24496,4,7-5754244964
Russia,Russia,Vityaz DT-30 articulated tracked carrier,abandoned,https://i.postimg.cc/nrSm0HNP/5g.png,2022-03-19,5756,24501,4,7-5756245014
Russia,Soviet Union,ZSU-23-4 Shilka,abandoned,https://twitter.com/UAWeapons/status/1557038602185576454,2022-08-13,5762,24568,4,7-5762245684
Russia,Soviet Union,ZiL-131,abandoned,https://i.postimg.cc/1ttjTBH0/4455.png,2022-03-19,5763,16912,4,7-5763169124
Russia,Soviet Union,ZiL-131,abandoned,https://i.postimg.cc/8k2Hgm1B/Screenshot-8397.png,2022-03-19,5763,24574,4,7-5763245744
Ukraine,Turkey,1 BMC Kirpi,abandoned,https://twitter.com/UAWeapons/status/1568241700921016320,2022-09-10,5820,24639,4,380-5820246394
Ukraine,Soviet Union,1 BMR-2 mine-clearing tank,abandoned,https://i.postimg.cc/wTnz6gz2/h.png,2023-06-10,5824,24643,4,380-5824246434
Ukraine,United Kingdom,1 FV107 Scimitar,abandoned,https://i.postimg.cc/1tSTvz4v/2003-FV107-Scimitar-dam-aband-02-07-25.jpg,2025-08-17,5858,24679,4,380-5858246794
Ukraine,Germany,1 Leopard 1A5,abandoned,https://twitter.com/NOELreports/status/1729602628126994531,2023-11-30,5897,24719,4,380-5897247194
Ukraine,United States,1 M88A2 armoured recovery vehicle,abandoned,https://i.postimg.cc/D0g35ktg/2011-M88-A2-Hercules-armoured-recovery-vehicle-dam-aband-07-08-24.jpg,2024-08-09,5914,24736,4,380-5914247364
Ukraine,Sweden,1 Pbv 302,abandoned,https://i.postimg.cc/prG7G2Bq/2019-Pbv-302-dam-aband-23-01-25.jpg,2025-01-25,5961,24785,4,380-5961247854
Ukraine,Ukraine,1 T-72AMT Zr.2022,abandoned,https://i.postimg.cc/xjzt05NR/2001-t72amt-zr2022-dam-aband-29-06-23.png,2023-06-30,6003,24828,4,380-6003248284
Ukraine,France,1 VAB APC,abandoned,https://twitter.com/UAWeapons/status/1576553022670635008,2022-10-04,6035,24866,4,380-6035248664
Ukraine,Soviet Union,1 VT-72B armoured recovery vehicle,abandoned,https://i.postimg.cc/NMPDYXzY/2066-VT-72-B-armoured-recovery-vehicle-aband-18-11-24.jpg,2025-03-20,6036,24867,4,380-6036248674
Ukraine,United States,10 M1A1 SA Abrams,abandoned,https://i.postimg.cc/qRS4RtTg/2005-M1-A1-SA-Abrams-aband-09-06-24.jpg,2024-06-14,6061,24897,4,380-6061248974
Ukraine,United States,10 M1A1 SA Abrams,abandoned,https://i.postimg.cc/xdj0FD5j/2017-M1-A1-SA-Abrams-dam-aband-11-06-24.jpg,2024-06-14,6061,24898,4,380-6061248984
Ukraine,United States,10 M577 command post,abandoned,https://i.postimg.cc/j5vkVLyh/2016-M577-command-post-dam-aband-17-01-25.jpg,2025-01-22,6062,24900,4,380-6062249004
Ukraine,Germany,10 Wisent 1 mine-clearing tank,abandoned,https://i.postimg.cc/90f8sKgz/2034-Wi-SENT-1-mine-clearing-tank-aband-18-04-25.jpg,2025-05-12,6071,24915,4,380-6071249154
Ukraine,Soviet Union,100mm MT-12 anti-tank gun,abandoned,https://i.postimg.cc/MGrVpjLq/n2.png,2022-03-19,331,24934,4,380-331249344
Ukraine,United States,101 International M1224 MaxxPro,abandoned,https://i.postimg.cc/s1Fvsbkc/2006-M1224-Maxx-Pro-dam-aband-13-07-24.jpg,2024-07-18,6085,24944,4,380-6085249444
Ukraine,Ukraine,103 Kozak-7,abandoned,https://i.postimg.cc/3wJQXDvy/2004-Kozak-7-dam-aband-16-01-25.jpg,2025-02-18,6097,24970,4,380-6097249704
Ukraine,United States,109 M113,abandoned,https://i.postimg.cc/FFJCPxVC/2030-M113-A3-aband-05-05-24.jpg,2024-05-09,6144,25041,4,380-6144250414
Ukraine,United States,109 M113,abandoned,https://i.postimg.cc/X7fHW7hw/2039-M113-A3-dam-aband-06-05-24.jpg,2024-05-09,6144,25042,4,380-6144250424
Ukraine,Ukraine,11 Kozak-7,abandoned,https://i.postimg.cc/KjXGt6k6/2010-Kozak-7-dam-aband-30-05-24.jpg,2024-06-02,6159,25058,4,380-6159250584
Ukraine,Germany,11 Leopard 1A5,abandoned,https://i.postimg.cc/DzPznPtG/2010-Leopard-1-A5-dam-aband-30-12-24.jpg,2025-01-07,6161,25063,4,380-6161250634
Ukraine,Germany,11 Leopard 1A5,abandoned,https://i.postimg.cc/FFdPS3bf/2020-Leopard-1-A5-dam-aband-28-12-24.jpg,2025-01-07,6161,25064,4,380-6161250644
Ukraine,United States,11 M1A1 SA Abrams,abandoned,https://i.postimg.cc/vmL8mj40/2013-M1-A1-SA-Abrams-dam-aband-24-07-24.jpg,2024-07-27,6166,25070,4,380-6166250704
Ukraine,United States,11 M577 command post,abandoned,https://i.postimg.cc/5tGwQsgs/2035-M577-command-post-dam-aband-22-01-25.jpg,2025-01-31,6167,25071,4,380-6167250714
Ukraine,Sweden,11 Pbv 302,abandoned,https://i.postimg.cc/HkXqL0PR/2027-Pbv-302-dam-aband-08-04-25.jpg,2025-04-17,6171,25076,4,380-6171250764
Ukraine,Canada,11 Roshel Senator,abandoned,https://i.postimg.cc/5NLY8y01/2004-Roshel-Senator-dam-aband-20-04-24.jpg,2024-04-24,6172,25078,4,380-6172250784
Ukraine,Soviet Union,110 BMP-2(K),abandoned,https://i.postimg.cc/TYMwvWKz/221.png,2023-03-26,6175,25082,4,380-6175250824
Ukraine,Ukraine,110 BTR-4,abandoned,https://i.postimg.cc/VNPXGcmq/2000-BTR-4-E-Butsefal-dam-aband-11-09-24.jpg,2024-09-16,6176,25084,4,380-6176250844
Ukraine,United States,110 M113,abandoned,https://i.postimg.cc/26JKvFFQ/2003-M113-A3-ambulance-aband-01-04-24.jpg,2024-05-15,6180,25090,4,380-6180250904
Ukraine,Ukraine,112 T-64BV Zr. 2017,abandoned,https://i.postimg.cc/9QbRCbC2/2008-T-64-BV-Zr-2017-dam-aband-21-08-24.jpg,2024-08-25,6194,25117,4,380-6194251174
Ukraine,United States,113 M113,abandoned,https://i.postimg.cc/Y0jXrHDV/2028-M113-A3-dam-aband-10-04-24.jpg,2024-05-18,6200,25126,4,380-6200251264
Ukraine,United States,113 M113,abandoned,https://i.postimg.cc/G3S7M4H1/2027-M113-A3-aband-14-05-24.jpg,2024-05-18,6200,25127,4,380-6200251274
Ukraine,Netherlands,12 Bandvagn BvS 10,abandoned,https://i.postimg.cc/bwMCRydv/2034-Bv-S10-dam-aband-03-03-25.jpg,2025-03-20,6241,25205,4,380-6241252054
Ukraine,United Kingdom,12 Mastiff Protected Patrol,abandoned,https://i.postimg.cc/LXfDMN9w/2022-Mastiff-aband-07-06-23.jpg,2023-06-09,6251,25217,4,380-6251252174
Ukraine,United Kingdom,12 Mastiff Protected Patrol,abandoned,https://i.postimg.cc/XYJgvVNw/2021-Mastiff-aband-07-06-23.jpg,2023-06-09,6251,25218,4,380-6251252184
Ukraine,United Kingdom,12 Mastiff Protected Patrol,abandoned,https://i.postimg.cc/zv7nJQ9t/2020-Mastiff-aband-07-06-23.jpg,2023-06-09,6251,25219,4,380-6251252194
Ukraine,United Kingdom,12 Mastiff Protected Patrol,abandoned,https://i.postimg.cc/m2ZYdbH0/2019-Mastiff-aband-07-06-23.jpg,2023-06-09,6251,25220,4,380-6251252204
Ukraine,United States,120 M113,abandoned,https://i.postimg.cc/Kc7NwRyP/2009-M113-A3-ambulance-dam-aband-15-06-24.jpg,2024-06-16,6268,25250,4,380-6268252504
Ukraine,Soviet Union,122mm 2S1 Gvozdika,abandoned,https://i.postimg.cc/MKTfGGmK/334.png,2022-03-19,778,25284,4,380-778252844
Ukraine,United States,123 International M1224 MaxxPro,abandoned,https://i.postimg.cc/bJzVdWFf/2018-M1224-Maxx-Pro-dam-aband-31-03-24.jpg,2024-09-19,6289,25415,4,380-6289254154
Ukraine,United States,126 M113,abandoned,https://i.postimg.cc/VkcML1pd/2012-M113-A3-dam-aband-03-07-24.jpg,2024-07-09,6306,25454,4,380-6306254544
Ukraine,Ukraine,128 T-64BV Zr. 2017,abandoned,https://i.postimg.cc/8Phb7bmC/2057-T-64-BV-Zr-2017-dam-aband-27-12-24.jpg,2025-03-20,6321,25483,4,380-6321254834
Ukraine,United States,129 International M1224 MaxxPro,abandoned,https://i.postimg.cc/pXXxBbYK/2001-M1224-Maxx-Pro-dam-aband-04-10-24.jpg,2024-10-09,6325,25490,4,380-6325254904
Ukraine,Ukraine,13 Kozak-7,abandoned,https://i.postimg.cc/ZRjPfTSw/2000-Kozak-7-dam-aband-31-05-24.jpg,2024-06-06,6334,25504,4,380-6334255044
Ukraine,Ukraine,13 Kozak-7,abandoned,https://i.postimg.cc/j5RQQDGW/2001-Kozak-7-dam-aband-31-05-24.jpg,2024-06-06,6334,25505,4,380-6334255054
Ukraine,Sweden,13 Pbv 302,abandoned,https://i.postimg.cc/Rh06GGfH/2004-Pbv-302-dam-aband-19-04-25.jpg,2025-05-12,6343,25526,4,380-6343255264
Ukraine,Canada,13 Roshel Senator,abandoned,https://i.postimg.cc/6qn8GH30/2029-Roshel-Senator-dam-aband-15-05-24.jpg,2024-05-18,6344,25527,4,380-6344255274
Ukraine,Ukraine,13 UAT-D Gyurza,abandoned,https://i.postimg.cc/7P26vMrs/2023-UAT-D-Gyurza-dam-aband-07-05-25.jpg,2025-05-12,6347,25531,4,380-6347255314
Ukraine,Ukraine,134 Kozak-7,abandoned,https://i.postimg.cc/cLf5FGpq/2020-Kozak-7-dam-aband-08-05-25.jpg,2025-05-21,6367,25563,4,380-6367255634
Ukraine,United States,134 M113,abandoned,https://i.postimg.cc/BQXvCMzv/2008-M113-A3-dam-aband-23-07-24.jpg,2024-07-27,6368,25565,4,380-6368255654
Ukraine,Ukraine,135 T-64BV Zr. 2017,abandoned,https://i.postimg.cc/5NWRTxRj/2021-T-64-BV-Zr-2017-dam-aband-06-05-25.jpg,2025-05-18,6375,25579,4,380-6375255794
Ukraine,Soviet Union,139 BMP-2(K),abandoned,https://i.postimg.cc/gj8DNcb5/2002-bmp2-aband-29-06-23.png,2023-06-30,6391,25599,4,380-6391255994
Ukraine,Soviet Union,14 BRM-1K reconnaissance vehicle,abandoned,https://i.postimg.cc/PqRLzXGH/2003-brm1kpg.jpg,2022-08-31,1078,25617,4,380-1078256174
Ukraine,Soviet Union,14 BRM-1K reconnaissance vehicle,abandoned,https://twitter.com/UAWeapons/status/1568241700921016320,2022-09-10,1078,24639,4,380-1078246394
Ukraine,Soviet Union,14 BRM-1K reconnaissance vehicle,abandoned,https://i.postimg.cc/L8M6bVH9/2000-brm-1k.jpg,2022-09-12,1078,25618,4,380-1078256184
Ukraine,Soviet Union,14 BRM-1K reconnaissance vehicle,abandoned,https://twitter.com/UAWeapons/status/1574132894846648320,2022-09-27,1078,25619,4,380-1078256194
Ukraine,United States,14 Cougar H,abandoned,https://i.postimg.cc/qRn01KVv/2013-Cougar-H-dam-aband-06-02-25.jpg,2025-02-12,6402,25621,4,380-6402256214
Ukraine,United States,14 M1A1 SA Abrams,abandoned,https://i.postimg.cc/3w2T5Vhp/2003-M1-A1-SA-Abrams-dam-aband-22-07-24.jpg,2024-08-30,6408,25627,4,380-6408256274
Ukraine,Soviet Union,143 BMP-2(K),abandoned,https://i.postimg.cc/br08xRbH/2010-bmp2-dam-aband-05-07-23.jpg,2023-07-09,6425,25654,4,380-6425256544
Ukraine,Ukraine,144 Kozak-7,abandoned,https://i.postimg.cc/Ss7q8ftX/2039-Kozak-7-dam-aband-20-07-25.jpg,2025-07-27,6430,25662,4,380-6430256624
Ukraine,United States,146 International M1224 MaxxPro,abandoned,https://i.postimg.cc/5jW4hj1F/2067-M1224-Maxx-Pro-aband-17-10-24.jpg,2024-10-22,6437,25688,4,380-6437256884
Ukraine,Soviet Union,149 BMP-2(K),abandoned,https://i.postimg.cc/d386ZDyR/2200-bmp2-destr-25-03-23.jpg,2023-07-17,6446,25714,4,380-6446257144
Ukraine,Germany,15 FFG MRAP,abandoned,https://i.postimg.cc/0QtN8c2F/2014-FFG-MRAP-dam-aband-07-05-25.jpg,2025-05-12,6453,25725,4,380-6453257254
Ukraine,Ukraine,15 Kozak-7,abandoned,https://i.postimg.cc/RV8WXYM9/2015-Kozak-7-dam-aband-18-06-24.jpg,2024-06-20,6455,25727,4,380-6455257274
Ukraine,United States,15 M577 command post,abandoned,https://i.postimg.cc/pdc3fbJR/2020-M577-command-post-dam-aband-06-02-25.jpg,2025-02-16,6458,25731,4,380-6458257314
Ukraine,Sweden,15 Pbv 302,abandoned,https://i.postimg.cc/SRg1c0J7/2008-Pbv-302-destr-10-06-25.jpg,2025-06-27,6463,25742,4,380-6463257424
Ukraine,United States,150 M113,abandoned,https://i.postimg.cc/DwSDMCJp/2006-M113-A3-dam-aband-19-09-24.jpg,2024-09-26,6473,25759,4,380-6473257594
Ukraine,United States,151 M113,abandoned,https://i.postimg.cc/YqJpSrYH/2007-M113-A3-dam-aband-29-02-24.jpg,2024-09-29,6476,25764,4,380-6476257644
Ukraine,Soviet Union,152mm 2A36 Giatsint-B field-gun,abandoned,https://i.postimg.cc/65WyTWGL/g43g.png,2022-03-19,1295,25767,4,380-1295257674
Ukraine,Soviet Union,152mm 2A65 Msta-B howitzer,abandoned,https://i.postimg.cc/zfBM7CWN/Screenshot-8227.png,2022-03-19,1296,25776,4,380-1296257764
Ukraine,Soviet Union,152mm 2A65 Msta-B howitzer,abandoned,https://i.postimg.cc/gj9TG17c/Screenshot-8228.png,2022-03-19,1296,25777,4,380-1296257774
Ukraine,Soviet Union,153 BMP-2(K),abandoned,https://i.postimg.cc/gJf8Ng6K/2013-2x-t64bv-and-2x-bmp2-dam-aband-21-07-23.jpg,2023-07-22,6481,25893,4,380-6481258934
Ukraine,United States,155 International M1224 MaxxPro,abandoned,https://i.postimg.cc/qR9xHDGf/2012-M1224-Maxx-Pro-dam-aband-12-11-24.jpg,2024-11-17,6490,25905,4,380-6490259054
Ukraine,Soviet Union,156 BMP-2(K),abandoned,https://i.postimg.cc/7YF4Rbdp/2037-BMP2-aband-09-07-23.jpg,2023-07-24,6504,26095,4,380-6504260954
Ukraine,Soviet Union,156 BMP-2(K),abandoned,https://i.postimg.cc/jjXrCc2b/2042-bmp2-aband-22-07-23.jpg,2023-07-24,6504,26096,4,380-6504260964
Ukraine,United States,157 International M1224 MaxxPro,abandoned,https://i.postimg.cc/KvvT1tVD/2000-M1224-Maxx-Pro-dam-aband-21-11-24.jpg,2024-11-27,6509,26104,4,380-6509261044
Ukraine,United States,159 International M1224 MaxxPro,abandoned,https://i.postimg.cc/7PJZ6d2Q/2001-M1224-Maxx-Pro-dam-aband-07-12-24.jpg,2024-12-09,6516,26113,4,380-6516261134
Ukraine,United Kingdom,16 Mastiff Protected Patrol,abandoned,https://i.postimg.cc/3RqQWZWq/2032-Mastiff-dam-aband-04-06-23.jpg,2023-06-23,6531,26139,4,380-6531261394
Ukraine,United Kingdom,16 Mastiff Protected Patrol,abandoned,https://i.postimg.cc/TYp444MY/2008-Mastiff-PPV-dam-aband-04-06-23.jpg,2023-06-25,6531,26140,4,380-6531261404
Ukraine,Ukraine,16 UAT-D Gyurza,abandoned,https://i.postimg.cc/5NYrFCp2/2021-UAT-D-Gyurza-dam-aband-13-05-25.jpg,2025-05-21,6538,26148,4,380-6538261484
Ukraine,United States,164 M113,abandoned,https://i.postimg.cc/C5ZSxCdB/2085-M113-A3-ambulance-dam-aband-16-10-24.jpg,2024-10-22,6554,26179,4,380-6554261794
Ukraine,United States,164 M113,abandoned,https://i.postimg.cc/yxwBgJSf/2090-M113-A3-dam-aband-01-10-24.jpg,2024-10-22,6554,26180,4,380-6554261804
Ukraine,United States,164 M113,abandoned,https://i.postimg.cc/PfcdF7Fm/2091-M113-A3-dam-aband-30-09-24.jpg,2024-10-22,6554,26181,4,380-6554261814
Ukraine,United States,164 M113,abandoned,https://i.postimg.cc/ZKGK0Q8T/2050-M113-A3-ambulance-aband-12-10-24.jpg,2024-10-22,6554,26182,4,380-6554261824
Ukraine,United States,164 M113,abandoned,https://i.postimg.cc/1RYz1X4V/2036-M113-A3-aband-09-10-24.jpg,2024-10-22,6554,26183,4,380-6554261834
Ukraine,United States,165 M113,abandoned,https://i.postimg.cc/FKDFjNJQ/2120-M113-A3-aband-21-10-24.jpg,2024-10-23,6557,26188,4,380-6557261884
Ukraine,United States,168 International M1224 MaxxPro,abandoned,https://i.postimg.cc/MH0GByJz/2006-M1224-Maxx-Pro-dam-aband-25-12-24.jpg,2024-12-29,6565,26202,4,380-6565262024
Ukraine,Soviet Union,169 BMP-2(K),abandoned,https://i.postimg.cc/QCvkqN0n/4313.png,2023-09-28,6567,26205,4,380-6567262054
Ukraine,United States,17 M1A1 SA Abrams,abandoned,https://i.postimg.cc/RVQ6wN9v/2013-M1-A1-SA-Abrams-dam-aband-11-12-24.jpg,2024-12-16,6579,26225,4,380-6579262254
Ukraine,Canada,17 Roshel Senator,abandoned,https://i.postimg.cc/9f7T0rvy/2003-Roshel-Senator-APC-dam-aband-07-06-24.jpg,2024-06-11,6585,26231,4,380-6585262314
Ukraine,Soviet Union,174 BMP-2(K),abandoned,https://i.postimg.cc/jj25nTyn/321.png,2023-09-29,6600,26261,4,380-6600262614
Ukraine,Soviet Union,176 BMP-2(K),abandoned,https://i.postimg.cc/rFYj2FsQ/2008-bmp2-dam-aband-26-09-23.jpg,2023-10-05,6602,26265,4,380-6602262654
Ukraine,United States,18 M113,abandoned,https://i.postimg.cc/Gm0WBbtH/2023-m113-dam-aband-02-02-23.jpg,2023-02-05,6618,26290,4,380-6618262904
Ukraine,United States,18 M1A1 SA Abrams,abandoned,https://i.postimg.cc/8PyfMSXL/2003-M1-A1-SA-Abrams-dam-aband-30-12-24.jpg,2025-01-13,6619,26294,4,380-6619262944
Ukraine,United States,185 M113,abandoned,https://i.postimg.cc/zfNnLwcS/2002-M113-A3-dam-aband-10-11-24.jpg,2024-11-14,6636,26332,4,380-6636263324
Ukraine,United States,187 International M1224 MaxxPro,abandoned,https://i.postimg.cc/brzr7gRv/2030-M1224-Maxx-Pro-dam-aband-31-01-25.jpg,2025-02-12,6638,26339,4,380-6638263394
Ukraine,Germany,19 Leopard 1A5,abandoned,https://i.postimg.cc/dVxf2CNd/2017-Leopard-1-A5-dam-aband-07-03-25.jpg,2025-05-12,6646,26351,4,380-6646263514
Ukraine,United States,19 M1A1 SA Abrams,abandoned,https://i.postimg.cc/YC3WjLjZ/2011-M1-A1-SA-Abrams-aband-23-01-25.jpg,2025-01-25,6648,26354,4,380-6648263544
Ukraine,United States,194 International M1224 MaxxPro,abandoned,https://i.postimg.cc/vHjMgjrm/2017-M1224-Maxx-Pro-dam-aband-22-02-25.jpg,2025-02-24,6666,26392,4,380-6666263924
Ukraine,Slovenia,2 BOV APC,abandoned,https://i.postimg.cc/7Lvgy2VC/2036-BOV-dam-aband-30-11-24.jpg,2024-12-03,6704,26460,4,380-6704264604
Ukraine,Ukraine,2 Cougar H,abandoned,https://i.postimg.cc/13410dMG/2014-Cougar-H-dam-aband-06-08-24.jpg,2024-08-09,6717,26474,4,380-6717264744
Ukraine,Italy,2 Iveco LMV,abandoned,https://i.postimg.cc/T2qB9JhS/3325.png,2022-10-26,6733,26493,4,380-6733264934
Ukraine,United States,2 M88A2 armoured recovery vehicle,abandoned,https://i.postimg.cc/d0q2npwR/2012-M88-A2-Hercules-ARV-aband-30-05-25.jpg,2025-06-12,6758,26522,4,380-6758265224
Ukraine,Germany,2 MAN HX81 tank transporter,abandoned,https://i.postimg.cc/DzP5KZFm/2001-MAN-HX81-tank-transporter-dam-aband-05-06-24.jpg,2024-06-28,6760,26524,4,380-6760265244
Ukraine,Sweden,2 Pbv 302,abandoned,https://i.postimg.cc/TYDJ2Yjv/2007-Pbv-302-aband-31-01-25.jpg,2025-02-12,6780,26546,4,380-6780265464
Ukraine,Italy,2 Puma 6x6,abandoned,https://i.postimg.cc/6pDNPy05/2005-Puma-6x6-dam-aband-09-12-24.jpg,2024-12-23,6786,26552,4,380-6786265524
Ukraine,Germany,2 Wisent 1 mine-clearing tank,abandoned,https://i.postimg.cc/MHnfDZDt/2023-Wi-SENT-1-mine-clearing-tank-dam-aband-25-10-23.jpg,2025-01-07,6826,26597,4,380-6826265974
Ukraine,Ukraine,20 Kozak-7,abandoned,https://i.postimg.cc/qq4WZWDh/2007-Kozak-7-dam-aband-14-08-24.jpg,2024-08-18,6838,26613,4,380-6838266134
Ukraine,Ukraine,20 Kozak-7,abandoned,https://i.postimg.cc/J4TSP6N0/2012-Kozak-7-aband-14-08-24.jpg,2024-08-18,6838,26614,4,380-6838266144
Ukraine,Ukraine,20 Kozak-7,abandoned,https://i.postimg.cc/nhggtXwt/2011-Kozak-7-aband-14-08-24.jpg,2024-08-18,6838,26615,4,380-6838266154
Ukraine,Soviet Union,202 BMP-2(K),abandoned,https://i.postimg.cc/RhMLQgHJ/2015-bmp2-dam-aband-26-03-24.jpg,2024-04-08,6852,26649,4,380-6852266494
Ukraine,Soviet Union,202 BMP-2(K),abandoned,https://i.postimg.cc/Y93zGKrr/2026-bmp2-dam-aband-19-02-24.jpg,2024-04-08,6852,26650,4,380-6852266504
Ukraine,United States,207 M113,abandoned,https://i.postimg.cc/pTMKS7Mk/2009-M113-A3-dam-aband-04-12-24.jpg,2024-12-12,6861,26689,4,380-6861266894
Ukraine,Soviet Union,208 BMP-2(K),abandoned,https://i.postimg.cc/BnGSDKnp/2008-bmp2-dam-aband-12-05-24.jpg,2024-05-18,6862,26691,4,380-6862266914
Ukraine,United States,21 M1A1 SA Abrams,abandoned,https://i.postimg.cc/9MMxTqFn/2121-M1-A1-SA-Abrams-aband-13-03-25.jpg,2025-03-20,6872,26711,4,380-6872267114
Ukraine,United States,21 M577 command post,abandoned,https://i.postimg.cc/Zq6zLqkx/2231-M577-command-post-dam-aband-28-02-25.jpg,2025-03-20,6873,26713,4,380-6873267134
Ukraine,United States,21 M577 command post,abandoned,https://i.postimg.cc/t4KHPxcg/2232-M577-command-post-dam-aband-28-02-25.jpg,2025-03-20,6873,26714,4,380-6873267144
Ukraine,United States,21 M577 command post,abandoned,https://i.postimg.cc/ydB4pzs4/2241-M577-command-post-dam-aband-28-02-25.jpg,2025-03-20,6873,26715,4,380-6873267154
Ukraine,United States,22 M577 command post,abandoned,https://i.postimg.cc/NjTvX6G5/2077-M577-command-post-dam-aband-01-04-25.jpg,2025-04-08,6910,26786,4,380-6910267864
Ukraine,United States,223 M113,abandoned,https://i.postimg.cc/QCkK8h3q/2010-M113-A3-dam-aband-28-12-24.jpg,2024-12-31,6927,26827,4,380-6927268274
Ukraine,United States,223 M113,abandoned,https://i.postimg.cc/8cVrgsq5/2009-M113-A3-dam-aband-28-12-24.jpg,2024-12-31,6927,26828,4,380-6927268284
Ukraine,United States,228 M113,abandoned,https://i.postimg.cc/fW7qh2WC/2007-M113-dam-aband-26-12-24.jpg,2025-01-07,6939,26849,4,380-6939268494
Ukraine,United States,228 M113,abandoned,https://i.postimg.cc/qqpnRfpH/2013-M113-A3-dam-aband-31-10-24.jpg,2025-01-07,6939,26850,4,380-6939268504
Ukraine,Ukraine,23 Bogdan-2251 ambulance,abandoned,https://i.postimg.cc/vHw23pCv/2109-Bogdan-2251-ambulance-aband-25-02-25.jpg,2025-03-20,6944,26857,4,380-6944268574
Ukraine,United States,234 M113,abandoned,https://i.postimg.cc/fRSwgn54/2002-M113-A3-dam-aband-09-01-25.jpg,2025-01-13,6962,26895,4,380-6962268954
Ukraine,United States,238 International M1224 MaxxPro,abandoned,https://i.postimg.cc/3rnyNmDL/2026-M1224-Maxx-Pro-dam-aband.jpg,2025-04-17,6969,26906,4,380-6969269064
Ukraine,United States,242 M113,abandoned,https://i.postimg.cc/CKxtsn1H/2028-M113-A3-dam-aband-31-12-24.jpg,2025-01-16,6985,26947,4,380-6985269474
Ukraine,United States,248 International M1224 MaxxPro,abandoned,https://i.postimg.cc/d3DwsWNS/2033-M1224-Maxx-Pro-dam-aband-31-03-25.jpg,2025-05-12,6991,26969,4,380-6991269694
Ukraine,Soviet Union,249 BMP-2(K),abandoned,https://i.postimg.cc/KzH3DK2Q/2008-BMP-2-K-dam-aband-04-01-25.jpg,2025-01-07,6992,26971,4,380-6992269714
Ukraine,United States,249 International M1224 MaxxPro,abandoned,https://i.postimg.cc/FR2kkwSB/2040-M1224-Maxx-Pro-dam-aband-12-05-25.jpg,2025-05-15,6993,26972,4,380-6993269724
Ukraine,Soviet Union,25 BRM-1K reconnaissance vehicle,abandoned,https://i.postimg.cc/6ptM7DrQ/4388.png,2022-11-28,2438,26975,4,380-2438269754
Ukraine,United States,250 M113,abandoned,https://i.postimg.cc/7ZFvrZrR/2006-M113-A3-dam-aband-19-01-25.jpg,2025-01-25,7009,27013,4,380-7009270134
Ukraine,United States,250 M113,abandoned,https://i.postimg.cc/xTFDgPxn/2010-M113-A3-dam-aband-21-01-25.jpg,2025-01-25,7009,27014,4,380-7009270144
Ukraine,United States,250 M113,abandoned,https://i.postimg.cc/qqMSxt2N/2014-M113-A3-dam-aband-13-01-25.jpg,2025-01-25,7009,27015,4,380-7009270154
Ukraine,United States,255 International M1224 MaxxPro,abandoned,https://i.postimg.cc/9QBrPrFv/2025-M1224-Maxx-Pro-dam-aband-15-05-25.jpg,2025-05-21,7014,27024,4,380-7014270244
Ukraine,United States,255 International M1224 MaxxPro,abandoned,https://i.postimg.cc/NfmyMNhG/2024-M1224-Maxx-Pro-dam-aband-15-05-25.jpg,2025-05-21,7014,27025,4,380-7014270254
Ukraine,United States,258 M113,abandoned,https://i.postimg.cc/bwG8RDrJ/2011-M113-A3-dam-aband-24-01-25.jpg,2025-01-31,7020,27035,4,380-7020270354
Ukraine,United States,258 M113,abandoned,https://i.postimg.cc/CxW0rhn4/2012-M113-A3-dam-aband-24-01-25.jpg,2025-01-31,7020,27036,4,380-7020270364
Ukraine,United States,258 M113,abandoned,https://i.postimg.cc/tTzHgFSr/2037-M113-A3-dam-aband-31-12-24.jpg,2025-01-31,7020,27037,4,380-7020270374
Ukraine,United States,258 M113,abandoned,https://i.postimg.cc/KcJ2Srgj/2058-M113-A3-dam-aband-28-01-25.jpg,2025-01-31,7020,27038,4,380-7020270384
Ukraine,Ukraine,26 BTR-3,abandoned,https://twitter.com/UAWeapons/status/1572668027933495297,2022-09-22,7023,27048,4,380-7023270484
Ukraine,United Kingdom,26 Mastiff Protected Patrol,abandoned,https://i.postimg.cc/bwh7TR8x/380.png,2023-09-03,7028,27060,4,380-7028270604
Ukraine,Canada,26 Roshel Senator,abandoned,https://i.postimg.cc/MH2RKgwX/2007-Roshel-Senator-MRAP-dam-aband-11-08-24.jpg,2024-08-15,7031,27067,4,380-7031270674
Ukraine,United States,262 M113,abandoned,https://i.postimg.cc/pd5nWZj7/2017-M113-A3-aband-26-01-25.jpg,2025-02-11,7041,27101,4,380-7041271014
Ukraine,United States,262 M113,abandoned,https://i.postimg.cc/CKyxNHSq/2004-M113-A3-dam-aband-04-02-25.jpg,2025-02-11,7041,27102,4,380-7041271024
Ukraine,United States,265 International M1224 MaxxPro,abandoned,https://i.postimg.cc/rpLnTfcz/2004-M1224-Maxx-Pro-dam-aband-26-05-25.jpg,2025-06-12,7045,27112,4,380-7045271124
Ukraine,United States,266 M113,abandoned,https://i.postimg.cc/SQ5GpzMG/2002-M113-A3-aband-02-02-25.jpg,2025-02-12,7047,27117,4,380-7047271174
Ukraine,Ukraine,27 Kozak-7,abandoned,https://i.postimg.cc/qqXbj5zw/2014-Kozak-7-dam-aband-17-08-24.jpg,2024-08-28,7051,27128,4,380-7051271284
Ukraine,Canada,27 Roshel Senator,abandoned,https://i.postimg.cc/pVJwnXyD/2010-Roshel-Senator-MRAP-aband-14-08-24.jpg,2024-08-18,7056,27134,4,380-7056271344
Ukraine,Soviet Union,27 T-80BV,abandoned,https://i.postimg.cc/NM8WrWN5/2004-t80bv-dam-aband.jpg,2022-10-28,7059,27139,4,380-7059271394
Ukraine,United States,271 International M1224 MaxxPro,abandoned,https://i.postimg.cc/L6825kvH/2005-1224-Maxx-Pro-dam-aband-07-06-25.jpg,2025-06-27,7066,27155,4,380-7066271554
Ukraine,United States,271 International M1224 MaxxPro,abandoned,https://i.postimg.cc/MGsYs0Wq/2014-M1224-Maxx-Pro-dam-aband-29-05-25.jpg,2025-06-27,7066,27156,4,380-7066271564
Ukraine,Soviet Union,28 Unknown BMP-1/2,abandoned,https://i.postimg.cc/T1t9wT92/2009-unkn-bmp12-aband-21-09-23.jpg,2023-10-05,7090,27200,4,380-7090272004
Ukraine,United States,288 International M1224 MaxxPro,abandoned,https://i.postimg.cc/Fs2vX3RR/2022-M1224-Maxx-Pro-dam-aband-05-07-25.jpg,2025-08-17,7098,27219,4,380-7098272194
Ukraine,Soviet Union,290 BMP-2(K),abandoned,https://i.postimg.cc/66CmN0kX/2019-BMP-2-K-dam-aband-28-01-24.jpg,2025-05-12,7111,27249,4,380-7111272494
Ukraine,United States,290 International M1224 MaxxPro,abandoned,https://i.postimg.cc/3R6fFp4f/2021-M1224-Maxx-Pro-aband-31-07-25.jpg,2025-08-21,7112,27252,4,380-7112272524
Ukraine,Soviet Union,296 BMP-2(K),abandoned,https://i.postimg.cc/tTWwF6gs/2020-BMP-2-K-dam-aband-31-01-25.jpg,2025-07-02,7118,27274,4,380-7118272744
Ukraine,Germany,3 Bergepanzer 3 armoured recovery vehicle,abandoned,https://i.postimg.cc/RVRJcg5G/2010-Bergepanzer-3-aband-28-12-23.jpg,2024-01-09,7149,27312,4,380-7149273124
Ukraine,United States,3 M1150 Assault Breacher,abandoned,https://i.postimg.cc/L83p7Psy/2008-M1150-Assault-Breacher-Vehicle-dam-aband-15-01-25.jpg,2025-02-12,7185,27359,4,380-7185273594
Ukraine,United States,3 M60 AVLB,abandoned,https://i.postimg.cc/HxfSbLgM/2013-M60-AVLB-aband-09-03-25.jpg,2025-03-24,7188,27362,4,380-7188273624
Ukraine,United States,3 M60 AVLB,abandoned,https://i.postimg.cc/rmdndrvc/2073-M60-AVLB-dam-aband-18-03-25.jpg,2025-03-24,7188,27363,4,380-7188273634
Ukraine,Poland,3 Oncilla,abandoned,https://i.postimg.cc/ZqY1t7BV/2008-Oncilla-dam-aband-07-08-24.jpg,2024-08-12,7198,27372,4,380-7198273724
Ukraine,Soviet Union,3 UR-77 Meteorit,abandoned,https://i.postimg.cc/LsZ5mMJQ/2018-UR-77-Meteorit-mine-clearing-vehicle-dam-aband-09-04-25.jpg,2025-05-12,7228,27407,4,380-7228274074
Ukraine,Soviet Union,3 UR-77 Meteorit,abandoned,https://i.postimg.cc/jjxvW4bt/2011-UR-77-Meteorit-mine-clearing-vehicle-dam-aband-06-05-25.jpg,2025-05-12,7228,27408,4,380-7228274084
Ukraine,Germany,3 Wisent 1 mine-clearing tank,abandoned,https://i.postimg.cc/BZj9FBsT/2091-Wi-SENT-1-mine-clearing-tank-dam-aband-06-02-25.jpg,2025-03-20,7234,27415,4,380-7234274154
Ukraine,United States,300 M113,abandoned,https://i.postimg.cc/HxZRLVfZ/2046-M113-A3-dam-aband-30-03-25.jpg,2025-04-02,7252,27473,4,380-7252274734
Ukraine,United States,305 M113,abandoned,https://i.postimg.cc/KjxmCKzc/2005-M113-A3-aband-31-03-25.jpg,2025-04-07,7253,27477,4,380-7253274774
Ukraine,United States,305 M113,abandoned,https://i.postimg.cc/RVPvbZz9/2065-M113-A3-dam-aband-04-04-25.jpg,2025-04-07,7253,27478,4,380-7253274784
Ukraine,Ukraine,31 BTR-7,abandoned,https://i.postimg.cc/RZjGzgL5/2024-BTR-7-Zakhysnyk-dam-aband-23-08-24.jpg,2025-01-10,7260,27497,4,380-7260274974
Ukraine,Ukraine,31 Kozak-7,abandoned,https://i.postimg.cc/yxbgDWM7/2018-Kozak-7-aband-03-09-24.jpg,2024-09-05,7262,27500,4,380-7262275004
Ukraine,United Kingdom,31 Mastiff Protected Patrol,abandoned,https://i.postimg.cc/xdSkbF9d/2007-Mastiff-dam-aband-26-10-24.jpg,2024-10-30,7266,27507,4,380-7266275074
Ukraine,Soviet Union,31 Unknown BMP-1/2,abandoned,https://i.postimg.cc/pXgB486L/2011-unkn-bmp-dam-aband-15-06-24.jpg,2024-06-16,7270,27514,4,380-7270275144
Ukraine,United States,313 M113,abandoned,https://i.postimg.cc/RhzShfCb/2007-M113-dam-aband-30-10-24.jpg,2025-04-13,7272,27519,4,380-7272275194
Ukraine,United States,319 M113,abandoned,https://i.postimg.cc/k57pX0SR/2030-M113-A3-dam-aband-19-11-24.jpg,2025-04-17,7273,27525,4,380-7273275254
Ukraine,Ukraine,32 BTR-7,abandoned,https://i.postimg.cc/YqRjPWtz/2046-BTR-7-Zakhysnyk-dam-aband-26-01-25.jpg,2025-01-31,7276,27529,4,380-7276275294
Ukraine,United States,32 M577 command post,abandoned,https://i.postimg.cc/cJsmGH05/2000-M577-command-post-aband-02-06-25.jpg,2025-06-27,7280,27538,4,380-7280275384
Ukraine,Germany,32 Marder 1A3,abandoned,https://i.postimg.cc/bvLVX2zX/2001-Marder-1-A3-aband-18-09-24.jpg,2024-09-22,7281,27539,4,380-7281275394
Ukraine,Ukraine,33 BTR-7,abandoned,https://i.postimg.cc/gJMywgYX/2009-BTR-7-Zakhysnyk-dam-aband-31-12-24.jpg,2025-02-16,7290,27557,4,380-7290275574
Ukraine,United States,338 M113,abandoned,https://i.postimg.cc/d3ZjKFFH/2035-M113-A3-dam-aband-18-04-25.jpg,2025-05-12,7301,27586,4,380-7301275864
Ukraine,United States,338 M113,abandoned,https://i.postimg.cc/YST5XsQK/2001-M113-A3-aband-19-03-25.jpg,2025-05-12,7301,27587,4,380-7301275874
Ukraine,Soviet Union,34 UAZ-452 van,abandoned,https://i.postimg.cc/T3K9sgbT/32770.png,2023-09-08,3114,27606,4,380-3114276064
Ukraine,United States,343 M113,abandoned,https://i.postimg.cc/L8XNNDqX/2007-M113-A3-dam-aband-09-05-25.jpg,2025-05-14,7316,27625,4,380-7316276254
Ukraine,Turkey,35 BMC Kirpi,abandoned,https://i.postimg.cc/9X8q8Nrs/2019-BMC-Kirpi-dam-aband-03-09-24.jpg,2024-09-05,7320,27636,4,380-7320276364
Ukraine,Germany,35 Marder 1A3,abandoned,https://i.postimg.cc/zGbTW4H3/2107-CV9040-C-dam-aband-30-09-24.jpg,2024-10-22,7326,27648,4,380-7326276484
Ukraine,United Kingdom,35 Mastiff Protected Patrol,abandoned,https://i.postimg.cc/j2LvhRxY/2019-Mastiff-dam-aband-15-02-25.jpg,2025-02-18,7327,27651,4,380-7327276514
Ukraine,United States,352 M113,abandoned,https://i.postimg.cc/RVxXhCvX/2007-M113-A3-dam-aband-23-05-25.jpg,2025-05-27,7333,27663,4,380-7333276634
Ukraine,Soviet Union,36D6 'Tin Shield',abandoned,https://i.postimg.cc/Yqssmzzz/5549.png,2022-03-30,7353,27716,4,380-7353277164
Ukraine,United States,372 M113,abandoned,https://i.postimg.cc/bJTmjXHc/2041-M113-A3-dam-aband-15-06-25.jpg,2025-06-27,7368,27757,4,380-7368277574
Ukraine,United States,372 M113,abandoned,https://i.postimg.cc/nrbwjgKr/2000-M113-A3-dam-aband-29-05-25.jpg,2025-06-27,7368,27758,4,380-7368277584
Ukraine,United States,374 M113,abandoned,https://i.postimg.cc/NFy6K9Vr/2005-M113-A3-dam-aband-15-06-25.jpg,2025-07-01,7369,27760,4,380-7369277604
Ukraine,Turkey,38 BMC Kirpi,abandoned,https://i.postimg.cc/6p3Pfk9W/2017-BMC-Kirpi-dam-aband-15-09-24.jpg,2024-09-19,7372,27767,4,380-7372277674
Ukraine,Soviet Union,38 BRM-1(K) reconnaissance vehicle,abandoned,https://i.postimg.cc/0NKFHnSc/2016-BRM-1-K-aband-16-06-23.jpg,2023-07-14,3338,27768,4,380-3338277684
Ukraine,United States,38 M113,abandoned,https://i.postimg.cc/SKwJVDXw/2009-M113-dam-aband-06-07-23.jpg,2023-07-09,7376,27774,4,380-7376277744
Ukraine,Germany,39 Marder 1A3,abandoned,https://i.postimg.cc/FR4Z0W6N/2003-Marder-1-A3-dam-aband-19-03-25.jpg,2025-03-27,7391,27805,4,380-7391278054
Ukraine,United States,4 M1117,abandoned,https://i.postimg.cc/hGyWpPL2/2005-M1117-Guardian-aband-16-01-25.jpg,2025-02-18,7440,27876,4,380-7440278764
Ukraine,United States,4 M1A1 SA Abrams,abandoned,https://i.postimg.cc/6qBsx69d/2013-m1a1-abrams-dam-aband-03-03-24.jpg,2024-04-08,7446,27883,4,380-7446278834
Ukraine,United States,4 M1A1 SA Abrams,abandoned,https://i.postimg.cc/XNGrS7tY/2014-abrams-dam-aband-05-03-24.jpg,2024-04-08,7446,27884,4,380-7446278844
Ukraine,France,4 VAB APC,abandoned,https://i.postimg.cc/W4JcyFzv/2000-2x-vab-apc-dam-aban.jpg,2022-10-10,7475,27924,4,380-7475279244
Ukraine,Turkey,40 BMC Kirpi,abandoned,https://i.postimg.cc/0yFTSK88/2005-BMC-Kirpi-dam-aband-27-09-24.jpg,2024-10-02,7480,27930,4,380-7480279304
Ukraine,Germany,40 Marder 1A3,abandoned,https://i.postimg.cc/vm6dk7kY/2051-Marder-1-A3-aband-06-02-25.jpg,2025-04-02,7481,27932,4,380-7481279324
Ukraine,United States,41 M113,abandoned,https://i.postimg.cc/W3WkFtF8/2005-M113-A3-dam-aband-12-07-23.jpg,2023-07-14,7490,27948,4,380-7490279484
Ukraine,United States,41 M113,abandoned,https://i.postimg.cc/kgfLrHnR/2020-M113-A3-dam-aband-13-07-23.jpg,2023-07-14,7490,27949,4,380-7490279494
Ukraine,Canada,41 Roshel Senator IMV,abandoned,https://i.postimg.cc/Y9kBpmqt/2028-Roshel-Senator-APC-dam-aband-16-06-25.jpg,2025-07-27,7492,27952,4,380-7492279524
Ukraine,Canada,42 Roshel Senator IMV,abandoned,https://i.postimg.cc/zGYRRr5r/2025-Roshel-Senator-APC-dam-aband-30-06-25.jpg,2025-08-14,7499,27962,4,380-7499279624
Ukraine,United States,42 Unknown HMMWV variant,abandoned,https://i.postimg.cc/pL4TcyKL/2036-HMMWV-aband-19-03-25.jpg,2025-03-27,7502,27971,4,380-7502279714
Ukraine,Ukraine,43 Kozak-7,abandoned,https://i.postimg.cc/Kcqtn5yn/2003-Kozak-7-dam-aband-27-09-24.jpg,2024-10-02,7505,27981,4,380-7505279814
Ukraine,Ukraine,43 Kozak-7,abandoned,https://i.postimg.cc/RhDf4vTP/2004-Kozak-7-dam-aband-27-09-24.jpg,2024-10-02,7505,27982,4,380-7505279824
Ukraine,Soviet Union,44 BMP-2(K),abandoned,https://twitter.com/UAWeapons/status/1572668027933495297,2022-09-22,7510,27048,4,380-7510270484
Ukraine,Soviet Union,45 Unknown BMP-1/2,abandoned,https://i.postimg.cc/XNBCGdBt/2025-BMP-1-or-2-aband-30-06-25.jpg,2025-07-12,7528,28022,4,380-7528280224
Ukraine,United States,45 Unknown HMMWV variant,abandoned,https://i.postimg.cc/ZKy44tNk/2072-1151-HMMWV-aband-04-03-25.jpg,2025-04-08,7529,28023,4,380-7529280234
Ukraine,Canada,47 Roshel Senator MRAP,abandoned,https://i.postimg.cc/CLx9zcWt/2012-Roshel-Senator-MRAP-aband-15-01-25.jpg,2025-01-19,7545,28044,4,380-7545280444
Ukraine,Germany,5 Bergepanzer 2 armoured recovery vehicle,abandoned,https://i.postimg.cc/W4Vnm6jc/2009-Bergepanzer-2-armoured-recovery-vehicle-aband-30-04-25.jpg,2025-05-12,7574,28088,4,380-7574280884
Ukraine,United States,5 International M1224 MaxxPro,abandoned,https://i.postimg.cc/d0rJ5LYt/56.png,2022-12-13,7584,28100,4,380-7584281004
Ukraine,Poland,5 Oncilla,abandoned,https://i.postimg.cc/LX2fcLmQ/2011-Oncilla-dam-aband-04-11-24.jpg,2024-12-16,7600,28122,4,380-7600281224
Ukraine,Sweden,5 Pbv 302,abandoned,https://i.postimg.cc/FKLPWMJV/2124-Pbv-302-aband-13-03-25.jpg,2025-03-20,7602,28124,4,380-7602281244
Ukraine,Ukraine,50 KrAZ-5233,abandoned,https://i.postimg.cc/SQXzX1yB/2022-Kr-AZ-5233-aband-26-04-25.jpg,2025-05-12,7623,28154,4,380-7623281544
Ukraine,Ukraine,54 Kozak-7,abandoned,https://i.postimg.cc/vmxKLq3t/2012-Kozak-7-aband-24-10-24.jpg,2024-10-27,7646,28194,4,380-7646281944
Ukraine,Ukraine,54 Kozak-7,abandoned,https://i.postimg.cc/ydqbfmG4/2013-Kozak-7-dam-aband-24-10-24.jpg,2024-10-27,7646,28195,4,380-7646281954
Ukraine,Canada,55 Roshel Senator MRAP,abandoned,https://i.postimg.cc/c4F70PNm/2002-Roshel-Senator-MRAP-aband-21-02-25.jpg,2025-02-27,7653,28207,4,380-7653282074
Ukraine,Turkey,56 BMC Kirpi,abandoned,https://i.postimg.cc/SNC0kkF2/2008-BMC-Kirpi-aband-10-09-24.jpg,2024-11-14,7656,28214,4,380-7656282144
Ukraine,Turkey,57 BMC Kirpi,abandoned,https://i.postimg.cc/0jZJtN6S/2017-BMC-Kirpi-dam-aband-12-11-24.jpg,2024-11-27,7661,28226,4,380-7661282264
Ukraine,Ukraine,57 Kozak-7,abandoned,https://i.postimg.cc/PrhGRgdH/2000-Kozak-7-dam-aband-26-10-24.jpg,2024-10-30,7664,28230,4,380-7664282304
Ukraine,Ukraine,57 Kozak-7,abandoned,https://i.postimg.cc/tC50QBgx/2002-Kozak-7-dam-aband-26-10-24.jpg,2024-10-30,7664,28231,4,380-7664282314
Ukraine,United States,57 M113,abandoned,https://i.postimg.cc/X79T6mrJ/224.png,2023-09-10,7665,28232,4,380-7665282324
Ukraine,Ukraine,58 BTR-4,abandoned,https://i.postimg.cc/0NvPrWY5/2001-btr-4-dam-aband.jpg,2022-10-29,7670,28249,4,380-7670282494
Ukraine,United States,58 M113,abandoned,https://i.postimg.cc/8kFsM9j7/2007-M113-A3-aband-02-09-23.jpg,2023-10-06,7671,28250,4,380-7671282504
Ukraine,Soviet Union,5N66M 'Clam Shell' on 40V6M mast (for S-300PT),abandoned,https://i.postimg.cc/gJ5dSnjH/1013-5-N66-M-Clam-Shell-on-40-V6-M-mast-for-S-300-PT-aband-24-02-22.jpg,2023-01-15,7682,28276,4,380-7682282764
Ukraine,Soviet Union,5P85S (launcher for S-300PS),abandoned,https://i.postimg.cc/nc1PvhZ1/411.png,2022-03-19,7687,28332,4,380-7687283324
Ukraine,United Kingdom,6 105mm L119 howitzer,abandoned,https://i.postimg.cc/k5JSmtVx/2003-105mm-L119-light-gun-dam-aband-14-01-25.jpg,2025-01-19,7688,28348,4,380-7688283484
Ukraine,Soviet Union,6 BTS-4 armoured recovery vehicle,abandoned,https://i.postimg.cc/nhNsV8vJ/2004-T72amt-and-BTS4-dam-aband-15-06-23.jpg,2023-06-16,7700,28362,4,380-7700283624
Ukraine,Ukraine,6 Cougar H,abandoned,https://i.postimg.cc/QdHwPQmb/2013-Cougar-H-dam-aband-13-08-24.jpg,2024-08-18,7704,28366,4,380-7704283664
Ukraine,Germany,6 FFG APC,abandoned,https://i.postimg.cc/4NQwFBK2/2031-FFG-APC-MRAP-dam-aband-08-12-24.jpg,2025-01-31,7705,28367,4,380-7705283674
Ukraine,Germany,6 Leopard 1A5,abandoned,https://i.postimg.cc/66h3Nnfx/2044-Leopard-1-A5-dam-aband-08-11-24.jpg,2024-11-11,7713,28375,4,380-7713283754
Ukraine,Australia,6 M113AS4,abandoned,https://i.postimg.cc/Jhz92jRs/2023-M113-AS4-dam-aband-30-09-24.jpg,2024-10-06,7718,28383,4,380-7718283834
Ukraine,United States,6 M1A1 SA Abrams,abandoned,https://i.postimg.cc/ZKQ56YnG/2011-M1-A1-SA-Abrams-dam-aband-04-05-24.jpg,2024-05-09,7720,28387,4,380-7720283874
Ukraine,United States,6 M577 command post,abandoned,https://i.postimg.cc/j5McKj2G/2008-M577-command-post-dam-aband-26-11-24.jpg,2024-12-03,7721,28388,4,380-7721283884
Ukraine,United States,60 M113,abandoned,https://i.postimg.cc/bN8zMDNZ/2002-M113-A3-aband-08-10-23.jpg,2023-10-19,7743,28419,4,380-7743284194
Ukraine,Canada,61 Roshel Senator MRAP,abandoned,https://i.postimg.cc/sDtKQVX9/2090-Roshel-Senator-MRAP-dam-aband-27-02-25.jpg,2025-03-20,7752,28437,4,380-7752284374
Ukraine,United States,62 M113,abandoned,https://i.postimg.cc/MHLmR61X/2001-BTR4-destr-m113-ypr-and-leo2a4-dam-aband-01-11-23.jpg,2023-11-06,7757,28444,4,380-7757284444
Ukraine,Soviet Union,64 BRM-1(K) reconnaissance vehicle,abandoned,https://i.postimg.cc/CxdzYNm9/2019-BRM-1-K-reconnaissance-vehicle-dam-aband-31-05-25.jpg,2025-06-01,7768,28466,4,380-7768284664
Ukraine,Canada,64 Roshel Senator MRAP,abandoned,https://i.postimg.cc/L8kB2BXW/2018-Roshel-Senator-MRAP-dam-aband-20-03-25.jpg,2025-03-27,7771,28473,4,380-7771284734
Ukraine,Turkey,65 BMC Kirpi,abandoned,https://i.postimg.cc/kgD6MjP6/2009-BMC-Kirpi-aband-15-01-25.jpg,2025-02-12,7773,28477,4,380-7773284774
Ukraine,Ukraine,66 Kozak-7,abandoned,https://i.postimg.cc/JhFbjYvy/2014-Kozak-7-aband-11-11-24.jpg,2024-11-17,7783,28488,4,380-7783284884
Ukraine,Ukraine,66 Kozak-7,abandoned,https://i.postimg.cc/50F8gqWs/2016-Kozak-7-dam-aband-11-11-24.jpg,2024-11-17,7783,28489,4,380-7783284894
Ukraine,United States,66 M113,abandoned,https://i.postimg.cc/C1G2yGWY/2000-m113-dam-aband-21-10-23.jpg,2023-11-27,7784,28490,4,380-7784284904
Ukraine,United States,68 M113,abandoned,https://twitter.com/Danspiun/status/1732002153722425499,2023-12-08,7798,28512,4,380-7798285124
Ukraine,Ukraine,69 BTR-4,abandoned,https://i.postimg.cc/4x8c3fzS/2005-btr4-dam-aband-24-01-23.jpg,2023-01-30,7802,28519,4,380-7802285194
Ukraine,Poland,7 BWP-1,abandoned,https://i.postimg.cc/ncSGLVhy/2003-BWP-1-dam-aband-04-09-24.jpg,2024-09-09,7817,28537,4,380-7817285374
Ukraine,Poland,7 BWP-1,abandoned,https://i.postimg.cc/W409S3zZ/2004-BWP-1-dam-aband-14-12-24.jpg,2024-12-23,7817,28538,4,380-7817285384
Ukraine,United Kingdom,7 Husky Tactical Support Vehicle,abandoned,https://i.postimg.cc/0y45Dr4N/3329.png,2022-10-10,7826,28549,4,380-7826285494
Ukraine,Poland,7 PT-91 Twardy,abandoned,https://i.postimg.cc/0jdCvPRY/2004-PT-91-Twardy-dam-aband-26-02-24.jpg,2024-04-08,7842,28566,4,380-7842285664
Ukraine,Poland,7 PT-91 Twardy,abandoned,https://i.postimg.cc/mkGSKhqZ/2005-PT-91-Twardy-dam-aband-26-02-24.jpg,2024-04-08,7842,28567,4,380-7842285674
Ukraine,Germany,7 Wisent 1 mine-clearing tank,abandoned,https://i.postimg.cc/0jGvnyPr/2001-Wi-SENT-1-mine-clearing-tank-dam-aband-18-03-25.jpg,2025-03-27,7853,28582,4,380-7853285824
Ukraine,Soviet Union,70 BMP-2(K),abandoned,https://i.postimg.cc/Gp3gfZtf/478.png,2022-11-28,7856,28589,4,380-7856285894
Ukraine,Soviet Union,70 BMP-2(K),abandoned,https://i.postimg.cc/15Hpd4F9/487.png,2022-11-28,7856,28590,4,380-7856285904
Ukraine,Ukraine,70 Kozak-7,abandoned,https://i.postimg.cc/wMtdrfMk/2018-Kozak-7-aband-24-10-24.jpg,2024-11-27,7857,28591,4,380-7857285914
Ukraine,Ukraine,71 BTR-4,abandoned,https://i.postimg.cc/8CGgYTgq/2004-BTR4-dam-aband-31-01-23.jpg,2023-02-05,7864,28605,4,380-7864286054
Ukraine,Poland,73 T-72M/M1(R),abandoned,https://i.postimg.cc/R0vzzmyY/2011-T72m1-dam-aband-22-01-24.jpg,2024-01-24,7881,28629,4,380-7881286294
Ukraine,Ukraine,74 BTR-4,abandoned,https://i.postimg.cc/YqMWJx5J/2020-btr4-aband-16-12-22.jpg,2023-02-13,7884,28639,4,380-7884286394
Ukraine,Turkey,75 BMC Kirpi,abandoned,https://i.postimg.cc/xqrjHkBS/2127-BMC-Kirpi-dam-aband-11-03-25.jpg,2025-03-20,7891,28659,4,380-7891286594
Ukraine,Turkey,76 BMC Kirpi,abandoned,https://i.postimg.cc/T3hr29r7/2064-BMC-Kirpi-aband-21-03-25.jpg,2025-03-24,7899,28669,4,380-7899286694
Ukraine,Ukraine,76 Kozak-7,abandoned,https://i.postimg.cc/kMYgX9GS/2056-Kozak-7-aband-25-10-24.jpg,2024-12-09,7903,28687,4,380-7903286874
Ukraine,Ukraine,76 Kozak-7,abandoned,https://i.postimg.cc/15g58TVj/2057-Kozak-7-aband-25-10-24.jpg,2024-12-09,7903,28688,4,380-7903286884
Ukraine,United States,8 M1117 Guardian,abandoned,https://i.postimg.cc/PrMLwHdv/2108-M1117-Guardian-dam-aband-18-02-25.jpg,2025-03-20,7940,28750,4,380-7940287504
Ukraine,United States,8 M1A1 SA Abrams,abandoned,https://i.postimg.cc/HLMD60Qz/2018-M1-A1-SA-Abrams-dam-aband-11-05-24.jpg,2024-05-15,7944,28754,4,380-7944287544
Ukraine,Ukraine,8 Novator 2,abandoned,https://i.postimg.cc/Fz8rbGJF/2007-Novator-2-dam-aband-27-07-25.jpg,2025-08-14,7948,28759,4,380-7948287594
Ukraine,Poland,8 PT-91 Twardy,abandoned,https://i.postimg.cc/mZnkySPh/2008-PT-91-Twardy-dam-aband-26-12-23.jpg,2024-06-16,7949,28760,4,380-7949287604
Ukraine,Ukraine,8 UAT-D Gyurza,abandoned,https://i.postimg.cc/d1ZJqFST/2015-UAT-D-Gyurza-dam-aband-05-01-25.jpg,2025-01-22,7954,28766,4,380-7954287664
Ukraine,Germany,8 Wisent 1 mine-clearing tank,abandoned,https://i.postimg.cc/nV6p7PZY/2009-Wi-SENT-1-mine-clearing-tank-aband-03-04-25.jpg,2025-04-07,7958,28771,4,380-7958287714
Ukraine,United States,80 International M1224 MaxxPro,abandoned,https://i.postimg.cc/YSqjNz6b/2012-M1224-Maxx-Pro-dam-aband-16-01-24.jpg,2024-01-21,7963,28784,4,380-7963287844
Ukraine,United States,81 M113,abandoned,https://i.postimg.cc/t4DWhGBF/2009-M113-A3-dam-aband-22-02-24.jpg,2024-02-26,7971,28798,4,380-7971287984
Ukraine,United States,81 M113,abandoned,https://i.postimg.cc/3wRp1fqV/2010-M113-A3-dam-aband-22-02-24.jpg,2024-02-26,7971,28799,4,380-7971287994
Ukraine,Ukraine,82 BTR-4,abandoned,https://i.postimg.cc/x1sPCS4H/2012-btr4-1x-destr-1x-dam-aband-m113-destr-01-08-23.jpg,2023-08-04,7979,28813,4,380-7979288134
Ukraine,Poland,83 T-72M/M1(R),abandoned,https://i.postimg.cc/D0gLrgdV/2028-t72m-dam-aband-31-08-23.jpg,2024-04-08,7987,28830,4,380-7987288304
Ukraine,Ukraine,84 Kozak-7,abandoned,https://i.postimg.cc/yNmcg3pD/2008-Kozak-7-dam-aband-30-09-24.jpg,2024-12-23,7993,28843,4,380-7993288434
Ukraine,Ukraine,84 Kozak-7,abandoned,https://i.postimg.cc/vHCV0tp1/2044-Kozak-7-dam-aband-19-12-24.jpg,2024-12-23,7993,28844,4,380-7993288444
Ukraine,Canada,85 Roshel Senator MRAP,abandoned,https://i.postimg.cc/J7dtqnZZ/2027-Roshel-Senator-MRAP-dam-aband-04-07-25.jpg,2025-07-12,8003,28866,4,380-8003288664
Ukraine,Poland,85 T-72M/M1(R),abandoned,https://i.postimg.cc/1XVP0Lhx/2019-t72m-dam-aband-08-06-23.jpg,2024-05-31,8004,28868,4,380-8004288684
Ukraine,United States,86 International M1224 MaxxPro,abandoned,https://i.postimg.cc/tRf02m6C/2016-Maxx-Pro-dam-aband-09-05-24.jpg,2024-05-12,8011,28884,4,380-8011288844
Ukraine,Soviet Union,87 BMP-1(P),abandoned,https://i.postimg.cc/K8C4kkjf/6h0.png,2022-08-08,8018,28897,4,380-8018288974
Ukraine,Ukraine,87 BTR-4,abandoned,https://i.postimg.cc/FFpGGx4t/2010-btr4e-aband-08-08-23.jpg,2023-10-05,8019,28899,4,380-8019288994
Ukraine,United States,9 FMTV M1083A1P2,abandoned,https://i.postimg.cc/52rdB2gp/2000-Oshkosh-FMTV-M1083-A1-P2-dam-aband-24-07-23.jpg,2023-07-25,8052,28949,4,380-8052289494
Ukraine,United States,9 M113A3 armored personnel carrier,abandoned,https://twitter.com/UAWeapons/status/1581277782163668992,2022-10-16,8058,28957,4,380-8058289574
Ukraine,United States,9 M577 command post,abandoned,https://i.postimg.cc/x8SmGHR6/2021-M577-command-post-dam-aband-06-01-25.jpg,2025-01-16,8061,28961,4,380-8061289614
Ukraine,Canada,9 Roshel Senator,abandoned,https://i.postimg.cc/xdNLkYV3/2001-Roshel-Senator-dam-aband-16-11-23.jpg,2023-11-20,8070,28972,4,380-8070289724
Ukraine,Ukraine,90 T-64BV Zr. 2017,abandoned,https://i.postimg.cc/TwqwjxCt/2018-t64bv-2017-dam-aband-02-01-24.jpg,2024-01-19,8081,28996,4,380-8081289964
Ukraine,Ukraine,92 Kozak-7,abandoned,https://i.postimg.cc/Nfh9P1Kq/2009-Kozak-7-dam-aband-21-01-25.jpg,2025-01-25,8098,29023,4,380-8098290234
Ukraine,Ukraine,93 Kozak-7,abandoned,https://i.postimg.cc/c4VTP4wD/2052-Kozak-7-aband-27-01-25.jpg,2025-01-31,8106,29035,4,380-8106290354
Ukraine,United States,94 M113,abandoned,https://i.postimg.cc/g232pjp7/2017-M113-A3-dam-aband-07-11-23.jpg,2024-04-08,8116,29065,4,380-8116290654
Ukraine,United States,94 M113,abandoned,https://i.postimg.cc/433Jvscc/2007-M113-A3-aband-04-03-24.jpg,2024-04-08,8116,29066,4,380-8116290664
Ukraine,United States,94 M113,abandoned,https://i.postimg.cc/QCKF5csj/2027-M113-A3-dam-aband-17-02-24.jpg,2024-04-08,8116,29067,4,380-8116290674
Ukraine,United States,94 M113,abandoned,https://i.postimg.cc/JncPNHqW/2015-M113-A3-dam-aband-30-03-24.jpg,2024-04-08,8116,29068,4,380-8116290684
Ukraine,Ukraine,95 BTR-4,abandoned,https://i.postimg.cc/13jcQ0nG/2012-btr4-dam-aband-12-04-24.jpg,2024-04-17,8122,29078,4,380-8122290784
Ukraine,Soviet Union,96 GAZ-66,abandoned,https://i.postimg.cc/wj9wSs48/2015-GAZ-66-dam-aband-09-07-23.jpg,2023-07-14,8133,29102,4,380-8133291024
Ukraine,United States,96 M113,abandoned,https://i.postimg.cc/3N4LcmvH/2019-M113-A3-dam-aband-11-04-24.jpg,2024-04-14,8137,29108,4,380-8137291084
Ukraine,United States,98 M113,abandoned,https://i.postimg.cc/D0gFC19V/2014-M113-A3-dam-aband-17-04-24.jpg,2024-04-21,8158,29144,4,380-8158291444
Ukraine,Ukraine,98 T-64BV Zr. 2017,abandoned,https://i.postimg.cc/0yr7WpQd/2019-t64bv2017-dam-aband-12-03-24.jpg,2024-04-08,8160,29150,4,380-8160291504
Ukraine,Ukraine,98 T-64BV Zr. 2017,abandoned,https://i.postimg.cc/PJmxWXfq/2017-T-64-BV-Zr-2017-dam-aband-15-03-24.jpg,2024-04-08,8160,29151,4,380-8160291514
Ukraine,Ukraine,98 T-64BV Zr. 2017,abandoned,https://i.postimg.cc/BvrhD5p2/2002-T-64-BV-Zr2017-aband-27-07-23.jpg,2024-04-08,8160,29152,4,380-8160291524
Ukraine,Soviet Union,99 BTR-80,abandoned,https://i.postimg.cc/DwCc5jVn/5558.png,2023-04-12,8163,29156,4,380-8163291564
Ukraine,Soviet Union,9K35 Strela-10,abandoned,https://i.postimg.cc/B61Rm1DR/b8.png,2022-03-19,5468,29221,4,380-5468292214
Ukraine,France,AMX-10 RC(R),abandoned,https://i.postimg.cc/W3pK4DzB/99701.png,2023-06-10,8175,29424,4,380-8175294244
Ukraine,France,AMX-10 RC(R),abandoned,https://i.postimg.cc/hjf04Lkh/2005-AMX-10-RC-aband-04-06-23.jpg,2023-06-23,8175,29425,4,380-8175294254
Ukraine,Germany,ATF Dingo,abandoned,https://i.postimg.cc/nzw864PR/30.png,2023-04-18,8186,29511,4,380-8186295114
Ukraine,Germany,ATF Dingo,abandoned,https://i.postimg.cc/TPHHSbrb/2002-ATF-Dingo-dam-aband-05-05-23.jpg,2023-05-10,8186,29514,4,380-8186295144
Ukraine,Turkey,BMC Kirpi,abandoned,https://i.postimg.cc/N0gbF1Tz/2003-bmc-kirpi-dam-aband-02-08-23.jpg,2023-08-04,8195,29592,4,380-8195295924
Ukraine,Turkey,BMC Kirpi,abandoned,https://i.postimg.cc/t49FQNRd/2016-BMC-Kirpi-dam-aband-16-08-23.jpg,2023-08-21,8195,29595,4,380-8195295954
Ukraine,Turkey,BMC Kirpi,abandoned,https://i.postimg.cc/KjhY9gXB/32e2.png,2023-08-30,8195,29596,4,380-8195295964
Ukraine,Soviet Union,BMP-1(P),abandoned,https://i.postimg.cc/vmNpXbHQ/gg2.png,2022-03-19,5500,29626,4,380-5500296264
Ukraine,Soviet Union,BMP-1(P),abandoned,https://i.postimg.cc/nzYYjDN8/Screenshot-8035.png,2022-03-19,5500,29627,4,380-5500296274
Ukraine,Soviet Union,BMP-1(P),abandoned,https://i.postimg.cc/8cZRwV1t/Screenshot-8037.png,2022-03-19,5500,29628,4,380-5500296284
Ukraine,Soviet Union,BMP-1(P),abandoned,https://i.postimg.cc/vTY7Wmd4/Screenshot-8038.png,2022-03-19,5500,29629,4,380-5500296294
Ukraine,Soviet Union,BMP-1(P),abandoned,https://i.postimg.cc/TYfDBCPr/577.png,2022-03-19,5500,29630,4,380-5500296304
Ukraine,Soviet Union,BMP-1(P),abandoned,https://i.postimg.cc/sgxvL5xm/689.png,2022-03-19,5500,29631,4,380-5500296314
Ukraine,Soviet Union,BMP-1(P),abandoned,https://i.postimg.cc/9Ff2bthD/a1.png,2022-06-26,5500,29682,4,380-5500296824
Ukraine,Soviet Union,BMP-1(P),abandoned,https://i.postimg.cc/JntgJKJ8/a2.png,2022-06-26,5500,29683,4,380-5500296834
Ukraine,Soviet Union,BMP-1(P),abandoned,https://i.postimg.cc/3rs64XwM/a3.png,2022-06-26,5500,29684,4,380-5500296844
Ukraine,Soviet Union,BMP-1(P),abandoned,https://twitter.com/UAWeapons/status/1568241700921016320,2022-09-10,5500,24639,4,380-5500246394
Ukraine,Soviet Union,BMP-1(P),abandoned,https://twitter.com/UAWeapons/status/1574132894846648320,2022-09-27,5500,25619,4,380-5500256194
Ukraine,Soviet Union,BMP-1(P),abandoned,https://twitter.com/UAWeapons/status/1576654743560388608,2022-10-04,5500,29729,4,380-5500297294
Ukraine,Soviet Union,BMP-1(P),abandoned,https://i.postimg.cc/Mp9mnXZs/76300.png,2022-11-28,5500,29795,4,380-5500297954
Ukraine,Soviet Union,BMP-1(P),abandoned,https://i.postimg.cc/zfgSHYVG/2011-bmp1-aband-09-10-22.jpg,2023-01-01,5500,29840,4,380-5500298404
Ukraine,Soviet Union,BMP-1(P),abandoned,https://i.postimg.cc/y8tvjXh0/2004-bmp1-destr-and-bmp1-dam-aband-26-01-23.jpg,2023-01-30,5500,29854,4,380-5500298544
Ukraine,Soviet Union,BMP-1(P),abandoned,https://twitter.com/UAWeapons/status/1632676484396531719,2023-03-07,5500,29867,4,380-5500298674
Ukraine,Soviet Union,BMP-1(P),abandoned,https://twitter.com/UAWeapons/status/1653828968628224000,2023-05-05,5500,29513,4,380-5500295134
Ukraine,Soviet Union,BMP-1(P),abandoned,https://i.postimg.cc/QMv683VY/2025-bmp1-aband-25-01-23.jpg,2023-05-10,5500,29900,4,380-5500299004
Ukraine,Soviet Union,BMP-1(P),abandoned,https://i.postimg.cc/3ww3rKTR/2002-bmp1-aband-24-02-22.jpg,2023-05-17,5500,29902,4,380-5500299024
Ukraine,Soviet Union,BMP-1(P),abandoned,https://i.postimg.cc/s2tLsJfX/2005-bmp1-dam-aband-15-06-23.jpg,2023-06-16,5500,29911,4,380-5500299114
Ukraine,Soviet Union,BMP-1(P),abandoned,https://i.postimg.cc/6qDfqkzv/2024-bmp1-dam-aband-10-07-23.jpg,2023-07-14,5500,29927,4,380-5500299274
Ukraine,Soviet Union,BMP-1(P),abandoned,https://i.postimg.cc/W31cZZqJ/2043-bmp1-dam-aband-22-07-23.jpg,2023-07-24,5500,29933,4,380-5500299334
Ukraine,Soviet Union,BMP-1(P),abandoned,https://twitter.com/UAWeapons/status/1684556026065068032,2023-07-28,5500,29936,4,380-5500299364
Ukraine,Soviet Union,BMP-1(P),abandoned,https://i.postimg.cc/Dwg5VCDk/43j.png,2023-09-10,5500,29977,4,380-5500299774
Ukraine,Soviet Union,BMP-1(P),abandoned,https://i.postimg.cc/x1z6373g/2015-bmp1-dam-aband-06-11-23.jpg,2023-11-27,5500,29993,4,380-5500299934
Ukraine,Soviet Union,BMP-1(P),abandoned,https://i.postimg.cc/kGGc3yCB/2002-bmp1-aband-13-06-24.jpg,2024-06-16,5500,30053,4,380-5500300534
Ukraine,Soviet Union,BMP-1(P),abandoned,https://i.postimg.cc/HkLZ3c57/2003-BMP-1-P-dam-aband-25-07-24.jpg,2024-07-30,5500,30060,4,380-5500300604
Ukraine,Soviet Union,BMP-1(P),abandoned,https://i.postimg.cc/yd9s8ws7/2015-BMP-1-P-aband-11-11-24.jpg,2024-11-17,5500,30084,4,380-5500300844
Ukraine,Soviet Union,BMP-1(P),abandoned,https://i.postimg.cc/HWMBcTJ1/2020-BMP-1-P-aband-02-11-24.jpg,2024-12-03,5500,30090,4,380-5500300904
Ukraine,Soviet Union,BMP-1(P),abandoned,https://i.postimg.cc/rmcfHkRP/2019-BMP-1-P-dam-aband-16-12-24.jpg,2024-12-23,5500,30100,4,380-5500301004
Ukraine,Soviet Union,BMP-1(P),abandoned,https://i.postimg.cc/bYkPX508/2021-BMP-1-P-dam-aband-26-01-24.jpg,2025-01-10,5500,30114,4,380-5500301144
Ukraine,Soviet Union,BMP-1(P),abandoned,https://i.postimg.cc/mkYWQcZh/2022-BMP-1-P-dam-aband-26-01-24.jpg,2025-01-10,5500,30115,4,380-5500301154
Ukraine,Soviet Union,BMP-1(P),abandoned,https://i.postimg.cc/yxPrw507/2029-BMP-1-P-aband-31-12-24.jpg,2025-02-21,5500,30146,4,380-5500301464
Ukraine,Soviet Union,BMP-1(P),abandoned,https://i.postimg.cc/wvkn2CSb/2122-BMP-1-P-aband-13-03-25.jpg,2025-03-20,5500,30158,4,380-5500301584
Ukraine,Ukraine,BMP-1TS,abandoned,https://i.postimg.cc/ht9Kz8P4/2012-BMP-1-TS-dam-aband-23-09-24.jpg,2024-09-29,8202,30222,4,380-8202302224
Ukraine,Ukraine,BMP-1TS 'Spys',abandoned,https://i.postimg.cc/DZF8Gy9t/2030-BMP-1-TS-Spys-dam-aband-04-11-24.jpg,2025-01-07,8203,30228,4,380-8203302284
Ukraine,Ukraine,BMP-1TS 'Spys',abandoned,https://i.postimg.cc/2yHX31DG/2007-BMP-1-TS-Spys-dam-aband-31-03-25.jpg,2025-05-12,8203,30235,4,380-8203302354
Ukraine,Ukraine,BMP-1TS 'Spys',abandoned,https://i.postimg.cc/RZyfp0gD/2023-BMP-1-TS-Spys-dam-aband-08-05-25.jpg,2025-05-18,8203,30237,4,380-8203302374
Ukraine,Ukraine,BMP-1TS 'Spys',abandoned,https://i.postimg.cc/fbddGhFT/2022-BMP-1-TS-Spys-dam-aband-08-05-25.jpg,2025-05-18,8203,30238,4,380-8203302384
Ukraine,Ukraine,BMP-1TS 'Spys',abandoned,https://i.postimg.cc/htPt5SQP/2014-BMP-1-TS-Spys-dam-aband-27-03-25.jpg,2025-08-17,8203,30248,4,380-8203302484
Ukraine,Soviet Union,BMP-2,abandoned,https://i.postimg.cc/xT3v6qKT/4470.png,2022-03-19,5504,30253,4,380-5504302534
Ukraine,Soviet Union,BRDM-2,abandoned,https://i.postimg.cc/TYfDBCPr/577.png,2022-03-19,5513,29630,4,380-5513296304
Ukraine,Soviet Union,BRDM-2,abandoned,https://i.postimg.cc/zGQd8V3S/4437.png,2022-03-19,5513,30287,4,380-5513302874
Ukraine,Soviet Union,BRDM-2,abandoned,https://i.postimg.cc/KYF1K5KZ/5547.png,2022-03-19,5513,30288,4,380-5513302884
Ukraine,Soviet Union,BRDM-2,abandoned,https://i.postimg.cc/x1Pz37Vk/5577.png,2022-03-19,5513,30289,4,380-5513302894
Ukraine,Soviet Union,BRDM-2,abandoned,https://i.postimg.cc/x1q26JWK/443o.png,2022-03-19,5513,30290,4,380-5513302904
Ukraine,Soviet Union,BRDM-2,abandoned,https://i.postimg.cc/7Pg0LbtM/553.png,2022-03-19,5513,30291,4,380-5513302914
Ukraine,Soviet Union,BRDM-2,abandoned,https://i.postimg.cc/DZ1JmY6y/4436.png,2022-03-19,5513,30292,4,380-5513302924
Ukraine,Soviet Union,BRDM-2,abandoned,https://i.postimg.cc/cLp0yYYV/795.png,2022-03-19,5513,30293,4,380-5513302934
Ukraine,Soviet Union,BRDM-2,abandoned,https://i.postimg.cc/V6GdrLzf/2012-BRDM-2-aband-30-06-25.jpg,2025-07-12,5513,30389,4,380-5513303894
Ukraine,Ukraine,BRDM-2L1,abandoned,https://i.postimg.cc/BnBv3W2c/2019-BRDM-2-L1-dam-aband-13-09-24.jpg,2024-09-16,8206,30422,4,380-8206304224
Ukraine,Ukraine,BRDM-2L1,abandoned,https://i.postimg.cc/j5ykDk1Q/2021-BRDM-2-L1-dam-aband-28-09-24.jpg,2024-10-02,8206,30426,4,380-8206304264
Ukraine,Soviet Union,BREM-1 armoured recovery vehicle,abandoned,https://i.postimg.cc/Sx5VFLwH/2016-BREM-1-dam-aband-26-03-24.jpg,2024-04-08,5515,30444,4,380-5515304444
Ukraine,Czech Republic,BREM-Ch ''BREM-4'' armoured recovery vehicle,abandoned,https://i.postimg.cc/tgyNx6VK/2009-BREM-Ch-BREM-4-armoured-recovery-vehicle-dam-aband-15-11-24.jpg,2024-12-03,5517,30451,4,380-5517304514
Ukraine,Ukraine,BTR-3,abandoned,https://i.postimg.cc/gjKjP41X/2024-BTR-3-E-dam-aband-12-01-25.jpg,2025-01-22,8211,30507,4,380-8211305074
Ukraine,Ukraine,BTR-4,abandoned,https://i.postimg.cc/mkdGX6cb/447.png,2022-03-19,8212,30522,4,380-8212305224
Ukraine,Ukraine,BTR-4,abandoned,https://i.postimg.cc/xd84RZV8/Screenshot-9035.png,2022-03-19,8212,30523,4,380-8212305234
Ukraine,Soviet Union,BTR-70,abandoned,https://i.postimg.cc/RCWcTD3F/579.png,2022-03-19,5524,30620,4,380-5524306204
Ukraine,Soviet Union,BTR-D,abandoned,https://i.postimg.cc/HLZ3YLKk/2007-BTR-D-dam-aband-21-08-24.jpg,2024-08-25,5529,30759,4,380-5529307594
Ukraine,Soviet Union,BTS-4A armoured recovery vehicle,abandoned,https://i.postimg.cc/QC6tSCcB/3254.png,2023-09-10,5535,30763,4,380-5535307634
Ukraine,Soviet Union,BTS-4A armoured recovery vehicle,abandoned,https://i.postimg.cc/xdZbhh2Z/2002-BTS-4-A-armoured-recovery-vehicle-dam-aband-26-04-24.jpg,2024-07-06,5535,30767,4,380-5535307674
Ukraine,Yugoslavia,BVP M-80A,abandoned,https://i.postimg.cc/C5wgBCTP/742.png,2023-08-30,8220,30779,4,380-8220307794
Ukraine,Yugoslavia,BVP M-80A,abandoned,https://i.postimg.cc/dtFQTP2S/2020-BVP-M-80-A-dam-aband-18-12-23.jpg,2024-08-31,8220,30781,4,380-8220307814
Ukraine,Yugoslavia,BVP M-80A,abandoned,https://i.postimg.cc/8CkTTMnC/2000-BVP-M-80-A-dam-aband-29-09-23.jpg,2024-10-02,8220,30783,4,380-8220307834
Ukraine,Ukraine,Bogdan-5316,abandoned,https://i.postimg.cc/yNzLMGyQ/2006-Bohdan-5316-63172-dam-aband-30-05-22.jpg,2023-12-08,8227,30833,4,380-8227308334
Ukraine,Sweden,CV9040C,abandoned,https://i.postimg.cc/jj1fCX98/314.png,2023-09-25,8232,30914,4,380-8232309144
Ukraine,Sweden,CV9040C,abandoned,https://i.postimg.cc/0QQW92Qz/2002-CV9040-C-dam-aband-18-09-24.jpg,2024-09-22,8232,30918,4,380-8232309184
Ukraine,Sweden,CV9040C,abandoned,https://i.postimg.cc/zGbTW4H3/2107_CV9040C_dam_aband_30_09_24.jpg,2024-10-22,8232,30921,4,380-8232309214
Ukraine,Sweden,CV9040C,abandoned,https://i.postimg.cc/P5GF4zvW/2023-CV9040-C-dam-aband-25-10-24.jpg,2024-10-27,8232,30923,4,380-8232309234
Ukraine,Sweden,CV9040C,abandoned,https://i.postimg.cc/qqj9NkTm/2007-Strf-9040-C-dam-aband-30-01-25.jpg,2025-02-11,8232,30929,4,380-8232309294
Ukraine,Sweden,CV9040C,abandoned,https://i.postimg.cc/ZRj5mpnK/2006-Strf-9040-C-aband-30-05-25.jpg,2025-06-08,8232,30934,4,380-8232309344
Ukraine,Sweden,CV9040C,abandoned,https://i.postimg.cc/tTzm298B/2001-Strf-9040-C-dam-aband-28-02-25.jpg,2025-06-08,8232,30935,4,380-8232309354
Ukraine,United Kingdom,FV103 Spartan,abandoned,https://i.postimg.cc/FRy3NF5x/2014-FV103-Spartan-dam-aband-11-12-24.jpg,2025-01-07,8239,30980,4,380-8239309804
Ukraine,Soviet Union,GAZ-66,abandoned,https://i.postimg.cc/YC0mqTkH/58.png,2022-03-19,5552,31025,4,380-5552310254
Ukraine,Soviet Union,GAZ-66,abandoned,https://i.postimg.cc/gj9TG17c/Screenshot-8228.png,2022-03-19,5552,25777,4,380-5552257774
Ukraine,Soviet Union,GAZ-66,abandoned,https://i.postimg.cc/qvyKsBvd/Screenshot-8260.png,2022-03-19,5552,31026,4,380-5552310264
Ukraine,United Kingdom,Husky Tactical Support Vehicle,abandoned,https://i.postimg.cc/qBP3Vf5F/2000-Husky-TSV-aband-04-06-23.jpg,2023-06-28,8248,31137,4,380-8248311374
Ukraine,United Kingdom,Husky Tactical Support Vehicle,abandoned,https://i.postimg.cc/Dw29LfTf/2013-Husky-aband-17-08-23.jpg,2023-10-12,8248,31141,4,380-8248311414
Ukraine,Soviet Union,IMR-2 combat engineering vehicle,abandoned,https://i.postimg.cc/DwF40rFd/2006-IMR-2-dam-aband-22-06-23.jpg,2023-06-28,5554,31154,4,380-5554311544
Ukraine,Soviet Union,IMR-2 combat engineering vehicle,abandoned,https://i.postimg.cc/NfmYxkjh/2008-IMR-2-M-combat-engineering-vehicle-aband-03-04-25.jpg,2025-04-07,5554,31164,4,380-5554311644
Ukraine,Soviet Union,IMR-2 combat engineering vehicle,abandoned,https://i.postimg.cc/g2pptLxx/2007-IMR-2-M-combat-engineering-vehicle-aband-21-03-25.jpg,2025-04-07,5554,31165,4,380-5554311654
Ukraine,Soviet Union,IMR-2 combat engineering vehicle,abandoned,https://i.postimg.cc/v81G4sRZ/2006-IMR-2-M-combat-engineering-vehicle-aband-22-03-25.jpg,2025-04-07,5554,31166,4,380-5554311664
Ukraine,Soviet Union,IMR-2 combat engineering vehicle,abandoned,https://i.postimg.cc/1z8TgN7R/2004-IMR-2-M-combat-engineering-vehicle-aband-10-03-25.jpg,2025-04-10,5554,31167,4,380-5554311674
Ukraine,United States,International M1224 MaxxPro,abandoned,https://i.postimg.cc/c4dfNZ35/2007-Maxx-Pro-aband-06-02-23.jpg,2023-02-21,8251,31199,4,380-8251311994
Ukraine,United States,International M1224 MaxxPro,abandoned,https://i.postimg.cc/rmPw8K9Z/2015-Maxx-Pro-aband-05-06-23.jpg,2023-06-15,8251,31221,4,380-8251312214
Ukraine,United States,International M1224 MaxxPro,abandoned,https://i.postimg.cc/ryDS547m/2016-Maxx-Pro-aband-05-06-23.jpg,2023-06-15,8251,31222,4,380-8251312224
Ukraine,United States,International M1224 MaxxPro,abandoned,https://i.postimg.cc/gkQTFHmy/2009-Maxx-Pro-aband-05-06-23.jpg,2023-06-25,8251,31229,4,380-8251312294
Ukraine,United States,International M1224 MaxxPro,abandoned,https://i.postimg.cc/JhGWt8hL/2016-1x-maxxpro-destr-1x-aband-07-07-23.jpg,2023-07-09,8251,31232,4,380-8251312324
Ukraine,United States,International M1224 MaxxPro,abandoned,https://i.postimg.cc/t4YWbwv1/520.png,2023-09-25,8251,31248,4,380-8251312484
Ukraine,United States,International M1224 MaxxPro,abandoned,https://i.postimg.cc/bJFrxzjz/2010-Maxpro-dam-aband-11-10-23.jpg,2023-10-19,8251,31252,4,380-8251312524
Ukraine,United States,International M1224 MaxxPro,abandoned,https://i.postimg.cc/5NLYfJJT/2003-Maxx-Pro-dam-aband-12-11-23.jpg,2023-11-14,8251,31256,4,380-8251312564
Ukraine,United States,International M1224 MaxxPro,abandoned,https://i.postimg.cc/7ZS1tJKv/2000-maxxpro-aband-20-11-23.jpg,2023-12-16,8251,31263,4,380-8251312634
Ukraine,Italy,Iveco LMV,abandoned,https://i.postimg.cc/SNHg60tp/2016-Iveco-LMV-dam-aband-24-02-24.jpg,2024-02-29,8255,31275,4,380-8255312754
Ukraine,Italy,Iveco LMV,abandoned,https://i.postimg.cc/5Ns7FKb9/2020-Iveco-LMV-dam-aband-29-10-24.jpg,2024-11-11,8255,31276,4,380-8255312764
Ukraine,Italy,Iveco LMV,abandoned,https://i.postimg.cc/KjJm5GkC/2005-Iveco-LMV-dam-aband-28-03-25.jpg,2025-04-02,8255,31287,4,380-8255312874
Ukraine,Poland,KTO Rosomak,abandoned,https://i.postimg.cc/h4Tn8QJg/5422.png,2023-09-28,8259,31298,4,380-8259312984
Ukraine,Ukraine,Kozak-2,abandoned,https://postimg.cc/JD2WNfPx,2022-03-19,8261,31341,4,380-8261313414
Ukraine,Ukraine,Kozak-2,abandoned,https://i.postimg.cc/vH1LW595/2003-kozak2-dam-aband-29-12-22.jpg,2023-01-22,8261,31395,4,380-8261313954
Ukraine,Ukraine,Kozak-2,abandoned,https://i.postimg.cc/HxGrnjLh/2038-Kozak-2-dam-aband-19-03-25.jpg,2025-03-27,8261,31430,4,380-8261314304
Ukraine,Ukraine,Kozak-2M1,abandoned,https://i.postimg.cc/QdmcSnZC/2000-kozak2m1-dam-aband-27-12-22.jpg,2023-02-18,8262,31451,4,380-8262314514
Ukraine,Ukraine,Kozak-2M1,abandoned,https://i.postimg.cc/Jn5nBY5h/2001-Kozak-2-M1-dam-aband-26-02-24.jpg,2024-03-02,8262,31467,4,380-8262314674
Ukraine,Ukraine,Kozak-2M1,abandoned,https://i.postimg.cc/x8wmmSdp/2008-Kozak-2-M1-dam-aband-04-07-24.jpg,2024-07-09,8262,31471,4,380-8262314714
Ukraine,Ukraine,Kozak-2M1,abandoned,https://i.postimg.cc/4yJ2k1N4/2018-Kozak-2-M1-dam-aband-14-12-24.jpg,2024-12-19,8262,31482,4,380-8262314824
Ukraine,Ukraine,Kozak-7,abandoned,https://i.postimg.cc/yxz9hJZK/2010-Kozak-7-dam-aband-16-02-24.jpg,2024-04-08,8264,31503,4,380-8264315034
Ukraine,United Kingdom,Land Rover Snatch,abandoned,https://i.postimg.cc/brHHZNMs/2038-Land-Rover-Snatch-dam-aband-25-07-25.jpg,2025-08-14,8277,31680,4,380-8277316804
Ukraine,Germany,Leopard 2A4,abandoned,https://i.postimg.cc/MHLmR61X/2001-BTR4-destr-m113-ypr-and-leo2a4-dam-aband-01-11-23.,2023-11-06,8280,31774,4,380-8280317744
Ukraine,Germany,Leopard 2A4,abandoned,https://twitter.com/Danspiun/status/1730576182045712875,2023-12-04,8280,31776,4,380-8280317764
Ukraine,Germany,Leopard 2A4,abandoned,https://i.postimg.cc/8zz51WFh/2001-leo2a4-dam-aband-24-12-23.jpg,2024-01-09,8280,31777,4,380-8280317774
Ukraine,Germany,Leopard 2A4,abandoned,https://i.postimg.cc/8CpXpPYX/2000-leo2a4-dam-aband-16-02-24.jpg,2024-02-23,8280,31780,4,380-8280317804
Ukraine,Germany,Leopard 2A4,abandoned,https://i.postimg.cc/T1mjJSr4/2011-Leopard-2-A4-dam-aband-10-05-24.jpg,2024-05-12,8280,31783,4,380-8280317834
Ukraine,Germany,Leopard 2A4,abandoned,https://i.postimg.cc/RhjFFrYR/2008-Leopard-2-A4-dam-aband-14-06-24.jpg,2024-06-20,8280,31784,4,380-8280317844
Ukraine,Germany,Leopard 2A4,abandoned,https://i.postimg.cc/XqpNKSXK/2011-Leopard-2-A4-dam-aband-20-12-24.jpg,2025-01-07,8280,31789,4,380-8280317894
Ukraine,Germany,Leopard 2A4,abandoned,https://i.postimg.cc/Kzf1PR1J/2002-Leopard-2-A4-dam-aband-06-01-25.jpg,2025-01-10,8280,31790,4,380-8280317904
Ukraine,Germany,Leopard 2A6,abandoned,https://i.postimg.cc/rmmvLPDx/h.png,2023-06-10,8281,31796,4,380-8281317964
Ukraine,Germany,Leopard 2A6,abandoned,https://i.postimg.cc/tJSnJS9F/v7.png,2023-06-12,8281,31798,4,380-8281317984
Ukraine,Germany,Leopard 2A6,abandoned,https://i.postimg.cc/tgy29Hgv/2000_Leopard_2a6_dam_aband_07_06_23.jpg,2023-06-23,8281,31799,4,380-8281317994
Ukraine,Germany,Leopard 2A6,abandoned,https://i.postimg.cc/wjnSJLTC/2007-Leopard-2-A6-dam-aband-27-07-23.jpg,2023-08-06,8281,31803,4,380-8281318034
Ukraine,Germany,Leopard 2A6,abandoned,https://i.postimg.cc/SKTfNnGY/2015-leo2a6-dam-aband-30-10-23.jpg,2023-11-01,8281,31806,4,380-8281318064
Ukraine,Germany,Leopard 2A6,abandoned,https://i.postimg.cc/YC985GtN/2011-Leopard-2-A6-aband-28-11-23.jpg,2024-01-09,8281,31808,4,380-8281318084
Ukraine,Germany,Leopard 2A6,abandoned,https://i.postimg.cc/rwgsScsq/2021-Leopard-2-A6-dam-aband-03-12-24.jpg,2024-12-09,8281,31811,4,380-8281318114
Ukraine,Finland,Leopard 2R mine-clearing tank,abandoned,https://i.postimg.cc/bJ4KP8tn/665h8.png,2023-06-12,8282,31813,4,380-8282318134
Ukraine,Finland,Leopard 2R mine-clearing tank,abandoned,https://i.postimg.cc/ZnrDhNZk/ff2.png,2023-06-12,8282,31814,4,380-8282318144
Ukraine,Finland,Leopard 2R mine-clearing tank,abandoned,https://i.postimg.cc/6q20QQkZ/2110-Leopard-2-R-mine-clearing-tank-dam-aband-24-02-25.jpg,2025-03-20,8282,31816,4,380-8282318164
Ukraine,United States,M1114 and M1151 HMMWV,abandoned,https://i.postimg.cc/FzpxqYYX/477.png,2023-04-08,8284,31869,4,380-8284318694
Ukraine,United States,M1114 and M1151 HMMWV,abandoned,https://i.postimg.cc/TPmCksYz/2017-humwee-dam-aband-08-05-23.jpg,2023-05-10,8284,31874,4,380-8284318744
Ukraine,United States,M1114 and M1151 HMMWV,abandoned,https://i.postimg.cc/MKTtkHpb/2016-humwee-dam-aband-08-05-23.jpg,2023-05-10,8284,31875,4,380-8284318754
Ukraine,United States,M1114 and M1151 HMMWV,abandoned,https://i.postimg.cc/dtFgnG12/2003-M1151-HMMWV-dam-aband-16-05-24.jpg,2024-05-24,8284,31914,4,380-8284319144
Ukraine,United States,M1114 and M1151 HMMWV,abandoned,https://i.postimg.cc/ZYW4T0s9/2010-M1151-HMMWV-dam-aband-12-08-24.jpg,2024-08-15,8284,31922,4,380-8284319224
Ukraine,United States,M1114 and M1151 HMMWV,abandoned,https://i.postimg.cc/t4CKXF1m/2016-M1151-HMMWV-dam-aband-28-10-24.jpg,2024-10-30,8284,31944,4,380-8284319444
Ukraine,United States,M1114 and M1151 HMMWV,abandoned,https://i.postimg.cc/15m7X1xY/2019-M1151-HMMWV-dam-aband-17-10-24.jpg,2024-11-11,8284,31946,4,380-8284319464
Ukraine,United States,M1114 and M1151 HMMWV,abandoned,https://i.postimg.cc/hthC88tL/2025-M1151-HMMWV-dam-aband-02-11-24.jpg,2024-11-11,8284,31947,4,380-8284319474
Ukraine,United States,M1114 and M1151 HMMWV,abandoned,https://i.postimg.cc/02Pkh2D8/2034-1151-HMMWV-aband-24-11-24.jpg,2024-12-03,8284,31952,4,380-8284319524
Ukraine,United States,M1114 and M1151 HMMWV,abandoned,https://i.postimg.cc/qRpn8BWj/2000-1151-HMMWV-dam-aband-11-12-24.jpg,2024-12-23,8284,31956,4,380-8284319564
Ukraine,United States,M1114 and M1151 HMMWV,abandoned,https://i.postimg.cc/Zq04c03T/2002-1151-HMMWV-dam-aband-29-01-25.jpg,2025-02-02,8284,31962,4,380-8284319624
Ukraine,United States,M1114 and M1151 HMMWV,abandoned,https://i.postimg.cc/FK4M0Q7h/2023-M1151-HMMWV-dam-aband-16-02-25.jpg,2025-02-24,8284,31965,4,380-8284319654
Ukraine,United States,M1114 and M1151 HMMWV,abandoned,https://i.postimg.cc/y88xhzBr/2034-M1151-HMMWV-dam-aband-15-05-25.jpg,2025-05-18,8284,31997,4,380-8284319974
Ukraine,United States,M1114 and M1151 HMMWV,abandoned,https://i.postimg.cc/66LGGjbN/2008-M1151-HMMWV-dam-aband-18-05-25.jpg,2025-05-30,8284,32005,4,380-8284320054
Ukraine,United States,M1114 and M1151 HMMWV,abandoned,https://i.postimg.cc/x11LsT1Y/2032-M1151-HMMWV-dam-aband-21-05-25.jpg,2025-05-30,8284,32006,4,380-8284320064
Ukraine,United States,M1114 and M1151 HMMWV,abandoned,https://i.postimg.cc/LsF2wLbV/2005-M1151-HMMWV-dam-aband-23-06-25.jpg,2025-07-02,8284,32009,4,380-8284320094
Ukraine,United States,M1114 and M1151 HMMWV,abandoned,https://i.postimg.cc/qv6Wt3CK/2009-M1151-HMMWV-aband-29-06-25.jpg,2025-07-05,8284,32011,4,380-8284320114
Ukraine,United States,M1114 and M1151 HMMWV,abandoned,https://i.postimg.cc/SKcpFG4Z/2051-M1151-HMMWV-dam-aband-14-07-25.jpg,2025-07-27,8284,32017,4,380-8284320174
Ukraine,United States,M1126 Stryker,abandoned,https://i.postimg.cc/JnnVGYB7/2012-M1126-Stryker-infantry-carrier-vehicle-dam-aband-18-08-23.jpg,2023-11-01,8286,32032,4,380-8286320324
Ukraine,United States,M1126 Stryker,abandoned,https://i.postimg.cc/R0WhfWQj/2003-M1126-Stryker-Infantry-Carrier-Vehicle-dam-aband-29-08-24.jpg,2024-09-03,8286,32040,4,380-8286320404
Ukraine,United States,M1126 Stryker,abandoned,https://i.postimg.cc/XYYTq9tn/2011-M1126-Stryker-infantry-carrier-vehicle-aband-02-10-24.jpg,2024-10-06,8286,32048,4,380-8286320484
Ukraine,United States,M1126 Stryker,abandoned,https://i.postimg.cc/yNX20pjR/2028-M1126-Stryker-infantry-carrier-vehicle-dam-aband-15-12-24.jpg,2024-12-26,8286,32056,4,380-8286320564
Ukraine,United States,M1126 Stryker,abandoned,https://i.postimg.cc/pLwLZt9G/2031-Sisu-XA-185-aband-15-01-25.jpg,2025-02-11,8286,32061,4,380-8286320614
Ukraine,United States,M1126 Stryker,abandoned,https://i.postimg.cc/fbRvGHPx/2015-M1126-Stryker-infantry-carrier-vehicle-dam-aband-21-02-25.jpg,2025-02-24,8286,32063,4,380-8286320634
Ukraine,United States,M1126 Stryker,abandoned,https://i.postimg.cc/65ZNZmMn/2014-M1126-Stryker-infantry-carrier-vehicle-dam-aband-10-03-25.jpg,2025-03-20,8286,32073,4,380-8286320734
Ukraine,United States,M1126 Stryker,abandoned,https://i.postimg.cc/fWxbHHg1/2030-M1126-Stryker-infantry-carrier-vehicle-aband-19-03-25.jpg,2025-03-27,8286,32082,4,380-8286320824
Ukraine,United States,M1126 Stryker,abandoned,https://i.postimg.cc/bvLF6ZNy/2010-M1126-Stryker-infantry-carrier-vehicle-dam-aband-23-03-25.jpg,2025-04-02,8286,32084,4,380-8286320844
Ukraine,Denmark,M113G3DK/G4DK,abandoned,https://i.postimg.cc/kG3HnnFJ/4311.png,2023-03-26,8287,32094,4,380-8287320944
Ukraine,Denmark,M113G3DK/G4DK,abandoned,https://i.postimg.cc/gkmdkXBZ/2012-M113-G4-DK-dam-aband-26-01-24.jpg,2024-02-15,8287,32095,4,380-8287320954
Ukraine,Denmark,M113G3DK/G4DK,abandoned,https://i.postimg.cc/9MRsXmHr/2103-M113-G4-DK-aband-17-03-23.jpg,2024-09-19,8287,32097,4,380-8287320974
Ukraine,United States,M1152 HMMWV,abandoned,https://i.postimg.cc/8c4XPqzN/2014-M1152-HMMWV-dam-aband-24-10-24.jpg,2024-10-27,8288,32129,4,380-8288321294
Ukraine,United States,M1152 HMMWV,abandoned,https://i.postimg.cc/hjwqR3M9/2015-M1152-HMMWV-dam-aband-07-07-25.jpg,2025-07-19,8288,32164,4,380-8288321644
Ukraine,United States,M2A2 Bradley ODS-SA,abandoned,https://i.postimg.cc/rmmvLPDx/h.png,2023-06-10,8289,31796,4,380-8289317964
Ukraine,United States,M2A2 Bradley ODS-SA,abandoned,https://twitter.com/UAWeapons/status/1667193762483691520,2023-06-10,8289,32170,4,380-8289321704
Ukraine,United States,M2A2 Bradley ODS-SA,abandoned,https://i.postimg.cc/FKdkX1FZ/55777.png,2023-06-10,8289,32171,4,380-8289321714
Ukraine,United States,M2A2 Bradley ODS-SA,abandoned,https://i.postimg.cc/6Qk0DkK8/99701.png,2023-06-10,8289,32172,4,380-8289321724
Ukraine,United States,M2A2 Bradley ODS-SA,abandoned,https://i.postimg.cc/Y96ZtPjC/2000-m2a2-bradley-1x-destr-1x-aband-10-06-23.jpg,2023-06-11,8289,32175,4,380-8289321754
Ukraine,United States,M2A2 Bradley ODS-SA,abandoned,https://i.postimg.cc/5t4H5Wj8/88k6.png,2023-06-12,8289,32176,4,380-8289321764
Ukraine,United States,M2A2 Bradley ODS-SA,abandoned,https://i.postimg.cc/MHdVRZmM/ff3f.png,2023-06-12,8289,32177,4,380-8289321774
Ukraine,United States,M2A2 Bradley ODS-SA,abandoned,https://twitter.com/UAWeapons/status/1673343156203536385,2023-06-27,8289,32180,4,380-8289321804
Ukraine,United States,M2A2 Bradley ODS-SA,abandoned,https://twitter.com/UAWeapons/status/1678492621163884544,2023-07-11,8289,32186,4,380-8289321864
Ukraine,United States,M2A2 Bradley ODS-SA,abandoned,https://twitter.com/UAWeapons/status/1679117720384569352,2023-07-14,8289,32188,4,380-8289321884
Ukraine,United States,M2A2 Bradley ODS-SA,abandoned,https://i.postimg.cc/XvyMQ6DW/2005-bradley-dam-aband-24-07-23.jpg,2023-07-25,8289,32198,4,380-8289321984
Ukraine,United States,M2A2 Bradley ODS-SA,abandoned,https://i.postimg.cc/SKMvGRvw/2005-bradley-dam-aband-25-07-23.jpg,2023-07-26,8289,32200,4,380-8289322004
Ukraine,United States,M2A2 Bradley ODS-SA,abandoned,https://i.postimg.cc/jjWpZrJ7/238.png,2023-09-28,8289,32214,4,380-8289322144
Ukraine,United States,M2A2 Bradley ODS-SA,abandoned,https://twitter.com/RALee85/status/1720182958294757703,2023-11-10,8289,32218,4,380-8289322184
Ukraine,United States,M2A2 Bradley ODS-SA,abandoned,https://i.postimg.cc/ZnHNk564/2002-Bradley-dam-aband-16-11-23.jpg,2023-11-20,8289,32220,4,380-8289322204
Ukraine,United States,M2A2 Bradley ODS-SA,abandoned,https://i.postimg.cc/rFc4DF3k/2007-bradley-22-11-23.jpg,2023-11-24,8289,32221,4,380-8289322214
Ukraine,United States,M2A2 Bradley ODS-SA,abandoned,https://i.postimg.cc/nLNmM2JK/2011-M2-A2-Bradley-ODS-SA-aband-01-01-24.jpg,2024-01-09,8289,32226,4,380-8289322264
Ukraine,United States,M2A2 Bradley ODS-SA,abandoned,https://i.postimg.cc/KjNTJBv3/2009-bradley-dam-aband-21-10-23.jpg,2024-01-19,8289,32228,4,380-8289322284
Ukraine,United States,M2A2 Bradley ODS-SA,abandoned,https://i.postimg.cc/tTFzJGNw/2014-bradley-dam-aband-06-02-24.jpg,2024-02-09,8289,32230,4,380-8289322304
Ukraine,United States,M2A2 Bradley ODS-SA,abandoned,https://i.postimg.cc/zDRfPHXm/2042-bradley-dam-aband-31-01-24.jpg,2024-04-08,8289,32236,4,380-8289322364
Ukraine,United States,M2A2 Bradley ODS-SA,abandoned,https://i.postimg.cc/6pQYDR4p/2014-M2-A2-Bradley-ODS-SA-dam-aband-07-03-24.jpg,2024-04-08,8289,32237,4,380-8289322374
Ukraine,United States,M2A2 Bradley ODS-SA,abandoned,https://i.postimg.cc/vZS3MB5L/2015-M2-A2-Bradley-ODS-SA-dam-aband-07-03-24.jpg,2024-04-08,8289,32238,4,380-8289322384
Ukraine,United States,M2A2 Bradley ODS-SA,abandoned,https://i.postimg.cc/FspTWGR6/2016-M2-A2-Bradley-ODS-SA-dam-07-03-24.jpg,2024-04-08,8289,32239,4,380-8289322394
Ukraine,United States,M2A2 Bradley ODS-SA,abandoned,https://i.postimg.cc/kg4FzY4M/2008-M2-A2-Bradley-ODS-SA-dam-aband-17-02-24.jpg,2024-04-17,8289,32242,4,380-8289322424
Ukraine,United States,M2A2 Bradley ODS-SA,abandoned,https://i.postimg.cc/3xLbjtP8/2023-Bradley-dam-aband-06-04-24.jpg,2024-05-04,8289,32246,4,380-8289322464
Ukraine,United States,M2A2 Bradley ODS-SA,abandoned,https://i.postimg.cc/zXcfwjzn/2009-M2-A2-Bradley-dam-aband-06-05-24.jpg,2024-05-12,8289,32248,4,380-8289322484
Ukraine,United States,M2A2 Bradley ODS-SA,abandoned,https://i.postimg.cc/zBc0q6dF/2008-M2-A2-Bradley-ODS-SA-aband-24-05-24.jpg,2024-05-26,8289,32250,4,380-8289322504
Ukraine,United States,M2A2 Bradley ODS-SA,abandoned,https://i.postimg.cc/13FSPC8X/2001-M2-A2-Bradley-ODS-SA-dam-aband-28-05-24.jpg,2024-06-02,8289,32251,4,380-8289322514
Ukraine,United States,M2A2 Bradley ODS-SA,abandoned,https://i.postimg.cc/9X159SDb/2005-M2-A2-Bradley-ODS-SA-dam-aband-02-06-24.jpg,2024-06-06,8289,32252,4,380-8289322524
Ukraine,United States,M2A2 Bradley ODS-SA,abandoned,https://i.postimg.cc/3xqj7Qf1/2006-M2-A2-Bradley-ODS-SA-dam-aband-27-05-24.jpg,2024-06-09,8289,32253,4,380-8289322534
Ukraine,United States,M2A2 Bradley ODS-SA,abandoned,https://i.postimg.cc/fR1xsC39/2018-M2-A2-Bradley-ODS-SA-aband-05-06-24.jpg,2024-06-15,8289,32257,4,380-8289322574
Ukraine,United States,M2A2 Bradley ODS-SA,abandoned,https://i.postimg.cc/y6wM8VSJ/2003-M2-A2-Bradley-ODS-SA-dam-aband-21-06-24.jpg,2024-06-24,8289,32260,4,380-8289322604
Ukraine,United States,M2A2 Bradley ODS-SA,abandoned,https://i.postimg.cc/yYC9GJmf/2002-M2-A2-Bradley-ODS-SA-dam-aband-08-07-24.jpg,2024-07-15,8289,32262,4,380-8289322624
Ukraine,United States,M2A2 Bradley ODS-SA,abandoned,https://i.postimg.cc/sfSDkmWX/2005-M2-A2-Bradley-ODS-SA-dam-aband-02-08-24.jpg,2024-08-06,8289,32265,4,380-8289322654
Ukraine,United States,M2A2 Bradley ODS-SA,abandoned,https://i.postimg.cc/4yzfp4Gt/2011-M2-A2-Bradley-ODS-SA-dam-aband-03-08-24.jpg,2024-08-06,8289,32266,4,380-8289322664
Ukraine,United States,M2A2 Bradley ODS-SA,abandoned,https://i.postimg.cc/D0WYF0XV/2023-M2-A2-Bradley-ODS-SA-dam-aband-09-09-24.jpg,2024-09-13,8289,32272,4,380-8289322724
Ukraine,United States,M2A2 Bradley ODS-SA,abandoned,https://i.postimg.cc/rybPj1Bq/2024-M2-A2-Bradley-ODS-SA-dam-aband-09-09-24.jpg,2024-09-13,8289,32273,4,380-8289322734
Ukraine,United States,M2A2 Bradley ODS-SA,abandoned,https://i.postimg.cc/mrZQLrQt/2005-M2-A2-Bradley-ODS-SA-aband-04-10-24.jpg,2024-10-09,8289,32275,4,380-8289322754
Ukraine,United States,M2A2 Bradley ODS-SA,abandoned,https://i.postimg.cc/k5L79nrj/2011-M2-A2-Bradley-ODS-SA-dam-aband-12-11-24.jpg,2024-11-17,8289,32283,4,380-8289322834
Ukraine,United States,M2A2 Bradley ODS-SA,abandoned,https://i.postimg.cc/Mp0RNhGL/2055-M2-A2-Bradley-ODS-SA-dam-aband-27-11-24.jpg,2024-12-09,8289,32288,4,380-8289322884
Ukraine,United States,M2A2 Bradley ODS-SA,abandoned,https://i.postimg.cc/XJGZ8kP3/2015-M2-A2-Bradley-ODS-SA-dam-aband-09-12-24.jpg,2024-12-12,8289,32289,4,380-8289322894
Ukraine,United States,M2A2 Bradley ODS-SA,abandoned,https://i.postimg.cc/XYyG3SPq/2024-M2-A2-Bradley-ODS-SA-dam-aband-14-12-24.jpg,2024-12-19,8289,32292,4,380-8289322924
Ukraine,United States,M2A2 Bradley ODS-SA,abandoned,https://i.postimg.cc/wjpFMz0T/2021-M2-A2-Bradley-ODS-SA-dam-aband-30-11-24.jpg,2024-12-23,8289,32293,4,380-8289322934
Ukraine,United States,M2A2 Bradley ODS-SA,abandoned,https://i.postimg.cc/pLJCnS6Q/2022-M2-A2-Bradley-ODS-SA-dam-aband-30-11-24.jpg,2024-12-23,8289,32294,4,380-8289322944
Ukraine,United States,M2A2 Bradley ODS-SA,abandoned,https://i.postimg.cc/t4L9BcFm/2001-M2-A2-Bradley-ODS-SA-aband-23-12-24.jpg,2024-12-26,8289,32296,4,380-8289322964
Ukraine,United States,M2A2 Bradley ODS-SA,abandoned,https://i.postimg.cc/wBgsyK74/2013-M2-A2-Bradley-ODS-SA-dam-aband-18-12-24.jpg,2024-12-31,8289,32298,4,380-8289322984
Ukraine,United States,M2A2 Bradley ODS-SA,abandoned,https://i.postimg.cc/T31wZV01/2019-M2-A2-Bradley-ODS-SA-dam-aband-19-12-24.jpg,2025-01-22,8289,32301,4,380-8289323014
Ukraine,United States,M2A2 Bradley ODS-SA,abandoned,https://i.postimg.cc/c4XC99QP/2029-M2-A2-Bradley-ODS-SA-dam-aband-12-11-24.jpg,2025-01-22,8289,32302,4,380-8289323024
Ukraine,United States,M2A2 Bradley ODS-SA,abandoned,https://i.postimg.cc/s2Z223tR/2035-M2-A2-Bradley-ODS-SA-dam-aband-10-01-25.jpg,2025-01-22,8289,32303,4,380-8289323034
Ukraine,United States,M2A2 Bradley ODS-SA,abandoned,https://i.postimg.cc/Z5fZ8P4X/2024-M2-A2-Bradley-ODS-SA-aband-22-12-24.jpg,2025-01-31,8289,32309,4,380-8289323094
Ukraine,United States,M2A2 Bradley ODS-SA,abandoned,https://i.postimg.cc/W4hVXD4z/2025-M2-A2-Bradley-ODS-SA-aband-04-01-25.jpg,2025-01-31,8289,32310,4,380-8289323104
Ukraine,United States,M2A2 Bradley ODS-SA,abandoned,https://i.postimg.cc/wBZpP6tV/2063-M2-A2-Bradley-ODS-SA-aband-21-01-25.jpg,2025-01-31,8289,32311,4,380-8289323114
Ukraine,United States,M2A2 Bradley ODS-SA,abandoned,https://i.postimg.cc/CxMSnrTj/2033-M2-A2-Bradley-ODS-SA-dam-aband-15-01-25.jpg,2025-01-31,8289,32312,4,380-8289323124
Ukraine,United States,M2A2 Bradley ODS-SA,abandoned,https://i.postimg.cc/BZ5zSpJC/2010-M2-A2-Bradley-ODS-SA-aband-31-01-25.jpg,2025-02-12,8289,32316,4,380-8289323164
Ukraine,United States,M2A2 Bradley ODS-SA,abandoned,https://i.postimg.cc/yYKCKwb7/2015-M2-A2-Bradley-ODS-SA-aband-27-01-25.jpg,2025-02-18,8289,32318,4,380-8289323184
Ukraine,United States,M2A2 Bradley ODS-SA,abandoned,https://i.postimg.cc/FH3Z4jDj/2019-M2-A2-Bradley-ODS-SA-aband-11-03-25.jpg,2025-03-20,8289,32327,4,380-8289323274
Ukraine,United States,M2A2 Bradley ODS-SA,abandoned,https://i.postimg.cc/zGvNSYkR/2050-M2-A2-Bradley-ODS-SA-aband-06-02-25.jpg,2025-04-02,8289,32335,4,380-8289323354
Ukraine,United States,M2A2 Bradley ODS-SA,abandoned,https://i.postimg.cc/bN38tw1h/2057-M2-A2-Bradley-ODS-SA-aband-26-03-25.jpg,2025-04-02,8289,32336,4,380-8289323364
Ukraine,United States,M2A2 Bradley ODS-SA,abandoned,https://i.postimg.cc/cCcxChmf/2024-M2-A2-Bradley-ODS-SA-dam-aband-07-05-25.jpg,2025-05-12,8289,32343,4,380-8289323434
Ukraine,United States,M2A2 Bradley ODS-SA,abandoned,https://i.postimg.cc/XvdhkX5Y/2005-M2-A2-Bradley-ODS-SA-dam-aband-09-05-25.jpg,2025-05-14,8289,32346,4,380-8289323464
Ukraine,United States,M2A2 Bradley ODS-SA,abandoned,https://i.postimg.cc/qRG5WYjf/2004-M2-A2-Bradley-ODS-SA-dam-aband-09-05-25.jpg,2025-05-14,8289,32347,4,380-8289323474
Ukraine,United States,M2A2 Bradley ODS-SA,abandoned,https://i.postimg.cc/MTn2GrF9/2015-M2-A2-Bradley-ODS-SA-aband-27-03-25.jpg,2025-05-21,8289,32348,4,380-8289323484
Ukraine,United States,M2A2 Bradley ODS-SA,abandoned,https://i.postimg.cc/zvNM7fL0/2011-M2-A2-Bradley-ODS-SA-dam-aband-07-05-25.jpg,2025-07-02,8289,32352,4,380-8289323524
Ukraine,United States,M88A1 armoured recovery vehicle,abandoned,https://i.postimg.cc/KYkfXMkZ/2013-M88-A1-armoured-recovery-vehicle-aband-12-12-23.jpg,2024-02-09,8290,32356,4,380-8290323564
Ukraine,Belarus,MAZ,abandoned,https://i.postimg.cc/ZRVpWfKB/Screenshot-8260.png,2022-03-19,8292,32383,4,380-8292323834
Ukraine,Belarus,MAZ,abandoned,https://i.postimg.cc/hP4hp8v6/d46.png,2022-03-19,8292,32384,4,380-8292323844
Ukraine,Soviet Union,MT-LB,abandoned,https://i.postimg.cc/D00sLq8C/Screenshot-8261.png,2022-03-19,5593,32408,4,380-5593324084
Ukraine,Soviet Union,MT-LB,abandoned,https://i.postimg.cc/d1gMmzD0/2010-mtlb-dam-aband-12-06-24.jpg,2024-06-14,5593,32468,4,380-5593324684
Ukraine,Ukraine,MT-LB Ambulance,abandoned,https://i.postimg.cc/3Jv5s5tq/468.png,2022-03-19,5594,32480,4,380-5594324804
Ukraine,Soviet Union,MT-LBu,abandoned,https://i.postimg.cc/ZYHxJ6rp/Screenshot-8036.png,2022-03-19,5600,32513,4,380-5600325134
Ukraine,Germany,Marder 1A3,abandoned,https://i.postimg.cc/76DM0rWc/4389.png,2023-09-22,8301,32527,4,380-8301325274
Ukraine,Germany,Marder 1A3,abandoned,https://i.postimg.cc/PqLpgLpm/2000-mader-dam-aband-21-11-23.jpg,2023-11-24,8301,32532,4,380-8301325324
Ukraine,Germany,Marder 1A3,abandoned,https://i.postimg.cc/vm49QjpH/2009-Marder-1-A3-aband-07-11-23.jpg,2024-01-09,8301,32534,4,380-8301325344
Ukraine,Germany,Marder 1A3,abandoned,https://i.postimg.cc/mZVkLqrX/2013-Marder-1-A3-dam-aband-01-03-24.jpg,2024-03-02,8301,32537,4,380-8301325374
Ukraine,Germany,Marder 1A3,abandoned,https://i.postimg.cc/rFCcvKCW/2016-marder-dam-aband-07-11-23.jpg,2024-04-08,8301,32538,4,380-8301325384
Ukraine,Germany,Marder 1A3,abandoned,https://i.postimg.cc/900dQ02G/2000-Marder-1-A3-dam-aband-30-03-24.jpg,2024-04-08,8301,32539,4,380-8301325394
Ukraine,Germany,Marder 1A3,abandoned,https://i.postimg.cc/P5v5SwJ0/2018-Marder-1-A3-dam-aband-03-05-24.jpg,2024-05-12,8301,32542,4,380-8301325424
Ukraine,Germany,Marder 1A3,abandoned,https://i.postimg.cc/CdyrrG1j/2004-Marder-1-A3-dam-aband-13-04-24.jpg,2024-05-15,8301,32543,4,380-8301325434
Ukraine,United States,Oshkosh M-ATV,abandoned,https://i.postimg.cc/YqqXXqn9/88k0.png,2023-06-10,8311,32649,4,380-8311326494
Ukraine,United States,Oshkosh M-ATV,abandoned,https://i.postimg.cc/4dprMvDT/99701.png,2023-06-10,8311,32650,4,380-8311326504
Ukraine,United States,Oshkosh M-ATV,abandoned,https://i.postimg.cc/Y9rXgBPx/44f.png,2023-08-30,8311,32667,4,380-8311326674
Ukraine,United States,Oshkosh M-ATV,abandoned,https://i.postimg.cc/7ZPXv00H/2032-Oshkosh-M-ATV-dam-aband-18-01-25.jpg,2025-01-31,8311,32676,4,380-8311326764
Ukraine,Soviet Union,PRP-3 with a BMD-2 turret,abandoned,https://i.postimg.cc/HkB8hr2g/2003-1-Zh3-PRP-3-Val-with-BMD-2-turret-aband-04-04-25.jpg,2025-04-10,8319,32721,4,380-8319327214
Ukraine,Sweden,Pbv 501A,abandoned,https://i.postimg.cc/FsfbtYDv/2011-Pbv-501-A-dam-aband-30-03-24.jpg,2024-04-08,8324,32739,4,380-8324327394
Ukraine,Sweden,Pbv 501A,abandoned,https://i.postimg.cc/YSfwLvfw/2003-Pbv-501-A-dam-aband-27-02-24.jpg,2024-06-02,8324,32741,4,380-8324327414
Ukraine,Sweden,Pbv 501A,abandoned,https://i.postimg.cc/43KW2b6j/2012-Pbv-501-A-aband-22-02-24.jpg,2025-05-12,8324,32744,4,380-8324327444
Ukraine,Finland,Sisu XA-185,abandoned,https://i.postimg.cc/cHV1NWQ2/2025-1x-t80bv-2x-Sisu-XA-185-aband-11-08-23.jpg,2023-10-05,8339,32808,4,380-8339328084
Ukraine,Finland,Sisu XA-185,abandoned,https://i.postimg.cc/MGStL7SP/2017-Sisu-XA-185-dam-aband-11-08-23.jpg,2024-02-29,8339,32810,4,380-8339328104
Ukraine,Finland,Sisu XA-185,abandoned,https://i.postimg.cc/mZJ5LNcZ/2027-Sisu-XA-185-aband-29-10-22.jpg,2024-07-30,8339,32811,4,380-8339328114
Ukraine,Finland,Sisu XA-185,abandoned,https://i.postimg.cc/fbqvDc41/2016-Sisu-XA-185-aband-31-01-25.jpg,2025-02-24,8339,32815,4,380-8339328154
Ukraine,Sweden,Stridsvagn 122,abandoned,https://i.postimg.cc/vZtFQ21s/314.png,2023-09-25,8348,32843,4,380-8348328434
Ukraine,Sweden,Stridsvagn 122,abandoned,https://i.postimg.cc/NFbZTZ15/53.png,2023-09-29,8348,32844,4,380-8348328444
Ukraine,Sweden,Stridsvagn 122,abandoned,https://i.postimg.cc/RFWQ3vPs/2020-Strv122-dam-aband-30-10-23.jpg,2023-11-01,8348,32845,4,380-8348328454
Ukraine,Sweden,Stridsvagn 122,abandoned,https://i.postimg.cc/J0rjjvn3/2012-strv-122-aband-28-12-23.jpg,2024-01-09,8348,32847,4,380-8348328474
Ukraine,Sweden,Stridsvagn 122,abandoned,https://i.postimg.cc/fWttHLk4/2025-Stridsvagn-122-dam-aband-12-03-24.jpg,2024-04-08,8348,32849,4,380-8348328494
Ukraine,Sweden,Stridsvagn 122,abandoned,https://i.postimg.cc/ZY3CtcPh/2012-Stridsvagn-122-dam-aband-28-01-24.jpg,2024-04-08,8348,32850,4,380-8348328504
Ukraine,Sweden,Stridsvagn 122,abandoned,https://i.postimg.cc/KYMXBFz0/2026-Strv-122-dam-aband-04-05-25.jpg,2025-05-12,8348,32852,4,380-8348328524
Ukraine,Ukraine,T-64 mine-clearing tank,abandoned,https://i.postimg.cc/G2bd1vzG/2017-T-64-based-mine-clearing-tank-dam-aband-28-06-23.jpg,2023-07-14,8355,32902,4,380-8355329024
Ukraine,Ukraine,T-64B1M,abandoned,https://i.postimg.cc/HxmWTxMP/3d1.png,2022-03-19,8358,32908,4,380-8358329084
Ukraine,Soviet Union,T-64BV,abandoned,https://i.postimg.cc/CLn96SZZ/f7.png,2022-03-19,5675,32976,4,380-5675329764
Ukraine,Soviet Union,T-64BV,abandoned,https://i.postimg.cc/rFzZ43Zg/578.png,2022-03-19,5675,32977,4,380-5675329774
Ukraine,Soviet Union,T-64BV,abandoned,https://i.postimg.cc/vBTn2B8C/467.png,2022-03-19,5675,32978,4,380-5675329784
Ukraine,Soviet Union,T-64BV,abandoned,https://i.postimg.cc/8Pf8WQWH/557l.png,2022-03-19,5675,32979,4,380-5675329794
Ukraine,Soviet Union,T-64BV,abandoned,https://i.postimg.cc/fTV39LBr/5570.png,2022-03-19,5675,32980,4,380-5675329804
Ukraine,Soviet Union,T-64BV,abandoned,https://i.postimg.cc/qBsnPDXc/5548.png,2022-03-19,5675,32981,4,380-5675329814
Ukraine,Soviet Union,T-64BV,abandoned,https://i.postimg.cc/k5m1QQ2y/dd3.png,2022-03-19,5675,32982,4,380-5675329824
Ukraine,Soviet Union,T-64BV,abandoned,https://twitter.com/UAWeapons/status/1572668027933495297,2022-09-22,5675,27048,4,380-5675270484
Ukraine,Soviet Union,T-64BV,abandoned,https://i.postimg.cc/kg4sTNNq/541.png,2022-10-10,5675,33126,4,380-5675331264
Ukraine,Soviet Union,T-64BV,abandoned,https://i.postimg.cc/262ScQcK/2005-T-64-BV-aband-16-05-22.jpg,2022-12-05,5675,33190,4,380-5675331904
Ukraine,Soviet Union,T-64BV,abandoned,https://i.postimg.cc/4NrNSNPs/2006-T-64-BV-aband-15-06-22.jpg,2022-12-05,5675,33191,4,380-5675331914
Ukraine,Soviet Union,T-64BV,abandoned,https://i.postimg.cc/j54fjhbp/2007-t64bv-dam-aband.jpg,2022-12-11,5675,33196,4,380-5675331964
Ukraine,Soviet Union,T-64BV,abandoned,https://i.postimg.cc/Z0zJK4pz/2007-t64bv2017-dam-aband-31-01-23.jpg,2023-02-05,5675,33208,4,380-5675332084
Ukraine,Soviet Union,T-64BV,abandoned,https://twitter.com/UAWeapons/status/1653828968628224000,2023-05-05,5675,29513,4,380-5675295134
Ukraine,Soviet Union,T-64BV,abandoned,https://i.postimg.cc/PfvqTN8b/2007-t64bv-dam-aband-30-05-23.jpg,2023-06-01,5675,33259,4,380-5675332594
Ukraine,Soviet Union,T-64BV,abandoned,https://i.postimg.cc/wxJH6FgJ/657.png,2023-06-10,5675,33269,4,380-5675332694
Ukraine,Soviet Union,T-64BV,abandoned,https://i.postimg.cc/gJf8Ng6K/2013-2x-t64bv-and-2x-bmp2-dam-aband-21-07-23.jpg,2023-07-22,5675,25893,4,380-5675258934
Ukraine,Soviet Union,T-64BV,abandoned,https://twitter.com/Danspiun/status/1730613413959667813,2023-12-04,5675,33315,4,380-5675333154
Ukraine,Soviet Union,T-64BV,abandoned,https://i.postimg.cc/6QZT3nRJ/2008-t64bv-dam-aband-08-01-24.jpg,2024-01-19,5675,33323,4,380-5675333234
Ukraine,Soviet Union,T-64BV,abandoned,https://i.postimg.cc/jdZ1GTY7/2005-t64bv-aband-14-12-22.jpg,2024-02-09,5675,33326,4,380-5675333264
Ukraine,Soviet Union,T-64BV,abandoned,https://i.postimg.cc/TPz9T3gn/2015-t64bv-dam-aband-07-02-24.jpg,2024-02-09,5675,33327,4,380-5675333274
Ukraine,Soviet Union,T-64BV,abandoned,https://i.postimg.cc/FRyNH93L/2008-t64bv-dam-aband-20-07-23.jpg,2024-02-18,5675,33328,4,380-5675333284
Ukraine,Soviet Union,T-64BV,abandoned,https://i.postimg.cc/3wfT5pmr/2006-T-64-BV-dam-aband-24-08-24.jpg,2024-09-05,5675,33391,4,380-5675333914
Ukraine,Soviet Union,T-64BV,abandoned,https://i.postimg.cc/MG769TcN/2010-T-64-BV-aband-05-09-24.jpg,2024-09-09,5675,33392,4,380-5675333924
Ukraine,Soviet Union,T-64BV,abandoned,https://i.postimg.cc/vmMSPf7m/2008-T-64-BV-dam-aband-24-09-24.jpg,2024-09-29,5675,33401,4,380-5675334014
Ukraine,Soviet Union,T-64BV,abandoned,https://i.postimg.cc/W3ktnWrt/2013-T-64-BV-aband-31-10-24.jpg,2024-12-03,5675,33416,4,380-5675334164
Ukraine,Soviet Union,T-64BV,abandoned,https://i.postimg.cc/DzD81kSt/2022-T-64-BV-aband-26-11-24.jpg,2024-12-03,5675,33417,4,380-5675334174
Ukraine,Soviet Union,T-64BV,abandoned,https://i.postimg.cc/vZXByns9/2010-T-64-BV-aband-07-12-24.jpg,2024-12-12,5675,33424,4,380-5675334244
Ukraine,Soviet Union,T-64BV,abandoned,https://i.postimg.cc/50bHQw2X/2006-T-64-BV-dam-aband-26-12-24.jpg,2025-01-10,5675,33435,4,380-5675334354
Ukraine,Soviet Union,T-64BV,abandoned,https://i.postimg.cc/FzG9f8Pm/2014-T-64-BV-dam-aband-17-01-25.jpg,2025-01-22,5675,33438,4,380-5675334384
Ukraine,Soviet Union,T-64BV,abandoned,https://i.postimg.cc/0jxmv0TV/2034-T-64-BV-dam-aband-23-12-24.jpg,2025-01-31,5675,33442,4,380-5675334424
Ukraine,Soviet Union,T-64BV,abandoned,https://i.postimg.cc/kDrmMyhG/2003-T-64-BV-dam-aband-29-01-25.jpg,2025-02-02,5675,33443,4,380-5675334434
Ukraine,Soviet Union,T-64BV,abandoned,https://i.postimg.cc/FsVPR2dv/2025-T-64-BV-aband-07-02-25.jpg,2025-02-21,5675,33450,4,380-5675334504
Ukraine,Soviet Union,T-64BV,abandoned,https://i.postimg.cc/Wp7NpMH8/2019-T-64-BV-dam-aband-23-02-25.jpg,2025-03-02,5675,33460,4,380-5675334604
Ukraine,Soviet Union,T-64BV,abandoned,https://i.postimg.cc/VNHqxZmK/2167-T-64-BV-dam-aband-16-02-25.jpg,2025-03-20,5675,33465,4,380-5675334654
Ukraine,Soviet Union,T-64BV,abandoned,https://i.postimg.cc/FHNV3JTV/2030-T-64-BV-dam-aband-21-02-25.jpg,2025-03-20,5675,33466,4,380-5675334664
Ukraine,Soviet Union,T-64BV,abandoned,https://i.postimg.cc/63GGCbPD/2070-T-64-BV-dam-aband-30-10-24.jpg,2025-04-08,5675,33474,4,380-5675334744
Ukraine,Soviet Union,T-64BV,abandoned,https://i.postimg.cc/2SMjBg2t/2036-T-64-BV-dam-aband-10-04-25.jpg,2025-04-13,5675,33480,4,380-5675334804
Ukraine,Soviet Union,T-64BV,abandoned,https://i.postimg.cc/YS3hMrXK/2015-T-64-BV-dam-aband-31-05-25.jpg,2025-07-01,5675,33510,4,380-5675335104
Ukraine,Ukraine,T-64BV Zr. 2017,abandoned,https://i.postimg.cc/502gFqLw/2019-T-64-BV-Zr-2017-dam-aband-04-06-23.jpg,2023-06-23,8362,33555,4,380-8362335554
Ukraine,Ukraine,T-64BV Zr. 2017,abandoned,https://i.postimg.cc/3JzhxsnK/2021-T-64-BV-Zr-2017-aband-07-06-23.jpg,2023-07-14,8362,33556,4,380-8362335564
Ukraine,Ukraine,T-64BV Zr. 2017,abandoned,https://i.postimg.cc/fWFKJf3F/2014-t64bv2017-dam-aband-18-09-23.jpg,2023-10-12,8362,33570,4,380-8362335704
Ukraine,Ukraine,T-64BV Zr. 2017,abandoned,https://i.postimg.cc/kGsFZ9Zh/2004-T-64-BV-Zr-2017-aband-28-11-23.jpg,2024-01-09,8362,33575,4,380-8362335754
Ukraine,Soviet Union,T-72 'Ural',abandoned,https://i.postimg.cc/RF2JSFbJ/2007-T-72-Ural-aband-28-03-24.jpg,2024-04-08,8364,33584,4,380-8364335844
Ukraine,Ukraine,T-72AMT,abandoned,https://twitter.com/UAWeapons/status/1569014536824553473,2022-09-12,8366,33608,4,380-8366336084
Ukraine,Ukraine,T-72AMT,abandoned,https://i.postimg.cc/nhNsV8vJ/2004-T72amt-and-BTS4-dam-aband-15-06-23.jpg,2023-06-16,8366,28362,4,380-8366283624
Ukraine,Soviet Union,T-72AV,abandoned,https://i.postimg.cc/x8Mwbypy/40.png,2023-04-08,5677,33638,4,380-5677336384
Ukraine,Soviet Union,T-72AV,abandoned,https://i.postimg.cc/VkbDG88P/2006-T-72-AV-aband-10-10-23.jpg,2023-10-22,5677,33649,4,380-5677336494
Ukraine,Soviet Union,T-72AV,abandoned,https://i.postimg.cc/t4S9k8d8/2031-t72av-dam-aband-12-12-23.jpg,2023-12-16,5677,33651,4,380-5677336514
Ukraine,Soviet Union,T-72AV,abandoned,https://i.postimg.cc/fyDZPcQV/2007-t72av-dam-aband-21-11-23.jpg,2024-01-09,5677,33653,4,380-5677336534
Ukraine,Soviet Union,T-72AV,abandoned,https://i.postimg.cc/JhynMQs0/2015-t72av-aband-03-01-24.jpg,2024-01-09,5677,33654,4,380-5677336544
Ukraine,Soviet Union,T-72AV,abandoned,https://i.postimg.cc/3w4Xs27p/2019-T-72-AV-dam-aband-29-02-24.jpg,2024-04-08,5677,33659,4,380-5677336594
Ukraine,Soviet Union,T-72AV,abandoned,https://i.postimg.cc/xd7c9mG3/2018-T-72-AV-dam-aband-11-12-24.jpg,2024-12-16,5677,33672,4,380-5677336724
Ukraine,Czech Republic,T-72EA,abandoned,https://i.postimg.cc/4ywN0qTd/2031-T-72-EA-dam-aband-28-02-25.jpg,2025-03-20,8367,33750,4,380-8367337504
Ukraine,Czech Republic,T-72EA,abandoned,https://i.postimg.cc/6pKpJCFT/2004-T-72-EA-dam-aband-19-03-25.jpg,2025-03-27,8367,33752,4,380-8367337524
Ukraine,Czech Republic,T-72EA,abandoned,https://i.postimg.cc/4xB2YpNh/2025-T-72-EA-dam-aband-09-05-25.jpg,2025-05-18,8367,33756,4,380-8367337564
Ukraine,Poland,T-72M/M1(R),abandoned,https://twitter.com/UAWeapons/status/1576654743560388608,2022-10-04,8368,29729,4,380-8368297294
Ukraine,Poland,T-72M/M1(R),abandoned,https://i.postimg.cc/gJdQk6zk/2003-t72m1-dam-aband.jpg,2022-11-01,8368,33773,4,380-8368337734
Ukraine,Poland,T-72M/M1(R),abandoned,https://i.postimg.cc/gJksTycR/2004-t72m1-dam-aband.jpg,2022-11-01,8368,33774,4,380-8368337744
Ukraine,Poland,T-72M/M1(R),abandoned,https://i.postimg.cc/28Q9Kp3Q/2051-t72m1-dam-aband-10-05-23.png,2023-05-11,8368,33783,4,380-8368337834
Ukraine,Poland,T-72M/M1(R),abandoned,https://i.postimg.cc/W1Ptz3c2/2013-t72m1-dam-aband-10-05-23.jpg,2023-05-17,8368,33784,4,380-8368337844
Ukraine,Poland,T-72M/M1(R),abandoned,https://i.postimg.cc/wxr3Jkp0/2002-t72m1-dam-aband-15-07-23.jpg,2023-07-17,8368,33789,4,380-8368337894
Ukraine,Poland,T-72M/M1(R),abandoned,https://twitter.com/UAWeapons/status/1684556026065068032,2023-07-28,8368,29936,4,380-8368299364
Ukraine,Poland,T-72M/M1(R),abandoned,https://i.postimg.cc/4yJ33c7t/2016-72-M1-aband-27-07-23.jpg,2023-08-01,8368,33791,4,380-8368337914
Ukraine,Poland,T-72M1/R,abandoned,https://i.postimg.cc/XqMpms7D/2000-t72m1.jpg,2022-08-31,8371,33813,4,380-8371338134
Ukraine,Poland,T-72M1/R,abandoned,https://i.postimg.cc/TYJpNq8C/2001-t72m1.jpg,2022-08-31,8371,33814,4,380-8371338144
Ukraine,Soviet Union,T-80BV,abandoned,https://i.postimg.cc/MHW2qp47/d39.png,2022-03-19,5685,33815,4,380-5685338154
Ukraine,Soviet Union,T-80BV,abandoned,https://twitter.com/UAWeapons/status/1572568028587626496,2022-09-22,5685,33830,4,380-5685338304
Ukraine,Soviet Union,T-80BV,abandoned,https://i.postimg.cc/cHV1NWQ2/2025-1x-t80bv-2x-Sisu-XA-185-aband-11-08-23.jpg,2023-10-05,5685,32808,4,380-5685328084
Ukraine,Soviet Union,T-80BV,abandoned,https://i.postimg.cc/DzydKwg0/2011-T-80-BV-dam-aband-23-08-24.jpg,2024-09-03,5685,33865,4,380-5685338654
Ukraine,Soviet Union,T-80BV,abandoned,https://i.postimg.cc/VvMXZC2G/2018-T-80-BV-dam-aband-30-03-25.jpg,2025-04-07,5685,33876,4,380-5685338764
Ukraine,Soviet Union,T-80BV,abandoned,https://i.postimg.cc/Kz91qcXd/2017-T-80-BV-dam-aband-06-05-25.jpg,2025-05-14,5685,33879,4,380-5685338794
Ukraine,Soviet Union,UAZ-469 jeep,abandoned,https://i.postimg.cc/WpGVCJVL/324.png,2023-09-08,8379,33917,4,380-8379339174
Ukraine,Soviet Union,UAZ-469 jeep,abandoned,https://i.postimg.cc/kGck4KM2/257.png,2023-09-08,8379,33918,4,380-8379339184
Ukraine,Ukraine,Unknown AFV,abandoned,https://i.postimg.cc/Tw1wSpGR/2026-unkn-afv-dam-aband-10-07-23.jpg,2023-07-14,5712,33949,4,380-5712339494
Ukraine,Ukraine,Unknown AFV,abandoned,https://i.postimg.cc/bNcfxdhz/2023-Unknown-IFV-aband-31-03-25.jpg,2025-05-12,5712,33977,4,380-5712339774
Ukraine,Ukraine,Unknown BTR,abandoned,https://i.postimg.cc/524HCBT8/b1.png,2022-03-19,8382,34002,4,380-8382340024
Ukraine,Ukraine,Unknown BTR,abandoned,https://i.postimg.cc/Xqm3HrGB/3378.jpg,2022-04-18,8382,34003,4,380-8382340034
Ukraine,Ukraine,Unknown IMV,abandoned,https://i.postimg.cc/zfWS57zZ/2027-Unknown-IMV-dam-aband-12-09-24.jpg,2024-09-19,8383,34017,4,380-8383340174
Ukraine,Ukraine,Unknown IMV,abandoned,https://i.postimg.cc/c4mQM8ZX/2038-Unknown-IMV-dam-aband-27-05-25.jpg,2025-05-30,8383,34028,4,380-8383340284
Ukraine,Ukraine,Unknown IMV,abandoned,https://i.postimg.cc/1zNzTsSX/2010-Unknown-IMV-aband-09-06-25.jpg,2025-06-27,8383,34032,4,380-8383340324
Ukraine,Ukraine,Unknown IMV,abandoned,https://i.postimg.cc/Pf8WLKZ1/2017-Unknown-IMV-dam-aband-22-07-25.jpg,2025-08-14,8383,34041,4,380-8383340414
Ukraine,Ukraine,Unknown IMV,abandoned,https://i.postimg.cc/Fzc32smT/2024-Unknown-IMV-dam-aband-24-07-25.jpg,2025-08-14,8383,34042,4,380-8383340424
Ukraine,Soviet Union,Unknown T-72,abandoned,https://i.postimg.cc/DZbbxTgP/2246.png,2023-04-06,5724,34098,4,380-5724340984
Ukraine,Ukraine,Unknown tank,abandoned,https://i.postimg.cc/vBD3W4Rb/2012-unkn-tank-aband-01-01-24.jpg,2024-01-09,5735,34176,4,380-5735341764
Ukraine,Ukraine,Unknown tank,abandoned,https://i.postimg.cc/63SzzBwR/2013-unkn-tank-aband-01-01-24.jpg,2024-01-09,5735,34177,4,380-5735341774
Ukraine,Ukraine,Unknown tank,abandoned,https://i.postimg.cc/05MVjKdC/2014-unkn-tank-aband-01-01-24.jpg,2024-01-09,5735,34178,4,380-5735341784
Ukraine,Ukraine,Unknown tank,abandoned,https://i.postimg.cc/Y2820DWx/2005-unkn-tank-dam-aband-13-01-24.jpg,2024-01-30,5735,34180,4,380-5735341804
Ukraine,Ukraine,Unknown tank,abandoned,https://i.postimg.cc/C1WpdgcW/2004-Unknown-tank-dam-aband-26-08-24.jpg,2024-09-05,5735,34205,4,380-5735342054
Ukraine,Ukraine,Unknown tank,abandoned,https://i.postimg.cc/9MG41hcF/2061-Unknown-tank-aband-17-10-24.jpg,2024-10-22,5735,34210,4,380-5735342104
Ukraine,Ukraine,Unknown tank,abandoned,https://i.postimg.cc/Kv2qmZYQ/2026-Unknown-tank-dam-aband-10-02-25.jpg,2025-02-21,5735,34219,4,380-5735342194
Ukraine,Ukraine,Unknown truck,abandoned,https://i.postimg.cc/3Jzj3bLL/bnm.png,2022-03-19,5737,34255,4,380-5737342554
Ukraine,Ukraine,Unknown truck,abandoned,https://i.postimg.cc/28tzT4wY/54.png,2022-03-19,5737,34256,4,380-5737342564
Ukraine,Ukraine,Unknown vehicle,abandoned,https://i.postimg.cc/mkYCVy7s/2023-unkn-vehicle-aband-07-06-23.jpg,2023-06-09,8388,34351,4,380-8388343514
Ukraine,Soviet Union,Ural-4320,abandoned,https://i.postimg.cc/Xq745b5L/2008-Ural-4320-dam-aband-26-12-24.jpg,2024-12-31,5740,34446,4,380-5740344464
Ukraine,France,VAB,abandoned,https://i.postimg.cc/4NVL9gtB/h.png,2023-06-10,8389,34462,4,380-8389344624
Ukraine,France,VAB,abandoned,https://i.postimg.cc/MpQq0gRR/2028-VAB-aband-25-08-24.jpg,2024-08-28,8389,34476,4,380-8389344764
Ukraine,France,VAB,abandoned,https://i.postimg.cc/qMfHvtxF/2000-VAB-dam-aband-24-09-24.jpg,2024-10-06,8389,34479,4,380-8389344794
Ukraine,France,VAB,abandoned,https://i.postimg.cc/4d0RqKwJ/2060-VAB-dam-aband-04-10-24.jpg,2024-10-22,8389,34481,4,380-8389344814
Ukraine,France,VAB,abandoned,https://i.postimg.cc/mZ5NBpXK/2019-VAB-dam-aband-09-02-25.jpg,2025-02-16,8389,34496,4,380-8389344964
Ukraine,France,VAB,abandoned,https://i.postimg.cc/g0CJVZv2/2166-VAB-dam-aband-09-03-25.jpg,2025-03-20,8389,34502,4,380-8389345024
Ukraine,France,VAB,abandoned,https://i.postimg.cc/qBXqP3CN/2061-VAB-dam-aband-20-03-25.jpg,2025-03-24,8389,34507,4,380-8389345074
Ukraine,France,VAB,abandoned,https://i.postimg.cc/d14Bvdk9/2000-VAB-dam-aband-09-03-25.jpg,2025-05-12,8389,34522,4,380-8389345224
Ukraine,France,VAB,abandoned,https://i.postimg.cc/x8TZSFvH/2023-VAB-dam-aband-05-07-25.jpg,2025-08-17,8389,34531,4,380-8389345314
Ukraine,Netherlands,YPR-765,abandoned,https://twitter.com/UAWeapons/status/1576654743560388608,2022-10-04,8397,29729,4,380-8397297294
Ukraine,Netherlands,YPR-765,abandoned,https://twitter.com/UAWeapons/status/1637453438588944387,2023-03-20,8397,34619,4,380-8397346194
Ukraine,Netherlands,YPR-765,abandoned,https://twitter.com/UAWeapons/status/1653828968628224000,2023-05-05,8397,29513,4,380-8397295134
Ukraine,Netherlands,YPR-765,abandoned,https://i.postimg.cc/4x0CQ5wN/2025-ypr-dam-aband-10-07-23.jpg,2023-07-14,8397,34635,4,380-8397346354
Ukraine,Netherlands,YPR-765,abandoned,https://i.postimg.cc/fbMt8YY5/2002-ypr-aband-10-07-23.jpg,2023-07-14,8397,34636,4,380-8397346364
Ukraine,Netherlands,YPR-765,abandoned,https://i.postimg.cc/59qJbRFc/426.png,2023-09-29,8397,34646,4,380-8397346464
Ukraine,Netherlands,YPR-765,abandoned,https://i.postimg.cc/MHLmR61X/2001-BTR4-destr-m113-ypr-and-leo2a4-dam-aband-01-11-23.jpg,2023-11-06,8397,28444,4,380-8397284444
Ukraine,Netherlands,YPR-765,abandoned,https://i.postimg.cc/qR1bHRwy/2026-YPR-765-dam-aband-10-11-23.jpg,2024-05-18,8397,34672,4,380-8397346724
Ukraine,Netherlands,YPR-765,abandoned,https://i.postimg.cc/s2CyTK9L/2002-YPR-765-dam-aband-23-08-24.jpg,2024-08-28,8397,34674,4,380-8397346744
Ukraine,Netherlands,YPR-765,abandoned,https://i.postimg.cc/Hk2qz61G/2022-YPR-765-dam-aband-30-09-24.jpg,2024-10-06,8397,34677,4,380-8397346774
Ukraine,Netherlands,YPR-765,abandoned,https://i.postimg.cc/fbVz2mPV/2016-YPR-765-PRI-AIFV-B-C25-dam-aband-25-10-24.jpg,2024-11-02,8397,34679,4,380-8397346794
Ukraine,Netherlands,YPR-765,abandoned,https://i.postimg.cc/pLNQ9jfx/2018-YPR-765-dam-aband-11-11-24.jpg,2024-11-17,8397,34683,4,380-8397346834
Ukraine,Netherlands,YPR-765,abandoned,https://i.postimg.cc/5N0yQpPS/2017-YPR-765-dam-aband-11-12-24.jpg,2024-12-16,8397,34691,4,380-8397346914
Ukraine,Netherlands,YPR-765,abandoned,https://i.postimg.cc/nzbByj5z/2016-YPR-765-dam-aband-24-10-23.jpg,2025-01-07,8397,34695,4,380-8397346954
Ukraine,Netherlands,YPR-765,abandoned,https://i.postimg.cc/nc14g0KG/2002-YPR-765-dam-aband-23-01-25.jpg,2025-02-11,8397,34701,4,380-8397347014
Ukraine,Netherlands,YPR-765,abandoned,https://i.postimg.cc/7LSvx8HZ/2023-YPR-765-aband-04-06-25.jpg,2025-06-08,8397,34716,4,380-8397347164
Ukraine,Netherlands,YPR-765,abandoned,https://i.postimg.cc/3RGxGrVt/2033-YPR-765-dam-aband-02-06-25.jpg,2025-06-12,8397,34717,4,380-8397347174
Ukraine,Soviet Union,ZSU-23-4 Shilka,abandoned,https://i.postimg.cc/QC6tSCcB/3254.png,2023-09-10,5762,30763,4,380-5762307634
Ukraine,Soviet Union,ZiL-131,abandoned,https://i.postimg.cc/0j3LGCqH/Screenshot-8103.png,2022-03-19,5763,34745,4,380-5763347454
Ukraine,Soviet Union,ZiL-131,abandoned,https://i.postimg.cc/bvh79gN2/d240.png,2022-03-19,5763,34746,4,380-5763347464
Ukraine,Soviet Union,ZiL-131,abandoned,https://i.postimg.cc/GtdZZwDv/2017-Zi-L-131-dam-aband-20-02-24.jpg,2024-02-23,5763,34856,4,380-5763348564
