country,origin,system,status,url,date_recorded,sysID,imageID,statusID,matID
Russia,Russia,'Orlan-20' reconnaissance UAV,captured,https://i.postimg.cc/hPPz5cxF/877.jpg,2022-05-23,2,3,2,7-232
Russia,Russia,(Unknown) truck,captured,https://i.postimg.cc/mkhh21bQ/542.jpg,2022-06-29,3,40,2,7-3402
Russia,Russia,(Unknown) truck,captured,https://i.postimg.cc/m27PXy1c/1005-truck.jpg,2022-09-04,3,74,2,7-3742
Russia,Russia,(Unknown) truck,captured,https://i.postimg.cc/HWrVSBJQ/1029-unkn-truck.jpg,2022-09-10,3,80,2,7-3802
Russia,Russia,(Unknown) truck,captured,https://twitter.com/UAWeapons/status/1568899264650280961,2022-09-12,3,82,2,7-3822
Russia,Russia,(Unknown) truck,captured,https://twitter.com/UAWeapons/status/1569288340041568258,2022-09-13,3,83,2,7-3832
Russia,Russia,(Unknown) truck,captured,https://twitter.com/UAWeapons/status/1570157461973401600,2022-09-15,3,84,2,7-3842
Russia,Russia,(Unknown) truck,captured,https://twitter.com/UAWeapons/status/1570764195385446400,2022-09-17,3,86,2,7-3862
Russia,Russia,(Unknown) truck,captured,https://i.postimg.cc/zDbfCYnV/1011-unkn-truck-capt.jpg,2022-11-13,3,100,2,7-31002
Russia,Russia,(Unknown) vehicle,captured,https://i.postimg.cc/WbLxNxYp/f1.jpg,2022-03-19,4,173,2,7-41732
Russia,Russia,1 1L271 portable mortar locating reconnaissance radar,captured,https://twitter.com/UAWeapons/status/1574760471990771713,2022-09-28,17,212,2,7-172122
Russia,Soviet Union,1 1V12 command vehicle,captured,https://i.postimg.cc/jC0Hsf1B/1001-1v12.png,2022-09-14,20,215,2,7-202152
Russia,Soviet Union,1 1V16 battalion fire direction vehicle,captured,https://i.postimg.cc/k4wxmzP1/1005-1-V16-battalion-fire-direction-centre-capt.jpg,2022-11-12,22,217,2,7-222172
Russia,Russia,1 2F77M transloading vehicle for 2K22M Tunguska-M,captured,https://i.postimg.cc/K8YgCmdK/1020-2-F77-M-transloading-vehicle-for-2-K22-M-Tunguska-M-dam-capt.jpg,2022-11-01,29,224,2,7-292242
Russia,Russia,1 AMN-590951 multipurpose armored vehicle,captured,https://twitter.com/UAWeapons/status/1578037471106899968,2022-10-07,57,252,2,7-572522
Russia,People,1 BARS WTS001 pickup truck,captured,https://i.postimg.cc/C5QpMPnc/1220-BARS-WTS001-pickup-truck-capt-10-08-24.jpg,2025-03-20,65,260,2,7-652602
Russia,Russia,1 BPM-97 Vystrel,captured,https://i.postimg.cc/85NPHstQ/1012-BPM-97-Vystrel-capt.jpg,2022-10-12,74,269,2,7-742692
Russia,Soviet Union,1 BRDM-2RKhb chemical recon vehicle,captured,https://i.postimg.cc/Znvff41t/1018-BRDM-2-capt.jpg,2022-11-12,76,271,2,7-762712
Russia,Russia,1 BREM-D armored recovery vehicle,captured,https://i.postimg.cc/4d0VLM84/1009.jpg,2022-07-27,77,272,2,7-772722
Russia,Russia,1 Eleron T-16,captured,https://twitter.com/UAWeapons/status/1688901561961861120,2023-08-09,93,288,2,7-932882
Russia,Russia,1 Eleron T28ME reconnaissance UAV,captured,https://twitter.com/UAWeapons/status/1559628435819044864,2022-08-17,94,289,2,7-942892
Russia,Russia,1 GAZ-3937 Vodnik,captured,https://i.postimg.cc/tTXY1MTj/1025-GAZ-3937-Vodnik-capt-05-02-23.jpg,2023-02-12,97,292,2,7-972922
Russia,Russia,1 GAZ-3937 Vodnik,captured,https://twitter.com/oryxspioenkop/status/1640854498062090240,2023-03-29,97,293,2,7-972932
Russia,Russia,1 GAZ-3937 Vodnik,captured,https://i.postimg.cc/g0BwfRC6/1002-vodni-capt-04-02-23.jpg,2023-12-01,97,294,2,7-972942
Russia,Soviet Union,1 GAZ-51,captured,https://twitter.com/UAWeapons/status/1568354017025134592,2022-09-10,98,295,2,7-982952
Russia,Russia,1 Grifon-12 reconnaissance UAV,captured,https://i.postimg.cc/SRMbNRm3/1011-Grifon-12-uav-capt.jpg,2022-10-24,101,298,2,7-1012982
Russia,Russia,1 Leer-3 electronic warfare system,captured,https://i.postimg.cc/zfRGy156/1040-RB-341-V-Leer-3-electronic-warfare-system-capt-04-02-23.jpg,2023-02-12,126,324,2,7-1263242
Russia,Soviet Union,1 LuAZ-969,captured,https://i.postimg.cc/j2G0Sdgk/1016-LUAZ-969-dam-capt.jpg,2022-10-12,127,325,2,7-1273252
Russia,Russia,1 MP-1IM signal vehicle,captured,https://twitter.com/UAWeapons/status/1569418448588922886,2022-09-13,131,329,2,7-1313292
Russia,Russia,1 MSh-5350.1 command vehicle,captured,https://i.postimg.cc/SKbSYcM9/1009.jpg,2022-06-26,133,332,2,7-1333322
Russia,Russia,1 PRP-4A Argus artillery reconnaissance vehicle,captured,https://i.postimg.cc/D0zgxyKF/1005-PRP-4-A-Argus-artillery-reconnaissance-vehicle.jpg,2022-09-30,158,358,2,7-1583582
Russia,Soviet Union,1 PZM-2 trench-digging vehicle,captured,https://i.postimg.cc/pTRdMqjT/2022-05-16-PZM-2.jpg,2022-09-24,159,359,2,7-1593592
Russia,Russia,1 R-145BMA command vehicle,captured,https://twitter.com/UAWeapons/status/1575123760528719875,2022-09-29,173,372,2,7-1733722
Russia,Russia,1 R-145BMA command vehicle,captured,https://i.postimg.cc/7hWrkYt4/1001-R-145-BMA-destr-19-12-23.jpg,2024-01-09,173,373,2,7-1733732
Russia,Russia,1 R-381T2M 1.5-3000 MHz radio monitoring station from a modernized R-381TM Taran-M automatic signals intelligence complex,captured,https://twitter.com/UAWeapons/status/1570456587575218176,2022-09-16,177,377,2,7-1773772
Russia,Russia,1 RB-636AM2 Svet-KU EW system,captured,https://i.postimg.cc/hvt0hLyd/1003-RB-636-AM2-Svet-KU-EW-system-capt.jpg,2022-11-03,185,385,2,7-1853852
Russia,Russia,1 RIDA 'Buran ASV',captured,https://i.postimg.cc/q7yDJxpb/1019-RIDA-Buran-ASV-capt-20-09-24.jpg,2024-09-25,186,386,2,7-1863862
Russia,Russia,1 Supercam S150 reconnaissance UAV,captured,https://i.postimg.cc/cC42XVpx/554.png,2022-11-10,200,401,2,7-2004012
Russia,Soviet Union,1 T-62 Obr. 1967,captured,https://i.postimg.cc/yxw0SFD6/1001-T-62-Obr-1967-capt.jpg,2022-11-14,206,407,2,7-2064072
Russia,Soviet Union,1 T-62MV,captured,https://twitter.com/UAWeapons/status/1577189346587082752,2022-10-05,210,411,2,7-2104112
Russia,Soviet Union,1 T-80BVK,captured,https://postimg.cc/SjXrcw7T,2022-09-14,219,420,2,7-2194202
Russia,Russia,1 T-90AK,captured,https://i.postimg.cc/c1Yh3kKH/1300-t90ak-capt-02-03-22.jpg,2023-02-25,221,422,2,7-2214222
Russia,Russia,1 T-90AK,captured,https://i.postimg.cc/brNCCTW9/1450-T-90-AK-capt-destr-11-03-25.jpg,2025-03-20,221,423,2,7-2214232
Russia,Russia,1 UAZ-31514,captured,https://twitter.com/UAWeapons/status/1572155780698341376,2022-09-22,228,430,2,7-2284302
Russia,Soviet Union,1 Ural-375D tanker,captured,https://i.postimg.cc/HLtRDZQP/1014-ural375d-tanker-capt-30-11-22.jpg,2023-01-12,246,448,2,7-2464482
Russia,Russia,1 Ural-375D with 8T210 crane,captured,https://i.postimg.cc/QdknJJMh/1006-Ural-375-D-with-8-T210-crane-capt-13-09-22.jpg,2023-03-20,247,449,2,7-2474492
Russia,Russia,1 Ural-4320VV,captured,https://i.postimg.cc/J4PyjvbV/1005-Ural-4320-VV-capt.jpg,2022-10-04,249,451,2,7-2494512
Russia,Soviet Union,1 ZiL-131 tanker,captured,https://i.postimg.cc/NfFtVMs9/1021-zil-tanker.jpg,2022-09-11,261,463,2,7-2614632
Russia,Soviet Union,10 120mm 2B16 Nona-K howitzer,captured,https://i.postimg.cc/43q5mT6p/1018-nona-k-capt.jpg,2022-11-13,265,468,2,7-2654682
Russia,Russia,10 122mm 2B17 Tornado-G,captured,https://i.postimg.cc/NfSf99dr/1012-Tornado-G-destr.jpg,2022-10-16,267,470,2,7-2674702
Russia,Soviet Union,10 152mm 2A36 Giatsint-B,captured,https://twitter.com/UAWeapons/status/1600052653521879041,2022-12-08,268,471,2,7-2684712
Russia,Russia,10 152mm 2S33 Msta-SM2,captured,https://twitter.com/UAWeapons/status/1571545765138382852,2022-09-19,269,472,2,7-2694722
Russia,Soviet Union,10 1V13(M) battery fire control center,captured,https://twitter.com/UAWeapons/status/1567982537942646785,2022-09-09,271,474,2,7-2714742
Russia,Soviet Union,10 1V13(M) battery fire control center,captured,https://postimg.cc/hJ81CDDV,2022-09-15,271,475,2,7-2714752
Russia,Soviet Union,10 23mm ZU-23-2,captured,https://twitter.com/UAWeapons/status/1570342741913268225,2022-09-16,273,477,2,7-2734772
Russia,Soviet Union,10 BMP-1KSh command and staff vehicle,captured,https://i.postimg.cc/3Jr7cV81/2022-04-23-bmp-1ksh.jpg,2022-10-18,279,484,2,7-2794842
Russia,Soviet Union,10 BMP-1KSh command and staff vehicle,captured,https://i.postimg.cc/k4ST5ZmF/1010-BMP-1-KSh-capt-01-08-23.jpg,2023-08-04,279,485,2,7-2794852
Russia,Russia,10 BMP-2M,captured,https://i.postimg.cc/RhRhyC5j/1003-bmp2m-capt.jpg,2022-11-19,280,486,2,7-2804862
Russia,Russia,10 Eleron T28ME,captured,https://i.postimg.cc/XYMRJgRY/1005-Eleron-7-Eleron-T28-ME-reconnaissance-UAV-capt-07-11-24.jpg,2024-11-14,284,490,2,7-2844902
Russia,Russia,10 Granat-4,captured,https://i.postimg.cc/mDkhx4DB/1007-Granat-4-reconnaissance-UAV-capt-20-08-24.jpg,2025-07-05,286,492,2,7-2864922
Russia,Russia,10 KamAZ with MM-501 armoured cabin,captured,https://i.postimg.cc/HL9J2hX1/1007-kamaz-with-mm501-cabin.jpg,2022-09-12,291,500,2,7-2915002
Russia,Russia,10 KamAZ-5350 with armoured cab,captured,https://twitter.com/UAWeapons/status/1568344642105532418,2022-09-10,292,502,2,7-2925022
Russia,Soviet Union,10 PMP floating bridge,captured,https://i.postimg.cc/YqgQ9JDw/1007-pmp-pontoon.jpg,2022-10-06,294,504,2,7-2945042
Russia,Soviet Union,10 T-62MV,captured,https://i.postimg.cc/1zy2B9Rk/1016-t62mv-capt.jpg,2022-11-19,302,514,2,7-3025142
Russia,Russia,10 T-72BA,captured,https://twitter.com/UAWeapons/status/1569292595997675523,2022-09-13,304,517,2,7-3045172
Russia,Russia,10 ZALA 421-16Е2,captured,https://twitter.com/UAWeapons/status/1636097220138115073,2023-03-16,315,529,2,7-3155292
Russia,Soviet Union,10 ZiL-131,captured,https://i.postimg.cc/yxkvTzHY/1002-Zi-L-131-HB-capt.jpg,2022-10-05,316,530,2,7-3165302
Russia,Soviet Union,100 122mm BM-21 Grad,captured,https://i.postimg.cc/5t51tPmg/1016-122mm-BM-21-Grad-capt-02-03-22.jpg,2023-01-22,317,532,2,7-3175322
Russia,Russia,100 T-80U,captured,https://i.postimg.cc/s27ghXMg/2105-T-80-U-destr-29-08-22.jpg,2024-12-11,322,543,2,7-3225432
Russia,Soviet Union,100mm MT-12 anti-tank gun,captured,https://i.postimg.cc/85pqC5hy/4y.png,2022-03-19,329,567,2,7-3295672
Russia,Soviet Union,100mm MT-12 anti-tank gun,captured,https://i.postimg.cc/HLLcDxQ0/1003-mt-12-rapira.jpg,2022-09-08,329,569,2,7-3295692
Russia,Russia,101 GAZ Tigr-M,captured,https://i.postimg.cc/pd7XnV7n/1001-tigr-m.jpg,2022-10-03,333,575,2,7-3335752
Russia,Russia,101 GAZ Tigr-M,captured,https://i.postimg.cc/rs2VQnqV/1008-tigr-m-capt.jpg,2022-10-03,333,576,2,7-3335762
Russia,Russia,101 Ural-4320 tanker,captured,https://i.postimg.cc/qMK1XyFF/1004-bmp2-ural-tanker-kamaz6x6.png,2022-09-24,338,583,2,7-3385832
Russia,Russia,102 GAZ Tigr-M,captured,https://i.postimg.cc/Kz4k7Gty/1001-GAZ-Tigr-M-capt.jpg,2022-10-08,346,613,2,7-3466132
Russia,Russia,102 GAZ Tigr-M,captured,https://twitter.com/UAWeapons/status/1578456970977497088,2022-10-08,346,614,2,7-3466142
Russia,Soviet Union,102 T-80BV,captured,https://twitter.com/UAWeapons/status/1572154236183486467,2022-09-22,347,617,2,7-3476172
Russia,Russia,102 Ural-4320 tanker,captured,https://i.postimg.cc/KzqbJCM2/1009-ural-tanker.jpg,2022-09-25,352,627,2,7-3526272
Russia,Russia,1025 KamAZ 6x6,captured,https://i.postimg.cc/Zq1z5Jkw/1004-Kam-AZ-6x6-capt-17-08-24.jpg,2024-08-22,357,647,2,7-3576472
Russia,Russia,1027 KamAZ 6x6,captured,https://i.postimg.cc/90kqDPWt/1023-Kam-AZ-6x6-capt-09-08-24.jpg,2024-08-28,359,650,2,7-3596502
Russia,Russia,1027 KamAZ 6x6,captured,https://i.postimg.cc/XJQ5bSmP/1004-Kam-AZ-6x6-capt-31-03-22.jpg,2024-08-28,359,651,2,7-3596512
Russia,Soviet Union,103 152mm 2S19 Msta-S,captured,https://i.postimg.cc/5NsDygs3/1017-msta-s-capt-10-02-23.jpg,2023-02-12,364,668,2,7-3646682
Russia,Soviet Union,103 MT-LBVM and MT-LBVMK,captured,https://twitter.com/UAWeapons/status/1572936489314426883,2022-09-23,365,669,2,7-3656692
Russia,Soviet Union,103 MT-LBVM and MT-LBVMK,captured,https://postimg.cc/14f49yH5,2022-09-23,365,670,2,7-3656702
Russia,Russia,1037 KamAZ 6x6,captured,https://i.postimg.cc/4d0vKqqK/1034-Kam-AZ-6x6-capt-31-10-22.jpg,2024-09-16,375,697,2,7-3756972
Russia,Soviet Union,104 BMP-1(P),captured,https://i.postimg.cc/906fchkJ/1004.jpg,2022-07-08,379,704,2,7-3797042
Russia,Soviet Union,104 BMP-1(P),captured,https://i.postimg.cc/bwHvf499/1006.jpg,2022-07-08,379,705,2,7-3797052
Russia,Soviet Union,104 BTR-80,captured,https://i.postimg.cc/TYh8N6R7/1011-btr80-capt.jpg,2022-10-13,380,706,2,7-3807062
Russia,Soviet Union,104 BTR-80,captured,https://i.postimg.cc/9XL5BMjw/1016-btr80-capt.jpg,2022-10-13,380,707,2,7-3807072
Russia,Russia,104 GAZ Tigr-M,captured,https://i.postimg.cc/wvDJ4Vgv/Tigr-M-captured.png,2022-10-11,382,710,2,7-3827102
Russia,Russia,104 KamAZ 6x6 tanker,captured,https://i.postimg.cc/g0hQg70S/2022-04-14-Kam-AZ-6x6-tanker-captured.jpg,2022-12-09,383,714,2,7-3837142
Russia,Russia,104 Ural-43206,captured,https://i.postimg.cc/s2jFk0F3/1009-Ural-43206-capt-02-06.jpg,2022-12-09,390,725,2,7-3907252
Russia,Soviet Union,105 BMP-1(P),captured,https://twitter.com/UAWeapons/status/1546616242949312517,2022-07-12,400,753,2,7-4007532
Russia,Russia,105 KamAZ 6x6 tanker,captured,https://i.postimg.cc/qRQ7GNWp/1000-kamaz-tanker-capt.jpg,2022-12-15,401,754,2,7-4017542
Russia,Soviet Union,105 T-80BV,captured,https://i.postimg.cc/pV3r5Xzf/2022-09-18-T80-BV.jpg,2022-09-23,404,759,2,7-4047592
Russia,Russia,105 T-80U,captured,https://i.postimg.cc/ryBmPL3T/1011-T-80-U-capt-27-02-22.jpg,2025-08-14,406,761,2,7-4067612
Russia,Soviet Union,106 BTR-80,captured,https://i.postimg.cc/MKXLg0xH/1000-btr80-capt.jpg,2022-10-16,417,786,2,7-4177862
Russia,Soviet Union,107 BMP-1(P),captured,https://i.postimg.cc/HsNRcpkb/1002.jpg,2022-07-13,433,835,2,7-4338352
Russia,Soviet Union,107 BMP-1(P),captured,https://i.postimg.cc/5NDK9ns3/1003.jpg,2022-07-13,433,836,2,7-4338362
Russia,Soviet Union,107 MT-LBVM and MT-LBVMK,captured,https://i.postimg.cc/85L87pdz/2022-09-20-MT-LBVMK-1.jpg,2022-09-25,436,842,2,7-4368422
Russia,Soviet Union,108 BMP-1(P),captured,https://i.postimg.cc/LXdd43CP/1004.jpg,2022-07-18,452,870,2,7-4528702
Russia,Soviet Union,108 BMP-1(P),captured,https://twitter.com/UAWeapons/status/1548716928415539202,2022-07-18,452,871,2,7-4528712
Russia,Russia,1087 KamAZ 6x6,captured,https://i.postimg.cc/nzJWFxc1/1022-Kam-AZ-6x6-capt-31-08-24.jpg,2024-12-19,460,886,2,7-4608862
Russia,Soviet Union,11 120mm 2B16 Nona-K howitzer,captured,https://i.postimg.cc/wvQ6rQv6/1012-2b16-nona-k-capt-31-03-22.jpg,2023-01-12,482,959,2,7-4829592
Russia,Russia,11 122mm 2B17 Tornado-G,captured,https://i.postimg.cc/KvhG6nKh/1003-bm21-grad-dam-capt.jpg,2022-10-18,483,960,2,7-4839602
Russia,Russia,11 152mm 2S33 Msta-SM2,captured,https://twitter.com/UAWeapons/status/1574853608344064000,2022-09-28,484,961,2,7-4849612
Russia,Russia,11 152mm 2S33 Msta-SM2,captured,https://i.postimg.cc/HWwF34nD/1021-msta-sm2.jpg,2022-09-28,484,962,2,7-4849622
Russia,Soviet Union,11 1V14 battery command and forward observer vehicle,captured,https://i.postimg.cc/C5MFGQ4C/2022-03-31-1v14.jpg,2022-10-18,487,965,2,7-4879652
Russia,Soviet Union,11 1V14 battery command and forward observer vehicle,captured,https://i.postimg.cc/44cvGBvc/2022-04-05-1v14.jpg,2022-10-18,487,966,2,7-4879662
Russia,Soviet Union,11 23mm ZU-23-2,captured,https://twitter.com/UAWeapons/status/1574384853252018183,2022-09-27,489,968,2,7-4899682
Russia,Russia,11 BMP-2M,captured,https://i.postimg.cc/dQNVP2Gb/1018-bmp2m-capt-10-02-23.jpg,2023-02-12,501,981,2,7-5019812
Russia,Russia,11 Feniks,captured,https://i.postimg.cc/x8NNg7dc/1013-Feniks-reconnaissance-UAV-capt-22-03-25.jpg,2025-03-27,505,987,2,7-5059872
Russia,Russia,11 KamAZ 4x4,captured,https://twitter.com/UAWeapons/status/1569229421495701507,2022-09-13,510,993,2,7-5109932
Russia,Soviet Union,11 MT-LB with ZU-23 AA gun,captured,https://i.postimg.cc/cJQVPpQZ/1035-mtlb-with-zu-23-2-capt.jpg,2022-10-06,514,998,2,7-5149982
Russia,Soviet Union,11 PTS-2 tracked amphibious transport,captured,https://twitter.com/UAWeapons/status/1584932053615022081,2022-10-26,515,999,2,7-5159992
Russia,Russia,11 T-72BA,captured,https://i.postimg.cc/k5tTMYc7/770.png,2022-09-15,526,1012,2,7-52610122
Russia,Russia,11 T-72BA,captured,https://i.postimg.cc/6QZnSyPj/2022-09-19-T-72-BA.png,2022-09-20,526,1013,2,7-52610132
Russia,Russia,11 T-90S,captured,https://i.postimg.cc/jjhZ3S40/1006-T-90-S-capt-27-10-24.jpg,2024-10-30,527,1014,2,7-52710142
Russia,Soviet Union,110 BMP-1(P),captured,https://i.postimg.cc/y697kxxm/1002.jpg,2022-07-24,537,1031,2,7-53710312
Russia,Russia,110 GAZ Tigr-M,captured,https://i.postimg.cc/zBcyXdM9/1015-tigr-m-capt.jpg,2022-10-16,539,1044,2,7-53910442
Russia,Russia,110 GAZ Tigr-M,captured,https://i.postimg.cc/W33DVR9G/1044-tigr-m-capt.jpg,2022-10-16,539,1045,2,7-53910452
Russia,Russia,110 GAZ Tigr-M,captured,https://i.postimg.cc/7LrQCpzJ/1008-tigr-m-dam-capt.jpg,2022-10-16,539,1046,2,7-53910462
Russia,Soviet Union,110 MT-LBVM and MT-LBVMK,captured,https://i.postimg.cc/Kz8Sbqrc/8.png,2022-09-29,540,1047,2,7-54010472
Russia,Soviet Union,110 T-72B Obr. 1989,captured,https://i.postimg.cc/TYMFvnwy/1121-T-72-B-Obr-1989-capt-31-08-24.jpg,2024-12-09,542,1049,2,7-54210492
Russia,Russia,110 Ural-4320 tanker,captured,https://i.postimg.cc/nrM4vRvh/1007-ural-tanker-capt.jpg,2022-09-30,544,1053,2,7-54410532
Russia,Russia,110 ZALA Z-16 (421-16Е),captured,https://i.postimg.cc/jdKdB1t1/1157-ZALA-Z-16-421-16-reconnaissance-UAV-capt-28-08-24.jpg,2024-10-22,546,1057,2,7-54610572
Russia,Russia,110 ZALA Z-16 (421-16Е),captured,https://i.postimg.cc/cHnLNyvp/1045-ZALA-Z-16-421-16-reconnaissance-UAV-capt-09-10-24.jpg,2024-10-22,546,1058,2,7-54610582
Russia,Russia,110 ZALA Z-16 (421-16Е),captured,https://i.postimg.cc/2yN8kcvV/1023-ZALA-Z-16-421-16-reconnaissance-UAV-capt-07-10-24.jpg,2024-10-22,546,1059,2,7-54610592
Russia,Soviet Union,1101 BMP-2(K),captured,https://i.postimg.cc/d3r5tKTF/1035-bmp2-capt-07-09-22.jpg,2024-01-19,547,1066,2,7-54710662
Russia,Soviet Union,111 T-80BV,captured,https://i.postimg.cc/0QCWJrKJ/1009-t80bv.jpg,2022-09-28,559,1091,2,7-55910912
Russia,Soviet Union,111 T-80BV,captured,https://i.postimg.cc/7LddjXTx/1014-t80bv.jpg,2022-09-28,559,1092,2,7-55910922
Russia,Soviet Union,111 T-80BV,captured,https://twitter.com/UAWeapons/status/1575069667537825792,2022-09-28,559,1093,2,7-55910932
Russia,Russia,112 KamAZ 6x6 tanker,captured,https://i.postimg.cc/T2K3KydJ/1035-kamaz-tanker-capt-19-01-23.jpg,2023-01-21,573,1145,2,7-57311452
Russia,Soviet Union,112 MT-LBVM and MT-LBVMK,captured,https://i.postimg.cc/SQX20BVC/2022-09-11-MT-LB.png,2022-10-02,574,1146,2,7-57411462
Russia,Soviet Union,112 MT-LBVM and MT-LBVMK,captured,https://i.postimg.cc/Y0Rs4CTd/2022-10-01-MT-LBVM.jpg,2022-10-02,574,1147,2,7-57411472
Russia,Russia,112 Ural-43206,captured,https://i.postimg.cc/1tKdVdV7/1015-Ural-43206-capt-24-12-22.jpg,2023-01-06,577,1153,2,7-57711532
Russia,Soviet Union,113 BTR-80,captured,https://i.postimg.cc/PrbXTPZp/1002-btr80-capt.jpg,2022-10-18,589,1194,2,7-58911942
Russia,Soviet Union,113 MT-LBVM and MT-LBVMK,captured,https://postimg.cc/2qkjDmR5,2022-10-05,591,1198,2,7-59111982
Russia,Soviet Union,114 BTR-80,captured,https://i.postimg.cc/HLP6xfDL/1007-btr80-capt.jpg,2022-10-19,600,1220,2,7-60012202
Russia,Soviet Union,114 T-80BV,captured,https://i.postimg.cc/Qx5nD5X3/1002-t80bv.jpg,2022-09-29,603,1226,2,7-60312262
Russia,Soviet Union,115 152mm 2A65 Msta-B howitzer,captured,https://i.postimg.cc/05T77GvK/1007-3x-Msta-B-capt-30-11-22.jpg,2023-10-19,615,1266,2,7-61512662
Russia,Soviet Union,115 BMP-1(P),captured,https://i.postimg.cc/4NDTHKWz/1000-bmp-1.jpg,2022-08-05,617,1270,2,7-61712702
Russia,Soviet Union,115 BMP-1(P),captured,https://twitter.com/UAWeapons/status/1554939028432093184,2022-08-05,617,1271,2,7-61712712
Russia,Soviet Union,115 MT-LBVM and MT-LBVMK,captured,https://i.postimg.cc/D0XSDxCj/1000-mtblvmk-capt.jpg,2022-10-08,622,1276,2,7-62212762
Russia,Soviet Union,115 MT-LBVM and MT-LBVMK,captured,https://i.postimg.cc/fbVdHhrc/1022-mtlbvmk-capt.jpg,2022-10-08,622,1277,2,7-62212772
Russia,Russia,116 Ural-4320 tanker,captured,https://i.postimg.cc/Qd0QZxgR/1013-ural-tanker-destr.jpg,2022-10-08,639,1314,2,7-63913142
Russia,Soviet Union,1164 BMP-2(K),captured,https://i.postimg.cc/yYy6qF8c/1019-bmp2-destr-20-10-22.jpg,2024-02-23,643,1321,2,7-64313212
Russia,Soviet Union,117 152mm 2A65 Msta-B howitzer,captured,https://i.postimg.cc/kMZ473Vb/1005-msta-b-dam-capt-08-05-22.jpg,2024-02-15,646,1334,2,7-64613342
Russia,Soviet Union,117 BMP-1(P),captured,https://i.postimg.cc/yNmDQ6Zj/1002-bmp1.jpg,2022-08-13,648,1339,2,7-64813392
Russia,Russia,117 GAZ Tigr-M,captured,https://i.postimg.cc/8zQzvsD2/1022-tigr-m-capt.jpg,2022-10-20,651,1344,2,7-65113442
Russia,Soviet Union,117 MT-LBVM and MT-LBVMK,captured,https://i.postimg.cc/L4V6zpYs/1010-MT-LBVMK-capt.jpg,2022-10-09,653,1350,2,7-65313502
Russia,Russia,117 Ural-4320 tanker,captured,https://i.postimg.cc/K84ThFxC/Ural-4320-tanker-captured.png,2022-10-11,656,1353,2,7-65613532
Russia,Russia,117 ZALA Z-16 (421-16Е),captured,https://i.postimg.cc/QxS3SXfS/1020-ZALA-Z-16-421-16-reconnaissance-UAV-capt-10-11-24.jpg,2024-11-23,658,1355,2,7-65813552
Russia,Soviet Union,118 BMP-1(P),captured,https://i.postimg.cc/650j2N8m/1002-bmp1.jpg,2022-08-19,662,1361,2,7-66213612
Russia,Russia,118 GAZ Tigr-M,captured,https://i.postimg.cc/bN5FxX6P/1007-tigr-m-capt.jpg,2022-10-25,664,1366,2,7-66413662
Russia,Russia,118 KamAZ 6x6 tanker,captured,https://postimg.cc/tYb8PhP1,2023-04-03,665,1371,2,7-66513712
Russia,Russia,118 T-80BVM,captured,https://i.postimg.cc/s2HV4pJ2/1014-t80bvm-capt-04-11-22.jpg,2024-04-08,667,1383,2,7-66713832
Russia,Russia,118 Ural-4320 tanker,captured,https://i.postimg.cc/FHLBH9YQ/1001-ural-tanker-capt.jpg,2022-10-16,669,1388,2,7-66913882
Russia,Russia,119 GAZ Tigr-M,captured,https://i.postimg.cc/bw8cd0nH/1007-tigr-m-capt.jpg,2022-11-19,678,1404,2,7-67814042
Russia,Soviet Union,119 T-80BV,captured,https://twitter.com/UAWeapons/status/1575477537861292035,2022-09-30,681,1413,2,7-68114132
Russia,Soviet Union,119 T-80BV,captured,https://i.postimg.cc/4NYp8LZK/2022-09-27-T-80-BV.jpg,2022-09-30,681,1414,2,7-68114142
Russia,Russia,12 152mm 2S33 Msta-SM2,captured,https://i.postimg.cc/QNkX76Bg/MSTA-SM2-Kharkiv-region.png,2022-10-01,690,1426,2,7-69014262
Russia,Soviet Union,12 1V13(M) battery fire control center,captured,https://i.postimg.cc/9QdFYVQr/1020-1-V13-capt.jpg,2022-10-20,691,1427,2,7-69114272
Russia,Soviet Union,12 1V14 battery command and forward observer vehicle,captured,https://i.postimg.cc/L6X8dDzq/1009-1-V14-capt.jpg,2022-10-30,692,1428,2,7-69214282
Russia,Soviet Union,12 BMP-1KSh command and staff vehicle,captured,https://i.postimg.cc/YS8KWtjG/7636.png,2023-09-07,700,1436,2,7-70014362
Russia,Soviet Union,12 MT-LB with ZU-23 AA gun,captured,https://i.postimg.cc/Gm7YJpq3/1023-MT-LB-with-ZU-23-AA-gun.jpg,2022-10-08,706,1445,2,7-70614452
Russia,Soviet Union,12 PMP floating bridge,captured,https://i.postimg.cc/BvqpBqdF/1010-PMP-floating-bridge-capt-28-02-23.jpg,2023-03-01,707,1446,2,7-70714462
Russia,Soviet Union,12 PTS-2 tracked amphibious transport,captured,https://i.postimg.cc/L6byhvCV/1003-PTS-2-dam-capt.jpg,2022-12-15,708,1447,2,7-70814472
Russia,Soviet Union,12 River link pontoon (for unknown floating bridge system),captured,https://i.postimg.cc/jqpBTtj8/1015-River-link-pontoon-for-unknown-floating-bridge-system-capt-07-01-24.jpg,2024-01-23,710,1452,2,7-71014522
Russia,Soviet Union,12 River link pontoon (for unknown floating bridge system),captured,https://i.postimg.cc/j59mLr4S/1016-River-link-pontoon-for-unknown-floating-bridge-system-capt-07-01-24.jpg,2024-01-23,710,1453,2,7-71014532
Russia,Soviet Union,12 River link pontoon (for unknown floating bridge system),captured,https://i.postimg.cc/8PL9P9JT/1017-River-link-pontoon-for-unknown-floating-bridge-system-capt-07-01-24.jpg,2024-01-23,710,1454,2,7-71014542
Russia,Soviet Union,12 River link pontoon (for unknown floating bridge system),captured,https://i.postimg.cc/RhH8tbgQ/1018-River-link-pontoon-for-unknown-floating-bridge-system-capt-07-01-24.jpg,2024-01-23,710,1455,2,7-71014552
Russia,Soviet Union,12 River link pontoon (for unknown floating bridge system),captured,https://i.postimg.cc/ry077Kq0/1019-River-link-pontoon-for-unknown-floating-bridge-system-capt-07-01-24.jpg,2024-01-23,710,1456,2,7-71014562
Russia,Soviet Union,12 River link pontoon (for unknown floating bridge system),captured,https://i.postimg.cc/cLZjKhww/1020-River-link-pontoon-for-unknown-floating-bridge-system-capt-07-01-24.jpg,2024-01-23,710,1457,2,7-71014572
Russia,Soviet Union,12 River link pontoon (for unknown floating bridge system),captured,https://i.postimg.cc/bvVFBjM9/1021-River-link-pontoon-for-unknown-floating-bridge-system-capt-07-01-24.jpg,2024-01-23,710,1458,2,7-71014582
Russia,Soviet Union,12 River link pontoon (for unknown floating bridge system),captured,https://i.postimg.cc/mDc6x5Wf/1023-River-link-pontoon-for-unknown-floating-bridge-system-capt-07-01-24.jpg,2024-01-23,710,1459,2,7-71014592
Russia,Soviet Union,12 River link pontoon (for unknown floating bridge system),captured,https://i.postimg.cc/sXtH343B/1024-River-link-pontoon-for-unknown-floating-bridge-system-capt-07-01-24.jpg,2024-01-23,710,1460,2,7-71014602
Russia,Russia,12 SKAT 350M,captured,https://i.postimg.cc/2SBKH32p/1001-SKAT-350-M-reconnaissance-UAV-capt-31-03-25.jpg,2025-06-27,711,1461,2,7-71114612
Russia,Soviet Union,12 T-62M,captured,https://twitter.com/UAWeapons/status/1577227267226599424,2022-10-05,713,1463,2,7-71314632
Russia,Soviet Union,12 T-62M,captured,https://twitter.com/UAWeapons/status/1577323803478265856,2022-10-05,713,1464,2,7-71314642
Russia,Soviet Union,12 T-62M,captured,https://twitter.com/UAWeapons/status/1577189784057163778,2022-10-05,713,1465,2,7-71314652
Russia,Soviet Union,12 UAZ-452 van,captured,https://i.postimg.cc/02942jVH/1009-uar452.jpg,2022-09-09,722,1476,2,7-72214762
Russia,Soviet Union,12 UAZ-469 jeep,captured,https://i.postimg.cc/nLgpKXj2/1000-bmp2-2x-uaz469.jpg,2022-09-19,723,1477,2,7-72314772
Russia,Soviet Union,12 ZiL-131,captured,https://i.postimg.cc/7hxHqLD4/Zil-131-captured.png,2022-10-10,727,1484,2,7-72714842
Russia,Soviet Union,12 ZiL-131,captured,https://i.postimg.cc/wvjd5bpM/1010-zil131-capt.jpg,2022-10-10,727,1485,2,7-72714852
Russia,Russia,120 KamAZ 6x6 tanker,captured,https://i.postimg.cc/TwY1SyhZ/1021-kamaz-tanker-capt-06-06-23.jpg,2023-06-09,732,1493,2,7-73214932
Russia,Soviet Union,120 T-80BV,captured,https://twitter.com/UAWeapons/status/1576199767675138048,2022-10-02,734,1496,2,7-73414962
Russia,Russia,120 Ural-43206,captured,https://i.postimg.cc/8zJ7sktD/1014-ural43206-capt-10-09-22.jpg,2023-02-18,738,1502,2,7-73815022
Russia,Soviet Union,120mm 2B11/2S12,captured,https://i.postimg.cc/SKhJwYXP/4703.png,2022-03-19,739,1503,2,7-73915032
Russia,Soviet Union,120mm 2B11/2S12,captured,https://i.postimg.cc/Xv95D8vY/579.png,2022-03-19,739,1504,2,7-73915042
Russia,Soviet Union,120mm 2B11/2S12,captured,https://i.postimg.cc/mrwKqRw8/Screenshot-8952.png,2022-03-19,739,1505,2,7-73915052
Russia,Soviet Union,120mm 2B11/2S12,captured,https://i.postimg.cc/SNc6Bh3F/524.png,2022-03-19,739,1506,2,7-73915062
Russia,Soviet Union,120mm 2B11/2S12,captured,https://postlmg.cc/TKFDDmpP,2022-03-27,739,1507,2,7-73915072
Russia,Russia,120mm 2B11/2S12A,captured,https://i.postimg.cc/x11CC0NR/550.png,2022-03-19,740,1513,2,7-74015132
Russia,Russia,120mm 2B11/2S12A,captured,https://postimg.cc/BtXGBmDp,2022-09-16,740,1515,2,7-74015152
Russia,Russia,120mm 2B11/2S12A,captured,https://i.postimg.cc/WzYZnHQ4/1016-2-S12-A-Sani-120mm-mortar-capt.jpg,2022-10-04,740,1516,2,7-74015162
Russia,Soviet Union,120mm 2B16 Nona-K howitzer,captured,https://i.postimg.cc/wx2TJysb/4f2.jpg,2022-03-19,741,1519,2,7-74115192
Russia,Soviet Union,120mm 2B16 Nona-K howitzer,captured,https://i.postimg.cc/QMJ8sWbG/n43.png,2022-03-29,741,1520,2,7-74115202
Russia,Soviet Union,120mm 2B16 Nona-K howitzer,captured,https://i.postimg.cc/q79rzL7Q/478.png,2022-04-06,741,1521,2,7-74115212
Russia,Soviet Union,120mm 2B16 Nona-K howitzer,captured,https://i.postimg.cc/d0khcfdf/776.jpg,2022-05-14,741,1522,2,7-74115222
Russia,Russia,120mm 2S23 Nona-SVK,captured,https://i.postimg.cc/Gtxd6gBr/4356.jpg,2022-03-27,742,1523,2,7-74215232
Russia,Soviet Union,120mm 2S34 Khosta,captured,https://i.postimg.cc/NFwX6m7d/763.png,2022-03-19,743,1524,2,7-74315242
Russia,Russia,120mm 2S34 Khosta,captured,https://i.postimg.cc/fL9W07hL/45d.jpg,2022-04-01,743,1525,2,7-74315252
Russia,Russia,120mm 2S34 Khosta,captured,https://i.postimg.cc/HsKs7RyT/26.png,2022-04-21,743,1526,2,7-74315262
Russia,Soviet Union,120mm 2S9 Nona,captured,https://i.postimg.cc/bwPz8VWX/6522.jpg,2022-03-19,744,1531,2,7-74415312
Russia,Soviet Union,120mm 2S9 Nona,captured,https://i.postimg.cc/hvz00pQc/432u.png,2022-03-19,744,1532,2,7-74415322
Russia,Soviet Union,120mm 2S9 Nona,captured,https://i.postimg.cc/Nfx4tqpS/5580.png,2022-03-19,744,1533,2,7-74415332
Russia,Soviet Union,120mm 2S9 Nona,captured,https://i.postimg.cc/RhCMLMTS/t9.png,2022-03-26,744,1535,2,7-74415352
Russia,Soviet Union,120mm 2S9 Nona,captured,https://i.postimg.cc/NM4Ycgvc/1010-2s9-nona-capt-01-01-23.jpg,2023-01-04,744,1547,2,7-74415472
Russia,Soviet Union,121 T-80BV,captured,https://twitter.com/UAWeapons/status/1576607791170564098,2022-10-03,752,1556,2,7-75215562
Russia,Soviet Union,122 BTR-80,captured,https://i.postimg.cc/j5931htc/1019-btr80-capt.jpg,2022-10-27,760,1572,2,7-76015722
Russia,Soviet Union,122 MT-LBVM and MT-LBVMK,captured,https://i.postimg.cc/BvYcTjYY/MT-LBVM-K-capt.png,2022-10-10,763,1579,2,7-76315792
Russia,Soviet Union,122 MT-LBVM and MT-LBVMK,captured,https://i.postimg.cc/SR75hmLD/1020-mtlbvmk-capt.jpg,2022-10-10,763,1580,2,7-76315802
Russia,Soviet Union,122 MT-LBVM and MT-LBVMK,captured,https://i.postimg.cc/gjP5Qxhx/1019-mtlbvmk-2x-capt.jpg,2022-10-10,763,1581,2,7-76315812
Russia,Russia,122 ZALA Z-16 (421-16Е),captured,https://i.postimg.cc/zvL2mvQ7/1019-ZALA-Z-16-421-16-reconnaissance-UAV-capt-18-12-24.jpg,2024-12-23,768,1597,2,7-76815972
Russia,Russia,122mm 2B17 Tornado-G,captured,https://i.postimg.cc/HxCqbSVV/38.png,2022-04-01,772,1674,2,7-77216742
Russia,Russia,122mm 2B17 Tornado-G,captured,https://i.postimg.cc/nhS7s5SG/76.jpg,2022-04-01,772,1675,2,7-77216752
Russia,Soviet Union,122mm 2S1 Gvozdika,captured,https://i.postimg.cc/mrc8qtCb/3368.png,2022-03-19,774,1686,2,7-77416862
Russia,Soviet Union,122mm 2S1 Gvozdika,captured,https://i.postimg.cc/rm5DhJhH/580.png,2022-03-19,774,1687,2,7-77416872
Russia,Soviet Union,122mm 2S1 Gvozdika,captured,https://i.postimg.cc/pT8Fvzt5/332.jpg,2022-03-26,774,1688,2,7-77416882
Russia,Soviet Union,122mm 2S1 Gvozdika,captured,https://i.postimg.cc/Jn4NkvVd/ddd4.jpg,2022-05-29,774,1698,2,7-77416982
Russia,Soviet Union,122mm 2S1 Gvozdika,captured,https://twitter.com/UAWeapons/status/1570508008454778880,2022-09-16,774,1707,2,7-77417072
Russia,Soviet Union,122mm 2S1 Gvozdika,captured,https://i.postimg.cc/HLrvMGXF/1016-2s1-gvozdika-dam-capt.jpg,2022-10-18,774,1709,2,7-77417092
Russia,Soviet Union,122mm BM-21 'Grad',captured,https://i.postimg.cc/s2wR9DPH/768.png,2022-03-19,776,1836,2,7-77618362
Russia,Soviet Union,122mm BM-21 'Grad',captured,https://i.postimg.cc/xCF0twG5/b6.png,2022-03-19,776,1837,2,7-77618372
Russia,Soviet Union,122mm BM-21 'Grad',captured,https://i.postimg.cc/DZ0Q5pHc/6652.png,2022-03-19,776,1838,2,7-77618382
Russia,Soviet Union,122mm BM-21 'Grad',captured,https://i.postimg.cc/BvrV7rWP/v66.png,2022-03-19,776,1839,2,7-77618392
Russia,Soviet Union,122mm BM-21 'Grad',captured,https://i.postimg.cc/Pf9Tm660/b7.png,2022-03-19,776,1840,2,7-77618402
Russia,Soviet Union,122mm BM-21 'Grad',captured,https://i.postimg.cc/Dz8rx8Cw/54220.jpg,2022-03-19,776,1841,2,7-77618412
Russia,Soviet Union,122mm BM-21 'Grad',captured,https://i.postimg.cc/k5p0db8M/4311.png,2022-03-19,776,1842,2,7-77618422
Russia,Soviet Union,122mm BM-21 'Grad',captured,https://i.postimg.cc/3wSwNDzN/470.png,2022-03-19,776,1843,2,7-77618432
Russia,Soviet Union,122mm BM-21 'Grad',captured,https://i.postimg.cc/zvRv9XtB/368.png,2022-03-19,776,1844,2,7-77618442
Russia,Soviet Union,122mm BM-21 'Grad',captured,https://i.postimg.cc/kGHcy5Hv/31.png,2022-03-26,776,1847,2,7-77618472
Russia,Soviet Union,122mm BM-21 'Grad',captured,https://i.postimg.cc/JhgWzBJv/3565.png,2022-03-27,776,1848,2,7-77618482
Russia,Soviet Union,122mm BM-21 'Grad',captured,https://i.postimg.cc/y8bc88x5/4f21.png,2022-03-28,776,1850,2,7-77618502
Russia,Soviet Union,122mm BM-21 'Grad',captured,https://i.postimg.cc/9M5wW3yK/grad.png,2022-03-31,776,1851,2,7-77618512
Russia,Soviet Union,122mm BM-21 'Grad',captured,https://i.postimg.cc/j2NTBKXc/545.jpg,2022-04-01,776,1852,2,7-77618522
Russia,Soviet Union,122mm BM-21 'Grad',captured,https://i.postimg.cc/SK2rDG8h/4f5.jpg,2022-04-04,776,1854,2,7-77618542
Russia,Soviet Union,122mm BM-21 'Grad',captured,https://i.postimg.cc/RFLcyG5S/87.png,2022-04-10,776,1857,2,7-77618572
Russia,Soviet Union,122mm BM-21 'Grad',captured,https://i.postimg.cc/sf9Dtyzs/77k.jpg,2022-04-13,776,1861,2,7-77618612
Russia,Soviet Union,122mm BM-21 'Grad',captured,https://i.postimg.cc/hjY0fnQ1/998.jpg,2022-04-18,776,1862,2,7-77618622
Russia,Soviet Union,122mm BM-21 'Grad',captured,https://i.postimg.cc/Hsm90YNz/76k.jpg,2022-04-24,776,1863,2,7-77618632
Russia,Soviet Union,122mm BM-21 'Grad',captured,https://i.postimg.cc/jjfczBpW/856.jpg,2022-05-01,776,1864,2,7-77618642
Russia,Soviet Union,122mm BM-21 'Grad',captured,https://i.postimg.cc/QtHX5cSf/332.png,2022-05-05,776,1865,2,7-77618652
Russia,Soviet Union,122mm BM-21 'Grad',captured,https://i.postimg.cc/mDQLZTrw/4388.png,2022-05-05,776,1866,2,7-77618662
Russia,Soviet Union,122mm BM-21 Grad,captured,https://i.postimg.cc/y8z4gKD1/87.jpg,2022-05-12,777,1868,2,7-77718682
Russia,Soviet Union,122mm BM-21 Grad,captured,https://i.postimg.cc/RZnpMSc8/43f6.png,2022-05-23,777,1870,2,7-77718702
Russia,Soviet Union,122mm D-30 howitzer,captured,https://i.postimg.cc/QtWtZFpF/j77.jpg,2022-06-28,778,1875,2,7-77818752
Russia,Soviet Union,122mm D-30 howitzer 2A18,captured,https://postimg.cc/hzvFw3c2,2022-03-19,779,1980,2,7-77919802
Russia,Soviet Union,122mm D-30 howitzer 2A18,captured,https://i.postimg.cc/DzQV61cq/dbb.png,2022-03-19,779,1981,2,7-77919812
Russia,Soviet Union,122mm D-30 howitzer 2A18,captured,https://i.postimg.cc/j2rw6ZJ8/4f0.png,2022-03-19,779,1982,2,7-77919822
Russia,Soviet Union,122mm D-30 howitzer 2A18,captured,https://i.postimg.cc/fLHffrmc/31d.png,2022-03-26,779,1983,2,7-77919832
Russia,Soviet Union,122mm D-30 howitzer 2A18,captured,https://i.postimg.cc/yND9cys5/5j.png,2022-03-26,779,1984,2,7-77919842
Russia,Soviet Union,122mm D-30 howitzer 2A18,captured,https://i.postimg.cc/G9nprdqq/d25.png,2022-04-01,779,1986,2,7-77919862
Russia,Soviet Union,122mm D-30 howitzer 2A18,captured,https://i.postimg.cc/J4SbdYFW/555.jpg,2022-04-13,779,1987,2,7-77919872
Russia,Soviet Union,122mm D-30 howitzer 2A18,captured,https://i.postimg.cc/8cq9wfgq/799.png,2022-04-17,779,1988,2,7-77919882
Russia,Soviet Union,122mm D-30 howitzer 2A18,captured,https://i.postimg.cc/tTCN00pb/776.png,2022-04-20,779,1989,2,7-77919892
Russia,Russia,123 KamAZ 6x6 tanker,captured,https://i.postimg.cc/hP10gfbC/1030-kamaz-tanker-capt-09-07-23.jpg,2023-07-10,784,1995,2,7-78419952
Russia,Soviet Union,1230 BMP-2(K),captured,https://i.postimg.cc/Sx5kyppv/1113-bmp2-capt-02-07-22.jpg,2024-04-21,790,2007,2,7-79020072
Russia,Soviet Union,1230 BMP-2(K),captured,https://i.postimg.cc/qvd9jbLY/1056-bmp2-capt-23-07-22.jpg,2024-04-21,790,2008,2,7-79020082
Russia,Soviet Union,124 BTR-80,captured,https://i.postimg.cc/mDZL32jG/10-08-2022-BTR-80-Captured-Kherson-Region.png,2022-11-02,796,2040,2,7-79620402
Russia,Soviet Union,124 T-80BV,captured,https://twitter.com/UAWeapons/status/1576871029003022336,2022-10-04,800,2051,2,7-80020512
Russia,Soviet Union,125 BMP-1(P),captured,https://i.postimg.cc/bwWbxmv8/1003-bmp1.jpg,2022-08-23,807,2072,2,7-80720722
Russia,Soviet Union,125 BMP-1(P),captured,https://i.postimg.cc/d3sTsX5R/1004-bmp1.jpg,2022-08-23,807,2073,2,7-80720732
Russia,Soviet Union,125 BMP-1(P),captured,https://i.postimg.cc/hGmmpVJm/1005-bmp1.jpg,2022-08-23,807,2074,2,7-80720742
Russia,Russia,125 Ural-4320 tanker,captured,https://i.postimg.cc/RV3b7vjZ/2022-04-01-ural-4320-tanker-1.jpg,2022-10-18,816,2094,2,7-81620942
Russia,Russia,125 Ural-4320 tanker,captured,https://i.postimg.cc/qqFbPFCr/2022-04-01-ural-4320-tanker-2.jpg,2022-10-18,816,2095,2,7-81620952
Russia,Russia,125 ZALA Z-16 (421-16Е),captured,https://i.postimg.cc/wx5MnT01/1063-ZALA-Z-16-421-16-reconnaissance-UAV-capt-28-11-24.jpg,2025-01-07,818,2099,2,7-81820992
Russia,Soviet Union,126 T-80BV,captured,https://i.postimg.cc/rmY9sYr6/1001-t80bv-capt.jpg,2022-10-05,829,2121,2,7-82921212
Russia,Soviet Union,126 T-80BV,captured,https://i.postimg.cc/Y0XcMDTL/1008-t80bv-capt.jpg,2022-10-05,829,2122,2,7-82921222
Russia,Russia,126 Ural-4320 tanker,captured,https://i.postimg.cc/DwfFg0FB/1025-ural-tanker-capt.jpg,2022-11-12,832,2126,2,7-83221262
Russia,Russia,127 KamAZ 6x6 tanker,captured,https://i.postimg.cc/x8VjVCm2/1023-Kam-AZ-6x6-fuel-tanker-capt-31-03-23.jpg,2023-08-09,839,2145,2,7-83921452
Russia,Russia,127 KamAZ 6x6 tanker,captured,https://i.postimg.cc/7YdD2Sth/1010-Kam-AZ-6x6-tanker-capt-24-03-22.jpg,2024-02-29,839,2146,2,7-83921462
Russia,Russia,127 Ural-4320 tanker,captured,https://i.postimg.cc/brjmRZVS/1018-ural-tanker-dam-capt.jpg,2022-11-01,844,2153,2,7-84421532
Russia,Soviet Union,128 BMP-1(P),captured,https://twitter.com/UAWeapons/status/1562876165164900352,2022-08-30,848,2167,2,7-84821672
Russia,Soviet Union,128 BMP-1(P),captured,https://twitter.com/UAWeapons/status/1563934285484236800,2022-08-30,848,2168,2,7-84821682
Russia,Russia,128 KamAZ 6x6 tanker,captured,https://i.postimg.cc/j5VjpLWR/1051-Kam-AZ-6x6-tanker-capt-31-05-22.jpg,2024-01-09,851,2176,2,7-85121762
Russia,Russia,128 Ural-4320 tanker,captured,https://i.postimg.cc/05Vmt6H3/1011-Ural-4320-tanker-capt.jpg,2022-11-24,856,2182,2,7-85621822
Russia,Russia,128 ZALA Z-16 (421-16Е),captured,https://i.postimg.cc/9FfxXvyR/1007-ZALA-Z-16-421-16-reconnaissance-UAV-capt-14-01-25.jpg,2025-01-19,857,2183,2,7-85721832
Russia,Soviet Union,129 152mm 2S19 Msta-S,captured,https://i.postimg.cc/3Ns4bgSG/1004-2-S19-Msta-S-dam-capt-14-06-23.jpg,2023-06-16,860,2193,2,7-86021932
Russia,Soviet Union,129 BMP-1(P),captured,https://i.postimg.cc/FFqYfPGX/1044-bmp1.jpg,2022-09-08,861,2195,2,7-86121952
Russia,Soviet Union,129 T-80BV,captured,https://i.postimg.cc/13DCzp4r/1037-t80bv-capt.jpg,2022-10-06,866,2206,2,7-86622062
Russia,Soviet Union,129 T-80BV,captured,https://i.postimg.cc/dtynW8Rc/1031-t80bv-capt.jpg,2022-10-06,866,2207,2,7-86622072
Russia,Soviet Union,129 T-80BV,captured,https://i.postimg.cc/qq9wJRTF/1032-t80bv-capt.jpg,2022-10-06,866,2208,2,7-86622082
Russia,Russia,13 122mm 2B17 Tornado-G,captured,https://i.postimg.cc/sXvrGVBK/1010-tornado-g-ural-capt.jpg,2022-10-28,875,2235,2,7-87522352
Russia,Soviet Union,13 1V13(M) battery fire control center,captured,https://i.postimg.cc/4yqQF3pS/1000-1-V13-dam-capt.jpg,2022-11-08,877,2237,2,7-87722372
Russia,Soviet Union,13 1V14 battery command and forward observer vehicle,captured,https://i.postimg.cc/XY6VJj7v/1000-1-V14-M-capt-14-11.jpg,2022-11-16,878,2238,2,7-87822382
Russia,Soviet Union,13 23mm ZU-23-2,captured,https://twitter.com/UAWeapons/status/1577191476001271808,2022-10-05,880,2240,2,7-88022402
Russia,Soviet Union,13 23mm ZU-23-2,captured,https://twitter.com/UAWeapons/status/1577254750529036288,2022-10-05,880,2241,2,7-88022412
Russia,Soviet Union,13 BMP-1KSh command and staff vehicle,captured,https://i.postimg.cc/15j9fZCb/1064-BMP-1-KSh-command-and-staff-vehicle-capt-30-09-22.jpg,2023-10-22,887,2251,2,7-88722512
Russia,Russia,13 Eleron T28ME,captured,https://i.postimg.cc/Y90QB6yn/1023-Eleron-7-Eleron-T28-ME-reconnaissance-UAV-capt-26-12-24.jpg,2024-12-29,892,2260,2,7-89222602
Russia,Russia,13 Eleron T28ME,captured,https://i.postimg.cc/fLPmzVGw/1024-Eleron-7-Eleron-T28-ME-reconnaissance-UAV-capt-09-04-24.jpg,2024-12-29,892,2261,2,7-89222612
Russia,Russia,13 K-53949 Linza,captured,https://i.postimg.cc/j5JQY6w0/1042-Kam-AZ-53949-Linza-capt-09-07-22.jpg,2024-04-08,895,2266,2,7-89522662
Russia,Soviet Union,13 PTS-2 tracked amphibious transport,captured,https://i.postimg.cc/SsjTq0fx/1037-PTS-2-capt-17-03-23.jpg,2023-03-20,900,2273,2,7-90022732
Russia,Russia,13 T-72BA,captured,https://twitter.com/UAWeapons/status/1576956926130151424,2022-10-04,909,2286,2,7-90922862
Russia,Soviet Union,13 UAZ-452 van,captured,https://i.postimg.cc/RVC2W3LQ/1019-uaz452.jpg,2022-09-13,911,2288,2,7-91122882
Russia,Soviet Union,13 UAZ-469 jeep,captured,https://i.postimg.cc/7bvZVNPD/2022-09-23-T-72-B3-2.jpg,2022-09-25,912,2289,2,7-91222892
Russia,Soviet Union,130 T-80BV,captured,https://twitter.com/UAWeapons/status/1578297535713914880,2022-10-08,922,2301,2,7-92223012
Russia,Russia,130 Ural-4320 tanker,captured,https://i.postimg.cc/1X9qKJQk/1007-ural-tanker-capt.jpg,2022-11-28,925,2307,2,7-92523072
Russia,Soviet Union,131 BTR-80,captured,https://twitter.com/UAWeapons/status/1590475052021321728,2022-11-10,935,2327,2,7-93523272
Russia,Russia,131 GAZ Tigr-M,captured,https://i.postimg.cc/6Ts0FCgs/1007-tigr-m-capt-09-03-23.jpg,2023-03-11,937,2329,2,7-93723292
Russia,Soviet Union,131 MT-LBVM and MT-LBVMK,captured,https://twitter.com/UAWeapons/status/1581596993981665284,2022-10-17,939,2339,2,7-93923392
Russia,Soviet Union,131 MT-LBVM and MT-LBVMK,captured,https://i.postimg.cc/8cjT3KxK/07-26-2022-MT-LBVM-K-captured-Mykolaiv-Region.png,2022-11-02,939,2340,2,7-93923402
Russia,Soviet Union,132 BMP-1(P),captured,https://i.postimg.cc/GmKgzL7N/1020-bmp1-2.jpg,2022-09-09,949,2364,2,7-94923642
Russia,Soviet Union,132 BMP-1(P),captured,https://i.postimg.cc/jStkzwXP/1021-bmp1.jpg,2022-09-09,949,2365,2,7-94923652
Russia,Soviet Union,132 BMP-1(P),captured,https://twitter.com/UAWeapons/status/1567970224015659011,2022-09-09,949,2366,2,7-94923662
Russia,Soviet Union,132 MT-LBVM and MT-LBVMK,captured,https://i.postimg.cc/Wb7HNZBB/1014-mtlbvmk-capt-25-Sep-2022.jpg,2022-10-24,953,2371,2,7-95323712
Russia,Soviet Union,1325 BMP-2(K),captured,https://i.postimg.cc/hGyrH9cF/1029-bmp2-capt-10-07-24.jpg,2024-07-15,963,2395,2,7-96323952
Russia,Soviet Union,134 152mm 2S19 Msta-S,captured,https://i.postimg.cc/cHCFYgLz/1016-msta-s-capt-03-04-22.jpg,2023-07-28,976,2425,2,7-97624252
Russia,Soviet Union,134 BMP-1(P),captured,https://i.postimg.cc/9QYM4kSj/1021-bmp1.jpg,2022-09-10,977,2426,2,7-97724262
Russia,Soviet Union,134 BMP-1(P),captured,https://i.postimg.cc/pLTnN0j2/1001-bmp1.jpg,2022-09-10,977,2427,2,7-97724272
Russia,Soviet Union,134 BTR-80,captured,https://i.postimg.cc/Hsb39jHv/1011-btr80-capt.jpg,2022-11-18,979,2430,2,7-97924302
Russia,Soviet Union,134 T-80BV,captured,https://i.postimg.cc/HxvfR8j9/1002-t80bv-capt.jpg,2022-10-10,981,2436,2,7-98124362
Russia,Soviet Union,134 T-80BV,captured,https://i.postimg.cc/tJMp3mhy/1025-t80bv-capt.jpg,2022-10-10,981,2437,2,7-98124372
Russia,Soviet Union,1341 BMP-2(K),captured,https://i.postimg.cc/SxGMp8dg/1050-BMP-2-K-capt-31-10-22.jpg,2024-07-31,988,2452,2,7-98824522
Russia,Russia,135 GAZ Tigr-M,captured,https://i.postimg.cc/CKCb5wrs/4fp.png,2023-03-29,996,2465,2,7-99624652
Russia,Soviet Union,135 MT-LBVM and MT-LBVMK,captured,https://i.postimg.cc/WzxyjhM1/1012-mtlbvmk-dam-capt.jpg,2022-11-12,998,2471,2,7-99824712
Russia,Soviet Union,1358 BMP-2(K),captured,https://i.postimg.cc/rmjRcN6w/1006-BMP-2-K-capt-28-10-22.jpg,2024-08-28,1004,2489,2,7-100424892
Russia,Soviet Union,136 T-80BV,captured,https://i.postimg.cc/RVsyDwYv/1015-t80bv-capt.jpg,2022-10-12,1011,2502,2,7-101125022
Russia,Soviet Union,137 BMP-1(P),captured,https://i.postimg.cc/PqwnYm0b/1024-bmp1.jpg,2022-09-11,1020,2524,2,7-102025242
Russia,Soviet Union,137 BMP-1(P),captured,https://i.postimg.cc/ZnJGGXnj/1026-bmp1.jpg,2022-09-11,1020,2525,2,7-102025252
Russia,Russia,137 KamAZ 6x6 tanker,captured,https://i.postimg.cc/zfwH0Ndh/1083-Kam-AZ-6x6-tanker-capt-08-06-24.jpg,2024-06-12,1025,2534,2,7-102525342
Russia,Soviet Union,137 MT-LBVM and MT-LBVMK,captured,https://i.postimg.cc/26NkkVKv/1013-mtlbvmk-capt.jpg,2022-11-13,1026,2535,2,7-102625352
Russia,Soviet Union,137 MT-LBVM and MT-LBVMK,captured,https://i.postimg.cc/y856GfhL/1015-mtlbvm-capt.jpg,2022-11-13,1026,2536,2,7-102625362
Russia,Soviet Union,1379 BMP-2(K),captured,https://i.postimg.cc/tCXRNNJR/1042-BMP-2-K-capt-01-10-24.jpg,2024-10-03,1036,2556,2,7-103625562
Russia,Soviet Union,138 BTR-80,captured,https://i.postimg.cc/bJfjr7yQ/1000-btr-80-capt.jpg,2022-12-08,1039,2560,2,7-103925602
Russia,Soviet Union,139 BMP-1(P),captured,https://twitter.com/UAWeapons/status/1569058662869516289,2022-09-12,1048,2578,2,7-104825782
Russia,Soviet Union,139 BMP-1(P),captured,https://i.postimg.cc/L6gn7XLT/1012-bmp1.jpg,2022-09-12,1048,2579,2,7-104825792
Russia,Soviet Union,139 T-80BV,captured,https://i.postimg.cc/2STDrpRS/1037-2x-t-80bv-dam-capt.jpg,2022-10-16,1053,2588,2,7-105325882
Russia,Russia,14 'Orlan-20' ''Kartograf'',captured,https://i.postimg.cc/wvY5Sf28/1009-Orlan-20-capt-16-05-23.jpg,2023-05-23,1058,2597,2,7-105825972
Russia,Soviet Union,14 1V13(M) battery fire control center,captured,https://i.postimg.cc/j2LJrjX2/1021-1-V13-1-battery-fire-control-centre-capt.jpg,2022-11-12,1063,2603,2,7-106326032
Russia,Russia,14 Eleron T28ME,captured,https://i.postimg.cc/d3zF62mw/1050-Eleron-7-Eleron-T28-ME-reconnaissance-UAV-capt-04-02-25.jpg,2025-04-13,1076,2619,2,7-107626192
Russia,Russia,14 Feniks,captured,https://i.postimg.cc/rFqpWhJh/1020-Feniks-reconnaissance-UAV-capt-10-12-24.jpg,2025-05-12,1077,2620,2,7-107726202
Russia,Soviet Union,14 IMR-2(M) combat engineering vehicle,captured,https://twitter.com/UAWeapons/status/1569229469990227970,2022-09-13,1079,2623,2,7-107926232
Russia,Russia,14 KamAZ 8x8,captured,https://i.postimg.cc/wvhd7vgh/2022-09-28-Kam-AZ-8x8.jpg,2022-09-29,1080,2624,2,7-108026242
Russia,Russia,14 KamAZ 8x8,captured,https://i.postimg.cc/pdCPSvr3/437.png,2022-11-12,1080,2625,2,7-108026252
Russia,Soviet Union,14 T-62MV,captured,https://i.postimg.cc/K8PSTHMJ/1032-t62mv-capt-22-02-23.jpg,2023-02-23,1089,2638,2,7-108926382
Russia,Soviet Union,14 UAZ-452 van,captured,https://postimg.cc/mcKm38z9,2022-09-14,1093,2644,2,7-109326442
Russia,Soviet Union,140 MT-LBVM and MT-LBVMK,captured,https://i.postimg.cc/sxfmzzdd/1003-MT-LBVMK-capt.jpg,2022-11-21,1103,2656,2,7-110326562
Russia,Russia,140 Ural-4320 tanker,captured,https://i.postimg.cc/rpssVs1t/1003-ural-tanker-capt-03-04-22.jpg,2023-01-01,1107,2664,2,7-110726642
Russia,Soviet Union,142 T-80BV,captured,https://i.postimg.cc/RV86r1xZ/1002-t80bv-capt.jpg,2022-10-17,1133,2743,2,7-113327432
Russia,Soviet Union,143 MT-LBVM and MT-LBVMK,captured,https://i.postimg.cc/xCQySv9y/1001-MT-LBVMK-capt.jpg,2022-11-24,1146,2775,2,7-114627752
Russia,Soviet Union,143 MT-LBVM and MT-LBVMK,captured,https://i.postimg.cc/NMx8GKMh/1002-MT-LBVMK-capt-19-11.jpg,2022-11-24,1146,2776,2,7-114627762
Russia,Soviet Union,144 BMP-1(P),captured,https://twitter.com/UAWeapons/status/1569381077759807489,2022-09-13,1153,2794,2,7-115327942
Russia,Soviet Union,144 BMP-1(P),captured,https://twitter.com/UAWeapons/status/1569295685689954305,2022-09-13,1153,2795,2,7-115327952
Russia,Soviet Union,144 BMP-1(P),captured,https://twitter.com/UAWeapons/status/1569429188360167427,2022-09-13,1153,2796,2,7-115327962
Russia,Soviet Union,144 BMP-1(P),captured,https://i.postimg.cc/RF1W2CVg/1015-bmp1.jpg,2022-09-13,1153,2797,2,7-115327972
Russia,Russia,145 Ural-4320 tanker,captured,https://i.postimg.cc/7LxQ9kyh/1030-ural-tanker-capt-xx-11-22.jpg,2023-01-10,1175,2846,2,7-117528462
Russia,Soviet Union,146 BMP-1(P),captured,https://twitter.com/UAWeapons/status/1570157461973401600,2022-09-15,1183,84,2,7-1183842
Russia,Soviet Union,146 BMP-1(P),captured,https://i.postimg.cc/BQHYGVms/3gd.png,2022-09-15,1183,2865,2,7-118328652
Russia,Soviet Union,146 BMP-1(P),captured,https://i.postimg.cc/MTC5QWBH/1002-bmp1.jpg,2022-09-15,1183,2866,2,7-118328662
Russia,Soviet Union,146 T-80BV,captured,https://i.postimg.cc/mgFkH5NF/1500-2x-t80bv-destr-1.jpg,2022-10-18,1186,2871,2,7-118628712
Russia,Russia,146 Ural-4320 tanker,captured,https://i.postimg.cc/7hHYBypR/1006-ural-tanker-capt-12-01-23.jpg,2023-01-14,1189,2875,2,7-118928752
Russia,Soviet Union,147 T-80BV,captured,https://i.postimg.cc/1RDMdsTh/1013-t80bv-capt.jpg,2022-10-21,1198,2891,2,7-119828912
Russia,Soviet Union,1485 BMP-2(K),captured,https://i.postimg.cc/5N7cqB8q/1137-BMP-2-K-capt-30-09-22.jpg,2025-03-20,1213,2930,2,7-121329302
Russia,Russia,149 Ural-4320 tanker,captured,https://i.postimg.cc/9FmtH8PK/1000-ural-tanker-capt-11-09-22.jpg,2023-01-24,1220,2947,2,7-122029472
Russia,Russia,149 Ural-4320 tanker,captured,https://i.postimg.cc/Hs60YwBx/1013-ural-tanker-capt-19-01-23.jpg,2023-01-24,1220,2948,2,7-122029482
Russia,Russia,15 152mm 2S33 Msta-SM2,captured,https://twitter.com/UAWeapons/status/1586070919994576896,2022-10-29,1229,2964,2,7-122929642
Russia,Soviet Union,15 1V13(M) battery fire control center,captured,https://i.postimg.cc/BZBtS0Bt/1003-1-V13-capt-01-01-23.jpg,2023-01-04,1231,2968,2,7-123129682
Russia,Soviet Union,15 23mm ZU-23-2,captured,https://i.postimg.cc/9fFYwdpw/ZU-23-2-captured.png,2022-10-10,1234,2971,2,7-123429712
Russia,Russia,15 Feniks,captured,https://i.postimg.cc/7P11jBsT/1015-Feniks-reconnaissance-UAV-capt-28-03-25.jpg,2025-06-08,1242,2981,2,7-124229812
Russia,Russia,15 KamAZ 4x4,captured,https://i.postimg.cc/brtKf1n0/1006-kamaz4x4.jpg,2022-09-22,1245,2983,2,7-124529832
Russia,Russia,15 KamAZ 8x8,captured,https://i.postimg.cc/FR6Whkkk/1034-kamaz8x8-capt-01-03-22.jpg,2023-01-10,1246,2984,2,7-124629842
Russia,Soviet Union,15 MT-LB with ZU-23 AA gun,captured,https://i.postimg.cc/8crFr596/MT-LB-with-ZU-23-2-autocannon.png,2022-10-10,1247,2985,2,7-124729852
Russia,Soviet Union,15 MT-LB with ZU-23 AA gun,captured,https://i.postimg.cc/kXqzyt9Z/1024-MT-LB-with-Zu-23-2-capt.jpg,2022-10-10,1247,2986,2,7-124729862
Russia,Soviet Union,15 MT-LB with ZU-23 AA gun,captured,https://i.postimg.cc/wBZn5fTc/1026-MT-LB-with-Zu-23-2-capt.jpg,2022-10-10,1247,2987,2,7-124729872
Russia,Russia,15 T-72BA,captured,https://i.postimg.cc/YS6r5Rwf/1027-t72ba-capt.jpg,2022-10-10,1252,2994,2,7-125229942
Russia,Soviet Union,15 UAZ-452 van,captured,https://i.postimg.cc/QCRnfvKj/1007-uaz452.jpg,2022-09-22,1254,2996,2,7-125429962
Russia,Soviet Union,15 UAZ-469 jeep,captured,https://i.postimg.cc/mDmWNdt1/1.png,2022-09-30,1255,2997,2,7-125529972
Russia,Soviet Union,150 BMP-1(P),captured,https://postimg.cc/0zKZyJT9,2022-09-16,1260,3003,2,7-126030032
Russia,Soviet Union,150 BMP-1(P),captured,https://postimg.cc/ygWwhxR8,2022-09-16,1260,3004,2,7-126030042
Russia,Soviet Union,150 BMP-1(P),captured,https://twitter.com/UAWeapons/status/1570421404750991360,2022-09-16,1260,3005,2,7-126030052
Russia,Soviet Union,150 T-80BV,captured,https://i.postimg.cc/X7sR125X/1003-t80bv-dam-capt.jpg,2022-10-24,1263,3009,2,7-126330092
Russia,Soviet Union,151 BTR-80,captured,https://i.postimg.cc/L41RjVms/1044-btr80-capt-15-10-22.jpg,2023-01-21,1271,3029,2,7-127130292
Russia,Soviet Union,151 MT-LBVM and MT-LBVMK,captured,https://i.postimg.cc/jd6K2zSL/1001-mtlbvmk-capt.jpg,2022-12-09,1273,3032,2,7-127330322
Russia,Soviet Union,151 T-80BV,captured,https://i.postimg.cc/3NwPRsSL/1012-t80bv-capt.jpg,2022-10-26,1274,3034,2,7-127430342
Russia,Russia,151 ZALA Z-16 (421-16Е),captured,https://i.postimg.cc/gcCX3tty/1051-ZALA-Z-16-421-16-reconnaissance-UAV-capt-05-01-25.jpg,2025-04-07,1277,3041,2,7-127730412
Russia,Russia,151 ZALA Z-16 (421-16Е),captured,https://i.postimg.cc/65C7cVFk/1088-ZALA-Z-16-421-16-reconnaissance-UAV-capt-24-10-24.jpg,2025-04-07,1277,3042,2,7-127730422
Russia,Russia,151 ZALA Z-16 (421-16Е),captured,https://i.postimg.cc/vZM4Ngsc/1089-ZALA-Z-16-421-16-reconnaissance-UAV-capt-27-10-24.jpg,2025-04-07,1277,3043,2,7-127730432
Russia,Russia,151 ZALA Z-16 (421-16Е),captured,https://i.postimg.cc/523Xd44p/1090-ZALA-Z-16-421-16-reconnaissance-UAV-capt-27-10-24.jpg,2025-04-07,1277,3044,2,7-127730442
Russia,Soviet Union,152 BMP-1(P),captured,https://twitter.com/UAWeapons/status/1571180289560297476,2022-09-18,1281,3052,2,7-128130522
Russia,Soviet Union,152 BMP-1(P),captured,https://postimg.cc/Yh1ntpQz,2022-09-18,1281,3053,2,7-128130532
Russia,Soviet Union,152 MT-LBVM and MT-LBVMK,captured,https://i.postimg.cc/YqL80N1Q/1019-MT-LBVMK-capt.jpg,2022-12-15,1284,3057,2,7-128430572
Russia,Soviet Union,152 MT-LBVM and MT-LBVMK,captured,https://i.postimg.cc/YCcRW43Z/1036-MT-LB-VMK-capt.jpg,2022-12-15,1284,3058,2,7-128430582
Russia,Russia,152 Ural-4320 tanker,captured,https://i.postimg.cc/3w3s4n7n/1047-ural-tanker-capt-27-03-22.jpg,2023-02-03,1286,3062,2,7-128630622
Russia,Russia,152 ZALA Z-16 (421-16Е),captured,https://i.postimg.cc/Qxdf93wf/1052-ZALA-Z-16-421-16-reconnaissance-UAV-capt-19-12-24.jpg,2025-04-10,1288,3065,2,7-128830652
Russia,Soviet Union,152mm 2A36 Giatsint-B field-gun,captured,https://i.postimg.cc/Vs27hfRW/4f.png,2023-04-18,1291,3080,2,7-129130802
Russia,Soviet Union,152mm 2A36 Giatsint-B field-gun,captured,https://i.postimg.cc/RFtsYR44/1021-2-A36-Giatsint-B-field-gun-capt-31-08-24.jpg,2024-11-23,1291,3103,2,7-129131032
Russia,Soviet Union,152mm 2A65 Msta-B howitzer,captured,https://i.postimg.cc/hPHYt3Gw/67.png,2022-03-19,1292,3115,2,7-129231152
Russia,Soviet Union,152mm 2A65 Msta-B howitzer,captured,https://i.postimg.cc/fyyLqsyT/45.png,2022-03-26,1292,3117,2,7-129231172
Russia,Soviet Union,152mm 2A65 Msta-B howitzer,captured,https://i.postimg.cc/v8NzV8Dr/ml.jpg,2022-03-27,1292,3118,2,7-129231182
Russia,Soviet Union,152mm 2A65 Msta-B howitzer,captured,https://i.postimg.cc/PxnRQvP2/57.png,2022-04-04,1292,3122,2,7-129231222
Russia,Soviet Union,152mm 2A65 Msta-B howitzer,captured,https://i.postimg.cc/NGX2Bc6r/c1.jpg,2022-04-06,1292,3123,2,7-129231232
Russia,Soviet Union,152mm 2A65 Msta-B howitzer,captured,https://i.postimg.cc/j5wwWVBm/c2.jpg,2022-04-06,1292,3124,2,7-129231242
Russia,Soviet Union,152mm 2A65 Msta-B howitzer,captured,https://i.postimg.cc/J0Ncj6gb/b56.jpg,2022-04-09,1292,3125,2,7-129231252
Russia,Soviet Union,152mm 2A65 Msta-B howitzer,captured,https://i.postimg.cc/NMzvD0kR/540.jpg,2022-04-14,1292,3126,2,7-129231262
Russia,Soviet Union,152mm 2A65 Msta-B howitzer,captured,https://i.postimg.cc/MK5RVChf/76j.png,2022-04-23,1292,3127,2,7-129231272
Russia,Soviet Union,152mm 2A65 Msta-B howitzer,captured,https://postimg.cc/phhtFG0p,2022-08-13,1292,3134,2,7-129231342
Russia,Soviet Union,152mm 2A65 Msta-B howitzer,captured,https://i.postimg.cc/4338Nym4/1024-msta-b.jpg,2022-09-08,1292,3137,2,7-129231372
Russia,Soviet Union,152mm 2A65 Msta-B howitzer,captured,https://twitter.com/UAWeapons/status/1568337843084206081,2022-09-10,1292,3138,2,7-129231382
Russia,Soviet Union,152mm 2S19 Msta-S,captured,https://i.postimg.cc/2Sk1L977/66534.jpg,2022-03-19,1293,3152,2,7-129331522
Russia,Soviet Union,152mm 2S19 Msta-S,captured,https://i.postimg.cc/MK00cndM/k8.png,2022-03-19,1293,3153,2,7-129331532
Russia,Soviet Union,152mm 2S19 Msta-S,captured,https://i.postimg.cc/x8ZVc6HH/887.png,2022-03-19,1293,3154,2,7-129331542
Russia,Soviet Union,152mm 2S19 Msta-S,captured,https://i.postimg.cc/sghCGWxB/65.png,2022-03-19,1293,3155,2,7-129331552
Russia,Soviet Union,152mm 2S19 Msta-S,captured,https://i.postimg.cc/C5XkV6Vs/544.png,2022-03-19,1293,3156,2,7-129331562
Russia,Soviet Union,152mm 2S19 Msta-S,captured,https://i.postimg.cc/TwVtf4qx/5490.png,2022-03-26,1293,3157,2,7-129331572
Russia,Soviet Union,152mm 2S19 Msta-S,captured,https://i.postimg.cc/J0QbTYf7/6h.jpg,2022-03-26,1293,3161,2,7-129331612
Russia,Soviet Union,152mm 2S19 Msta-S,captured,https://i.postimg.cc/PqdwjNvQ/4441.png,2022-03-26,1293,3162,2,7-129331622
Russia,Soviet Union,152mm 2S19 Msta-S,captured,https://i.postimg.cc/pdLCyHCM/f4.jpg,2022-03-26,1293,3163,2,7-129331632
Russia,Soviet Union,152mm 2S19 Msta-S,captured,https://i.postimg.cc/ZKHmyGgk/2s5.png,2022-03-29,1293,3164,2,7-129331642
Russia,Soviet Union,152mm 2S19 Msta-S,captured,https://i.postimg.cc/4xzGdvw2/16.png,2022-03-29,1293,3165,2,7-129331652
Russia,Soviet Union,152mm 2S19 Msta-S,captured,https://i.postimg.cc/wv0gDZCF/d332.png,2022-04-04,1293,3174,2,7-129331742
Russia,Soviet Union,152mm 2S19 Msta-S,captured,https://i.postimg.cc/W1rbF9Xq/h76.jpg,2022-04-04,1293,3175,2,7-129331752
Russia,Soviet Union,152mm 2S19 Msta-S,captured,https://i.postimg.cc/6QXqszSK/32d.png,2022-04-04,1293,3176,2,7-129331762
Russia,Soviet Union,152mm 2S19 Msta-S,captured,https://i.postimg.cc/76N0kB0z/s1.jpg,2022-04-04,1293,3177,2,7-129331772
Russia,Soviet Union,152mm 2S19 Msta-S,captured,https://i.postimg.cc/k5Bj14kH/76.jpg,2022-04-06,1293,3179,2,7-129331792
Russia,Soviet Union,152mm 2S19 Msta-S,captured,https://i.postimg.cc/zBbygxv0/998.jpg,2022-04-09,1293,3181,2,7-129331812
Russia,Soviet Union,152mm 2S19 Msta-S,captured,https://i.postimg.cc/mDtZZJjS/687.png,2022-04-13,1293,3187,2,7-129331872
Russia,Soviet Union,152mm 2S19 Msta-S,captured,https://i.postimg.cc/MpTXKnr8/57799.jpg,2022-04-14,1293,3188,2,7-129331882
Russia,Soviet Union,152mm 2S19 Msta-S,captured,https://i.postimg.cc/GmjR3x8R/3g.jpg,2022-04-24,1293,3189,2,7-129331892
Russia,Soviet Union,152mm 2S19 Msta-S,captured,https://i.postimg.cc/mZ0MYdWr/58.jpg,2022-05-11,1293,3192,2,7-129331922
Russia,Soviet Union,152mm 2S19 Msta-S,captured,https://i.postimg.cc/DfS7qsFb/ff2.jpg,2022-05-23,1293,3194,2,7-129331942
Russia,Soviet Union,152mm 2S19 Msta-S,captured,https://i.postimg.cc/hjsf9tb9/66hf.png,2022-05-29,1293,3195,2,7-129331952
Russia,Soviet Union,152mm 2S19 Msta-S,captured,https://i.postimg.cc/WzTFyJWd/hhh6.jpg,2022-05-30,1293,3196,2,7-129331962
Russia,Soviet Union,152mm 2S19 Msta-S,captured,https://i.postimg.cc/vZPG0D9W/5f.png,2022-06-06,1293,3197,2,7-129331972
Russia,Soviet Union,152mm 2S19 Msta-S,captured,https://i.postimg.cc/7ZtrPYcp/1020-msta-s.jpg,2022-09-11,1293,3209,2,7-129332092
Russia,Soviet Union,152mm 2S19 Msta-S,captured,https://twitter.com/UAWeapons/status/1568901256038567938,2022-09-12,1293,3210,2,7-129332102
Russia,Soviet Union,152mm 2S19 Msta-S,captured,https://twitter.com/UAWeapons/status/1569229469990227970,2022-09-13,1293,2623,2,7-129326232
Russia,Soviet Union,152mm 2S19 Msta-S,captured,https://twitter.com/UAWeapons/status/1569229447093702657,2022-09-13,1293,3212,2,7-129332122
Russia,Soviet Union,152mm 2S19 Msta-S,captured,https://twitter.com/UAWeapons/status/1569424767517597702,2022-09-13,1293,3213,2,7-129332132
Russia,Soviet Union,152mm 2S3 Akatsiya,captured,https://i.postimg.cc/BQMW1NcT/g3d.png,2022-03-19,1294,3219,2,7-129432192
Russia,Soviet Union,152mm 2S3 Akatsiya,captured,https://i.postimg.cc/mr6tkF1j/478.png,2022-03-26,1294,3227,2,7-129432272
Russia,Soviet Union,152mm 2S3 Akatsiya,captured,https://i.postimg.cc/brZmC6g0/3ff.jpg,2022-04-04,1294,3232,2,7-129432322
Russia,Soviet Union,152mm 2S3 Akatsiya,captured,https://i.postimg.cc/QC1Wqp3f/a11.jpg,2022-04-04,1294,3233,2,7-129432332
Russia,Soviet Union,152mm 2S3 Akatsiya,captured,https://i.postimg.cc/ZRgtgX6V/357.png,2022-04-04,1294,3234,2,7-129432342
Russia,Soviet Union,152mm 2S3 Akatsiya,captured,https://i.postimg.cc/qMHKvZsS/a13.jpg,2022-04-04,1294,3235,2,7-129432352
Russia,Soviet Union,152mm 2S3 Akatsiya,captured,https://i.postimg.cc/wBr6HZXy/34.jpg,2022-04-23,1294,3241,2,7-129432412
Russia,Soviet Union,152mm 2S3(M) Akatsiya,captured,https://i.postimg.cc/mgskC4w1/656.jpg,2022-05-23,1295,3247,2,7-129532472
Russia,Soviet Union,152mm 2S3(M) Akatsiya,captured,https://i.postimg.cc/s27VF9MQ/37.png,2022-05-23,1295,3248,2,7-129532482
Russia,Soviet Union,152mm 2S3(M) Akatsiya,captured,https://i.postimg.cc/K86gnCNB/1035-2s3-dam-capt-03-05-23.jpg,2023-05-06,1295,3274,2,7-129532742
Russia,Russia,152mm 2S33 Msta-SM2,captured,https://i.postimg.cc/3wbHT3MM/72.png,2022-03-19,1296,3366,2,7-129633662
Russia,Russia,152mm 2S33 Msta-SM2,captured,https://i.postimg.cc/YSD5yMc0/369.png,2022-03-26,1296,3367,2,7-129633672
Russia,Russia,152mm 2S33 Msta-SM2,captured,https://i.postimg.cc/kGL6NWBJ/35.png,2022-03-26,1296,3368,2,7-129633682
Russia,Russia,152mm 2S33 Msta-SM2,captured,https://i.postimg.cc/654NRtxk/583.png,2022-04-17,1296,3369,2,7-129633692
Russia,Russia,152mm 2S33 Msta-SM2,captured,https://twitter.com/UAWeapons/status/1567980932199505920,2022-09-09,1296,3370,2,7-129633702
Russia,Russia,152mm 2S33 Msta-SM2,captured,https://twitter.com/UAWeapons/status/1567829730321113089,2022-09-10,1296,3371,2,7-129633712
Russia,Russia,152mm 2S33 Msta-SM2,captured,https://i.postimg.cc/K88yyg9P/1021-msta-sm2.jpg,2022-09-11,1296,3372,2,7-129633722
Russia,Russia,152mm 2S33 Msta-SM2,captured,https://twitter.com/UAWeapons/status/1568899257771384832,2022-09-12,1296,3373,2,7-129633732
Russia,Russia,152mm 2S33 Msta-SM2,captured,https://twitter.com/UAWeapons/status/1569288340041568258,2022-09-13,1296,83,2,7-1296832
Russia,Soviet Union,152mm D-20 gun-howitzer,captured,https://twitter.com/UAWeapons/status/1570491371903131649,2022-09-16,1297,3375,2,7-129733752
Russia,Soviet Union,152mm D-20 gun-howitzer,captured,https://twitter.com/UAWeapons/status/1577737276783837196,2022-10-06,1297,3377,2,7-129733772
Russia,Soviet Union,153 MT-LBVM and MT-LBVMK,captured,https://i.postimg.cc/dQjnd8YB/1011-MT-LBVMK-capt-23-12-22.jpg,2022-12-30,1302,3428,2,7-130234282
Russia,Soviet Union,154 BMP-1(P),captured,https://twitter.com/UAWeapons/status/1571497912613445634,2022-09-19,1313,3450,2,7-131334502
Russia,Soviet Union,154 BTR-80,captured,https://i.postimg.cc/zftMb340/1027-btr80-capt-16-02-23.jpg,2023-02-18,1314,3453,2,7-131434532
Russia,Soviet Union,154 MT-LBVM and MT-LBVMK,captured,https://i.postimg.cc/DfWkynkb/1005-MT-LBVMK-capt-12-11-22.jpg,2023-01-01,1318,3463,2,7-131834632
Russia,Soviet Union,154 T-80BV,captured,https://i.postimg.cc/CKJP8w88/1021-t80bv-capt.jpg,2022-10-27,1319,3466,2,7-131934662
Russia,Soviet Union,155 BMP-1(P),captured,https://i.postimg.cc/vZKJYwpk/2022-09-11-BMP-1.jpg,2022-09-22,1325,3475,2,7-132534752
Russia,Soviet Union,155 BTR-80,captured,https://postlmg.cc/sB8Cszbn,2023-04-08,1327,3493,2,7-132734932
Russia,Russia,155 Ural-4320 tanker,captured,https://i.postimg.cc/P5XS4SS9/669.jpg,2023-04-03,1333,3510,2,7-133335102
Russia,Soviet Union,156 BTR-80,captured,https://i.postimg.cc/8cP5Q6Kz/764p.png,2023-04-03,1337,3517,2,7-133735172
Russia,Soviet Union,156 BTR-80,captured,https://i.postimg.cc/8cKJC0KY/image.jpg,2023-04-06,1337,3520,2,7-133735202
Russia,Soviet Union,156 BTR-80,captured,https://postimg.cc/Yhq1prvQ,2023-04-06,1337,3521,2,7-133735212
Russia,Soviet Union,156 T-80BV,captured,https://i.postimg.cc/zBtjG5fZ/1016-t80bv-capt.jpg,2022-10-30,1341,3528,2,7-134135282
Russia,Soviet Union,157 BMP-1(P),captured,https://i.postimg.cc/6QSJnxSM/1002-bmp1.jpg,2022-09-27,1346,3537,2,7-134635372
Russia,Soviet Union,158 BMP-1(P),captured,https://postimg.cc/D8D0p2CH,2022-09-30,1355,3550,2,7-135535502
Russia,Soviet Union,158 BTR-80,captured,https://i.postimg.cc/xCd1nMS7/1010-btr80-capt-03-10-22.png,2023-03-16,1356,3551,2,7-135635512
Russia,Russia,158 ZALA Z-16 (421-16Е),captured,https://i.postimg.cc/nh3MFB2G/1039-ZALA-Z-16-421-16-reconnaissance-UAV-capt-10-11-24.jpg,2025-05-12,1364,3568,2,7-136435682
Russia,Soviet Union,159 T-80BV,captured,https://twitter.com/UAWeapons/status/1587378383465455617,2022-11-02,1369,3576,2,7-136935762
Russia,Soviet Union,159 T-80BV,captured,https://i.postimg.cc/xCBSV5Kp/1008-t80bv-capt.jpg,2022-11-02,1369,3577,2,7-136935772
Russia,Russia,159 ZALA Z-16 (421-16Е),captured,https://i.postimg.cc/pVwXrNNC/1019-ZALA-Z-16-421-16-reconnaissance-UAV-capt-04-03-25.jpg,2025-05-27,1372,3580,2,7-137235802
Russia,Soviet Union,16 100mm MT-12 anti-tank gun,captured,https://i.postimg.cc/WzpFyZdX/1021-mt12-capt-03-04-22.jpg,2023-05-17,1374,3582,2,7-137435822
Russia,Soviet Union,16 1V14 battery command and forward observer vehicle,captured,https://i.postimg.cc/BnLKPJxJ/1008-1v14-m-capt-31-03-22.jpg,2023-05-06,1380,3589,2,7-138035892
Russia,Soviet Union,16 23mm ZU-23-2,captured,https://i.postimg.cc/4dfGF8DN/1010-ZU-23-2-capt.jpg,2022-11-22,1382,3591,2,7-138235912
Russia,Soviet Union,16 BRM-1K reconnaissance vehicle,captured,https://i.postimg.cc/Px4KPtq9/1003-brm1k.jpg,2022-09-12,1388,3597,2,7-138835972
Russia,Soviet Union,16 BRM-1K reconnaissance vehicle,captured,https://i.postimg.cc/g0nfvNjc/1013-brm1k.jpg,2022-09-12,1388,3598,2,7-138835982
Russia,Russia,16 Eleron T28ME,captured,https://i.postimg.cc/xdpKRpTD/1007-Eleron-7-Eleron-T28-ME-reconnaissance-UAV-capt-26-11-24.jpg,2025-05-12,1390,3603,2,7-139036032
Russia,Russia,16 Feniks,captured,https://i.postimg.cc/SKZH4hxF/1003-Feniks-reconnaissance-UAV-capt-18-03-25.jpg,2025-06-27,1391,3604,2,7-139136042
Russia,Soviet Union,16 IMR-2(M) combat engineering vehicle,captured,https://i.postimg.cc/2yqkm7Qk/1017-imr2.jpg,2022-09-28,1393,3606,2,7-139336062
Russia,Russia,16 KamAZ 8x8,captured,https://i.postimg.cc/wBHp5955/1018-kamaz8x8-capt-29-01-23.jpg,2023-02-03,1394,3607,2,7-139436072
Russia,Soviet Union,16 MT-LB with ZU-23 AA gun,captured,https://i.postimg.cc/HnwkWzK7/2022-09-01-mt-lb-with-zu-23.jpg,2022-10-17,1395,3608,2,7-139536082
Russia,Soviet Union,16 T-62M,captured,https://i.postimg.cc/pdNwMqJq/4500-t62m-capt.jpg,2022-10-06,1400,3616,2,7-140036162
Russia,Soviet Union,16 T-62M,captured,https://twitter.com/UAWeapons/status/1577645612891361281,2022-10-06,1400,3617,2,7-140036172
Russia,Soviet Union,16 T-62M,captured,https://twitter.com/UAWeapons/status/1577553007725756419,2022-10-06,1400,3618,2,7-140036182
Russia,Soviet Union,16 T-62M,captured,https://twitter.com/UAWeapons/status/1577556971389075459,2022-10-06,1400,3619,2,7-140036192
Russia,Soviet Union,16 T-62M,captured,https://twitter.com/UAWeapons/status/1577688073231540224,2022-10-06,1400,3620,2,7-140036202
Russia,Soviet Union,16 UAZ-469 jeep,captured,https://i.postimg.cc/bYMyQdx2/2022-09-11-BMP-2-UAZ-469.png,2022-10-02,1408,3634,2,7-140836342
Russia,Soviet Union,161 BMP-1(P),captured,https://i.postimg.cc/DzKKF4L9/1008-bmp1-captu.jpg,2022-10-02,1423,3656,2,7-142336562
Russia,Soviet Union,161 BMP-1(P),captured,https://i.postimg.cc/tCLKgxh2/2022-09-27-BMP-1.jpg,2022-10-02,1423,3657,2,7-142336572
Russia,Soviet Union,161 MT-LBVM and MT-LBVMK,captured,https://i.postimg.cc/yYd59KMg/1011-MT-LBVMK-capt-21-03-22.jpg,2023-02-21,1427,3662,2,7-142736622
Russia,Russia,161 ZALA Z-16 (421-16Е),captured,https://i.postimg.cc/mkFLnLRD/1011-ZALA-Z-16-421-16-reconnaissance-UAV-capt-31-03-25.jpg,2025-06-01,1430,3665,2,7-143036652
Russia,Soviet Union,162 BMP-1(P),captured,https://i.postimg.cc/mgq5H5pG/2022-09-14-BMP-1.jpg,2022-10-03,1432,3667,2,7-143236672
Russia,Soviet Union,163 MT-LBVM and MT-LBVMK,captured,https://i.postimg.cc/LX3HsprK/1014-MT-LBVMK-capt-08-03-23.jpg,2023-03-09,1438,3679,2,7-143836792
Russia,Soviet Union,164 BMP-1(P),captured,https://i.postimg.cc/5NQsY1gs/1005-bmp1-capt.jpg,2022-10-05,1442,3692,2,7-144236922
Russia,Russia,164 BTR-82AT,captured,https://i.postimg.cc/c1jV7V0M/1018-BTR-82-AT-capt-14-09-24.jpg,2024-09-20,1444,3696,2,7-144436962
Russia,Russia,164 ZALA Z-16 (421-16Е),captured,https://i.postimg.cc/wMJnh2QF/1004-ZALA-Z-16-421-16-reconnaissance-UAV-capt-15-05-25.jpg,2025-06-08,1449,3708,2,7-144937082
Russia,Russia,164 ZALA Z-16 (421-16Е),captured,https://i.postimg.cc/c4s7WQ2k/1012-ZALA-Z-16-421-16-reconnaissance-UAV-capt-30-03-25.jpg,2025-06-08,1449,3709,2,7-144937092
Russia,Russia,165 GAZ Tigr-M,captured,https://i.postimg.cc/Bb3JjBzd/1120-tigr-m-capt-13-04-22.jpg,2024-04-21,1453,3714,2,7-145337142
Russia,Soviet Union,165 MT-LBVM and MT-LBVMK,captured,https://twitter.com/naalsio26/status/1644519437653901312,2023-04-08,1454,3715,2,7-145437152
Russia,Soviet Union,167 MT-LBVM and MT-LBVMK,captured,https://i.postimg.cc/W3VgPMRK/1036-MT-LBVMK-capt-30-04-23.jpg,2023-05-06,1467,3739,2,7-146737392
Russia,Soviet Union,168 BMP-1(P),captured,https://i.postimg.cc/hGCd6gvV/1009-bmp1-capt.jpg,2022-10-06,1474,3778,2,7-147437782
Russia,Soviet Union,168 BMP-1(P),captured,https://twitter.com/UAWeapons/status/1577572528683466752,2022-10-06,1474,3779,2,7-147437792
Russia,Soviet Union,168 BMP-1(P),captured,https://i.postimg.cc/DzfhLZrb/1020-bmp-1-capt.jpg,2022-10-06,1474,3780,2,7-147437802
Russia,Soviet Union,168 MT-LBVM and MT-LBVMK,captured,https://i.postimg.cc/hGKnFHNW/1033-MT-LBVMK-capt-09-05-23.jpg,2023-05-11,1477,3787,2,7-147737872
Russia,Soviet Union,168 T-80BV,captured,https://i.postimg.cc/26pW1mc1/1500-T-80-BV-damaged-1-captured.jpg,2022-11-10,1478,3789,2,7-147837892
Russia,Russia,168 Ural-4320 tanker,captured,https://i.postimg.cc/C5ZghsZY/1038-Ural-4320-tanker-capt-31-03-22.jpg,2023-10-12,1479,3791,2,7-147937912
Russia,Russia,168 Ural-4320 tanker,captured,https://i.postimg.cc/3r6hLV6w/1039-Ural-4320-tanker-capt-31-03-22.jpg,2023-10-12,1479,3792,2,7-147937922
Russia,Russia,168 ZALA Z-16 (421-16Е),captured,https://i.postimg.cc/hjMyJmPm/1009-ZALA-Z-16-421-16-reconnaissance-UAV-capt-31-03-25.jpg,2025-06-27,1481,3794,2,7-148137942
Russia,Russia,168 ZALA Z-16 (421-16Е),captured,https://i.postimg.cc/Vv67XNdV/1008-ZALA-Z-16-421-16-reconnaissance-UAV-capt-07-04-25.jpg,2025-06-27,1481,3795,2,7-148137952
Russia,Russia,168 ZALA Z-16 (421-16Е),captured,https://i.postimg.cc/DzkYRFMS/1006-ZALA-Z-16-421-16-reconnaissance-UAV-capt-07-04-25.jpg,2025-06-27,1481,3796,2,7-148137962
Russia,Soviet Union,17 152mm 2S5 Giatsint-S,captured,https://i.postimg.cc/05JZpQJZ/1025-2-S5-Giatsint-S-capt-08-01-23.jpg,2023-01-10,1496,3818,2,7-149638182
Russia,Soviet Union,17 23mm ZU-23-2,captured,https://i.postimg.cc/VkF2wKgy/1021-zu-23-2-capt-16-02-23.jpg,2023-02-18,1499,3821,2,7-149938212
Russia,Soviet Union,17 BMP-2D,captured,https://i.postimg.cc/wBLK57mx/1031-bmp2d-capt-10-09-22.jpg,2024-05-04,1503,3826,2,7-150338262
Russia,Soviet Union,17 BRM-1K reconnaissance vehicle,captured,https://twitter.com/UAWeapons/status/1569229438864195589,2022-09-13,1506,2793,2,7-150627932
Russia,Russia,17 Eleron T28ME,captured,https://i.postimg.cc/J7DzRrFt/1002-Eleron-7-Eleron-T28-ME-reconnaissance-UAV-capt-01-03-25.jpg,2025-05-27,1508,3832,2,7-150838322
Russia,Russia,17 KamAZ with MM-501 armoured cabin,captured,https://twitter.com/Danspiun/status/1575253321685864611,2022-09-29,1514,3838,2,7-151438382
Russia,Soviet Union,17 KamAZ-63501 (for PP-2005 floating bridge system),captured,https://i.postimg.cc/sfT61ZpX/1097-Kam-AZ-63501-for-PP-2005-floating-bridge-system-capt-10-04-22.png,2024-01-23,1515,3852,2,7-151538522
Russia,Soviet Union,17 KamAZ-63501 (for PP-2005 floating bridge system),captured,https://i.postimg.cc/x1wFnDL3/1084-Kam-AZ-63501-for-PP-2005-floating-bridge-system-capt-05-04-22.jpg,2024-01-23,1515,3853,2,7-151538532
Russia,Soviet Union,17 KamAZ-63501 (for PP-2005 floating bridge system),captured,https://i.postimg.cc/jdkF3J59/1083-Kam-AZ-63501-for-PP-2005-floating-bridge-system-capt-05-04-22.jpg,2024-01-23,1515,3854,2,7-151538542
Russia,Soviet Union,17 KamAZ-63501 (for PP-2005 floating bridge system),captured,https://i.postimg.cc/VvfVpqXy/1007-Kam-AZ-63501-for-PP-2005-floating-bridge-system-capt-06-11-22.jpg,2024-01-23,1515,3855,2,7-151538552
Russia,Soviet Union,17 KamAZ-63501 (for PP-2005 floating bridge system),captured,https://i.postimg.cc/JhcWvvrH/1007-Kam-AZ-8x8-for-PP-2005-floating-bridge-system-capt-30-11-22.jpg,2024-02-29,1515,3856,2,7-151538562
Russia,Soviet Union,17 MT-LB with ZU-23 AA gun,captured,https://twitter.com/UAWeapons/status/1604925646689505280,2022-12-21,1516,3857,2,7-151638572
Russia,Russia,170 Ural-4320 tanker,captured,https://i.postimg.cc/8Cs5vzqX/1001-captured-Ural-4320-tanker-30-11-22.jpg,2023-11-24,1534,3876,2,7-153438762
Russia,Soviet Union,173 122mm BM-21 Grad,captured,https://i.postimg.cc/65FH82Bn/1007-BM-21-capt-30-11-22.jpg,2023-10-22,1550,3900,2,7-155039002
Russia,Soviet Union,173 MT-LBVM and MT-LBVMK,captured,https://i.postimg.cc/HL1Vkrjv/2032-MT-LBVMK-capt-20-05-22.jpg,2023-06-25,1554,3905,2,7-155439052
Russia,Soviet Union,173 T-80BV,captured,https://i.postimg.cc/jjX6kwFv/1035-t80bv-capt.jpg,2022-11-14,1555,3906,2,7-155539062
Russia,Russia,173 ZALA Z-16 (421-16Е),captured,https://i.postimg.cc/Zn6G1PRH/1038-ZALA-Z-16-421-16-reconnaissance-UAV-capt-02-04-25.jpg,2025-07-19,1558,3911,2,7-155839112
Russia,Soviet Union,174 BMP-1(P),captured,https://i.postimg.cc/vmRc0vQ8/1022-bmp-1-capt.jpg,2022-10-09,1559,3914,2,7-155939142
Russia,Soviet Union,174 BMP-1(P),captured,https://i.postimg.cc/d08DpT12/1027-bmp1-capt.jpg,2022-10-09,1559,3915,2,7-155939152
Russia,Soviet Union,174 BMP-1(P),captured,https://i.postimg.cc/bNJDrJCP/1028-bmp-1-capt.jpg,2022-10-09,1559,3916,2,7-155939162
Russia,Soviet Union,174 BMP-1(P),captured,https://i.postimg.cc/FsBfL48L/1030-bmp1-capt.jpg,2022-10-09,1559,3917,2,7-155939172
Russia,Russia,174 Ural-4320 tanker,captured,https://i.postimg.cc/Px989bWz/1032-Ural-4320-tanker-capt-23-03-22.jpg,2024-01-09,1567,3936,2,7-156739362
Russia,Soviet Union,175 BMP-1(P),captured,https://i.postimg.cc/cCsxWZkT/1041-bmp1-capt.jpg,2022-10-10,1570,3940,2,7-157039402
Russia,Soviet Union,176 T-80BV,captured,https://i.postimg.cc/BZk9cbpc/1006-t80bv-capt.jpg,2022-11-24,1584,3964,2,7-158439642
Russia,Russia,176 ZALA Z-16 (421-16Е),captured,https://i.postimg.cc/JnwxSgTT/1004-ZALA-Z-16-421-16-reconnaissance-UAV-capt-27-04-25.jpg,2025-07-27,1587,3971,2,7-158739712
Russia,Russia,176 ZALA Z-16 (421-16Е),captured,https://i.postimg.cc/76g94Vdq/1006-ZALA-Z-16-421-16-reconnaissance-UAV-capt-22-04-25.jpg,2025-07-27,1587,3972,2,7-158739722
Russia,Russia,177 ZALA Z-16 (421-16Е),captured,https://i.postimg.cc/nV7ctXjG/1010-ZALA-Z-16-421-16-reconnaissance-UAV-capt-22-07-25.jpg,2025-08-14,1596,3991,2,7-159639912
Russia,Soviet Union,178 BMP-1(P),captured,https://i.postimg.cc/PfRWPNHg/1014-bmp1-capt.jpg,2022-10-16,1597,3993,2,7-159739932
Russia,Soviet Union,178 BMP-1(P),captured,https://i.postimg.cc/hvfV2RLZ/1033-bmp-1-dam-capt.jpg,2022-10-16,1597,3994,2,7-159739942
Russia,Soviet Union,179 T-80BV,captured,https://twitter.com/UAWeapons/status/1596615546186915841,2022-11-28,1610,4015,2,7-161040152
Russia,Russia,18 Eleron T28ME,captured,https://i.postimg.cc/4N1m5GbW/1014-Eleron-7-Eleron-T28-ME-reconnaissance-UAV-capt-25-06-25.jpg,2025-07-02,1629,4039,2,7-162940392
Russia,Soviet Union,18 IMR-2(M) combat engineering vehicle,captured,https://i.postimg.cc/jdXx44mT/1003-imr2.png,2022-10-03,1631,4041,2,7-163140412
Russia,Russia,18 KamAZ with MM-501 armoured cabin,captured,https://twitter.com/UAWeapons/status/1576838844020051968,2022-10-04,1633,4043,2,7-163340432
Russia,Soviet Union,18 MT-LB with ZU-23 AA gun,captured,https://i.postimg.cc/L6c699vC/4f5.png,2022-12-22,1635,4045,2,7-163540452
Russia,Soviet Union,18 T-62M,captured,https://i.postimg.cc/wMqmL10f/1007-t62m-capt.jpg,2022-10-07,1639,4048,2,7-163940482
Russia,Soviet Union,18 T-62M,captured,https://twitter.com/UAWeapons/status/1578010258152251392,2022-10-07,1639,4049,2,7-163940492
Russia,Soviet Union,18 UAZ-452 van,captured,https://i.postimg.cc/yxVWR2s5/Medical-UAZ-Derhachi-district.png,2022-10-01,1644,4055,2,7-164440552
Russia,Russia,180 Ural-4320 tanker,captured,https://i.postimg.cc/VLHRChPN/1020-Ural-4320-tanker-capt-19-03-22.jpg,2024-07-15,1654,4066,2,7-165440662
Russia,Russia,182 ZALA Z-16 (421-16Е),captured,https://i.postimg.cc/W1vZHzQk/1012-ZALA-Z-16-421-16-reconnaissance-UAV-capt-19-05-25.jpg,2025-08-17,1672,4094,2,7-167240942
Russia,Russia,182 ZALA Z-16 (421-16Е),captured,https://i.postimg.cc/sX2Wxf9D/1001-ZALA-Z-16-421-16-reconnaissance-UAV-capt-20-05-25.jpg,2025-08-17,1672,4095,2,7-167240952
Russia,Russia,182 ZALA Z-16 (421-16Е),captured,https://i.postimg.cc/43sVCQYc/1006-ZALA-Z-16-421-16-reconnaissance-UAV-capt-23-05-25.jpg,2025-08-17,1672,4096,2,7-167240962
Russia,Russia,182 ZALA Z-16 (421-16Е),captured,https://i.postimg.cc/ZRDddkVP/1009-ZALA-Z-16-421-16-reconnaissance-UAV-capt-16-05-25.jpg,2025-08-17,1672,4097,2,7-167240972
Russia,Russia,182 ZALA Z-16 (421-16Е),captured,https://i.postimg.cc/VNgMz0tV/1014-ZALA-Z-16-421-16-reconnaissance-UAV-capt-30-05-25.jpg,2025-08-17,1672,4098,2,7-167240982
Russia,Soviet Union,183 T-80BV,captured,https://i.postimg.cc/4NLY20Cy/1010-t80bv-capt.jpg,2022-12-06,1678,4106,2,7-167841062
Russia,Russia,186 Ural-4320 tanker,captured,https://i.postimg.cc/Hs9z0j9k/1000-Ural-4320-tanker-capt-25-02-22.jpg,2025-01-16,1698,4144,2,7-169841442
Russia,Russia,186 Ural-43206,captured,https://i.postimg.cc/Fzk699yB/1229-Ural-43206-capt-10-08-24.jpg,2025-03-20,1699,4145,2,7-169941452
Russia,Soviet Union,188 BMP-1(P),captured,https://i.postimg.cc/Fsfzxfk5/1004-bmp1-capt.jpg,2022-10-17,1705,4162,2,7-170541622
Russia,Soviet Union,189 BMP-1(P),captured,https://twitter.com/naalsio26/status/1582059160274755588,2022-10-18,1714,4185,2,7-171441852
Russia,Soviet Union,19 T-62M,captured,https://twitter.com/UAWeapons/status/1578303114742235137,2022-10-08,1740,4220,2,7-174042202
Russia,Soviet Union,19 UAZ-469 jeep,captured,https://i.postimg.cc/GtDP21CP/1025-uaz469-capt.jpg,2022-10-08,1746,4228,2,7-174642282
Russia,Soviet Union,19 ZiL-131,captured,https://i.postimg.cc/CLyxF3Rn/1015-Zi-L131-capt.jpg,2022-12-17,1749,4233,2,7-174942332
Russia,Soviet Union,190 BMP-1(P),captured,https://i.postimg.cc/NMNqGSRk/2022-03-02-BMP-1-abandoned-and-destroyed-Borodyanka.jpg,2022-10-29,1752,4238,2,7-175242382
Russia,Soviet Union,190 BMP-1(P),captured,https://i.postimg.cc/cHz0XsnT/1008-bmp1-capt.jpg,2022-10-29,1752,4239,2,7-175242392
Russia,Soviet Union,191 BMP-1(P),captured,https://i.postimg.cc/Z5XRxNvW/1001-bmp1-capt.jpg,2022-10-30,1758,4257,2,7-175842572
Russia,Soviet Union,192 MT-LBVM and MT-LBVMK,captured,https://i.postimg.cc/05FX5Yc3/1017-MT-LBVMK-capt-10-04-22.jpg,2024-01-09,1763,4267,2,7-176342672
Russia,Soviet Union,193 BTR-80,captured,https://i.postimg.cc/3N6D3bDN/1053-btr80-capt-30-11-22.jpg,2024-01-21,1768,4275,2,7-176842752
Russia,Soviet Union,195 MT-LBVM and MT-LBVMK,captured,https://i.postimg.cc/Vk9tNswM/1006-mtlbvmk-capt-01-03-22.jpg,2024-01-21,1781,4316,2,7-178143162
Russia,Soviet Union,197 122mm BM-21 Grad,captured,https://i.postimg.cc/nVqTZCwY/1022-122mm-BM-21-Grad-capt-31-05-22.jpg,2024-01-09,1792,4342,2,7-179243422
Russia,Soviet Union,197 T-80BV,captured,https://i.postimg.cc/YCnFt6w7/1013-t80bv-capt-07-11-22.jpg,2023-01-01,1796,4352,2,7-179643522
Russia,Soviet Union,198 MT-LBVM and MT-LBVMK,captured,https://i.postimg.cc/zX8pfKZK/1001-mtlbvmk-capt-08-05-22.jpg,2024-02-15,1801,4361,2,7-180143612
Russia,Soviet Union,199 BMP-1(P),captured,https://i.postimg.cc/brQPVZt6/1007-bmp1-dam-capt-7-11.jpg,2022-11-08,1806,4378,2,7-180643782
Russia,Soviet Union,199 BMP-1(P),captured,https://twitter.com/UAWeapons/status/1588278800164347907,2022-11-08,1806,4379,2,7-180643792
Russia,Soviet Union,199 T-80BV,captured,https://i.postimg.cc/g2KtWHhZ/1005-t80bv-capt-12-01-23.jpg,2023-01-14,1809,4388,2,7-180943882
Russia,Russia,1L261 (for 1L260 Zoopark-1M counter-battery radar complex),captured,https://i.postimg.cc/TPXZzwYr/47h.png,2022-03-27,1813,4393,2,7-181343932
Russia,Russia,1L261 (for 1L260 Zoopark-1M counter-battery radar complex),captured,https://twitter.com/UAWeapons/status/1568276847611498496,2022-09-10,1813,4396,2,7-181343962
Russia,Russia,1RL257 Krasukha-4 command post,captured,https://i.postimg.cc/G3y10MLj/87.png,2022-03-26,1817,4413,2,7-181744132
Russia,Russia,1V1003 command and observation vehicle (for 1V198 artillery fire control system),captured,https://twitter.com/UAWeapons/status/1571945145846710274,2022-09-20,1818,4414,2,7-181844142
Russia,Soviet Union,1V119 artillery fire direction vehicle,captured,https://i.postimg.cc/tgYSCmW7/g76.png,2022-03-19,1819,4416,2,7-181944162
Russia,Soviet Union,1V119 artillery fire direction vehicle,captured,https://i.postimg.cc/J7kqnFJ0/ff2v.jpg,2022-03-19,1819,4417,2,7-181944172
Russia,Soviet Union,1V119 artillery fire direction vehicle,captured,https://i.postimg.cc/25yxPDFB/d18.png,2022-03-19,1819,4418,2,7-181944182
Russia,Soviet Union,1V119 artillery fire direction vehicle,captured,https://i.postimg.cc/jdkFKNbv/f1.png,2022-03-19,1819,4419,2,7-181944192
Russia,Soviet Union,1V119 artillery fire direction vehicle,captured,https://i.postimg.cc/PfK9K2XV/652.png,2022-03-26,1819,4420,2,7-181944202
Russia,Soviet Union,1V119 artillery fire direction vehicle,captured,https://twitter.com/UAWeapons/status/1592510084072247296,2022-11-16,1819,4422,2,7-181944222
Russia,Soviet Union,1V119 artillery fire direction vehicle,captured,https://i.postimg.cc/FzsnKrrf/1031-1v119-capt.jpg,2022-11-16,1819,4423,2,7-181944232
Russia,Soviet Union,1V119 artillery fire direction vehicle,captured,https://i.postimg.cc/WbQY9ZBB/11-10-2022-1-V119-captured.jpg,2022-11-28,1819,4424,2,7-181944242
Russia,Soviet Union,1V119 artillery fire direction vehicle,captured,https://i.postimg.cc/6p0ntXr9/1007-1-V119-capt.jpg,2022-12-11,1819,4425,2,7-181944252
Russia,Soviet Union,1V13 battery fire control center,captured,https://i.postimg.cc/MG0ThV5C/335.png,2022-03-19,1820,4430,2,7-182044302
Russia,Soviet Union,1V13 battery fire control center,captured,https://i.postimg.cc/zvT9vXFV/4ff.png,2022-03-26,1820,4434,2,7-182044342
Russia,Soviet Union,1V13 battery fire control center,captured,https://i.postimg.cc/CxNMsZpw/f4311.jpg,2022-04-04,1820,4437,2,7-182044372
Russia,Soviet Union,1V13 battery fire control center,captured,https://i.postimg.cc/7684qCHZ/76j.png,2022-05-06,1820,4438,2,7-182044382
Russia,Soviet Union,1V13(M) battery fire control center,captured,https://i.postimg.cc/sx9cZ22w/1350.png,2023-03-26,1821,4440,2,7-182144402
Russia,Soviet Union,1V13(M) battery fire control center,captured,https://i.postimg.cc/0jNMcmJZ/1005-1v13-capt-31-03-22.jpg,2023-03-30,1821,4441,2,7-182144412
Russia,Soviet Union,1V14 battery command and forward observer vehicle,captured,https://i.postimg.cc/xjmrvypy/516.png,2022-03-26,1822,4447,2,7-182244472
Russia,Soviet Union,1V14 battery command and forward observer vehicle,captured,https://i.postimg.cc/kgStdT9g/da.jpg,2022-04-02,1822,4448,2,7-182244482
Russia,Soviet Union,1V14 battery command and forward observer vehicle,captured,https://i.postimg.cc/sDTPR0kN/23.jpg,2022-04-09,1822,4449,2,7-182244492
Russia,Soviet Union,1V14 battery command and forward observer vehicle,captured,https://i.postimg.cc/CxxL2f5y/31f.png,2022-05-06,1822,4450,2,7-182244502
Russia,Soviet Union,1V14 battery command and forward observer vehicle,captured,https://twitter.com/UAWeapons/status/1569381077759807489,2022-09-13,1822,2794,2,7-182227942
Russia,Russia,2 'Albatros' M5 reconnaissance UAV,captured,https://i.postimg.cc/44jqTyZS/1004-Albatros-M5-reconnaissance-UAV-capt-29-11-24.jpg,2024-12-09,1823,4452,2,7-182344522
Russia,Russia,2 120mm 2S23 Nona-SVK,captured,https://twitter.com/UAWeapons/status/1569292595997675523,2022-09-13,1825,517,2,7-18255172
Russia,Soviet Union,2 152mm 2A36 Giatsint-B:,captured,https://twitter.com/UAWeapons/status/1572616448601735181,2022-09-22,1830,4458,2,7-183044582
Russia,Soviet Union,2 203mm 2S7M Malka,captured,https://i.postimg.cc/QtVFhxDL/1001-2s7-malka.jpg,2022-09-24,1838,4467,2,7-183844672
Russia,Russia,2 AMN-590951 multipurpose armored vehicle,captured,https://i.postimg.cc/65y5xNCk/1037-AMN-590951-capt.jpg,2022-10-12,1850,4478,2,7-185044782
Russia,Russia,2 AP-2 mobile emergency room based on KamAZ 6x6,captured,https://i.postimg.cc/vTSyXnQP/1011-AP-2-mobile-emergency-room-based-on-Kam-AZ-6x6-capt-05-03-22.jpg,2024-02-29,1851,4479,2,7-185144792
Russia,Russia,2 Auriga-1.2V portable satellite communications station,captured,https://i.postimg.cc/K89Wbk54/1009-auriga-1-2.jpg,2022-08-23,1856,4487,2,7-185644872
Russia,Soviet Union,2 BMK-MO towing and motor boat,captured,https://i.postimg.cc/Gm3vTCWV/1017-BMK-MO-tugboat-capt-29-01-23.jpg,2023-02-03,1859,4490,2,7-185944902
Russia,Russia,2 BPM-97 Vystrel,captured,https://i.postimg.cc/BvJZhyjN/1021-BPM-97-Vystrel-capt.jpg,2022-10-20,1866,4497,2,7-186644972
Russia,Soviet Union,2 BRDM-2-based ZS-82 PsyOps vehicle,captured,https://i.postimg.cc/50j3PF6L/1001-Psy-Ops-vehicle-capt.jpg,2022-11-18,1868,4501,2,7-186845012
Russia,Soviet Union,2 BRDM-2RKhb chemical reconnaissance vehicle,captured,https://i.postimg.cc/q7LBSPrv/1026-BRDM-2-Rhb-capt.jpg,2022-11-16,1869,4502,2,7-186945022
Russia,Soviet Union,2 BTR-70,captured,https://i.postimg.cc/ZRSyFsmQ/2022-09-13-BTR.png,2022-09-17,1873,4509,2,7-187345092
Russia,Soviet Union,2 Coastal link pontoon (for PMP(-M) floating bridge system),captured,https://i.postimg.cc/Tw6hBhsr/1081-Coastal-link-pontoon-for-PMP-M-floating-bridge-system-capt-31-03-22.jpg,2024-01-23,1875,4512,2,7-187545122
Russia,Soviet Union,2 Coastal link pontoon (for unknown floating bridge system),captured,https://i.postimg.cc/vTX4y3sM/1014-Coastal-link-pontoon-for-unknown-floating-bridge-system-capt-07-01-24.jpg,2024-01-23,1876,4513,2,7-187645132
Russia,Soviet Union,2 Coastal link pontoon (for unknown floating bridge system),captured,https://i.postimg.cc/CM4BbLft/1022-Coastal-link-pontoon-for-unknown-floating-bridge-system-capt-07-01-24.jpg,2024-01-23,1876,4514,2,7-187645142
Russia,Russia,2 Eleron-10,captured,https://i.postimg.cc/L5ZjPpWV/1074-Eleron-10-UAV-capt-31-08-23.jpg,2024-01-24,1880,4518,2,7-188045182
Russia,Russia,2 Fara ground surveillance radar,captured,https://i.postimg.cc/sDd4XP6T/55422.png,2022-08-09,1881,4519,2,7-188145192
Russia,Russia,2 GAZ-3937 Vodnik,captured,https://i.postimg.cc/zXSngbJ4/1091-GAZ-3937-Vodnik-capt-31-12-22.jpg,2024-05-27,1883,4521,2,7-188345212
Russia,Russia,2 Granat-4 reconnaissance UAV,captured,https://postimg.cc/fkztstLf,2022-11-09,1885,4523,2,7-188545232
Russia,Russia,2 Granat-4 reconnaissance UAV,captured,https://i.postimg.cc/prgztXj0/354.png,2022-11-09,1885,4524,2,7-188545242
Russia,Russia,2 KamAZ 6x4,captured,https://i.postimg.cc/d3QqTQKc/1066-Kam-AZ-6x4-capt-31-05-22.jpg,2023-10-22,1888,4527,2,7-188845272
Russia,Russia,2 KamAZ KMV-10V boom crane truck,captured,https://twitter.com/UAWeapons/status/1569229430765289472,2022-09-13,1890,4529,2,7-189045292
Russia,Soviet Union,2 KrAZ-260 tanker,captured,https://i.postimg.cc/tgkqHSbJ/2022-04-03-Kr-AZ-260-tanker-captured.jpg,2022-12-09,1897,4538,2,7-189745382
Russia,Russia,2 MP-1IM signals vehicle,captured,https://i.postimg.cc/HnjLqcJ3/1000-MP-1-IM-signals-vehicle.jpg,2022-09-16,1905,4549,2,7-190545492
Russia,Russia,2 MTO-UB1 maintenance vehicle,captured,https://i.postimg.cc/sXNfYtmn/1009.jpg,2022-07-10,1912,4557,2,7-191245572
Russia,Russia,2 MTP-A2.1 recovery vehicle,captured,https://i.postimg.cc/8PgBhYPn/1012-MTP-A21-ARV.jpg,2022-10-08,1913,4559,2,7-191345592
Russia,Soviet Union,2 MZA-M.1 battery charge and repair workshop,captured,https://i.postimg.cc/QMhMYvYj/1022-MZA-M-1-battery-charge-and-repair-workshop-capt-05-08-22.jpg,2023-03-16,1914,4560,2,7-191445602
Russia,Russia,2 Orlan-10 UCAV,captured,https://i.postimg.cc/Rhs7vdP5/58.png,2023-01-06,1917,4564,2,7-191745642
Russia,Russia,2 SKAT 350,captured,https://i.postimg.cc/Cx8DBV5B/1031-SKAT-350-M-reconnaissance-UAV-capt-17-09-24.jpg,2024-09-20,1932,4580,2,7-193245802
Russia,Russia,2 Sarych-2,captured,https://i.postimg.cc/RZP8jgnF/1002-Sarych-2-reconnaissance-UAV-capt-29-07-25.jpg,2025-08-14,1934,4582,2,7-193445822
Russia,Soviet Union,2 T-80BVK,captured,https://i.postimg.cc/KjgLdNVP/1010.jpg,2022-07-27,1948,4597,2,7-194845972
Russia,Soviet Union,2 Transitional link pontoon (for floating unified railway bridge-ribbon MLZh-VF-VT),captured,https://i.postimg.cc/mkMvdsq6/1057-Transitional-link-pontoon-for-floating-unified-railway-bridge-ribbon-MLZh-VF-VT-capt-16-09-22.jpg,2024-01-23,1953,4604,2,7-195346042
Russia,Russia,2 ZALA 421-16ЕM,captured,https://i.postimg.cc/0yy0crnS/1028-ZALA-421-16-E-capt-29-05-23.jpg,2023-06-01,1970,4625,2,7-197046252
Russia,Soviet Union,20 23mm ZU-23-2,captured,https://i.postimg.cc/FRHRHhgj/1049-zu-23-2-capt-31-08-22.jpg,2024-02-15,1981,4641,2,7-198146412
Russia,Soviet Union,20 82mm 2B9 Vasilek automatic gun mortar,captured,https://i.postimg.cc/nLjQBSWt/1021-82mm-2-B9-Vasilek-automatic-gun-mortar-capt-19-08-24.jpg,2024-09-13,1982,4642,2,7-198246422
Russia,Soviet Union,20 9P149 Shturm-S,captured,https://i.postimg.cc/44YrQL44/1025-shrurm-s.jpg,2022-09-08,1983,4643,2,7-198346432
Russia,Soviet Union,20 BREM-1 armoured recovery vehicle,captured,https://twitter.com/UAWeapons/status/1576871029003022336,2022-10-04,1986,2051,2,7-198620512
Russia,Soviet Union,20 BRM-1K reconnaissance vehicle,captured,https://i.postimg.cc/tCyCh0gG/1008-brm-1k.jpg,2022-09-17,1987,4649,2,7-198746492
Russia,Soviet Union,20 BRM-1K reconnaissance vehicle,captured,https://i.postimg.cc/C16b4L6P/2022-09-13-Hlynske.jpg,2022-09-17,1987,4650,2,7-198746502
Russia,Soviet Union,20 BRM-1K reconnaissance vehicle,captured,https://i.postimg.cc/bw5k0g2X/1500-bmp2.jpg,2022-09-28,1987,4651,2,7-198746512
Russia,Russia,20 GAZ-3308,captured,https://i.postimg.cc/dVGDvwy2/1335-GAZ-3308-Sadko-capt-21-10-24.jpg,2024-10-24,1989,4653,2,7-198946532
Russia,Russia,20 Ptero-G0 'Kartograf',captured,https://i.postimg.cc/wMVCxG1K/1028-Ptero-G0-Kartograf-reconnaissance-UAV-capt-25-01-25.jpg,2025-04-07,1997,4661,2,7-199746612
Russia,Russia,20 R-149MA3 command and staff vehicle,captured,https://i.postimg.cc/MHy2FbHY/18870.png,2022-09-15,1999,4663,2,7-199946632
Russia,Russia,20 R-149MA3 command and staff vehicle,captured,https://i.postimg.cc/1zNWBRfG/107.png,2022-09-15,1999,4664,2,7-199946642
Russia,Soviet Union,20 T-62M,captured,https://i.postimg.cc/prnz7SMr/1502-t62m-dam-capt.jpg,2022-10-09,2000,4665,2,7-200046652
Russia,Soviet Union,20 T-62M,captured,https://i.postimg.cc/JnFjpLgS/1503-t62m-dam-capt.jpg,2022-10-09,2000,4666,2,7-200046662
Russia,Soviet Union,20 T-62M,captured,https://i.postimg.cc/d3dtQwnV/33.png,2022-10-09,2000,4667,2,7-200046672
Russia,Russia,20 T-72BA,captured,https://i.postimg.cc/3rtkQs7z/1013-t72ba-dam-capt.jpg,2022-11-01,2003,4671,2,7-200346712
Russia,Soviet Union,20 UAZ-452 van,captured,https://i.postimg.cc/brgtZnGT/1012-uaz452-capt.jpg,2022-10-13,2006,4674,2,7-200646742
Russia,Soviet Union,200 T-80BV,captured,https://i.postimg.cc/VsTgPf8v/1042-t80bv-capt-19-01-23.jpg,2023-01-21,2012,4681,2,7-201246812
Russia,Soviet Union,201 T-80BV,captured,https://i.postimg.cc/hjnWWS8t/1026-t80bv-capt-20-01-23.jpg,2023-01-22,2017,4704,2,7-201747042
Russia,Russia,202 ASN-233115 'Tigr-M SpN',captured,https://i.postimg.cc/hvXBcQCh/1005-ASN-233115-Tigr-M-Sp-N-capt-29-04-25.jpg,2025-05-12,2021,4714,2,7-202147142
Russia,Soviet Union,202 T-80BV,captured,https://i.postimg.cc/nLfV874S/1016-t80bv-capt-23-01-23.jpg,2023-01-24,2026,4726,2,7-202647262
Russia,Soviet Union,203 BTR-80,captured,https://i.postimg.cc/v8KgKjc0/1050-BTR-80-capt-30-11-22.jpg,2024-04-21,2032,4735,2,7-203247352
Russia,Russia,203 T-72B3,captured,https://i.postimg.cc/JnQCHfnK/1036-t72b3-capt.jpg,2022-10-06,2035,4741,2,7-203547412
Russia,Russia,204 Unknown tank,captured,https://twitter.com/UAWeapons/status/1562876165164900352,2022-08-30,2042,2167,2,7-204221672
Russia,Russia,205 T-72B3,captured,https://i.postimg.cc/t4ZV3QNj/1013-t72b3-capt.jpg,2022-10-07,2047,4781,2,7-204747812
Russia,Russia,206 BTR-82A(M),captured,https://twitter.com/UAWeapons/status/1567826815284043778,2022-09-09,2053,4794,2,7-205347942
Russia,Russia,206 BTR-82A(M),captured,https://twitter.com/UAWeapons/status/1567922605495123972,2022-09-09,2053,4795,2,7-205347952
Russia,Russia,206 BTR-82A(M),captured,https://twitter.com/UAWeapons/status/1567925068134506496,2022-09-09,2053,4796,2,7-205347962
Russia,Russia,207 T-72B3,captured,https://i.postimg.cc/MHpbtGM3/1038-t72b3-capt.jpg,2022-10-12,2065,4824,2,7-206548242
Russia,Soviet Union,209 152mm 2S19 Msta-S,captured,https://i.postimg.cc/6pmrX0jB/1049-152mm-2-S19-Msta-S-capt-31-10-22.jpg,2024-07-31,2075,4845,2,7-207548452
Russia,Russia,209 T-72B3,captured,https://i.postimg.cc/jdCq0dnp/1003-t72b3-capt.jpg,2022-10-13,2080,4854,2,7-208048542
Russia,Russia,21 152mm 2S33 Msta-SM2,captured,https://twitter.com/UAWeapons/status/1593274852277747712,2022-11-18,2086,4864,2,7-208648642
Russia,Russia,21 152mm 2S33 Msta-SM2,captured,https://i.postimg.cc/BbH5pwWP/1018-msta-sm2-capt-and-destr-Kamaz.jpg,2022-11-18,2086,4865,2,7-208648652
Russia,Russia,21 152mm 2S33 Msta-SM2,captured,https://i.postimg.cc/CKxN0N89/1019-msta-sm2-capt.jpg,2022-11-18,2086,4866,2,7-208648662
Russia,Soviet Union,21 9P149 Shturm-S,captured,https://i.postimg.cc/cCtmqSjG/1024-9-P149-Shturm-S-capt.jpg,2022-10-08,2091,4870,2,7-209148702
Russia,Soviet Union,21 BREM-1 armoured recovery vehicle,captured,https://twitter.com/UAWeapons/status/1589365956450869248,2022-11-08,2094,4874,2,7-209448742
Russia,Soviet Union,21 IMR-2(M) combat engineering vehicle,captured,https://i.postimg.cc/MHBMtRnf/2022-03-13-imr-2.jpg,2022-10-18,2096,4878,2,7-209648782
Russia,Soviet Union,21 MT-LB with ZU-23 AA gun,captured,https://i.postimg.cc/4xNpKypX/1030-mtlb-with-zu232-capt-19-01-23.jpg,2023-01-21,2101,4884,2,7-210148842
Russia,Soviet Union,21 T-62M,captured,https://i.postimg.cc/MHchSZQ2/1030-t62m-capt.jpg,2022-10-10,2105,4889,2,7-210548892
Russia,Soviet Union,21 UAZ-469 jeep,captured,https://i.postimg.cc/SKyxvxQ2/1009-uaz469-dam-capt.jpg,2022-10-20,2111,4900,2,7-211149002
Russia,Soviet Union,21 UAZ-469 jeep,captured,https://i.postimg.cc/hPVbN7Xt/1025-UAZ-469-capt.jpg,2022-10-20,2111,4901,2,7-211149012
Russia,Russia,210 BTR-82A(M),captured,https://twitter.com/UAWeapons/status/1568207084159750146,2022-09-10,2115,4907,2,7-211549072
Russia,Russia,210 BTR-82A(M),captured,https://i.postimg.cc/Vshzdwkt/1010-btr82a.jpg,2022-09-10,2115,4908,2,7-211549082
Russia,Russia,210 BTR-82A(M),captured,https://i.postimg.cc/SN5jF8Mw/1011-btr82a.jpg,2022-09-10,2115,4909,2,7-211549092
Russia,Soviet Union,211 BMP-1(P),captured,https://i.postimg.cc/SRc6pQxM/1031-bmp1-dam-capt.jpg,2022-11-16,2121,4918,2,7-212149182
Russia,Soviet Union,211 BMP-1(P),captured,https://i.postimg.cc/pLWDgHbm/1028-bmp1-capt.jpg,2022-11-16,2121,4919,2,7-212149192
Russia,Russia,211 BTR-82A(M),captured,https://i.postimg.cc/Y08cp3Lk/1013-btr82a.jpg,2022-09-11,2124,4925,2,7-212449252
Russia,Soviet Union,214 BMP-1(P),captured,https://i.postimg.cc/15rLPmb4/1014-bmp1-capt.png,2022-11-28,2136,4956,2,7-213649562
Russia,Russia,215 BTR-82A(M),captured,https://twitter.com/UAWeapons/status/1568899233314381824,2022-09-12,2145,4987,2,7-214549872
Russia,Russia,215 BTR-82A(M),captured,https://i.postimg.cc/RFjNVxzf/1008-btr-82a.jpg,2022-09-12,2145,4988,2,7-214549882
Russia,Russia,215 BTR-82A(M),captured,https://i.postimg.cc/jq7D32zh/1009-btr-82a.jpg,2022-09-12,2145,4989,2,7-214549892
Russia,Russia,215 BTR-82A(M),captured,https://twitter.com/Blue_Sauron/status/1568895598777991169,2022-09-12,2145,4990,2,7-214549902
Russia,Soviet Union,22 9P149 Shturm-S,captured,https://i.postimg.cc/HsSVwMCB/2022-04-17-Shturm.jpg,2022-10-18,2175,5045,2,7-217550452
Russia,Soviet Union,22 BRM-1K reconnaissance vehicle,captured,https://i.postimg.cc/DwrtvmfN/1000-brm-1k-capt.jpg,2022-10-12,2180,5054,2,7-218050542
Russia,Russia,22 GAZ-3308,captured,https://i.postimg.cc/C1dSsNRW/1028-GAZ-3308-Sadko-capt-26-10-24.jpg,2024-10-30,2181,5056,2,7-218150562
Russia,Soviet Union,22 IMR-2(M) combat engineering vehicle,captured,https://i.postimg.cc/bN93LWPj/1006-imr2-capt.jpg,2022-11-13,2182,5057,2,7-218250572
Russia,Soviet Union,22 River link pontoon (for PMP(-M) floating bridge system),captured,https://i.postimg.cc/GhMKS6cz/1104-River-link-pontoon-for-PMP-M-floating-bridge-system-capt-03-05-22.jpg,2024-01-23,2187,5079,2,7-218750792
Russia,Soviet Union,22 River link pontoon (for PMP(-M) floating bridge system),captured,https://i.postimg.cc/xCS3z2Rj/1098-River-link-pontoon-for-PMP-M-floating-bridge-system-capt-11-04-22.png,2024-01-23,2187,5080,2,7-218750802
Russia,Soviet Union,22 River link pontoon (for PMP(-M) floating bridge system),captured,https://i.postimg.cc/P5R6N99N/1076-River-link-pontoon-for-PMP-M-floating-bridge-system-capt-27-03-22.jpg,2024-01-23,2187,5081,2,7-218750812
Russia,Soviet Union,22 River link pontoon (for PMP(-M) floating bridge system),captured,https://i.postimg.cc/Kv5wc9mg/1006-River-link-pontoon-for-PMP-M-floating-bridge-system-capt-05-10-22.jpg,2024-01-23,2187,5082,2,7-218750822
Russia,Soviet Union,22 River link pontoon (for PMP(-M) floating bridge system),captured,https://i.postimg.cc/yxyQddCz/1004-River-link-pontoon-for-PMP-M-floating-bridge-system-capt-01-10-22.jpg,2024-01-23,2187,5083,2,7-218750832
Russia,Soviet Union,22 UAZ-452 van,captured,https://i.postimg.cc/sDDK0cBx/2022-10-05-uaz-452.jpg,2022-10-18,2192,5088,2,7-219250882
Russia,Soviet Union,22 UAZ-452 van,captured,https://i.postimg.cc/tJ7zDGYQ/1010-uaz452-capt.jpg,2022-10-18,2192,5089,2,7-219250892
Russia,Russia,22 Ural Federal,captured,https://twitter.com/UAWeapons/status/1576838844020051968,2022-10-04,2195,4043,2,7-219540432
Russia,Russia,220 T-72B3,captured,https://i.postimg.cc/W1mqjQRy/2022-04-08-t-72b3.jpg,2022-10-17,2199,5107,2,7-219951072
Russia,Russia,220 T-72B3,captured,https://i.postimg.cc/J0BmF938/1007-t72b3-capt.jpg,2022-10-29,2199,5109,2,7-219951092
Russia,Soviet Union,220mm BM-27 'Uragan',captured,https://i.postimg.cc/XJB5Rt2B/4ffh.png,2022-03-19,2200,5111,2,7-220051112
Russia,Soviet Union,220mm BM-27 'Uragan',captured,https://i.postimg.cc/jSrgynrd/976.png,2022-03-19,2200,5112,2,7-220051122
Russia,Soviet Union,220mm BM-27 'Uragan',captured,https://i.postimg.cc/zGyV3M9z/1.png,2022-03-29,2200,5113,2,7-220051132
Russia,Soviet Union,220mm BM-27 'Uragan',captured,https://i.postimg.cc/2jv3bb1r/47.png,2022-04-13,2200,5116,2,7-220051162
Russia,Soviet Union,220mm BM-27 'Uragan',captured,https://i.postimg.cc/8zPR44x9/667.jpg,2022-04-21,2200,5118,2,7-220051182
Russia,Soviet Union,220mm BM-27 Uragan,captured,https://i.postimg.cc/5yfjXY31/77690.png,2022-06-26,2201,5121,2,7-220151212
Russia,Soviet Union,220mm BM-27 Uragan,captured,https://i.postimg.cc/Kvw2qHzv/1003-bm27-capt.png,2022-10-02,2201,5132,2,7-220151322
Russia,Soviet Union,220mm BM-27 Uragan,captured,https://twitter.com/UAWeapons/status/1578006506087190528,2022-10-07,2201,5135,2,7-220151352
Russia,Soviet Union,220mm BM-27 Uragan,captured,https://twitter.com/UAWeapons/status/1577988171459166208,2022-10-07,2201,5136,2,7-220151362
Russia,Soviet Union,220mm BM-27 Uragan,captured,https://twitter.com/UAWeapons/status/1578400346359169024,2022-10-08,2201,5137,2,7-220151372
Russia,Soviet Union,220mm BM-27 Uragan,captured,https://i.postimg.cc/fy2GWHvf/1004-bm27-capt.jpg,2022-10-13,2201,5141,2,7-220151412
Russia,Russia,220mm TOS-1A,captured,https://i.postimg.cc/8kFRhmxQ/872.png,2022-03-19,2202,5194,2,7-220251942
Russia,Russia,220mm TOS-1A,captured,https://i.postimg.cc/JzQYqQvt/576.png,2022-04-01,2202,5197,2,7-220251972
Russia,Russia,220mm TOS-1A,captured,https://i.postimg.cc/C5BcPB1R/54f.png,2022-04-04,2202,5199,2,7-220251992
Russia,Russia,220mm TOS-1A,captured,https://i.postimg.cc/JhPdySQX/69.png,2022-04-10,2202,5200,2,7-220252002
Russia,Russia,220mm TOS-1A,captured,https://i.postimg.cc/dtj7Fs6v/5g5.png,2022-05-08,2202,5202,2,7-220252022
Russia,Russia,220mm TOS-1A,captured,https://i.postimg.cc/dQxvKx29/2d1.jpg,2022-05-09,2202,5203,2,7-220252032
Russia,Russia,220mm TOS-1A,captured,https://i.postimg.cc/BbybtzsD/4311.png,2022-05-10,2202,5204,2,7-220252042
Russia,Russia,222 BTR-82A(M),captured,https://twitter.com/UAWeapons/status/1569229430765289472,2022-09-13,2212,4529,2,7-221245292
Russia,Russia,222 BTR-82A(M),captured,https://twitter.com/UAWeapons/status/1569229421495701507,2022-09-13,2212,993,2,7-22129932
Russia,Russia,222 BTR-82A(M),captured,https://twitter.com/UAWeapons/status/1569229412205215744,2022-09-13,2212,5254,2,7-221252542
Russia,Soviet Union,224 BMP-1(P),captured,https://i.postimg.cc/nL8H6073/1023-bmp1-capt.jpg,2022-12-05,2221,5285,2,7-222152852
Russia,Russia,224 BTR-82A(M),captured,https://twitter.com/UAWeapons/status/1569620233261817856,2022-09-14,2223,5290,2,7-222352902
Russia,Soviet Union,225 BMP-1(P),captured,https://i.postimg.cc/TP8V402k/1001-bmp1-capt.jpg,2022-12-08,2228,5298,2,7-222852982
Russia,Russia,225 T-72B3,captured,https://twitter.com/UAWeapons/status/1589590305158107137,2022-11-08,2230,5307,2,7-223053072
Russia,Soviet Union,227 BMP-1(P),captured,https://i.postimg.cc/R0kDQ427/1012-bmp1-dam-capt.jpg,2022-12-11,2237,5323,2,7-223753232
Russia,Soviet Union,227 BMP-1(P),captured,https://i.postimg.cc/rFfZZSvF/1021-bmp1-capt.jpg,2022-12-11,2237,5324,2,7-223753242
Russia,Russia,227 T-72B3,captured,https://i.postimg.cc/wvnP920k/1000-t72b3-dam-capt.jpg,2022-11-09,2240,5331,2,7-224053312
Russia,Russia,228 T-72B3,captured,https://i.postimg.cc/Z5csPstY/1001-t72b3-dam-capt.jpg,2022-11-10,2247,5341,2,7-224753412
Russia,Soviet Union,23 9P149 Shturm-S,captured,https://i.postimg.cc/s2d6LYd0/1004-shturm-s-capt.jpg,2022-10-25,2260,5369,2,7-226053692
Russia,Soviet Union,23 UAZ-452 van,captured,https://i.postimg.cc/NjY7tfX7/1026-uaz452-dam-capt.jpg,2022-10-20,2276,5389,2,7-227653892
Russia,Russia,23 Ural Federal,captured,https://i.postimg.cc/c4fh2SbS/1011-armoured-Ural4320.jpg,2022-10-08,2277,5391,2,7-227753912
Russia,Soviet Union,23 ZiL-131,captured,https://i.postimg.cc/9fw4TCht/1009-Zi-L131-capt-12-01-23.jpg,2023-01-14,2278,5393,2,7-227853932
Russia,Soviet Union,230 BMP-1(P),captured,https://i.postimg.cc/9FswnBrK/1005-brm-1k-capt.jpg,2022-12-13,2280,5396,2,7-228053962
Russia,Soviet Union,230 BMP-1(P),captured,https://i.postimg.cc/6p4Fs207/1022-bmp1-dam-capt.jpg,2022-12-13,2280,5397,2,7-228053972
Russia,Russia,230 T-72B3,captured,https://i.postimg.cc/52swFDRw/1008-t72b3-capt.jpg,2022-11-12,2282,5400,2,7-228254002
Russia,Soviet Union,232 BMP-1(P),captured,https://i.postimg.cc/Jn7Wv97x/439.png,2022-12-21,2292,5420,2,7-229254202
Russia,Russia,233 BTR-82A(M),captured,https://i.postimg.cc/C5fm6Bfw/57h.png,2022-09-15,2299,5438,2,7-229954382
Russia,Russia,233 BTR-82A(M),captured,https://twitter.com/JimmySecUK/status/1569972968641499136,2022-09-15,2299,5439,2,7-229954392
Russia,Russia,233 BTR-82A(M),captured,https://i.postimg.cc/y8jLb4Mp/1014-btr82a.jpg,2022-09-15,2299,5440,2,7-229954402
Russia,Russia,233 BTR-82A(M),captured,https://i.postimg.cc/Bn4hpQV1/1024-btr82a.jpg,2022-09-15,2299,5441,2,7-229954412
Russia,Russia,233 BTR-82A(M),captured,https://twitter.com/UAWeapons/status/1570423464971976705,2022-09-16,2299,5443,2,7-229954432
Russia,Russia,233 BTR-82A(M),captured,https://twitter.com/UAWeapons/status/1570781159067643904,2022-09-17,2299,5446,2,7-229954462
Russia,Russia,233 BTR-82A(M),captured,https://i.postimg.cc/yxpp9Gb4/2022-09-17-BTR-82-A.png,2022-09-19,2299,5447,2,7-229954472
Russia,Russia,235 T-72B3,captured,https://i.postimg.cc/C1rGwyYq/1011-t72b3-capt.jpg,2022-11-14,2317,5482,2,7-231754822
Russia,Soviet Union,236 BMP-1(P),captured,https://i.postimg.cc/9FdNXqSm/1005-bmp1-capt.jpg,2022-12-28,2320,5490,2,7-232054902
Russia,Soviet Union,237 T-80BV,captured,https://i.postimg.cc/XNgDfg0Z/1011-t80bv-capt-30-11-22.jpg,2023-02-27,2328,5502,2,7-232855022
Russia,Russia,238 BTR-82A(M),captured,https://i.postimg.cc/pT0x80TF/2022-09-20-BTR-82-A-1.jpg,2022-09-22,2336,5517,2,7-233655172
Russia,Soviet Union,239 BMP-1(P),captured,https://i.postimg.cc/sx0W64vt/1011-bmp1-capt-29-12-22.jpg,2023-01-04,2342,5523,2,7-234255232
Russia,Soviet Union,23mm ZU-23,captured,https://i.postimg.cc/rwZrBrTp/4fh.png,2022-03-19,2346,5527,2,7-234655272
Russia,Soviet Union,23mm ZU-23,captured,https://i.postimg.cc/t4z6JH5f/3d14.png,2022-03-19,2346,5528,2,7-234655282
Russia,Soviet Union,23mm ZU-23,captured,https://i.postimg.cc/sD02YXhJ/42.png,2022-03-27,2346,5529,2,7-234655292
Russia,Soviet Union,23mm ZU-23,captured,https://i.postimg.cc/5t4w0KxM/467.png,2022-04-07,2346,5530,2,7-234655302
Russia,Soviet Union,23mm ZU-23,captured,https://twitter.com/UAWeapons/status/1529865401072590848,2022-05-27,2346,5533,2,7-234655332
Russia,Soviet Union,23mm ZU-23-2,captured,https://i.postimg.cc/Nfrp5ZsT/1030-zu23-2.jpg,2022-09-08,2347,5534,2,7-234755342
Russia,Soviet Union,23mm ZU-23-2,captured,https://twitter.com/UAWeapons/status/1567822704601858048,2022-09-09,2347,5535,2,7-234755352
Russia,Soviet Union,24 9P149 Shturm-S,captured,https://i.postimg.cc/BvXMtD87/1013-9-P149-Shturm-S-capt.jpg,2022-11-09,2353,5544,2,7-235355442
Russia,Soviet Union,24 9T452 transporter-loader (for BM-27 'Uragan' MRL),captured,https://twitter.com/UAWeapons/status/1570032496397455361,2022-09-15,2354,5545,2,7-235455452
Russia,Russia,24 KamAZ Avtozaks,captured,https://i.postimg.cc/05BPkMNb/1004-Kam-AZ-Avtozaks.jpg,2022-08-24,2363,5558,2,7-236355582
Russia,Russia,24 R-149MA3 command and staff vehicle,captured,https://i.postimg.cc/kgBrnNN5/2022-09-13-R-149-MA3-2.jpg,2022-09-22,2367,5566,2,7-236755662
Russia,Russia,24 R-149MA3 command and staff vehicle,captured,https://i.postimg.cc/dVXbD7nj/2022-09-13-R-149-MA3-1.jpg,2022-09-22,2367,5567,2,7-236755672
Russia,Soviet Union,24 T-62M,captured,https://i.postimg.cc/Y02DXSf4/1011-t62m-capt.jpg,2022-10-12,2368,5568,2,7-236855682
Russia,Soviet Union,24 T-62M,captured,https://i.postimg.cc/1X70dZDm/1039-t62m-capt.jpg,2022-10-12,2368,5569,2,7-236855692
Russia,Soviet Union,24 T-62M,captured,https://i.postimg.cc/pTZJDjTn/1040-t62m-capt.jpg,2022-10-12,2368,5570,2,7-236855702
Russia,Soviet Union,24 UAZ-469 jeep,captured,https://i.postimg.cc/mDbJ8b5g/1002-UAZ-469-capt.jpg,2022-10-26,2374,5576,2,7-237455762
Russia,Soviet Union,24 UAZ-469 jeep,captured,https://i.postimg.cc/d0Rg27nf/1003-UAZ-469-capt.jpg,2022-10-26,2374,5577,2,7-237455772
Russia,Russia,24 Ural Federal,captured,https://i.postimg.cc/d3qPTvyX/1027-ural-federal-capt.jpg,2022-10-16,2375,5578,2,7-237555782
Russia,Russia,240 T-72B3,captured,https://i.postimg.cc/DwRYKbXJ/1017-t72b3-capt.jpg,2022-12-02,2380,5587,2,7-238055872
Russia,Russia,240 T-72B3,captured,https://i.postimg.cc/3RTSk593/1018-t72b3-capt.jpg,2022-12-02,2380,5588,2,7-238055882
Russia,Russia,240 T-72B3,captured,https://i.postimg.cc/bJ96bCFk/1019-t72b3-capt.jpg,2022-12-02,2380,5589,2,7-238055892
Russia,Soviet Union,243 BMP-1(P),captured,https://i.postimg.cc/cJxxpRmY/1006-bmp1-capt-04-01-23.jpg,2023-01-06,2395,5694,2,7-239556942
Russia,Soviet Union,243 BMP-1(P),captured,https://i.postimg.cc/HnydwBYG/1017-bmp1-dam-capt-25-12-22.jpg,2023-01-06,2395,5695,2,7-239556952
Russia,Russia,243 BTR-82A(M),captured,https://i.postimg.cc/Pqp2fPSM/1001-bttr82a.jpg,2022-09-23,2397,5699,2,7-239756992
Russia,Russia,243 BTR-82A(M),captured,https://twitter.com/UAWeapons/status/1572936489314426883,2022-09-23,2397,669,2,7-23976692
Russia,Russia,243 T-72B3,captured,https://i.postimg.cc/fbYcYqDX/1004-t72b3-dam-capt.jpg,2022-12-05,2398,5701,2,7-239857012
Russia,Russia,243 T-72B3,captured,https://i.postimg.cc/tJBtY1yM/1028-t72b3-capt.jpg,2022-12-05,2398,5702,2,7-239857022
Russia,Soviet Union,244 T-80BV,captured,https://i.postimg.cc/63s3XVqm/1041-t80bv-capt-28-02-23.jpg,2023-03-04,2403,5714,2,7-240357142
Russia,Russia,246 BTR-82A(M),captured,https://i.postimg.cc/vZrdp4VX/1004-btr82a.jpg,2022-09-25,2410,5725,2,7-241057252
Russia,Russia,246 BTR-82A(M),captured,https://i.postimg.cc/hjKYB1HP/2022-09-09-BTR-82-A.jpg,2022-09-25,2410,5726,2,7-241057262
Russia,Russia,246 BTR-82A(M),captured,https://twitter.com/UAWeapons/status/1573697820699271168,2022-09-25,2410,5727,2,7-241057272
Russia,Soviet Union,25 9P149 Shturm-S,captured,https://i.postimg.cc/qvNRsWPf/1009-Shturm-S-capt.jpg,2022-11-28,2429,5759,2,7-242957592
Russia,Soviet Union,25 BRM-1(K) reconnaissance vehicle,captured,https://i.postimg.cc/MT4jCVsM/874.png,2023-04-12,2433,5763,2,7-243357632
Russia,Soviet Union,25 BRM-1K reconnaissance vehicle,captured,https://i.postimg.cc/k4vsL4Hv/1010-brm-1k-capt.jpg,2022-11-21,2434,5764,2,7-243457642
Russia,Soviet Union,25 BRM-1K reconnaissance vehicle,captured,https://i.postimg.cc/SNkW4Ccj/1003-brm1k-capt-31-03-22.jpg,2023-01-16,2434,5765,2,7-243457652
Russia,Soviet Union,25 IMR-2(M) combat engineering vehicle,captured,https://i.postimg.cc/ZR57JZRp/1015-imr2-capt-15-02-23.jpg,2023-02-18,2437,5768,2,7-243757682
Russia,Russia,25 KamAZ with MM-501 armoured cabin,captured,https://i.postimg.cc/d05M6zYj/1015-Kam-AZ-5350-with-MM-501-armoured-cabin-capt-22-09-22.jpg,2023-03-20,2439,5770,2,7-243957702
Russia,Russia,25 R-149MA3 command and staff vehicle,captured,https://i.postimg.cc/9MD7mtQj/2022-09-13-R-149-MA3.jpg,2022-09-23,2442,5773,2,7-244257732
Russia,Soviet Union,25 River link pontoon (for PP/91-2005 floating bridge system),captured,https://i.postimg.cc/W45X01Nw/1005-River-link-pontoon-for-PP-91-2005-floating-bridge-system-capt-05-10-22.jpg,2024-01-23,2444,5791,2,7-244457912
Russia,Soviet Union,25 River link pontoon (for PP/91-2005 floating bridge system),captured,https://i.postimg.cc/LX7D0QZq/1008-River-link-pontoon-for-PP-91-2005-floating-bridge-system-capt-06-11-22.jpg,2024-01-23,2444,5792,2,7-244457922
Russia,Soviet Union,25 River link pontoon (for PP/91-2005 floating bridge system),captured,https://i.postimg.cc/KjBPpG2V/1044-River-link-pontoon-for-PP-91-2005-floating-bridge-system-capt-30-05-22.jpg,2024-01-23,2444,5793,2,7-244457932
Russia,Soviet Union,25 River link pontoon (for PP/91-2005 floating bridge system),captured,https://i.postimg.cc/9MvPB4vZ/1072-River-link-pontoon-for-PP-91-2005-floating-bridge-system-capt-18-03-22.jpg,2024-01-23,2444,5794,2,7-244457942
Russia,Soviet Union,25 River link pontoon (for PP/91-2005 floating bridge system),captured,https://i.postimg.cc/8k6mzH6H/1073-River-link-pontoon-for-PP-91-2005-floating-bridge-system-capt-18-03-22.jpg,2024-01-23,2444,5795,2,7-244457952
Russia,Soviet Union,25 River link pontoon (for PP/91-2005 floating bridge system),captured,https://i.postimg.cc/5NWqYC5M/1074-River-link-pontoon-for-PP-91-2005-floating-bridge-system-capt-18-03-22.jpg,2024-01-23,2444,5796,2,7-244457962
Russia,Soviet Union,25 River link pontoon (for PP/91-2005 floating bridge system),captured,https://i.postimg.cc/GmcFznS7/1077-River-link-pontoon-for-PP-91-2005-floating-bridge-system-capt-30-03-22.jpg,2024-01-23,2444,5797,2,7-244457972
Russia,Soviet Union,25 River link pontoon (for PP/91-2005 floating bridge system),captured,https://i.postimg.cc/rFGGSwgR/1078-River-link-pontoon-for-PP-91-2005-floating-bridge-system-capt-30-03-22.jpg,2024-01-23,2444,5798,2,7-244457982
Russia,Soviet Union,25 River link pontoon (for PP/91-2005 floating bridge system),captured,https://i.postimg.cc/qvj85DPk/1079-River-link-pontoon-for-PP-91-2005-floating-bridge-system-capt-30-03-22.jpg,2024-01-23,2444,5799,2,7-244457992
Russia,Soviet Union,25 River link pontoon (for PP/91-2005 floating bridge system),captured,https://i.postimg.cc/6QqdJLKC/1086-River-link-pontoon-for-PP-91-2005-floating-bridge-system-capt-07-04-22.jpg,2024-01-23,2444,5800,2,7-244458002
Russia,Soviet Union,25 T-62MV,captured,https://i.postimg.cc/zXT1ZPnJ/1039-T-62-MV-capt-30-11-22.jpg,2024-06-11,2445,5801,2,7-244558012
Russia,Russia,25 T-72BA,captured,https://i.postimg.cc/6pb7hGNH/1009-t72ba-capt-02-02-23.jpg,2023-02-05,2447,5803,2,7-244758032
Russia,Soviet Union,25 UAZ-469 jeep,captured,https://i.postimg.cc/y62V9SyR/1002-uaz469-dam-capt.jpg,2022-10-28,2451,5809,2,7-245158092
Russia,Russia,25 Ural Federal,captured,https://i.postimg.cc/kGjmxVMC/1000-ural-federal-capt.jpg,2022-10-26,2452,5811,2,7-245258112
Russia,Russia,252 BTR-82A(M),captured,https://twitter.com/UAWeapons/status/1575165023735148545,2022-09-29,2459,5828,2,7-245958282
Russia,Russia,252 BTR-82A(M),captured,https://twitter.com/UAWeapons/status/1575229645745954816,2022-09-29,2459,5829,2,7-245958292
Russia,Russia,253 T-72B3,captured,https://i.postimg.cc/Pq08wdxF/1027-T-72-B3-destr-29-12-22.jpg,2023-01-01,2464,5851,2,7-246458512
Russia,Russia,254 BTR-82A(M),captured,https://i.postimg.cc/05CH7L3v/2022-09-27-BTR-82-A.jpg,2022-09-30,2466,5853,2,7-246658532
Russia,Soviet Union,256 T-80BV,captured,https://i.postimg.cc/QMPHBq7H/1031-t80bv-capt-03-01-23.jpg,2023-03-07,2475,5883,2,7-247558832
Russia,Russia,257 T-72B3,captured,https://i.postimg.cc/nrgPN6Xf/1014-t72b3-capt-15-01-23.jpg,2023-01-18,2478,5887,2,7-247858872
Russia,Russia,258 BTR-82A(M),captured,https://i.postimg.cc/fTHktwkQ/BTR-82-A-Kharkiv-region.png,2022-10-01,2483,5898,2,7-248358982
Russia,Russia,258 BTR-82A(M),captured,https://twitter.com/UAWeapons/status/1575874463387701248,2022-10-01,2483,5896,2,7-248358962
Russia,Soviet Union,26 9T452 transporter-loader (for BM-27 'Uragan' MRL),captured,https://i.postimg.cc/MKNZWrDv/1043-bm27-loader-capt.jpg,2022-10-12,2499,5922,2,7-249959222
Russia,Soviet Union,26 IMR-2(M) combat engineering vehicle,captured,https://i.postimg.cc/Vk3cJyXk/1012-imr2-capt-23-02-23.jpg,2023-02-24,2506,5931,2,7-250659312
Russia,Russia,26 R-149MA3 command and staff vehicle,captured,https://twitter.com/UAWeapons/status/1573257821952610305,2022-09-24,2509,5935,2,7-250959352
Russia,Soviet Union,26 T-62M,captured,https://i.postimg.cc/3RpSDGqs/1013-t62m-capt.jpg,2022-10-13,2511,5938,2,7-251159382
Russia,Soviet Union,26 T-62M,captured,https://i.postimg.cc/xCW5fdT6/1020-t62m-capt.jpg,2022-10-13,2511,5939,2,7-251159392
Russia,Russia,26 T-72BA,captured,https://i.postimg.cc/yNm6FWgz/1029-t72ba-capt-17-02-23.jpg,2023-02-18,2514,5942,2,7-251459422
Russia,Soviet Union,26 UAZ-452 van,captured,https://i.postimg.cc/qRSDvdB5/1008-uaz452-dam-capt.jpg,2022-10-24,2517,5946,2,7-251759462
Russia,Soviet Union,26 UAZ-452 van,captured,https://i.postimg.cc/bJtHLS8m/1000-uaz452-capt.png,2022-10-24,2517,5947,2,7-251759472
Russia,Soviet Union,261 BMP-1(P),captured,https://i.postimg.cc/bNrQH1Xq/1005-bmp1-dam-capt-21-01-23.jpg,2023-01-22,2528,5966,2,7-252859662
Russia,Russia,261 BTR-82A(M),captured,https://i.postimg.cc/SQHPSvvz/1019-btr82a-capt.jpg,2022-10-02,2530,5969,2,7-253059692
Russia,Russia,261 BTR-82A(M),captured,https://i.postimg.cc/28Xhy8F7/1000-btr82a-capt.jpg,2022-10-02,2530,5970,2,7-253059702
Russia,Russia,261 T-72B3,captured,https://i.postimg.cc/J4tzjR7x/1017-t72b3-capt-22-01-23.jpg,2023-01-24,2531,5972,2,7-253159722
Russia,Russia,262 BTR-82A(M),captured,https://i.postimg.cc/zG2q9XqP/1014-btr82a-capt.jpg,2022-10-03,2534,5977,2,7-253459772
Russia,Russia,264 T-72B3,captured,https://i.postimg.cc/W3wTdhf9/1005-t72b3-destr-28-01-23.jpg,2023-01-30,2544,6000,2,7-254460002
Russia,Russia,265 BTR-82A(M),captured,https://twitter.com/UAWeapons/status/1577310974427639809,2022-10-05,2549,6010,2,7-254960102
Russia,Soviet Union,266 T-80BV,captured,https://i.postimg.cc/8kWDqQJk/1305-t80bv-capt-and-later-destr.jpg,2023-03-20,2553,6017,2,7-255360172
Russia,Soviet Union,266 T-80BV,captured,https://i.postimg.cc/66npYVWP/1044-t80bv-capt-xx-10-22.jpg,2023-03-20,2553,6021,2,7-255360212
Russia,Soviet Union,268 BTR-80,captured,https://i.postimg.cc/DyzMfPMm/1032-BTR-80-capt-30-11-22.jpg,2025-03-27,2561,6039,2,7-256160392
Russia,Russia,269 BTR-82A(M),captured,https://pic.twitter.com/a9BoN1E03K,2022-10-06,2566,6048,2,7-256660482
Russia,Russia,269 BTR-82A(M),captured,https://i.postimg.cc/90LBSzv7/1039-btr80-capt.jpg,2022-10-06,2566,6049,2,7-256660492
Russia,Soviet Union,27 9P149 Shturm-S,captured,https://i.postimg.cc/hGHfjgP4/1006-shturm-s-capt-18-03-22.jpg,2023-01-01,2573,6064,2,7-257360642
Russia,Soviet Union,27 9P149 Shturm-S,captured,https://i.postimg.cc/T2D7k426/1005-Shturm-S-capt-22-01-23.jpg,2023-01-24,2573,6065,2,7-257360652
Russia,Russia,27 KamAZ with MM-501 armoured cabin,captured,https://i.postimg.cc/kXzJ4rGR/133.png,2023-03-26,2581,6075,2,7-258160752
Russia,Soviet Union,27 MT-LB with ZU-23 AA gun,captured,https://i.postimg.cc/m2QKFP6f/1026-MT-LB-with-ZU-23-AA-gun-capt-03-06-23.jpg,2023-06-09,2582,6076,2,7-258260762
Russia,Russia,27 UAZ-39094,captured,https://i.postimg.cc/wjRbLxnx/1228-UAZ-39094-Fermer-capt-10-08-24.jpg,2025-03-20,2590,6088,2,7-259060882
Russia,Soviet Union,27 UAZ-469 jeep,captured,https://i.postimg.cc/DyNknpYG/1007-uaz469-capt.jpg,2022-11-14,2591,6089,2,7-259160892
Russia,Soviet Union,273 T-80BV,captured,https://postlmg.cc/zV1Lvky5,2023-03-26,2607,6123,2,7-260761232
Russia,Russia,275 BTR-82A(M),captured,https://i.postimg.cc/Rhxk8NWH/1005-btr82a-capt.jpg,2022-10-09,2610,6131,2,7-261061312
Russia,Russia,275 BTR-82A(M),captured,https://i.postimg.cc/hG6WLCgM/1006-btr82a-capt.jpg,2022-10-09,2610,6132,2,7-261061322
Russia,Russia,275 BTR-82A(M),captured,https://i.postimg.cc/G2D0qkmR/1019-btr82a-capt.jpg,2022-10-09,2610,6133,2,7-261061332
Russia,Soviet Union,276 T-80BV,captured,https://i.postimg.cc/3NZKqv00/68p.png,2023-03-30,2615,6154,2,7-261561542
Russia,Soviet Union,276 T-80BV,captured,https://postlmg.cc/yWmcFzWC,2023-03-30,2615,6155,2,7-261561552
Russia,Soviet Union,276 T-80BV,captured,https://i.postimg.cc/SK3422K0/488.png,2023-04-12,2615,6157,2,7-261561572
Russia,Russia,277 T-72B3,captured,https://i.postimg.cc/HkdDXTds/1022-t72b3-capt-08-02-23.jpg,2023-02-12,2620,6175,2,7-262061752
Russia,Soviet Union,28 9T452 transporter-loader (for BM-27 'Uragan' MRL),captured,https://i.postimg.cc/dt5yDxXS/1012-bm27-loader.jpg,2022-10-21,2636,6204,2,7-263662042
Russia,Soviet Union,28 BREM-1 armoured recovery vehicle,captured,https://i.postimg.cc/xdMVHsPy/1008-brem1-capt-23-02-23.jpg,2023-02-24,2639,6207,2,7-263962072
Russia,Soviet Union,28 UAZ-452 van,captured,https://i.postimg.cc/NGbGV9HX/1000-uaz452-capt.jpg,2022-10-27,2652,6224,2,7-265262242
Russia,Soviet Union,28 UAZ-452 van,captured,https://i.postimg.cc/Gh72B83R/1013-uaz452-capt.jpg,2022-10-27,2652,6225,2,7-265262252
Russia,Russia,281 T-72B3,captured,https://i.postimg.cc/Y0GzjjBv/1017-t72b3-capt-07-02-23.jpg,2023-02-13,2661,6243,2,7-266162432
Russia,Soviet Union,284 T-80BV,captured,https://i.postimg.cc/NjRtB7Lr/1014-t80bv-capt-08-04-23.jpg,2023-05-12,2669,6260,2,7-266962602
Russia,Soviet Union,29 9P149 Shturm-S,captured,https://i.postimg.cc/J4Q1b7cS/1001-shturm-s-capt-27-01-23.jpg,2023-01-30,2691,6322,2,7-269163222
Russia,Soviet Union,29 9T452 transporter-loader (for BM-27 'Uragan' MRL),captured,https://twitter.com/UAWeapons/status/1583435517529841665,2022-10-22,2692,5144,2,7-269251442
Russia,Soviet Union,29 BREM-1 armoured recovery vehicle,captured,https://i.postimg.cc/wMt3FKVK/1005-brem1-capt-16-06-23.jpg,2023-06-19,2694,6324,2,7-269463242
Russia,Soviet Union,29 BRM-1(K) reconnaissance vehicle,captured,https://i.postimg.cc/pXbXfmmY/1089-brm1k-capt-31-12-22.jpg,2024-05-27,2695,6325,2,7-269563252
Russia,Russia,292 KamAZ 6x6,captured,https://i.postimg.cc/j2tnhfC0/7765.png,2022-06-26,2713,6383,2,7-271363832
Russia,Russia,292 KamAZ 6x6,captured,https://i.postimg.cc/ZRJM1512/1008.jpg,2022-06-26,2713,6384,2,7-271363842
Russia,Soviet Union,296 BMP-1(P),captured,https://i.postimg.cc/cCY4mNcV/1013-bmp1-capt-10-09-22.jpg,2023-02-18,2730,6436,2,7-273064362
Russia,Soviet Union,296 BMP-1(P),captured,https://i.postimg.cc/RZGCGdcV/1018-bmp1-capt-16-02-23.jpg,2023-02-18,2730,6437,2,7-273064372
Russia,Russia,2K22M1 Tunguska,captured,https://i.postimg.cc/L8ZkVWLr/698.png,2022-04-09,2737,6459,2,7-273764592
Russia,Soviet Union,2S1 with ZU-23 AA gun,captured,https://i.postimg.cc/Yq5q4HcW/88kj.png,2022-03-19,2738,6462,2,7-273864622
Russia,Soviet Union,3 100mm KS-19,captured,https://i.postimg.cc/cJKxB8Rz/1020-KS-19-3x.jpg,2022-09-08,2739,6463,2,7-273964632
Russia,Russia,3 120mm 2S23 Nona-SVK,captured,https://i.postimg.cc/PxTZYLdC/487.png,2022-09-15,2740,6464,2,7-274064642
Russia,Soviet Union,3 152mm 2S5 Giatsint-S,captured,https://twitter.com/UAWeapons/status/1570130085017001985,2022-09-15,2746,6470,2,7-274664702
Russia,Soviet Union,3 152mm 2S5 Giatsint-S,captured,https://twitter.com/UAWeapons/status/1570130067480801281,2022-09-15,2746,6471,2,7-274664712
Russia,Soviet Union,3 2B9 Vasilek 82mm automatic gun mortar,captured,https://i.postimg.cc/fb3wwD8m/1011-2-B9-Vasilek.png,2022-09-17,2751,6476,2,7-275164762
Russia,Soviet Union,3 2B9 Vasilek 82mm automatic gun mortar,captured,https://i.postimg.cc/KYdmjwWV/1012-2-B9-Vasilek.png,2022-09-17,2751,6477,2,7-275164772
Russia,Russia,3 AMN-590951 multipurpose armored vehicle,captured,https://i.postimg.cc/Pxx90vdL/1017-590951-capt.jpg,2022-11-01,2760,6487,2,7-276064872
Russia,Russia,3 ARS-14 decontamination and degassing vehicle,captured,https://i.postimg.cc/Y0wzL7N9/2022-03-17-ars-14.jpg,2022-10-18,2761,6488,2,7-276164882
Russia,Soviet Union,3 BMK-MO towing and motor boat,captured,https://i.postimg.cc/0NVWL5m4/1036-tugboat-BMK-MO-dam-capt-17-03-23.jpg,2023-03-20,2768,6496,2,7-276864962
Russia,Russia,3 BPM-97 Vystrel,captured,https://i.postimg.cc/s2MfqCCY/1004-Vystrel-capt-17-01-23.jpg,2023-01-21,2774,6502,2,7-277465022
Russia,Russia,3 BREM-D armoured recovery vehicle,captured,https://i.postimg.cc/pd1sR5gb/1040-brem-d-capt-09-01-23.jpg,2023-01-10,2776,6504,2,7-277665042
Russia,Russia,3 Eleron-10,captured,https://i.postimg.cc/Hncd0Mf5/1053-Eleron-10-reconnaissance-UAV-capt-29-04-24.jpg,2024-05-02,2783,6514,2,7-278365142
Russia,Russia,3 Fara ground surveillance radar,captured,https://i.postimg.cc/vHgMR0Jk/1041-fara-ground-radar-capt-14-11-23.jpg,2023-11-20,2784,6515,2,7-278465152
Russia,Russia,3 Leer-3 electronic warfare system,captured,https://i.postimg.cc/zG8D606X/1027-RB-341-V-Leer-3-electronic-warfare-system-capt-31-12-23.jpg,2024-05-02,2801,6532,2,7-280165322
Russia,Russia,3 MTO-AT mobile workshop,captured,https://i.postimg.cc/dQ4BZ4Q7/1003.jpg,2022-09-12,2807,6540,2,7-280765402
Russia,Soviet Union,3 RKhM-6 CBRN reconnaissance vehicle,captured,https://i.postimg.cc/05Ccf3yh/2022-10-05-rkhm-6.jpg,2022-10-18,2818,6553,2,7-281865532
Russia,Russia,3 Sarych-2,captured,https://i.postimg.cc/3Jpp1mbh/1017-Sarych-2-reconnaissance-UAV-capt-21-05-25.jpg,2025-08-17,2823,6561,2,7-282365612
Russia,Soviet Union,3 T-62MV,captured,https://twitter.com/UAWeapons/status/1578300172676648960,2022-10-08,2828,6567,2,7-282865672
Russia,Soviet Union,3 T-62MV,captured,https://i.postimg.cc/MX2V8YzD/1501-t72mv-capt.jpg,2022-10-09,2828,6568,2,7-282865682
Russia,Russia,3 T-72B3 Obr. 2014,captured,https://twitter.com/UAWeapons/status/1573015274055426048,2022-09-23,2832,6572,2,7-283265722
Russia,Russia,3 T-72B3 Obr. 2014,captured,https://i.postimg.cc/W1M4hhYW/1111-T-72-B3-Obr-2014-capt-07-07-22.jpg,2025-04-16,2832,6575,2,7-283265752
Russia,Russia,3 T-90M,captured,https://i.postimg.cc/ZKSvFkdP/1000.jpg,2022-09-19,2837,6580,2,7-283765802
Russia,Russia,3 T-90S,captured,https://twitter.com/UAWeapons/status/1613325613795770371,2023-01-14,2838,6581,2,7-283865812
Russia,Russia,3 UAZ Patriot jeep,captured,https://i.postimg.cc/HsjyTykV/2022-09-15-UAZ-Patriot.png,2022-09-17,2841,6584,2,7-284165842
Russia,Soviet Union,30 122mm D-30 howitzer,captured,https://i.postimg.cc/ZRrPVHSv/1169-d30.jpg,2022-08-23,2859,6607,2,7-285966072
Russia,Soviet Union,30 BREM-1 armoured recovery vehicle,captured,https://i.postimg.cc/6qtF3QQ6/1025-BREM-1-capt-xx-xx-22.jpg,2023-07-04,2867,6617,2,7-286766172
Russia,Russia,30 R-149MA3 command and staff vehicle,captured,https://i.postimg.cc/W1WjD1TZ/1009-R-149-MA3-capt.jpg,2022-10-01,2875,6631,2,7-287566312
Russia,Soviet Union,30 T-62M,captured,https://i.postimg.cc/mkKvpRHm/1010-t62m-capt.jpg,2022-10-16,2877,6634,2,7-287766342
Russia,Soviet Union,30 T-62M,captured,https://i.postimg.cc/wMKK0gJ0/1053-t62m-capt.jpg,2022-10-16,2877,6635,2,7-287766352
Russia,Soviet Union,30 T-62M,captured,https://i.postimg.cc/4dB8SySp/1011-t62m-capt.jpg,2022-10-16,2877,6636,2,7-287766362
Russia,Soviet Union,30 T-62M,captured,https://i.postimg.cc/9M8L6fDK/2022-08-20-T-64-BV.jpg,2022-10-17,2877,6637,2,7-287766372
Russia,Russia,30 T-80BVM,captured,https://i.postimg.cc/MKnvkmBv/1020-t80bvm-nr14.jpg,2022-08-13,2880,6642,2,7-288066422
Russia,Russia,30 T-80BVM,captured,https://postimg.cc/xkfbcmNr,2022-08-13,2880,6643,2,7-288066432
Russia,Russia,300 T-72B3,captured,https://postimg.cc/R3gQYYjY,2023-04-16,2890,6660,2,7-289066602
Russia,Russia,301 T-72B3,captured,https://i.postimg.cc/YCF5mbpS/5583.png,2023-04-12,2892,6668,2,7-289266682
Russia,Russia,302 T-72B3,captured,https://i.postimg.cc/vZ5yQytW/2544.png,2023-04-01,2896,6685,2,7-289666852
Russia,Soviet Union,303 T-80BV,captured,https://i.postimg.cc/XYjF1Bnb/1019-t80bv-dam-capt-10-06-23.jpg,2023-06-14,2899,6692,2,7-289966922
Russia,Russia,304 KamAZ 6x6,captured,https://i.postimg.cc/BQjwGdBb/1004.png,2022-07-13,2903,6701,2,7-290367012
Russia,Russia,307 BTR-82A(M),captured,https://i.postimg.cc/T2VVXM78/2022-04-02-btr-82a-2.jpg,2022-10-17,2910,6750,2,7-291067502
Russia,Russia,31 R-149MA3 command and staff vehicle,captured,https://i.postimg.cc/qvy9mBSj/1013-R-149-MA3-dmg-capt.jpg,2022-10-02,2936,6807,2,7-293668072
Russia,Soviet Union,31 T-62M,captured,https://postimg.cc/JD5ZKMXX,2022-10-18,2938,6809,2,7-293868092
Russia,Russia,31 T-72BA,captured,https://i.postimg.cc/J46hVWVW/1040-T-72-BA-capt-16-08-24.jpg,2024-08-18,2940,6811,2,7-294068112
Russia,Russia,31 T-80BVM,captured,https://i.postimg.cc/rwk9X6Y1/1000-t80bvm-nr-14.jpg,2022-08-14,2942,6815,2,7-294268152
Russia,Soviet Union,31 UAZ-452 van,captured,https://i.postimg.cc/Jn98dRsx/1008-uaz452-dam-capt.jpg,2022-11-21,2943,6816,2,7-294368162
Russia,Soviet Union,310 BMP-1(P),captured,https://i.postimg.cc/KjDp9sDR/1014-vmp1-capt-31-03-22.jpg,2023-02-27,2946,6824,2,7-294668242
Russia,Russia,310 T-72B3,captured,https://i.postimg.cc/0rRCJ9dk/1000-T-72-B3-capt-27-05-23.jpg,2023-05-28,2948,6827,2,7-294868272
Russia,Russia,315 BTR-82A(M),captured,https://i.postimg.cc/rFWq9FfP/1006-btr82a-capt.jpg,2022-10-28,2962,6857,2,7-296268572
Russia,Russia,315 BTR-82A(M),captured,https://i.postimg.cc/c1jLcc7Z/1006-btr82a-capt.jpg,2022-10-29,2962,6858,2,7-296268582
Russia,Russia,319 T-72B3,captured,https://twitter.com/naalsio26/status/1681970718911676417,2023-07-21,2976,6897,2,7-297668972
Russia,Soviet Union,32 122mm 2S1 Gvozdika,captured,https://twitter.com/Blue_Sauron/status/1590781731552038912,2022-11-12,2980,6905,2,7-298069052
Russia,Soviet Union,32 122mm D-30 howitzer,captured,https://i.postimg.cc/50jSr7Ch/1024-d30-capt.jpg,2022-10-20,2981,6907,2,7-298169072
Russia,Soviet Union,32 122mm D-30 howitzer,captured,https://i.postimg.cc/1z9N40Qg/10-22-2022-D-30-captured-Kherson-region.png,2022-10-27,2981,6908,2,7-298169082
Russia,Soviet Union,32 9P149 Shturm-S,captured,https://i.postimg.cc/JhPdDVg1/6889.png,2023-04-06,2985,6912,2,7-298569122
Russia,Russia,32 KamAZ 4x4,captured,https://i.postimg.cc/tTqHjkJS/1025-Kam-AZ-4x4-capt-02-03-22.jpg,2024-02-29,2990,6918,2,7-299069182
Russia,Russia,320 BTR-82A(M),captured,https://i.postimg.cc/Z543Tr2M/1008-btr82a-capt.jpg,2022-11-01,3003,6940,2,7-300369402
Russia,Russia,321 BTR-82A(M),captured,https://i.postimg.cc/PxWk7LX7/10-01-2022-BTR-82-A-M-captured.png,2022-11-02,3006,6942,2,7-300669422
Russia,Soviet Union,324 T-80BV,captured,https://i.postimg.cc/1XM0nHnz/1003-t80bv-capt-28-06-23.jpg,2023-06-30,3018,6997,2,7-301869972
Russia,Soviet Union,324 T-80BV,captured,https://i.postimg.cc/7PNnWxsy/1004-t80bv-capt-28-06-23.jpg,2023-06-30,3018,6998,2,7-301869982
Russia,Russia,325 BTR-82A(M),captured,https://i.postimg.cc/7YBW16S4/1002-btr82a-capt.jpg,2022-11-03,3019,7000,2,7-301970002
Russia,Soviet Union,328 T-80BV,captured,https://i.postimg.cc/15nMCvcY/1010-t80bv-dam-capt-31-10-22.jpg,2023-07-07,3028,7022,2,7-302870222
Russia,Soviet Union,33 122mm D-30 howitzer,captured,https://i.postimg.cc/Gt5GBD2v/1017-d30-capt.jpg,2022-11-12,3034,7029,2,7-303470292
Russia,Soviet Union,33 IMR-2(M) combat engineering vehicle,captured,https://i.postimg.cc/tCHrWVWm/1027-imr2-capt-31-11-22.jpg,2024-02-23,3042,7042,2,7-304270422
Russia,Russia,331 BTR-82A(M),captured,https://i.postimg.cc/PrRyVSdR/1043-btr82a-capt.jpg,2022-11-08,3061,7075,2,7-306170752
Russia,Russia,332 BTR-82A(M),captured,https://i.postimg.cc/3w0prWBM/1013-btr82a-capt.jpg,2022-11-10,3064,7082,2,7-306470822
Russia,Russia,334 BTR-82A(M),captured,https://i.postimg.cc/DZL6sBsn/1014-btr82a-capt.jpg,2022-11-12,3072,7099,2,7-307270992
Russia,Russia,335 Ural-4320,captured,https://i.postimg.cc/4xnDLkLN/1094-Ural-4320-captured.jpg,2022-07-28,3075,7166,2,7-307571662
Russia,Russia,335 Ural-4320,captured,https://i.postimg.cc/3xDL0Kfp/1113_Ural-4320_captured.jpg,2022-07-28,3075,7167,2,7-307571672
Russia,Russia,335 Ural-4320,captured,https://i.postimg.cc/8CmmLsRF/1114_Ural-4320_captured.jpg,2022-07-28,3075,7168,2,7-307571682
Russia,Russia,338 Ural-4320,captured,https://i.postimg.cc/x8J1W6D5/1002-ural4320.jpg,2022-08-04,3082,7186,2,7-308271862
Russia,Soviet Union,34 100mm MT-12 anti-tank gun,captured,https://i.postimg.cc/X70dmPJF/1021-MT-12-Rapira-anti-tank-gun-capt-18-08-24.jpg,2024-08-22,3086,7221,2,7-308672212
Russia,Soviet Union,34 122mm 2S1 Gvozdika,captured,https://twitter.com/UAWeapons/status/1591720519035981830,2022-11-14,3087,7223,2,7-308772232
Russia,Soviet Union,34 122mm D-30 howitzer,captured,https://i.postimg.cc/C5YZJhxf/1014-d30-capt.jpg,2022-11-19,3088,7224,2,7-308872242
Russia,Russia,34 BMP-1AM 675-sb3KDZ,captured,https://i.postimg.cc/jdphcQqV/1001-BMP-1-AM-675-sb3-KDZ-capt-28-12-24.jpg,2024-12-31,3093,7230,2,7-309372302
Russia,Russia,34 R-149MA1 command and staff vehicle,captured,https://i.postimg.cc/Xq51SPXw/1026-r-166-05.jpg,2022-09-08,3100,7237,2,7-310072372
Russia,Soviet Union,34 T-62M,captured,https://i.postimg.cc/V69V5JKf/1008-t62m-capt.jpg,2022-10-19,3103,7240,2,7-310372402
Russia,Soviet Union,34 T-62M,captured,https://i.postimg.cc/3RQqKXCf/1009-t62m-capt.jpg,2022-10-19,3103,7241,2,7-310372412
Russia,Soviet Union,34 T-62M,captured,https://i.postimg.cc/8zs9wPz4/1018-t62m-capt.jpg,2022-10-19,3103,7242,2,7-310372422
Russia,Soviet Union,34 T-62M,captured,https://i.postimg.cc/ZRnKJsdJ/1003-t62m-capt.jpg,2022-10-20,3103,7243,2,7-310372432
Russia,Soviet Union,34 T-62M,captured,https://i.postimg.cc/TPRdPNxj/1003-t62m-capt.jpg,2022-10-29,3103,7244,2,7-310372442
Russia,Russia,34 Ural Federal,captured,https://i.postimg.cc/SsymhfxZ/6658.png,2023-03-26,3111,7255,2,7-311172552
Russia,Soviet Union,340 BMP-1(P),captured,https://i.postimg.cc/8Cf8LBcp/5g.png,2023-03-28,3114,7260,2,7-311472602
Russia,Russia,341 Ural-4320,captured,https://postimg.cc/mhsHRWKh,2022-08-13,3118,7274,2,7-311872742
Russia,Russia,342 BTR-82A(M),captured,https://i.postimg.cc/yxVkgLGc/1030-btr82a-capt.jpg,2022-11-14,3120,7278,2,7-312072782
Russia,Russia,342 Ural-4320,captured,https://i.postimg.cc/t4r1pvJD/1001-ural4320.jpg,2022-08-08,3123,7285,2,7-312372852
Russia,Russia,346 BTR-82A(M),captured,https://i.postimg.cc/zGjrMtzW/1012-btr82a-capt.jpg,2022-11-18,3134,7310,2,7-313473102
Russia,Russia,347 BTR-82A(M),captured,https://i.postimg.cc/zv53xbMC/1014-btr82a-capt.jpg,2022-11-19,3138,7319,2,7-313873192
Russia,Russia,349 BTR-82A(M),captured,https://i.postimg.cc/SR6rPrCV/1011-btr-82a-capt.jpg,2022-11-22,3147,7350,2,7-314773502
Russia,Soviet Union,35 122mm D-30 howitzer,captured,https://twitter.com/UAWeapons/status/1593921096536903683,2022-11-21,3152,7371,2,7-315273712
Russia,Soviet Union,352 BMP-1(P),captured,https://i.postimg.cc/RFMKbwc6/779j.png,2023-04-18,3180,7422,2,7-318074222
Russia,Russia,352 BTR-82A(M),captured,https://i.postimg.cc/YChw1gK3/1000-btr82a-capt.jpg,2022-11-24,3181,7425,2,7-318174252
Russia,Russia,353 BTR-82A(M),captured,https://i.postimg.cc/J0w97G1H/1015-btr82a-capt.jpg,2022-11-28,3186,7436,2,7-318674362
Russia,Russia,356 BTR-82A(M),captured,https://i.postimg.cc/59wH5c3Z/1016-btr82a-capt.jpg,2022-12-02,3195,7461,2,7-319574612
Russia,Russia,359 BTR-82A(M),captured,https://i.postimg.cc/V6mzNvKM/1010-btr82a-capt.jpg,2022-12-05,3204,7493,2,7-320474932
Russia,Soviet Union,36 122mm D-30 howitzer,captured,https://i.postimg.cc/3wPBcrqm/2022-04-04-BTR-82-A-destroyed-D-30-captured-Chernihiv.jpg,2022-12-09,3207,7499,2,7-320774992
Russia,Soviet Union,36 T-62M,captured,https://i.postimg.cc/N0bpGRdQ/1006-t62m-capt.jpg,2022-10-26,3219,7514,2,7-321975142
Russia,Russia,360 Ural-4320,captured,https://i.postimg.cc/zG5zScVY/1144-ural-dam-capt.jpg,2022-08-23,3230,7551,2,7-323075512
Russia,Russia,360 Ural-4320,captured,https://i.postimg.cc/XvYntBf2/1145-ural-capt.jpg,2022-08-23,3230,7552,2,7-323075522
Russia,Russia,360 Ural-4320,captured,https://i.postimg.cc/wvsYdX7k/1143-ural-capt-2x.jpg,2022-08-23,3230,7553,2,7-323075532
Russia,Russia,360 Ural-4320,captured,https://i.postimg.cc/T2gv7c8d/1146-ural-capt.jpg,2022-08-23,3230,7554,2,7-323075542
Russia,Russia,362 Ural-4320,captured,https://twitter.com/UAWeapons/status/1567465710745489410,2022-09-08,3235,7564,2,7-323575642
Russia,Russia,363 BTR-82A(M),captured,https://i.postimg.cc/T18nNHBB/1003-btr82a-capt.jpg,2022-12-06,3237,7571,2,7-323775712
Russia,Russia,365 Ural-4320,captured,https://twitter.com/UAWeapons/status/1567850576754475009,2022-09-09,3247,7596,2,7-324775962
Russia,Russia,365 Ural-4320,captured,https://i.postimg.cc/fRrqKKD6/1008-ural4320.png,2022-09-09,3247,7597,2,7-324775972
Russia,Russia,365 Ural-4320,captured,https://i.postimg.cc/KcH8L1W4/1016-ural4620.jpg,2022-09-09,3247,7598,2,7-324775982
Russia,Soviet Union,368 BMP-1(P),captured,https://i.postimg.cc/tgcR3bkz/1001-bmp1-capt-06-03-22.jpg,2023-05-06,3253,7612,2,7-325376122
Russia,Russia,369 BTR-82A(M),captured,https://i.postimg.cc/ZRgYPZGn/1002-btr82a-capt.jpg,2022-12-09,3255,7617,2,7-325576172
Russia,Soviet Union,37 122mm D-30 howitzer,captured,https://i.postimg.cc/prvhTyCT/1009-d30-capt.jpg,2022-12-30,3262,7631,2,7-326276312
Russia,Soviet Union,37 9P149 Shturm-S,captured,https://i.postimg.cc/Hj1jgNSG/1007-9-P149-Shturm-S-capt-04-04-22.jpg,2024-04-08,3265,7635,2,7-326576352
Russia,Russia,37 BMP-3 Obr. 2020,captured,https://i.postimg.cc/HnHtQXVN/1107-bmp3-obr2020-capt-24-05-22.jpg,2024-05-26,3268,7640,2,7-326876402
Russia,Russia,37 BMP-3 Obr. 2020,captured,https://i.postimg.cc/rm028b6C/1071-bmp3-obr2020-capt-23-02-23.jpg,2024-05-26,3268,7641,2,7-326876412
Russia,Russia,37 BMP-3 Obr. 2020,captured,https://i.postimg.cc/vZhsXfL9/1070-bmp3-obr2020-capt-09-04-22.jpg,2024-05-26,3268,7642,2,7-326876422
Russia,Russia,37 R-149MA1 command and staff vehicle,captured,https://twitter.com/CalibreObscura/status/1568282616373059586,2022-09-10,3273,7651,2,7-327376512
Russia,Russia,37 R-149MA3 command and staff vehicle,captured,https://i.postimg.cc/PfzSb7j5/1012-r149ma3-capt-28-12-22.jpg,2023-01-01,3274,7653,2,7-327476532
Russia,Russia,37 R-149MA3 command and staff vehicle,captured,https://i.postimg.cc/vT2LCVrr/7770.png,2023-04-04,3274,7656,2,7-327476562
Russia,Soviet Union,37 T-62M,captured,https://i.postimg.cc/j558QB6F/1018-t62m-capt.jpg,2022-10-27,3275,7657,2,7-327576572
Russia,Russia,37 T-80BVM,captured,https://twitter.com/UAWeapons/status/1569038512116334592,2022-09-12,3277,7659,2,7-327776592
Russia,Russia,37 T-90M,captured,https://i.postimg.cc/9MS80Tgb/769.png,2023-09-09,3278,7660,2,7-327876602
Russia,Soviet Union,370 BMP-1(P),captured,https://i.postimg.cc/pLfnfG7c/1301-bmp1-12-03-22.jpg,2023-05-11,3284,7669,2,7-328476692
Russia,Russia,373 BTR-82A(M),captured,https://i.postimg.cc/h4TXwGxb/1028-btr82a-capt-12-12-22.jpg,2022-12-15,3296,7695,2,7-329676952
Russia,Russia,373 Ural-4320,captured,https://i.postimg.cc/xCcT41d0/1030-ural4320.png,2022-09-10,3299,7705,2,7-329977052
Russia,Russia,373 Ural-4320,captured,https://i.postimg.cc/cH24yGKf/1027-ural4320.jpg,2022-09-10,3299,7706,2,7-329977062
Russia,Russia,373 Ural-4320,captured,https://i.postimg.cc/yN6N0P43/1025-ural4320.jpg,2022-09-10,3299,7707,2,7-329977072
Russia,Russia,373 Ural-4320,captured,https://i.postimg.cc/NMMwjChb/1024-ural4320.jpg,2022-09-10,3299,7708,2,7-329977082
Russia,Russia,373 Ural-4320,captured,https://i.postimg.cc/L6vZbdnC/1002-ural4320.jpg,2022-09-10,3299,7709,2,7-329977092
Russia,Soviet Union,374 T-80BV,captured,https://i.postimg.cc/PxC7dQHG/1040-t80bv-capt-13-09-22.jpg,2023-08-09,3302,7720,2,7-330277202
Russia,Russia,376 BTR-82A(M),captured,https://i.postimg.cc/hvGx15PL/1016-btr82a-capt-02-01-23.jpg,2023-01-04,3310,7734,2,7-331077342
Russia,Russia,379 Ural-4320,captured,https://twitter.com/UAWeapons/status/1568641127577751553,2022-09-11,3319,7752,2,7-331977522
Russia,Russia,379 Ural-4320,captured,https://i.postimg.cc/WzByPxtK/1010-ural4320.jpg,2022-09-11,3319,7753,2,7-331977532
Russia,Russia,38 152mm 2S33 Msta-SM2,captured,https://i.postimg.cc/Nf0d4J4W/1030-2-S19-M2-Msta-S-capt-31-11-22.jpg,2024-04-08,3324,7758,2,7-332477582
Russia,Soviet Union,38 MT-LB with ZU-23 AA gun,captured,https://i.postimg.cc/YCspgbnH/1008-MT-LB-with-ZU-23-2-capt-30-11-22.jpg,2023-11-24,3335,7771,2,7-333577712
Russia,Soviet Union,38 T-62M,captured,https://twitter.com/UAWeapons/status/1590447628726439936,2022-11-10,3338,7776,2,7-333877762
Russia,Soviet Union,38 T-62M,captured,https://twitter.com/UAWeapons/status/1591036463634075648,2022-11-12,3338,7777,2,7-333877772
Russia,Soviet Union,38 T-62M,captured,https://i.postimg.cc/kXjchcHX/875.png,2022-11-12,3338,7778,2,7-333877782
Russia,Soviet Union,38 T-62M,captured,https://i.postimg.cc/DygBqyxv/1020-t62m-capt.jpg,2022-11-12,3338,7779,2,7-333877792
Russia,Russia,38 T-80BVM,captured,https://twitter.com/UAWeapons/status/1570138425843408896,2022-09-15,3340,7782,2,7-334077822
Russia,Russia,382 BTR-82A(M),captured,https://i.postimg.cc/3rqjRX1S/1029-btr82a-capt-10-03-22.jpg,2023-01-12,3352,7802,2,7-335278022
Russia,Russia,384 Ural-4320,captured,https://twitter.com/UAWeapons/status/1568899249688952833,2022-09-12,3356,7812,2,7-335678122
Russia,Russia,384 Ural-4320,captured,https://twitter.com/UAWeapons/status/1569035760333897728,2022-09-12,3356,7813,2,7-335678132
Russia,Russia,384 Ural-4320,captured,https://twitter.com/UAWeapons/status/1568899264650280961,2022-09-12,3356,82,2,7-3356822
Russia,Russia,384 Ural-4320,captured,https://twitter.com/UAWeapons/status/1569059447284142080,2022-09-12,3356,7814,2,7-335678142
Russia,Russia,384 Ural-4320,captured,https://i.postimg.cc/gJXqx8J5/1002-ural4320.jpg,2022-09-12,3356,7815,2,7-335678152
Russia,Russia,386 KamAZ 6x6,captured,https://i.postimg.cc/RhtcC4h6/1133-kamaz-capt.jpg,2022-08-23,3360,7855,2,7-336078552
Russia,Russia,386 KamAZ 6x6,captured,https://i.postimg.cc/pLHBThD2/1132-kamaz-capt-dam.jpg,2022-08-23,3360,7856,2,7-336078562
Russia,Russia,387 BTR-82A(M),captured,https://i.postimg.cc/SKCLY4B8/1019-btr82a-capt-27-11-22.jpg,2023-01-22,3362,7859,2,7-336278592
Russia,Russia,387 Ural-4320,captured,https://twitter.com/UAWeapons/status/1569229480149000193,2022-09-13,3364,7862,2,7-336478622
Russia,Russia,389 BTR-82A(M),captured,https://i.postimg.cc/WbZnnFnb/1022-btr82a-capt-23-01-23.jpg,2023-01-24,3366,7865,2,7-336678652
Russia,Russia,389 BTR-82A(M),captured,https://i.postimg.cc/cH678rCW/1026-btr82a-capt-23-01-23.jpg,2023-01-24,3366,7866,2,7-336678662
Russia,Russia,39 R-149MA3 command and staff vehicle,captured,https://i.postimg.cc/rmQ7qYDk/1016-R-149-MA3-capt-29-09-22.jpg,2024-02-18,3377,7878,2,7-337778782
Russia,Soviet Union,39 T-62M,captured,https://i.postimg.cc/T2SbrcFJ/1026-t62m-capt.jpg,2022-11-13,3379,7880,2,7-337978802
Russia,Soviet Union,39 T-62M,captured,https://twitter.com/UAWeapons/status/1591808737035096065,2022-11-14,3379,2403,2,7-337924032
Russia,Russia,39 T-80BVM,captured,https://twitter.com/UAWeapons/status/1570423464971976705,2022-09-16,3381,5443,2,7-338154432
Russia,Russia,39 T-80BVM,captured,https://i.postimg.cc/SKr2CC26/1003-t80bvm.jpg,2022-09-19,3381,7882,2,7-338178822
Russia,Soviet Union,39 UAZ-452 van,captured,https://i.postimg.cc/T3QKRn9j/6h5.png,2023-04-01,3383,7885,2,7-338378852
Russia,Soviet Union,39 ZiL-131,captured,https://i.postimg.cc/cHSzkJwf/1081-Zi-L-131-capt-25-02-22.jpg,2024-04-21,3387,7890,2,7-338778902
Russia,Soviet Union,39 ZiL-131,captured,https://i.postimg.cc/nzGPytGg/1080-zil131-capt-25-02-22.jpg,2024-04-21,3387,7891,2,7-338778912
Russia,Russia,390 KamAZ 6x6,captured,https://twitter.com/UAWeapons/status/1567823899785658368,2022-09-09,3388,7893,2,7-338878932
Russia,Russia,392 KamAZ 6x6,captured,https://twitter.com/UAWeapons/status/1568341095591088130,2022-09-10,3392,7905,2,7-339279052
Russia,Russia,395 Ural-4320,captured,https://twitter.com/JimmySecUK/status/1569972968641499136,2022-09-15,3397,5439,2,7-339754392
Russia,Russia,395 Ural-4320,captured,https://i.postimg.cc/KzT98KW4/1009-ural4320.jpg,2022-09-15,3397,7925,2,7-339779252
Russia,Russia,399 BTR-82A(M),captured,https://i.postimg.cc/VLYwGxY3/1302-btr82a-destr-02-04-22.jpg,2023-01-30,3403,7949,2,7-340379492
Russia,Russia,399 BTR-82A(M),captured,https://i.postimg.cc/Gtc8tBdK/1017-btr82a-destr-24-01-23.jpg,2023-01-30,3403,7950,2,7-340379502
Russia,Russia,399 BTR-82A(M),captured,https://i.postimg.cc/KzXtVmYY/1014-1x-destr-1x-capt-btr82a-xx-04-22.jpg,2023-01-30,3403,7948,2,7-340379482
Russia,Soviet Union,4 152mm 2A36 Giatsint-B,captured,https://twitter.com/UAWeapons/status/1578108247377989633,2022-10-07,3408,7961,2,7-340879612
Russia,Soviet Union,4 152mm 2A36 Giatsint-B,captured,https://twitter.com/UAWeapons/status/1577923327150067712,2022-10-07,3408,7962,2,7-340879622
Russia,Soviet Union,4 2B9 Vasilek 82mm automatic gun mortar,captured,https://twitter.com/UAWeapons/status/1572585885274865665,2022-09-22,3413,7966,2,7-341379662
Russia,Russia,4 AMN-590951 multipurpose armored vehicle,captured,https://i.postimg.cc/Y9HrK3Yz/1003-AMN-590951-capt.jpg,2022-11-12,3419,7974,2,7-341979742
Russia,Russia,4 BMO-T,captured,https://i.postimg.cc/NG8VFkdW/1024-bmo-t-capt-21-07-23.jpg,2023-07-22,3421,7976,2,7-342179762
Russia,Russia,4 BPM-97 Vystrel,captured,https://twitter.com/UAWeapons/status/1625792249660317696,2023-02-18,3425,7981,2,7-342579812
Russia,Soviet Union,4 BRDM-2,captured,https://i.postimg.cc/13Mk6Qxd/1006-brdm2-capt.jpg,2022-11-14,3426,7982,2,7-342679822
Russia,Russia,4 Eleron-10,captured,https://i.postimg.cc/MTykNTxp/1053-Eleron-10-reconnaissance-UAV-capt-30-01-25.jpg,2025-04-07,3430,7986,2,7-343079862
Russia,Russia,4 MTP-A2.1 recovery vehicle,captured,https://i.postimg.cc/CKhrPnZD/1007-MTP-A2-1-recovery-vehicle-capt-13-09-22.jpg,2023-03-20,3446,8006,2,7-344680062
Russia,Russia,4 Remdiesel Z-STS Akhmat,captured,https://i.postimg.cc/hjzpjPBJ/1016-Remdiesel-Z-STS-Akhmat-capt-07-01-23.jpg,2023-01-10,3456,8017,2,7-345680172
Russia,Russia,4 SKAT 350,captured,https://i.postimg.cc/fRrhn8n9/1011-SKAT-350-M-reconnaissance-UAV-capt-18-11-24.jpg,2024-11-23,3457,8018,2,7-345780182
Russia,Russia,4 T-72B3 Obr. 2014,captured,https://i.postimg.cc/RZNGXwth/1109-T-72-B3-Obr-2014-capt-26-09-22.jpg,2025-04-17,3464,8025,2,7-346480252
Russia,Russia,4 T-80BVM Obr. 2022,captured,https://twitter.com/UAWeapons/status/1668324020939538432,2023-06-14,3468,8031,2,7-346880312
Russia,Russia,4 TS-3132 'Gusar',captured,https://i.postimg.cc/fTPjrhpq/1019-TS-3132-Gusar-capt-25-02-25.jpg,2025-05-12,3470,8037,2,7-347080372
Russia,Russia,4 UAZ-394511 ‘Esaul’,captured,https://i.postimg.cc/3ww79TFW/1000-Esaul.png,2022-08-13,3473,8041,2,7-347380412
Russia,Russia,4 Unknown T-80,captured,https://twitter.com/Blue_Sauron/status/1568895598777991169,2022-09-12,3481,4990,2,7-348149902
Russia,Soviet Union,4 Ural-4320 (for PMP floating bridge system),captured,https://i.postimg.cc/yYJprdCQ/1080-Ural-4320-for-PMP-floating-bridge-system-capt-31-03-22.jpg,2024-01-23,3488,8065,2,7-348880652
Russia,Soviet Union,40 152mm 2A65 Msta-B howitzer,captured,https://twitter.com/UAWeapons/status/1569407860018225156,2022-09-13,3494,8073,2,7-349480732
Russia,Soviet Union,40 152mm 2A65 Msta-B howitzer,captured,https://twitter.com/UAWeapons/status/1569229430765289472,2022-09-13,3494,4529,2,7-349445292
Russia,Soviet Union,40 9T452 transporter-loader (for BM-27 'Uragan' MRL),captured,https://i.postimg.cc/KjKTM4mz/1030-9-T452-transloader-for-the-BM-27-capt-30-11-23.jpg,2023-08-01,3497,8078,2,7-349780782
Russia,Russia,40 R-149MA1 command and staff vehicle,captured,https://twitter.com/UAWeapons/status/1569043961771163652,2022-09-12,3503,8087,2,7-350380872
Russia,Russia,40 R-149MA1 command and staff vehicle,captured,https://twitter.com/Blue_Sauron/status/1568895598777991169,2022-09-12,3503,4990,2,7-350349902
Russia,Russia,400 KamAZ 6x6,captured,https://twitter.com/UAWeapons/status/1569043961771163652,2022-09-12,3514,8087,2,7-351480872
Russia,Russia,400 KamAZ 6x6,captured,https://twitter.com/UAWeapons/status/1569035760333897728,2022-09-12,3514,7813,2,7-351478132
Russia,Russia,400 KamAZ 6x6,captured,https://twitter.com/UAWeapons/status/1569058019866021894,2022-09-12,3514,8111,2,7-351481112
Russia,Russia,400 KamAZ 6x6,captured,https://i.postimg.cc/50HXVNDb/1010-kamaz6x6.jpg,2022-09-12,3514,8112,2,7-351481122
Russia,Russia,400 KamAZ 6x6,captured,https://i.postimg.cc/bvhD1hGR/1004-kamaz6x6.jpg,2022-09-12,3514,8113,2,7-351481132
Russia,Russia,400 KamAZ 6x6,captured,https://i.postimg.cc/fbgfWBwm/kamaz-5350.jpg,2022-09-12,3514,8114,2,7-351481142
Russia,Russia,402 Ural-4320,captured,https://i.postimg.cc/Dw2RWnRJ/2022-09-15-Ural-4320.png,2022-09-17,3518,8131,2,7-351881312
Russia,Russia,403 BTR-82A(M),captured,https://i.postimg.cc/0NBCZ91n/1000-btr82a-capt-04-02-23.jpg,2023-02-12,3519,8135,2,7-351981352
Russia,Russia,404 KamAZ 6x6,captured,https://twitter.com/UAWeapons/status/1569229480149000193,2022-09-13,3521,7862,2,7-352178622
Russia,Russia,404 KamAZ 6x6,captured,https://twitter.com/UAWeapons/status/1568628787457433600,2022-09-14,3521,8138,2,7-352181382
Russia,Russia,407 Ural-4320,captured,https://i.postimg.cc/G2dYVCTC/1017-ural4320.jpg,2022-09-18,3525,8151,2,7-352581512
Russia,Soviet Union,41 152mm 2A65 Msta-B howitzer,captured,https://twitter.com/UAWeapons/status/1571505879068942338,2022-09-19,3533,8166,2,7-353381662
Russia,Soviet Union,41 T-62M,captured,https://i.postimg.cc/wMqYYM6t/1011-t62m-capt.jpg,2022-11-16,3546,8183,2,7-354681832
Russia,Soviet Union,41 T-64BV,captured,https://i.postimg.cc/RVPvm2Tw/1000-t64bv-capt.jpg,2022-10-24,3547,8185,2,7-354781852
Russia,Russia,41 T-80BVM,captured,https://i.postimg.cc/hj94SdBL/488.png,2022-10-04,3549,8187,2,7-354981872
Russia,Russia,411 KamAZ 6x6,captured,https://twitter.com/UAWeapons/status/1570152375238950912,2022-09-15,3554,8196,2,7-355481962
Russia,Russia,411 KamAZ 6x6,captured,https://postimg.cc/LhjqNt4j,2022-09-15,3554,8197,2,7-355481972
Russia,Russia,417 Ural-4320,captured,https://i.postimg.cc/DfWRBfpD/2022-09-17-Ural-4320-1.jpg,2022-09-22,3561,8217,2,7-356182172
Russia,Russia,417 Ural-4320,captured,https://i.postimg.cc/263sTs8K/1002-ural4320.jpg,2022-09-22,3561,8218,2,7-356182182
Russia,Russia,417 Ural-4320,captured,https://i.postimg.cc/ydbZ4Gwt/1000-ural-4320.jpg,2022-09-22,3561,8219,2,7-356182192
Russia,Soviet Union,42 152mm 2S3(M) Akatsiya,captured,https://i.postimg.cc/HxmZKjb7/1010.jpg,2022-07-19,3567,8240,2,7-356782402
Russia,Soviet Union,42 T-62M,captured,https://i.postimg.cc/SNKbZnT3/1015_t62m_dam_capt.jpg,2022-11-19,3574,8246,2,7-357482462
Russia,Soviet Union,42 T-62M,captured,https://i.postimg.cc/sgcyn936/1007-t62m-capt.jpg,2022-11-28,3574,8247,2,7-357482472
Russia,Russia,420 KamAZ 6x6,captured,https://postimg.cc/gnnJQYwg,2022-09-17,3580,8257,2,7-358082572
Russia,Russia,420 Ural-4320,captured,https://i.postimg.cc/4dMmdk4Y/1006-ural4320.jpg,2022-09-24,3581,8260,2,7-358182602
Russia,Russia,421 BTR-82A(M),captured,https://i.postimg.cc/0QvqJ4sY/1002-btr82a-capt-07-03-23.jpg,2023-03-09,3582,8263,2,7-358282632
Russia,Russia,423 Ural-4320,captured,https://i.postimg.cc/W3bjmst8/1000-ural4320.jpg,2022-09-25,3587,8271,2,7-358782712
Russia,Russia,424 BTR-82A(M),captured,https://i.postimg.cc/mZK8GHHC/1010-btr82a-capt-13-10-22.jpg,2023-03-20,3588,8272,2,7-358882722
Russia,Russia,425 KamAZ 6x6,captured,https://i.postimg.cc/j2WLp18c/1005-kamaz6x6.jpg,2022-09-19,3592,8282,2,7-359282822
Russia,Russia,425 Ural-4320,captured,https://i.postimg.cc/nzXwprB3/2022-09-25-BMP-2-Ural-4320.jpg,2022-09-27,3594,8287,2,7-359482872
Russia,Russia,425 Ural-4320,captured,https://i.postimg.cc/j57VhkYt/1003-ural4320.jpg,2022-09-27,3594,8288,2,7-359482882
Russia,Russia,426 BTR-82A(M),captured,https://i.postimg.cc/nzJ5S2zL/9.png,2023-03-26,3596,8290,2,7-359682902
Russia,Soviet Union,43 152mm 2A65 Msta-B howitzer,captured,https://twitter.com/UAWeapons/status/1573080312158076929,2022-09-24,3604,8315,2,7-360483152
Russia,Soviet Union,43 152mm 2S3(M) Akatsiya,captured,https://i.postimg.cc/6p6CPGXJ/1005.jpg,2022-07-25,3605,8316,2,7-360583162
Russia,Soviet Union,43 T-62M,captured,https://i.postimg.cc/Cx01xxrq/1012-t62m-capt.jpg,2022-11-21,3617,8334,2,7-361783342
Russia,Russia,43 Unknown BTR-80/BTR-82A,captured,https://twitter.com/UAWeapons/status/1570798006039085056,2022-09-17,3621,8336,2,7-362183362
Russia,Russia,430 BTR-82A(M),captured,https://twitter.com/naalsio26/status/1643840868757958656,2023-04-06,3623,8342,2,7-362383422
Russia,Russia,430 Ural-4320,captured,https://i.postimg.cc/gJ2tHG9m/Ural-4320-Izium.png,2022-09-30,3625,8349,2,7-362583492
Russia,Russia,435 BTR-82A(M),captured,https://twitter.com/naalsio26/status/1657081730124111881,2023-05-17,3631,8361,2,7-363183612
Russia,Russia,435 BTR-82A(M),captured,https://i.postimg.cc/v8xvLFWj/1068-btr82a-capt-14-05-23.jpg,2023-05-17,3631,8362,2,7-363183622
Russia,Russia,436 KamAZ 6x6,captured,https://i.postimg.cc/W1778G7n/2022-09-19-Kam-AZ-6x6.jpg,2022-09-22,3633,8371,2,7-363383712
Russia,Russia,436 KamAZ 6x6,captured,https://i.postimg.cc/9z58PTRG/2022-09-19-Kam-AZ-6x6-1.jpg,2022-09-22,3633,8372,2,7-363383722
Russia,Russia,436 KamAZ 6x6,captured,https://i.postimg.cc/fy3CCLwv/2022-09-17-Kam-AZ-6x6.jpg,2022-09-22,3633,8373,2,7-363383732
Russia,Russia,436 KamAZ 6x6,captured,https://i.postimg.cc/hG4WQzFg/1004-kamaz6x6.jpg,2022-09-22,3633,8374,2,7-363383742
Russia,Russia,436 Ural-4320,captured,https://i.postimg.cc/fRNHRcqf/1002-ural4320-capt.jpg,2022-10-02,3634,8376,2,7-363483762
Russia,Russia,436 Ural-4320,captured,https://i.postimg.cc/Wb3NfZwS/1011-ural4320-capt.jpg,2022-10-02,3634,8377,2,7-363483772
Russia,Russia,436 Ural-4320,captured,https://i.postimg.cc/V6GTPrf9/2022-09-27-Ural-4320.jpg,2022-10-02,3634,8378,2,7-363483782
Russia,Russia,436 Ural-4320,captured,https://i.postimg.cc/X78fv2jg/1021-ural4320-capt.jpg,2022-10-02,3634,8379,2,7-363483792
Russia,Russia,439 BTR-82A(M),captured,https://twitter.com/naalsio26/status/1660445252094664706,2023-05-23,3638,8395,2,7-363883952
Russia,Russia,439 BTR-82A(M),captured,https://i.postimg.cc/YCPrbT3R/1052-btr82a-capt-22-05-23.png,2023-05-23,3638,8396,2,7-363883962
Russia,Russia,439 BTR-82A(M),captured,https://i.postimg.cc/43ycS0hX/1020-btr82a-capt-31-03-22.jpg,2023-06-14,3638,8397,2,7-363883972
Russia,Soviet Union,44 152mm 2S3(M) Akatsiya,captured,https://i.postimg.cc/LXzG8LHV/1007.jpg,2022-07-26,3645,8405,2,7-364584052
Russia,Russia,44 R-149MA1 command and staff vehicle,captured,https://twitter.com/UAWeapons/status/1569639365655072770,2022-09-14,3655,8416,2,7-365584162
Russia,Russia,44 R-149MA1 command and staff vehicle,captured,https://twitter.com/UAWeapons/status/1569768629696069638,2022-09-14,3655,8417,2,7-365584172
Russia,Soviet Union,44 T-64BV,captured,https://i.postimg.cc/XqyC3pQR/1015-t64bv-capt.jpg,2022-11-14,3657,8420,2,7-365784202
Russia,Soviet Union,44 T-72A,captured,https://i.postimg.cc/4xd5Z8kd/1100-t72a-destr-30-04-24.jpg,2024-06-13,3658,8421,2,7-365884212
Russia,Russia,440 KamAZ 6x6,captured,https://i.postimg.cc/qMK1XyFF/1004-bmp2-ural-tanker-kamaz6x6.png,2022-09-24,3663,583,2,7-36635832
Russia,Russia,440 KamAZ 6x6,captured,https://i.postimg.cc/TP5xjp4q/2022-09-17-Kam-AZ-6x6-2.jpg,2022-09-24,3663,8446,2,7-366384462
Russia,Russia,440 Ural-4320,captured,https://i.postimg.cc/FRFP7LCS/1000-ural4320-dam-capt.jpg,2022-10-05,3665,8453,2,7-366584532
Russia,Russia,441 Ural-4320,captured,https://i.postimg.cc/9M3gMfC9/Ural-4320-captured.png,2022-10-06,3668,8459,2,7-366884592
Russia,Russia,445 BTR-82A(M),captured,https://i.postimg.cc/QxWMc7k4/1030-btr82a-capt-21-06-23.jpg,2023-06-25,3672,8466,2,7-367284662
Russia,Russia,445 Ural-4320,captured,https://twitter.com/UAWeapons/status/1577923327150067712,2022-10-07,3673,7962,2,7-367379622
Russia,Russia,447 BTR-82A(M),captured,https://i.postimg.cc/RhCcczrG/1065-btr82a-capt-30-11-22.jpg,2023-06-28,3675,8478,2,7-367584782
Russia,Russia,447 Ural-4320,captured,https://i.postimg.cc/W45X8wfq/1008-ural4320-capt.jpg,2022-10-08,3676,8479,2,7-367684792
Russia,Russia,447 Ural-4320,captured,https://i.postimg.cc/y8YcZRhr/1021-Ural4320-destr.jpg,2022-10-08,3676,8480,2,7-367684802
Russia,Russia,452 Ural-4320,captured,https://i.postimg.cc/m2zB6qFF/1038-ural4320-dam-capt.jpg,2022-10-10,3701,8529,2,7-370185292
Russia,Russia,454 Ural-4320,captured,https://i.postimg.cc/Qtg9JdJK/Ural-4320-captured.png,2022-10-11,3705,8540,2,7-370585402
Russia,Russia,456 Ural-4320,captured,https://i.postimg.cc/N0wgX9Zt/1041-ural4320-capt.jpg,2022-10-12,3710,8548,2,7-371085482
Russia,Russia,456 Ural-4320,captured,https://i.postimg.cc/tTBy8rJR/1042-ural4320-capt-43206-destr.jpg,2022-10-12,3710,8549,2,7-371085492
Russia,Russia,458 BTR-82A(M),captured,https://i.postimg.cc/jqk0hRtw/1022-btr82a-and-kamaz-capt-30-04-22.jpg,2023-07-14,3715,8556,2,7-371585562
Russia,Russia,458 KamAZ 6x6,captured,https://i.postimg.cc/VvtRYvjh/1005-kamaz-6x6-capt-dam.jpg,2022-10-02,3716,8558,2,7-371685582
Russia,Russia,458 KamAZ 6x6,captured,https://i.postimg.cc/kgTrNXzb/2022-09-13-Kam-AZ-6x6.jpg,2022-10-02,3716,8559,2,7-371685592
Russia,Russia,458 Ural-4320,captured,https://i.postimg.cc/xCrHhnDK/1014-ural4320-capt.jpg,2022-10-13,3717,8560,2,7-371785602
Russia,Russia,458 Ural-4320,captured,https://i.postimg.cc/d3wCQ603/1015-1x-ural432-2x-kamaz6x6-capt.jpg,2022-10-13,3717,8561,2,7-371785612
Russia,Russia,46 T-80BVM,captured,https://i.postimg.cc/G2kcWxhG/1008-t80bvm-capt.jpg,2022-10-06,3732,8582,2,7-373285822
Russia,Russia,46 T-80BVM,captured,https://i.postimg.cc/FzphRFSK/1012-t80bvm-capt.jpg,2022-10-06,3732,8583,2,7-373285832
Russia,Russia,462 BTR-82A(M),captured,https://i.postimg.cc/qMbzTh46/1023-btr82a-dam-capt-30-11-22.jpg,2023-07-17,3736,8602,2,7-373686022
Russia,Russia,462 KamAZ 6x6,captured,https://i.postimg.cc/L6BtwxLN/1020-kamaz-6x6-capt.jpg,2022-10-04,3737,8607,2,7-373786072
Russia,Russia,464 KamAZ 6x6,captured,https://twitter.com/UAWeapons/status/1577191476001271808,2022-10-05,3742,2240,2,7-374222402
Russia,Russia,464 KamAZ 6x6,captured,https://i.postimg.cc/2S2VbJcc/Kamaz-6x6-captured-Kharkiv-region.png,2022-10-05,3742,8617,2,7-374286172
Russia,Russia,467 KamAZ 6x6,captured,https://twitter.com/UAWeapons/status/1578364181765509120,2022-10-08,3752,2606,2,7-375226062
Russia,Russia,467 KamAZ 6x6,captured,https://i.postimg.cc/TwCSfrHk/Kamaz-6x6-cap.png,2022-10-08,3752,8643,2,7-375286432
Russia,Soviet Union,47 152mm 2S3(M) Akatsiya,captured,https://i.postimg.cc/fL5dN7cf/1010-2s3.jpg,2022-08-15,3761,8667,2,7-376186672
Russia,Russia,47 T-80BVM,captured,https://twitter.com/UAWeapons/status/1578057102626537472,2022-10-07,3772,8683,2,7-377286832
Russia,Russia,472 KamAZ 6x6,captured,https://i.postimg.cc/SsxdK4Hv/1008-kamaz-6x6-capt.jpg,2022-10-09,3779,8704,2,7-377987042
Russia,Russia,476 KamAZ 6x6,captured,https://i.postimg.cc/0Nfsw1hh/1008-kamaz-6x6-capt.jpg,2022-10-10,3787,8725,2,7-378787252
Russia,Russia,476 KamAZ 6x6,captured,https://i.postimg.cc/X7m7j308/1009-kamaz-6x6-capt.jpg,2022-10-10,3787,8726,2,7-378787262
Russia,Russia,477 KamAZ 6x6,captured,https://i.postimg.cc/wxhcw6jV/Kamaz-6x6-captured.png,2022-10-11,3788,8727,2,7-378887272
Russia,Russia,479 KamAZ 6x6,captured,https://i.postimg.cc/qB9vRk3T/1009-kamaz-6x6.jpg,2022-10-12,3793,8736,2,7-379387362
Russia,Soviet Union,48 152mm 2A65 Msta-B howitzer,captured,https://twitter.com/UAWeapons/status/1574871051091189763,2022-09-28,3797,8743,2,7-379787432
Russia,Russia,48 T-80BVM,captured,https://i.postimg.cc/W3S234zd/1031-t80bvm-dam-capt.jpg,2022-10-10,3809,8757,2,7-380987572
Russia,Soviet Union,48 Unknown T-72,captured,https://i.postimg.cc/wx0H0JpY/1019-unkn-t72.jpg,2022-09-11,3811,8761,2,7-381187612
Russia,Russia,480 Ural-4320,captured,https://i.postimg.cc/76KYDvXw/2022-03-05-Ural-4320.jpg,2022-10-18,3813,8776,2,7-381387762
Russia,Russia,480 Ural-4320,captured,https://i.postimg.cc/TPp9ZCYR/2022-03-28-ural-4320.jpg,2022-10-18,3813,8777,2,7-381387772
Russia,Russia,480 Ural-4320,captured,https://i.postimg.cc/bwx1nJVw/2022-04-01-ural-4320.jpg,2022-10-18,3813,8778,2,7-381387782
Russia,Russia,480 Ural-4320,captured,https://i.postimg.cc/LX8HTCHb/2022-04-01-ural-4320-2.jpg,2022-10-18,3813,8779,2,7-381387792
Russia,Russia,480 Ural-4320,captured,https://i.postimg.cc/VL4Xd9PD/2022-04-02-ural-4320-4.jpg,2022-10-18,3813,8780,2,7-381387802
Russia,Russia,482 KamAZ 6x6,captured,https://i.postimg.cc/d3wCQ603/1015-1x-ural432-2x-kamaz6x6-capt.jpg,2022-10-13,3819,8561,2,7-381985612
Russia,Russia,482 KamAZ 6x6,captured,https://i.postimg.cc/1zVwv4Tm/1010-kamaz-6x6-capt.jpg,2022-10-13,3819,8791,2,7-381987912
Russia,Russia,485 KamAZ 6x6,captured,https://i.postimg.cc/vDR5qdbW/1013-Kam-AZ6x6-capt.jpg,2022-10-16,3824,8802,2,7-382488022
Russia,Russia,487 Ural-4320,captured,https://i.postimg.cc/ZKLrrXJR/1000-ural4320-capt.jpg,2022-10-25,3830,8819,2,7-383088192
Russia,Russia,487 Ural-4320,captured,https://i.postimg.cc/hPnLQKW6/1006-ural4320-capt.jpg,2022-10-25,3830,8820,2,7-383088202
Russia,Soviet Union,49 152mm 2A65 Msta-B howitzer,captured,https://twitter.com/UAWeapons/status/1576529472823898112,2022-10-03,3836,8828,2,7-383688282
Russia,Russia,49 R-149MA1 command and staff vehicle,captured,https://i.postimg.cc/zGV1nXMQ/2022-09-16-307376118-1414953492323400-3470982148527522066-n.jpg,2022-09-18,3845,8842,2,7-384588422
Russia,Russia,49 R-149MA1 command and staff vehicle,captured,https://i.postimg.cc/RZRTd3jc/2022-09-18-R-149-MA1.jpg,2022-09-20,3845,8843,2,7-384588432
Russia,Russia,49 T-80BVM,captured,https://i.postimg.cc/jqhrZ0cY/1501-t80bvm-capt.jpg,2022-10-12,3847,8846,2,7-384788462
Russia,Russia,490 Ural-4320,captured,https://i.postimg.cc/FzFvdb4G/1001-ural4320-capt.jpg,2022-10-26,3851,8860,2,7-385188602
Russia,Russia,498 Ural-4320,captured,https://i.postimg.cc/JzPKHyZG/1004-ural4320-capt.jpg,2022-11-10,3867,8904,2,7-386789042
Russia,Soviet Union,499 BMP-2(K),captured,https://i.postimg.cc/ZYDFTmSB/1004-bm2-capt.jpg,2022-09-30,3869,8912,2,7-386989122
Russia,Soviet Union,5 100mm MT-12 anti-tank gun,captured,https://twitter.com/UAWeapons/status/1568338907950899203,2022-09-10,3872,8919,2,7-387289192
Russia,Soviet Union,5 100mm MT-12 anti-tank gun,captured,https://twitter.com/UAWeapons/status/1568985785176571913,2022-09-12,3872,8920,2,7-387289202
Russia,Soviet Union,5 2B9 Vasilek 82mm automatic gun mortar,captured,https://i.postimg.cc/kMxNMwqk/1014-2b9-vasilek-mortar-capt.jpg,2022-10-21,3879,8925,2,7-387989252
Russia,Soviet Union,5 2B9 Vasilek 82mm automatic gun mortar,captured,https://postimg.cc/qtTfwVVv,2022-12-13,3879,8927,2,7-387989272
Russia,Soviet Union,5 2B9 Vasilek 82mm automatic gun mortar,captured,https://postimg.cc/06dTHWPd,2022-12-13,3879,8928,2,7-387989282
Russia,Soviet Union,5 2B9 Vasilek 82mm automatic gun mortar,captured,https://postimg.cc/143VJGgH,2022-12-13,3879,8929,2,7-387989292
Russia,Russia,5 AS-4350.1 medical vehicle,captured,https://i.postimg.cc/bY6zr9nC/1133-AS-4350-1-medical-vehicle-capt-01-03-22.jpg,2024-10-22,3887,8937,2,7-388789372
Russia,Soviet Union,5 BMD-1KSh-A command vehicle,captured,https://twitter.com/UAWeapons/status/1569736417047101441,2022-09-14,3889,8939,2,7-388989392
Russia,Russia,5 Feniks,captured,https://i.postimg.cc/QCscHgSf/1037-Feniks-reconnaissance-UAV-capt-05-09-24.jpg,2024-09-09,3898,8950,2,7-389889502
Russia,Russia,5 KamAZ KMV-10V boom crane truck,captured,https://i.postimg.cc/0N7wzdhk/1012-Kam-AZ-KMV-10-V-boom-crane-capt-05-03-23.jpg,2023-03-07,3902,8954,2,7-390289542
Russia,Russia,5 MP-1IM signals vehicle,captured,https://i.postimg.cc/cJyjh6cw/1023-MP-1-IM-capt.jpg,2022-10-20,3907,8963,2,7-390789632
Russia,Soviet Union,5 MT-LBM 6MB,captured,https://i.postimg.cc/rpMDVjLj/1028-MT-LBM-6-BM-cam-capt.jpg,2022-10-10,3909,8966,2,7-390989662
Russia,Russia,5 SKAT 350,captured,https://i.postimg.cc/kgYd8gw1/1009-SKAT-350-M-reconnaissance-UAV-capt-26-11-24.jpg,2024-11-30,3920,8978,2,7-392089782
Russia,Russia,5 Ural Avtozaks,captured,https://i.postimg.cc/5N8S7H7h/1167-Ural-Avtozaks.jpg,2022-08-23,3936,8995,2,7-393689952
Russia,Russia,5 Ural-63704-0010 Tornado-U,captured,https://i.postimg.cc/7hYc1SBr/1003-tornado.jpg,2022-08-08,3940,8999,2,7-394089992
Russia,Russia,5 ZALA Z-20,captured,https://i.postimg.cc/vTRRq2QD/1036-ZALA-Z-20-reconnaissance-UAV-capt-27-04-25.jpg,2025-07-19,3942,9001,2,7-394290012
Russia,Russia,5 ZALA Z-20,captured,https://i.postimg.cc/ZRvtLzz1/1034-ZALA-Z-20-reconnaissance-UAV-capt-20-04-25.jpg,2025-07-19,3942,9002,2,7-394290022
Russia,Russia,50 R-149MA1 command and staff vehicle,captured,https://i.postimg.cc/pdvXZrd8/268.png,2022-09-15,3950,9015,2,7-395090152
Russia,Russia,50 R-149MA1 command and staff vehicle,captured,https://twitter.com/JimmySecUK/status/1569972968641499136,2022-09-15,3950,5439,2,7-395054392
Russia,Russia,50 R-149MA1 command and staff vehicle,captured,https://i.postimg.cc/SsgBcYrd/1005-r149ma1.jpg,2022-09-15,3950,9016,2,7-395090162
Russia,Russia,50 R-149MA1 command and staff vehicle,captured,https://i.postimg.cc/7hcjWvjT/1006-r149ma1.jpg,2022-09-15,3950,9017,2,7-395090172
Russia,Russia,50 R-149MA1 command and staff vehicle,captured,https://i.postimg.cc/3rcMRpWJ/1025-r149ma1.jpg,2022-09-15,3950,9018,2,7-395090182
Russia,Soviet Union,50 Unknown T-72,captured,https://twitter.com/UAWeapons/status/1568899243397550080,2022-09-12,3955,9025,2,7-395590252
Russia,Russia,501 Ural-4320,captured,https://i.postimg.cc/fTjLwqsD/t1.png,2022-11-12,3960,9040,2,7-396090402
Russia,Russia,505 Ural-4320,captured,https://twitter.com/UAWeapons/status/1591489046194585601,2022-11-13,3963,9049,2,7-396390492
Russia,Russia,505 Ural-4320,captured,https://i.postimg.cc/3rsx9fB9/1022-ural4320-dam-capt.jpg,2022-11-13,3963,9050,2,7-396390502
Russia,Soviet Union,507 BMP-2(K),captured,https://i.postimg.cc/Yqn9pRCJ/1004-bmp2-capt.jpg,2022-10-02,3964,9053,2,7-396490532
Russia,Soviet Union,507 BMP-2(K),captured,https://i.postimg.cc/vBhy081p/1009-bmp2-capt.jpg,2022-10-02,3964,9054,2,7-396490542
Russia,Soviet Union,507 BMP-2(K),captured,https://i.postimg.cc/bYMyQdx2/2022-09-11-BMP-2-UAZ-469.png,2022-10-02,3964,3634,2,7-396436342
Russia,Soviet Union,507 BMP-2(K),captured,https://i.postimg.cc/V5QP2rgG/2022-09-11-BMP-2-1.png,2022-10-02,3964,9055,2,7-396490552
Russia,Soviet Union,51 152mm 2A65 Msta-B howitzer,captured,https://twitter.com/UAWeapons/status/1578458351838859264,2022-10-08,3967,9064,2,7-396790642
Russia,Soviet Union,51 T-62M,captured,https://i.postimg.cc/15Phm6cJ/1024-t62m-capt-24-01-23.jpg,2023-01-30,3972,9073,2,7-397290732
Russia,Soviet Union,51 T-62M,captured,https://i.postimg.cc/j2566L1D/1018-t62m-capt-25-01-23.jpg,2023-01-30,3972,9074,2,7-397290742
Russia,Soviet Union,51 T-62M,captured,https://i.postimg.cc/ydNdM2S1/1017-t62m-capt-06-10-22.jpg,2023-03-09,3972,9075,2,7-397290752
Russia,Soviet Union,51 T-80BV,captured,https://i.postimg.cc/fLgyMJn9/1017.jpg,2022-07-09,3974,9078,2,7-397490782
Russia,Soviet Union,510 BMP-2(K),captured,https://twitter.com/UAWeapons/status/1576584782854893568,2022-10-03,3977,9085,2,7-397790852
Russia,Soviet Union,510 BMP-2(K),captured,https://i.postimg.cc/y60YkHTk/1007-bmp2-capt.jpg,2022-10-03,3977,9086,2,7-397790862
Russia,Russia,510 KamAZ 6x6,captured,https://i.postimg.cc/d1wLwjYm/2022-03-05-Kam-AZ-6x6.jpg,2022-10-18,3978,9103,2,7-397891032
Russia,Russia,510 KamAZ 6x6,captured,https://i.postimg.cc/tCK4jN5s/2022-04-01-kamaz-6x6.jpg,2022-10-18,3978,9104,2,7-397891042
Russia,Russia,510 KamAZ 6x6,captured,https://i.postimg.cc/Jh3FsKS3/2022-04-01-kamaz-6x6-4.jpg,2022-10-18,3978,9105,2,7-397891052
Russia,Russia,510 KamAZ 6x6,captured,https://i.postimg.cc/VkvG5R1p/2022-10-03-kamaz-6x6.jpg,2022-10-18,3978,9106,2,7-397891062
Russia,Soviet Union,512 BMP-2(K),captured,https://i.postimg.cc/bJzqvNd7/1023-bmp2-capt.jpg,2022-10-04,3981,9113,2,7-398191132
Russia,Soviet Union,512 BMP-2(K),captured,https://i.postimg.cc/sXwsGdhv/1001-bmp2-capt.jpg,2022-10-04,3981,9114,2,7-398191142
Russia,Soviet Union,512 BMP-2(K),captured,https://i.postimg.cc/6QtcmZXP/1006-bmp2-capt.jpg,2022-10-05,3981,9116,2,7-398191162
Russia,Russia,512 KamAZ 6x6,captured,https://i.postimg.cc/RVCvjvwM/1007-kamaz-6x6-capt.jpg,2022-10-24,3983,9122,2,7-398391222
Russia,Russia,512 Ural-4320,captured,https://i.postimg.cc/Kc5VLmNz/1025-ural4320-dam-capt.jpg,2022-11-16,3984,9124,2,7-398491242
Russia,Russia,513 Ural-4320,captured,https://i.postimg.cc/zfvTRSdH/1012-Ural-4320-capt.jpg,2022-11-19,3986,9129,2,7-398691292
Russia,Soviet Union,516 BMP-2(K),captured,https://twitter.com/UAWeapons/status/1577650945701433344,2022-10-06,3989,9134,2,7-398991342
Russia,Soviet Union,516 BMP-2(K),captured,https://i.postimg.cc/v8xsWCVX/1023-bmp2-capt.jpg,2022-10-06,3989,9135,2,7-398991352
Russia,Soviet Union,516 BMP-2(K),captured,https://i.postimg.cc/k4zP0vkx/1024-bmp2-capt.jpg,2022-10-06,3989,9136,2,7-398991362
Russia,Russia,517 BTR-82A(M),captured,https://i.postimg.cc/RCYyJwKY/1002-btr82a-capt-30-11-22.jpg,2023-10-25,3990,9140,2,7-399091402
Russia,Soviet Union,52 T-80BV,captured,https://i.postimg.cc/d3Zs44SJ/1000.jpg,2022-07-10,4000,9157,2,7-400091572
Russia,Russia,52 T-80BVM,captured,https://i.postimg.cc/5yzWxdKB/1015-t80bvm-capt.jpg,2022-10-18,4002,9160,2,7-400291602
Russia,Russia,52 T-80BVM,captured,https://i.postimg.cc/qvtNVz4S/1017-t80bvm-capt.jpg,2022-10-18,4002,9161,2,7-400291612
Russia,Soviet Union,52 Unknown T-72,captured,https://twitter.com/UAWeapons/status/1569229402860552192,2022-09-13,4004,5251,2,7-400452512
Russia,Russia,520 KamAZ 6x6,captured,https://i.postimg.cc/90Xm0Vvz/1022-kamaz6x6-capt.jpg,2022-10-27,4006,9174,2,7-400691742
Russia,Soviet Union,521 BMP-2(K),captured,https://twitter.com/UAWeapons/status/1577926941377708032,2022-10-07,4007,9175,2,7-400791752
Russia,Soviet Union,521 BMP-2(K),captured,https://i.postimg.cc/zBJ4yRy2/1009-bmp2-dam-capt.jpg,2022-10-07,4007,9176,2,7-400791762
Russia,Soviet Union,521 BMP-2(K),captured,https://i.postimg.cc/52X4tThQ/1000-bmp2-capt.jpg,2022-10-07,4007,9177,2,7-400791772
Russia,Soviet Union,521 BMP-2(K),captured,https://i.postimg.cc/7LTZKdXr/1010-bmp2-capt.jpg,2022-10-07,4007,9178,2,7-400791782
Russia,Soviet Union,521 BMP-2(K),captured,https://i.postimg.cc/xjPTpKG8/1011-bmp2-capt.jpg,2022-10-07,4007,9179,2,7-400791792
Russia,Russia,521 KamAZ 6x6,captured,https://i.postimg.cc/25pkZfgv/1012-kamaz6x6-capt.jpg,2022-10-30,4008,9185,2,7-400891852
Russia,Russia,523 KamAZ 6x6,captured,https://i.postimg.cc/yxFbqm3T/1021-2x-kamaz6x6-dam-capt.jpg,2022-11-01,4010,9188,2,7-401091882
Russia,Russia,524 Ural-4320,captured,https://i.postimg.cc/MThD1B6p/1018-ural4320-dam-capt.jpg,2022-11-30,4011,9195,2,7-401191952
Russia,Soviet Union,525 BMP-2(K),captured,https://i.postimg.cc/vHnnSZkY/1005-bmp2-capt.jpg,2022-10-08,4012,9196,2,7-401291962
Russia,Soviet Union,525 BMP-2(K),captured,https://i.postimg.cc/8cRvK1PX/1015-bmp2-capt.jpg,2022-10-08,4012,9197,2,7-401291972
Russia,Soviet Union,525 BMP-2(K),captured,https://i.postimg.cc/zXkTv7hg/1019-bmp2-capt.jpg,2022-10-08,4012,9198,2,7-401291982
Russia,Russia,526 Ural-4320,captured,https://i.postimg.cc/NMyQNXmN/1011-Ural-4320-capt.jpg,2022-12-02,4014,9223,2,7-401492232
Russia,Soviet Union,527 BMP-2(K),captured,https://i.postimg.cc/g2yWPyV2/1004-bmp2-capt.jpg,2022-10-09,4015,9225,2,7-401592252
Russia,Russia,529 Ural-4320,captured,https://i.postimg.cc/fW87NgCW/1027-Ural-4320-capt.jpg,2022-12-05,4019,9248,2,7-401992482
Russia,Soviet Union,53 152mm 2A65 Msta-B howitzer,captured,https://i.postimg.cc/Kzxp2XWv/1036-msta-b-capt.jpg,2022-10-10,4023,9258,2,7-402392582
Russia,Russia,53 BMD-4M,captured,https://i.postimg.cc/NfryXnSw/1032-BMD4-M.jpg,2022-07-28,4026,9267,2,7-402692672
Russia,Russia,53 R-149MA1 command and staff vehicle,captured,https://i.postimg.cc/fbQcNH7P/2022-09-24-R-149-MA1-384.jpg,2022-09-27,4029,9275,2,7-402992752
Russia,Russia,531 Ural-4320,captured,https://i.postimg.cc/RV1rpsTF/1011-ural4320-capt.jpg,2022-12-08,4042,9299,2,7-404292992
Russia,Soviet Union,532 BMP-2(K),captured,https://i.postimg.cc/cH7ZbKjZ/BMP-2-captured.png,2022-10-11,4043,9301,2,7-404393012
Russia,Russia,536 KamAZ 6x6,captured,https://i.postimg.cc/Tw3mRKmh/1002-kamaz6x6-capt-6-11.jpg,2022-11-08,4047,9315,2,7-404793152
Russia,Soviet Union,537 BMP-2(K),captured,https://i.postimg.cc/pTPbsMST/1018-bmp2-capt.jpg,2022-10-13,4048,9317,2,7-404893172
Russia,Russia,539 KamAZ 6x6,captured,https://i.postimg.cc/SszGPD5M/1008-kamaz6x6-dam-capt.jpg,2022-11-10,4050,9320,2,7-405093202
Russia,Soviet Union,54 152mm 2S3(M) Akatsiya,captured,https://i.postimg.cc/nrRJr8kh/1023-2s3-akatsiya.jpg,2022-09-11,4055,9335,2,7-405593352
Russia,Soviet Union,54 152mm 2S3(M) Akatsiya,captured,https://i.postimg.cc/X780hggN/1019-2s3.jpg,2022-09-11,4055,9336,2,7-405593362
Russia,Soviet Union,54 152mm 2S3(M) Akatsiya,captured,https://i.postimg.cc/GhrCqfGS/1022-msta-s.jpg,2022-09-11,4055,9337,2,7-405593372
Russia,Russia,54 R-149MA1 command and staff vehicle,captured,https://i.postimg.cc/QdBYb8c1/1014-btr82a-R-149-MA1-capt.png,2022-10-01,4060,9343,2,7-406093432
Russia,Soviet Union,54 T-62M,captured,https://i.postimg.cc/bJ7wHhYW/4477.png,2023-04-12,4061,9344,2,7-406193442
Russia,Soviet Union,54 T-62M,captured,https://i.postimg.cc/YCYjXjLR/66988.png,2023-04-12,4061,9345,2,7-406193452
Russia,Soviet Union,54 T-62M,captured,https://i.postimg.cc/3RSgKWBp/33211.png,2023-04-12,4061,9346,2,7-406193462
Russia,Soviet Union,54 T-62M,captured,https://i.postimg.cc/zDP8jG93/1006-t62m-capt-30-11-22.jpg,2023-05-12,4061,9347,2,7-406193472
Russia,Soviet Union,54 T-80BV,captured,https://i.postimg.cc/vZft2pYF/1010.jpg,2022-07-24,4062,9352,2,7-406293522
Russia,Russia,54 T-80BVM,captured,https://i.postimg.cc/FKrZysss/1028-t80bvm-capt.jpg,2022-10-20,4063,9353,2,7-406393532
Russia,Soviet Union,545 BMP-2(K),captured,https://i.postimg.cc/gJcV6ZnW/1018-bmp2-capt.jpg,2022-10-16,4068,9366,2,7-406893662
Russia,Soviet Union,545 BMP-2(K),captured,https://i.postimg.cc/HLz5Hk3P/1054-bmp2-capt.jpg,2022-10-16,4068,9367,2,7-406893672
Russia,Soviet Union,545 BMP-2(K),captured,https://i.postimg.cc/B6vFvfVZ/1056-bmp2-capt.jpg,2022-10-16,4068,9368,2,7-406893682
Russia,Soviet Union,545 BMP-2(K),captured,https://twitter.com/UAWeapons/status/1581301356123811841,2022-10-16,4068,9369,2,7-406893692
Russia,Russia,548 Ural-4320,captured,https://i.postimg.cc/RhNMYrZH/2022-04-04-Ural-4320-damaged-and-captured-Novyi-Bykiv.jpg,2022-12-09,4072,9393,2,7-407293932
Russia,Russia,548 Ural-4320,captured,https://i.postimg.cc/K88JKHLk/2022-03-01-Ural-4320-captured-Sumy.jpg,2022-12-09,4072,9394,2,7-407293942
Russia,Russia,548 Ural-4320,captured,https://i.postimg.cc/pXNCSh8Z/1008-Ural-4320-capt-12-10.jpg,2022-12-09,4072,9395,2,7-407293952
Russia,Soviet Union,55 152mm 2A65 Msta-B howitzer,captured,https://i.postimg.cc/VLThwSLR/1002-msta-b-capt.jpg,2022-10-16,4077,9408,2,7-407794082
Russia,Soviet Union,55 152mm 2S3(M) Akatsiya,captured,https://twitter.com/UAWeapons/status/1568901256038567938,2022-09-12,4078,3210,2,7-407832102
Russia,Russia,55 R-149MA1 command and staff vehicle,captured,https://i.postimg.cc/1tyw4znz/2022-09-12-R-149-MA1.jpg,2022-09-22,4082,9416,2,7-408294162
Russia,Russia,55 T-80BVM,captured,https://twitter.com/UAWeapons/status/1584210907332083713,2022-10-24,4087,9423,2,7-408794232
Russia,Russia,550 KamAZ 6x6,captured,https://i.postimg.cc/vZJws8rB/1000-kamaz6x6-captured.jpg,2022-11-12,4090,9432,2,7-409094322
Russia,Russia,550 KamAZ 6x6,captured,https://i.postimg.cc/zDxmfFC4/1030-kamaz6x6-capt.jpg,2022-11-12,4090,9433,2,7-409094332
Russia,Russia,550 KamAZ 6x6,captured,https://i.postimg.cc/fbkTfw9R/t3.png,2022-11-12,4090,9434,2,7-409094342
Russia,Russia,550 KamAZ 6x6,captured,https://i.postimg.cc/WpQPQSVF/1014-kamaz-6x6-capt.jpg,2022-11-12,4090,9435,2,7-409094352
Russia,Russia,557 Ural-4320,captured,https://i.postimg.cc/JhZnNckN/4f2.png,2022-12-21,4098,9457,2,7-409894572
Russia,Russia,56 T-80BVM,captured,https://twitter.com/UAWeapons/status/1589003470040100869,2022-11-08,4113,9485,2,7-411394852
Russia,Soviet Union,56 UAZ-452 van,captured,https://i.postimg.cc/Px1fJyJk/1003-UAZ-452-capt-15-09-22.jpg,2023-07-24,4114,9488,2,7-411494882
Russia,Russia,560 Ural-4320,captured,https://i.postimg.cc/8kmSYDW8/1020-ural4320-capt-09-04-22.jpg,2023-01-01,4118,9502,2,7-411895022
Russia,Russia,566 KamAZ 6x6,captured,https://i.postimg.cc/BQYVYNRf/1027-kamaz6x6-capt.jpg,2022-11-16,4124,9513,2,7-412495132
Russia,Soviet Union,57 152mm 2A65 Msta-B howitzer,captured,https://twitter.com/UAWeapons/status/1582098520143974401,2022-10-18,4133,9530,2,7-413395302
Russia,Soviet Union,57 152mm 2S3(M) Akatsiya,captured,https://twitter.com/UAWeapons/status/1569229447093702657,2022-09-13,4134,3212,2,7-413432122
Russia,Soviet Union,57 152mm 2S3(M) Akatsiya,captured,https://twitter.com/UAWeapons/status/1569427484025946113,2022-09-13,4134,9531,2,7-413495312
Russia,Russia,572 Ural-4320,captured,https://i.postimg.cc/cCvb3dPV/1020-ural4320-dam-capt-14-11-22.jpg,2023-01-12,4143,9550,2,7-414395502
Russia,Russia,572 Ural-4320,captured,https://i.postimg.cc/Zqm2Qtyd/1013-ural4320-capt-31-03-22.jpg,2023-01-12,4143,9551,2,7-414395512
Russia,Soviet Union,573 BMP-2(K),captured,https://i.postimg.cc/fRnxkXKP/2022-04-01-bmp-2-2.jpg,2022-10-17,4144,9579,2,7-414495792
Russia,Soviet Union,573 BMP-2(K),captured,https://i.postimg.cc/0j32rY1H/2022-04-01-bmp-2-3.jpg,2022-10-17,4144,9580,2,7-414495802
Russia,Soviet Union,576 BMP-2(K),captured,https://i.postimg.cc/J7k7YTzQ/1006-bmp2-capt.jpg,2022-10-18,4147,9585,2,7-414795852
Russia,Russia,576 Ural-4320,captured,https://i.postimg.cc/3JWJDk3Z/1020-ural4320-capt-02-10-22.jpg,2023-01-21,4148,9588,2,7-414895882
Russia,Russia,576 Ural-4320,captured,https://i.postimg.cc/8kZz5Rg5/1021-ural4320-capt-18-10-22.jpg,2023-01-21,4148,9589,2,7-414895892
Russia,Soviet Union,58 152mm 2S3(M) Akatsiya,captured,https://twitter.com/UAWeapons/status/1569639365655072770,2022-09-14,4154,8416,2,7-415484162
Russia,Soviet Union,58 T-62M,captured,https://i.postimg.cc/sxXST942/1018-t62m-capt-25-11-22.jpg,2023-03-30,4158,9608,2,7-415896082
Russia,Soviet Union,58 T-80BV,captured,https://twitter.com/UAWeapons/status/1554949166467776512,2022-08-05,4160,9611,2,7-416096112
Russia,Soviet Union,580 BMP-2(K),captured,https://i.postimg.cc/R0CFgDY4/1005-bmp2-capt.jpg,2022-10-19,4162,9616,2,7-416296162
Russia,Soviet Union,580 BMP-2(K),captured,https://i.postimg.cc/L4gsQfxY/1011-bmp2-capt.jpg,2022-10-19,4162,9617,2,7-416296172
Russia,Russia,580 KamAZ 6x6,captured,https://i.postimg.cc/J7Jf6cqN/1013-kamaz-6x6-capt.jpg,2022-11-28,4163,9624,2,7-416396242
Russia,Russia,581 KamAZ 6x6,captured,https://i.postimg.cc/dVB4gDB5/1023-kamaz-dam-capt.jpg,2022-11-30,4165,9629,2,7-416596292
Russia,Soviet Union,582 BMP-2(K),captured,https://i.postimg.cc/Jz3hxk8C/1007-bmp2-capt.jpg,2022-10-20,4166,9631,2,7-416696312
Russia,Russia,582 Ural-4320,captured,https://i.postimg.cc/QNkkPG7c/1012-ural4320-capt-23-01-23.jpg,2023-01-24,4167,9633,2,7-416796332
Russia,Soviet Union,585 BMP-2(K),captured,https://i.postimg.cc/qv97BSD9/1005-bmp2-capt.jpg,2022-10-22,4169,9635,2,7-416996352
Russia,Soviet Union,585 BMP-2(K),captured,https://i.postimg.cc/mZwh3dhH/1006-bmp2-capt.jpg,2022-10-22,4169,9636,2,7-416996362
Russia,Soviet Union,588 BMP-2(K),captured,https://i.postimg.cc/Y2zpnvGn/1001-2x-bmp2-capt.jpg,2022-10-24,4173,9657,2,7-417396572
Russia,Russia,588 KamAZ 6x6,captured,https://i.postimg.cc/cHZ7spPC/1009-kamaz-6x6-capt.jpg,2022-12-05,4174,9659,2,7-417496592
Russia,Soviet Union,589 BMP-2(K),captured,https://i.postimg.cc/yx9C1Rj1/1003-bmp2-capt.jpg,2022-11-02,4175,9662,2,7-417596622
Russia,Soviet Union,589 BMP-2(K),captured,https://i.postimg.cc/tgmKFkmR/1010-bmp2-capt.jpg,2022-11-02,4175,9663,2,7-417596632
Russia,Soviet Union,589 BMP-2(K),captured,https://i.postimg.cc/RV20rmSc/04-01-2022-BMP-2-Captured-Trostianets.png,2022-11-02,4175,9664,2,7-417596642
Russia,Soviet Union,59 122mm BM-21 Grad,captured,https://i.postimg.cc/ZR7VdSvP/1027-bm21.jpg,2022-09-08,4178,9671,2,7-417896712
Russia,Soviet Union,59 152mm 2S3(M) Akatsiya,captured,https://twitter.com/UAWeapons/status/1570420216957440001,2022-09-16,4180,9673,2,7-418096732
Russia,Russia,59 R-149MA1 command and staff vehicle,captured,https://twitter.com/Poutsup/status/1580257159769571328,2022-10-16,4183,9676,2,7-418396762
Russia,Russia,59 R-149MA1 command and staff vehicle,captured,https://i.postimg.cc/X7R081F4/1018-R-149-MA1-capt.jpg,2022-10-16,4183,9677,2,7-418396772
Russia,Soviet Union,594 BMP-2(K),captured,https://twitter.com/UAWeapons/status/1586753104363638792,2022-11-01,4194,9704,2,7-419497042
Russia,Soviet Union,594 BMP-2(K),captured,https://i.postimg.cc/htsmhXqP/1011-bmp2-capt.jpg,2022-11-01,4194,9705,2,7-419497052
Russia,Russia,594 Ural-4320,captured,https://i.postimg.cc/vHKvyCnM/1302-ural4320-capt-04-04-22.jpg,2023-02-21,4196,9716,2,7-419697162
Russia,Russia,595 KamAZ 6x6,captured,https://i.postimg.cc/NGHvmf9R/1010-kamaz-6x6-capt.jpg,2022-12-08,4197,9717,2,7-419797172
Russia,Soviet Union,596 BMP-2(K),captured,https://i.postimg.cc/qqqJxtXb/10-05-2022-BMP-2-captured-Kherson-region.png,2022-10-25,4199,9722,2,7-419997222
Russia,Soviet Union,596 BMP-2(K),captured,https://i.postimg.cc/k4rmf6fn/1002-bmp2-capt.jpg,2022-10-25,4199,9723,2,7-419997232
Russia,Soviet Union,6 100mm MT-12 anti-tank gun,captured,https://i.postimg.cc/c4m22Vn1/1004-mt-12-capt.jpg,2022-10-16,4205,9738,2,7-420597382
Russia,Soviet Union,6 152mm 2S5 Giatsint-S,captured,https://twitter.com/UAWeapons/status/1571185439502962688,2022-09-18,4208,9741,2,7-420897412
Russia,Soviet Union,6 152mm 2S5 Giatsint-S,captured,https://i.postimg.cc/X7Y4HBp7/1001-2s5.jpg,2022-09-18,4208,9742,2,7-420897422
Russia,Russia,6 9A331 TLAR (for 9K331 Tor-M1),captured,https://twitter.com/UAWeapons/status/1568224082503802881,2022-09-10,4216,9750,2,7-421697502
Russia,Russia,6 9A331M TLAR (for 9K332 Tor-M2),captured,https://i.postimg.cc/j54cx58N/1018-9-A331-M-TLAR-for-Tor-M2-capt.jpg,2022-10-09,4217,9751,2,7-421797512
Russia,Soviet Union,6 BRDM-2,captured,https://i.postimg.cc/PqpzW3vx/1041-BRDM-2-capt-31-08-24.jpg,2025-05-12,4220,9756,2,7-422097562
Russia,Soviet Union,6 Coastal link pontoon (for floating unified railway bridge-ribbon MLZh-VF-VT),captured,https://i.postimg.cc/0j9xShMR/1000-Coastal-link-pontoon-for-floating-unified-railway-bridge-ribbon-MLZh-VF-VT-capt-16-09-22.jpg,2024-01-23,4223,9761,2,7-422397612
Russia,Soviet Union,6 Coastal link pontoon (for floating unified railway bridge-ribbon MLZh-VF-VT),captured,https://i.postimg.cc/Y96MhtSz/1001-Coastal-link-pontoon-for-floating-unified-railway-bridge-ribbon-MLZh-VF-VT-capt-16-09-22.jpg,2024-01-23,4223,9762,2,7-422397622
Russia,Soviet Union,6 Coastal link pontoon (for floating unified railway bridge-ribbon MLZh-VF-VT),captured,https://i.postimg.cc/GpscnFwN/1058-Coastal-link-pontoon-for-floating-unified-railway-bridge-ribbon-MLZh-VF-VT-capt-16-09-22.jpg,2024-01-23,4223,9763,2,7-422397632
Russia,Soviet Union,6 Coastal link pontoon (for floating unified railway bridge-ribbon MLZh-VF-VT),captured,https://i.postimg.cc/V6QzfJzN/1059-Coastal-link-pontoon-for-floating-unified-railway-bridge-ribbon-MLZh-VF-VT-capt-16-09-22.jpg,2024-01-23,4223,9764,2,7-422397642
Russia,Russia,6 Eleron T28ME,captured,https://i.postimg.cc/yxmbVy9W/1007-Eleron-T28-ME-Eleron-7-reconnaissance-UAV-capt-18-06-24.jpg,2024-06-20,4224,9765,2,7-422497652
Russia,Russia,6 GAZ-233036 SPM-2 'Tigr',captured,https://i.postimg.cc/W3s0XWPY/1012-GAZ-233036-SPM-2-Tigr-capt-11-09-22.jpg,2024-12-18,4226,9767,2,7-422697672
Russia,Russia,6 KamAZ-5350 with KS-45719-7M crane,captured,https://i.postimg.cc/QCJWDwSM/1003-Kam-AZ-5350-with-KS-45719-7-M-crane.jpg,2022-09-10,4231,9772,2,7-423197722
Russia,Soviet Union,6 MT-LBM 6MB,captured,https://i.postimg.cc/fbVXKPHF/1018-MT-LB-6-MB-capt-18-01-23.jpg,2023-01-21,4234,9776,2,7-423497762
Russia,Soviet Union,6 T-62MV,captured,https://i.postimg.cc/Tws21jVg/1001-t62mv-capt.jpg,2022-10-20,4245,9787,2,7-424597872
Russia,Soviet Union,6 T-62MV,captured,https://i.postimg.cc/1RgwHJjx/1002-t62mv-capt.jpg,2022-10-20,4245,9788,2,7-424597882
Russia,Soviet Union,6 T-62MV,captured,https://i.postimg.cc/J074zcv2/1010-t62mv-capt.jpg,2022-10-30,4245,9789,2,7-424597892
Russia,Russia,6 T-72BA,captured,https://i.postimg.cc/bvKbbG1N/1003.jpg,2022-07-16,4246,9790,2,7-424697902
Russia,Russia,6 T-72BA,captured,https://i.postimg.cc/D0DT1XGd/1006-t72ba.jpg,2022-08-20,4246,9791,2,7-424697912
Russia,Russia,6 ZALA 421-16Е2 reconnaissance UAV,captured,https://twitter.com/UAWeapons/status/1576500730478764032,2022-10-03,4266,9813,2,7-426698132
Russia,Soviet Union,6 ZSU-23-4 Shilka,captured,https://twitter.com/UAWeapons/status/1568353478149292032,2022-09-10,4267,9815,2,7-426798152
Russia,Soviet Union,60 152mm 2A65 Msta-B howitzer,captured,https://i.postimg.cc/RZxCkVbD/1000-msta-b-capt.jpg,2022-10-29,4272,9823,2,7-427298232
Russia,Soviet Union,60 152mm 2S3(M) Akatsiya,captured,https://i.postimg.cc/595f9PS7/1006-2s3-akatsiya.jpg,2022-09-17,4273,9824,2,7-427398242
Russia,Russia,60 BMD-4M,captured,https://i.postimg.cc/CxGLCNhQ/2022-03-04-BMD-4-M-captured-Hostomel.jpg,2022-12-09,4274,9825,2,7-427498252
Russia,Russia,601 BTR-82A(M),captured,https://i.postimg.cc/2SMnhGBR/1031-btr82a-capt-31-10-22.jpg,2024-01-09,4282,9863,2,7-428298632
Russia,Soviet Union,606 BMP-2(K),captured,https://i.postimg.cc/RZ0rKsXp/1013-bmp2-capt-6-11.jpg,2022-11-08,4289,9909,2,7-428999092
Russia,Soviet Union,606 BMP-2(K),captured,https://i.postimg.cc/sxFyJYvQ/1006-bmp2-capt-7-11.jpg,2022-11-08,4289,9910,2,7-428999102
Russia,Soviet Union,606 BMP-2(K),captured,https://twitter.com/UAWeapons/status/1589590305158107137,2022-11-08,4289,5307,2,7-428953072
Russia,Russia,606 Ural-4320,captured,https://i.postimg.cc/CMXgWTfv/1013-ural4320-capt-13-03-23.jpg,2023-03-20,4291,9916,2,7-429199162
Russia,Soviet Union,607 BMP-2(K),captured,https://i.postimg.cc/WtL7HfSQ/1004-bmp2-capt.jpg,2022-11-09,4292,9917,2,7-429299172
Russia,Soviet Union,609 BMP-2(K),captured,https://i.postimg.cc/v8fzL25R/1007-2x-bmp2-capt.jpg,2022-11-10,4295,9924,2,7-429599242
Russia,Russia,609 BTR-82A(M),captured,https://i.postimg.cc/Dw5gPC8t/1045-btr82a-capt-01-10-22.jpg,2024-01-24,4296,9928,2,7-429699282
Russia,Soviet Union,61 122mm BM-21 Grad,captured,https://i.postimg.cc/43SsyRyt/1000-bm21.jpg,2022-09-09,4298,9933,2,7-429899332
Russia,Soviet Union,61 122mm BM-21 Grad,captured,https://i.postimg.cc/FKBjwrRR/1015-bm21-grad.jpg,2022-09-09,4298,9934,2,7-429899342
Russia,Soviet Union,61 152mm 2A65 Msta-B howitzer,captured,https://i.postimg.cc/L57pxBf6/1019-msta-b-capt.jpg,2022-11-01,4300,9936,2,7-430099362
Russia,Soviet Union,61 152mm 2S3(M) Akatsiya,captured,https://twitter.com/UAWeapons/status/1571180289560297476,2022-09-18,4301,3052,2,7-430130522
Russia,Russia,61 Ural-43206,captured,https://i.postimg.cc/pTWyyTGW/1142-Ural-43206-captured.jpg,2022-07-28,4309,9957,2,7-430999572
Russia,Russia,610 BTR-82A(M),captured,https://i.postimg.cc/P5gt8TwB/1036-btr82a-capt-30-09-22.jpg,2024-04-24,4312,9966,2,7-431299662
Russia,Russia,611 Ural-4320,captured,https://i.postimg.cc/HWXXPmZc/1004-ural4320-capt-07-10-22.jpg,2023-03-22,4313,9970,2,7-431399702
Russia,Russia,612 KamAZ 6x6,captured,https://i.postimg.cc/Jzcg1cmK/1005-kamaz6x6-capt-24-09.jpg,2022-12-09,4314,9982,2,7-431499822
Russia,Russia,612 KamAZ 6x6,captured,https://i.postimg.cc/vThpW6mG/2022-04-13-Kam-AZ-6x6-captured.jpg,2022-12-09,4314,9983,2,7-431499832
Russia,Soviet Union,617 BMP-2(K),captured,https://i.postimg.cc/mgH9jkZv/1007-bmp2-capt-27-10.jpg,2022-11-12,4319,10009,2,7-4319100092
Russia,Russia,618 Ural-4320,captured,https://i.postimg.cc/yNMPL8LX/1300.png,2023-03-26,4321,10021,2,7-4321100212
Russia,Russia,618 Ural-4320,captured,https://i.postimg.cc/gjtNKchd/5413.png,2023-03-26,4321,10022,2,7-4321100222
Russia,Soviet Union,62 122mm BM-21 Grad,captured,https://twitter.com/UAWeapons/status/1568224082503802881,2022-09-10,4323,9750,2,7-432397502
Russia,Soviet Union,62 152mm 2A65 Msta-B howitzer,captured,https://i.postimg.cc/s24WYqxj/1015-msta-b-capt.jpg,2022-11-12,4325,10027,2,7-4325100272
Russia,Soviet Union,62 152mm 2S3(M) Akatsiya,captured,https://i.postimg.cc/596nHfVj/2022-09-11-2-S3.jpg,2022-09-19,4326,10028,2,7-4326100282
Russia,Russia,62 R-149MA1 command and staff vehicle,captured,https://i.postimg.cc/2SBtfPrv/2022-09-30-R-149-MA1.png,2022-10-18,4329,10035,2,7-4329100352
Russia,Russia,62 R-149MA1 command and staff vehicle,captured,https://i.postimg.cc/pT66ndrm/1005-r149ma1-capt.jpg,2022-11-02,4329,10036,2,7-4329100362
Russia,Russia,62 T-80BVM,captured,https://i.postimg.cc/hG5kw26r/1006-t80bvm-captured-and-stripped.jpg,2022-11-28,4333,10042,2,7-4333100422
Russia,Russia,62 T-80BVM,captured,https://i.postimg.cc/NfVhpKMn/1000-t80bvm-capt.jpg,2022-11-28,4333,10043,2,7-4333100432
Russia,Russia,62 Ural-43206,captured,https://i.postimg.cc/MKxHdbD5/1007-ural-43206.jpg,2022-07-30,4336,10048,2,7-4336100482
Russia,Russia,620 Ural-4320,captured,https://i.postimg.cc/7YXHbnQC/44311.png,2023-03-28,4339,10054,2,7-4339100542
Russia,Russia,622 KamAZ 6x6,captured,https://i.postimg.cc/90MQgWjZ/1021-kamaz6x6-capt.jpg,2022-12-15,4341,10065,2,7-4341100652
Russia,Russia,622 KamAZ 6x6,captured,https://i.postimg.cc/P5BvL8nc/1002-kamaz6x6-capt.jpg,2022-12-15,4341,10066,2,7-4341100662
Russia,Soviet Union,625 BMP-2(K),captured,https://i.postimg.cc/hP6HWNwQ/1024-bmp2-capt.jpg,2022-11-13,4345,10082,2,7-4345100822
Russia,Soviet Union,625 BMP-2(K),captured,https://i.postimg.cc/3xGzKn5S/1008-bmp2-capt.jpg,2022-11-13,4345,10083,2,7-4345100832
Russia,Russia,629 KamAZ 6x6,captured,https://i.postimg.cc/T33BKY7m/c6.png,2022-12-23,4352,10107,2,7-4352101072
Russia,Russia,63 R-149MA1 command and staff vehicle,captured,https://i.postimg.cc/ht7ZMCwd/1011-R149-MA1-capt.jpg,2022-10-25,4360,10123,2,7-4360101232
Russia,Russia,63 R-149MA1 command and staff vehicle,captured,https://twitter.com/UAWeapons/status/1590771444002488320,2022-11-12,4360,10124,2,7-4360101242
Russia,Soviet Union,63 T-80BV,captured,https://twitter.com/UAWeapons/status/1561729247223418880,2022-08-23,4362,10126,2,7-4362101262
Russia,Russia,63 Ural-43206,captured,https://i.postimg.cc/9F3SwNRP/1007-ural43206.jpg,2022-08-04,4365,10130,2,7-4365101302
Russia,Soviet Union,630 BMP-2(K),captured,https://i.postimg.cc/ZYNFNHx5/1001-bmp2-capt-14-11.jpg,2022-11-16,4367,10135,2,7-4367101352
Russia,Soviet Union,634 BMP-2(K),captured,https://i.postimg.cc/zBRpC5fs/1001-bmp2-capt.jpg,2022-11-22,4372,10150,2,7-4372101502
Russia,Soviet Union,634 BMP-2(K),captured,https://i.postimg.cc/DfLBm2Hs/1007-bmp2-capt.jpg,2022-11-22,4372,10151,2,7-4372101512
Russia,Soviet Union,635 BMP-2(K),captured,https://i.postimg.cc/Xq4bFz4G/1004-bmp2-capt.jpg,2022-11-24,4374,10155,2,7-4374101552
Russia,Russia,635 Ural-4320,captured,https://i.postimg.cc/Y92ydH9P/779.png,2023-04-08,4375,10159,2,7-4375101592
Russia,Russia,635 Ural-4320,captured,https://postlmg.cc/s1YqhLmS,2023-04-08,4375,10160,2,7-4375101602
Russia,Russia,637 KamAZ 6x6,captured,https://i.postimg.cc/66YS9DXy/1020-kamaz-6x6-capt-01-01-23.jpg,2023-01-06,4379,10178,2,7-4379101782
Russia,Russia,639 Ural-4320,captured,https://i.postimg.cc/7hg0Xgmc/687.png,2023-04-17,4383,10185,2,7-4383101852
Russia,Soviet Union,64 152mm 2S3(M) Akatsiya,captured,https://twitter.com/Poutsup/status/1572255014046818306,2022-09-22,4387,10193,2,7-4387101932
Russia,Russia,64 T-80BVM,captured,https://i.postimg.cc/DZ4Snh33/t0.png,2022-12-23,4393,10202,2,7-4393102022
Russia,Russia,643 KamAZ 6x6,captured,https://i.postimg.cc/YqQHyMTz/1031-kamaz6x6-capt-19-03-22.jpg,2023-01-10,4400,10222,2,7-4400102222
Russia,Soviet Union,647 BMP-2(K),captured,https://i.postimg.cc/439HV9jy/1009-bmp2-dam-capt.jpg,2022-11-30,4403,10232,2,7-4403102322
Russia,Soviet Union,649 BMP-2(K),captured,https://i.postimg.cc/m2D2McBy/1005-bmp2-capt.jpg,2022-12-05,4407,10245,2,7-4407102452
Russia,Russia,649 Ural-4320,captured,https://i.postimg.cc/xCzNhLF7/1005-ural4320-capt-05-11-22.jpg,2023-04-24,4409,10250,2,7-4409102502
Russia,Soviet Union,65 122mm BM-21 Grad,captured,https://i.postimg.cc/jqDdtNLQ/1009-bm21.jpg,2022-09-11,4412,10256,2,7-4412102562
Russia,Soviet Union,65 122mm BM-21 Grad,captured,https://i.postimg.cc/nrjWgnVB/1011-bm21.jpg,2022-09-11,4412,10257,2,7-4412102572
Russia,Soviet Union,65 122mm BM-21 Grad,captured,https://i.postimg.cc/Y0tKKV9b/1012-bm21.jpg,2022-09-11,4412,10258,2,7-4412102582
Russia,Soviet Union,65 152mm 2A65 Msta-B howitzer,captured,https://i.postimg.cc/90BMsYQ0/1004-msta-b-dam-capt.jpg,2022-11-14,4414,10261,2,7-4414102612
Russia,Soviet Union,65 152mm 2A65 Msta-B howitzer,captured,https://twitter.com/UAWeapons/status/1591883021598310400,2022-11-14,4414,10260,2,7-4414102602
Russia,Soviet Union,65 152mm 2S3(M) Akatsiya,captured,https://i.postimg.cc/NfDNdhyR/1002-2s3.jpg,2022-09-23,4415,10262,2,7-4415102622
Russia,Soviet Union,65 152mm 2S3(M) Akatsiya,captured,https://i.postimg.cc/0Qwqc9f4/2-S3-Izium.png,2022-09-30,4415,10263,2,7-4415102632
Russia,Russia,65 R-149MA1 command and staff vehicle,captured,https://i.postimg.cc/kMTPR1dq/1006-R-149-MA1-capt.jpg,2022-11-28,4419,10269,2,7-4419102692
Russia,Russia,65 Ural-43206,captured,https://i.postimg.cc/V6TWTXc8/1165-Ural-43206.jpg,2022-08-23,4425,10282,2,7-4425102822
Russia,Russia,65 Ural-43206,captured,https://i.postimg.cc/htbzRKg3/1166-Ural-43206.jpg,2022-08-23,4425,10283,2,7-4425102832
Russia,Soviet Union,652 BMP-2(K),captured,https://i.postimg.cc/HsgQQRwy/1013-bmp2-capt.jpg,2022-12-06,4430,10298,2,7-4430102982
Russia,Russia,653 Ural-4320,captured,https://i.postimg.cc/cJy6ZNxn/1025-ural4320-capt-10-09-22.jpg,2023-05-02,4432,10309,2,7-4432103092
Russia,Russia,655 KamAZ 6x6,captured,https://i.postimg.cc/YCCRyjvx/1012-kamaz6x6-capt-21-10-22.jpg,2023-01-22,4434,10312,2,7-4434103122
Russia,Russia,655 KamAZ 6x6,captured,https://i.postimg.cc/vmpvBz3P/1015-Kam-AZ-6x6-capt-02-03-22.jpg,2023-01-22,4434,10313,2,7-4434103132
Russia,Russia,655 KamAZ 6x6,captured,https://i.postimg.cc/YqkbYdkZ/1017-kamaz6x6-capt-20-01-23.jpg,2023-01-22,4434,10314,2,7-4434103142
Russia,Russia,659 Ural-4320,captured,https://i.postimg.cc/P5Df3vD2/1003-ural4320-capt-05-05-23.jpg,2023-05-12,4441,10337,2,7-4441103372
Russia,Soviet Union,66 152mm 2S3(M) Akatsiya,captured,https://postimg.cc/4nY4TPyy,2022-10-02,4444,10341,2,7-4444103412
Russia,Russia,66 R-149MA1 command and staff vehicle,captured,https://i.postimg.cc/hGDPP7gN/1016-R149-MA1-capt.jpg,2022-11-30,4447,10345,2,7-4447103452
Russia,Soviet Union,66 T-80BV,captured,https://twitter.com/Danspiun/status/1563497026880282635,2022-08-30,4449,10348,2,7-4449103482
Russia,Soviet Union,66 T-80BV,captured,https://twitter.com/UAWeapons/status/1563968461998641154,2022-08-30,4449,10349,2,7-4449103492
Russia,Russia,66 T-80BVM,captured,https://i.postimg.cc/sxq0VQ80/1022-t80bvm-capt-08-01-23.jpg,2023-01-10,4451,10352,2,7-4451103522
Russia,Russia,664 Ural-4320,captured,https://i.postimg.cc/VNhvshHQ/1069-ural4320-capt-14-05-23.jpg,2023-05-17,4461,10374,2,7-4461103742
Russia,Soviet Union,666 BMP-2(K),captured,https://i.postimg.cc/NGm00wMJ/1007-bmp2-capt.jpg,2022-12-13,4463,10380,2,7-4463103802
Russia,Soviet Union,67 152mm 2A65 Msta-B howitzer,captured,https://twitter.com/UAWeapons/status/1592967105892462592,2022-11-18,4473,10396,2,7-4473103962
Russia,Russia,67 R-149MA1 command and staff vehicle,captured,https://i.postimg.cc/HLwGZths/1013-R-149-MA1-dam-capt.jpg,2022-12-02,4476,10399,2,7-4476103992
Russia,Soviet Union,67 T-80BV,captured,https://twitter.com/UAWeapons/status/1564716856950366208,2022-08-31,4479,10403,2,7-4479104032
Russia,Soviet Union,670 BMP-2(K),captured,https://i.postimg.cc/3xVp7SQL/1007-bmp2-capt.jpg,2022-12-17,4487,10411,2,7-4487104112
Russia,Soviet Union,670 BMP-2(K),captured,https://i.postimg.cc/qgVHKyny/1010-BMP-2-capt-27-12-22.jpg,2022-12-30,4487,10413,2,7-4487104132
Russia,Soviet Union,670 BMP-2(K),captured,https://i.postimg.cc/fbwZ5cPv/1016-bmp2-capt-31-10-22.jpg,2022-12-30,4487,10414,2,7-4487104142
Russia,Russia,671 Ural-4320,captured,https://i.postimg.cc/gJdYM2NW/1053-ural4320-capt-22-05-23.jpg,2023-05-23,4491,10428,2,7-4491104282
Russia,Soviet Union,675 BMP-2(K),captured,https://i.postimg.cc/XvMf6LQW/1012-bmp2-capt-01-01-23.jpg,2023-01-04,4497,10448,2,7-4497104482
Russia,Soviet Union,678 BMP-2(K),captured,https://i.postimg.cc/9QjFp5wL/1007-bmp2-capt-04-01-23.jpg,2023-01-06,4503,10458,2,7-4503104582
Russia,Soviet Union,678 BMP-2(K),captured,https://i.postimg.cc/Sx7Q1TWk/1008-bmp2-capt-xx-12-22.jpg,2023-01-06,4503,10459,2,7-4503104592
Russia,Soviet Union,678 BMP-2(K),captured,https://i.postimg.cc/RCknjYnH/1011-bmp2-capt-05-01-23.jpg,2023-01-06,4503,10460,2,7-4503104602
Russia,Russia,678 BTR-82A(M),captured,https://i.postimg.cc/pLyDV7k5/1028-BTR-82-A-M-capt-30-09-22.jpg,2024-08-28,4504,10463,2,7-4504104632
Russia,Soviet Union,68 152mm 2A65 Msta-B howitzer,captured,https://i.postimg.cc/j2XDFpD3/1015-2-A65-Msta-B-capt.jpg,2022-11-19,4509,10470,2,7-4509104702
Russia,Soviet Union,68 152mm 2S3(M) Akatsiya,captured,https://i.postimg.cc/BQwMrVLt/1003-2s3-capt.jpg,2022-10-12,4510,10471,2,7-4510104712
Russia,Soviet Union,68 152mm 2S3(M) Akatsiya,captured,https://postimg.cc/rDVJvy9p,2022-10-12,4510,10472,2,7-4510104722
Russia,Russia,68 Ural-43206,captured,https://twitter.com/UAWeapons/status/1568641127577751553,2022-09-11,4518,7752,2,7-451877522
Russia,Russia,682 Ural-4320,captured,https://i.postimg.cc/RZzM9s1J/1006-ural4320-destr-27-05-23.jpg,2023-06-04,4524,10491,2,7-4524104912
Russia,Russia,682 Ural-4320,captured,https://i.postimg.cc/6QWt48m9/1027-ural4320-destr-01-06-23.jpg,2023-06-04,4524,10492,2,7-4524104922
Russia,Russia,682 Ural-4320,captured,https://i.postimg.cc/HncpWFPX/1033-ural4320-destr-02-06-23.jpg,2023-06-04,4524,10493,2,7-4524104932
Russia,Russia,683 KamAZ 6x6,captured,https://i.postimg.cc/5NPYPv9z/1003-kamaz6x6-capt-dam-17-02-23.jpg,2023-03-09,4525,10495,2,7-4525104952
Russia,Russia,686 BTR-82A(M),captured,https://i.postimg.cc/ZnNBFwK8/1035-BTR-82-A-M-capt-30-11-22.jpg,2024-09-09,4528,10505,2,7-4528105052
Russia,Russia,688 BTR-82A(M),captured,https://i.postimg.cc/Vk2t1Xyw/1041-BTR-82-A-capt-31-10-22.jpg,2024-09-16,4534,10514,2,7-4534105142
Russia,Soviet Union,689 BMP-2(K),captured,https://i.postimg.cc/02qyX4N3/1043-bmp2-capt-19-01-23.jpg,2023-01-21,4536,10526,2,7-4536105262
Russia,Soviet Union,69 152mm 2A65 Msta-B howitzer,captured,https://i.postimg.cc/vZ8Jh4PM/1002-msta-b-capt.jpg,2022-11-21,4540,10532,2,7-4540105322
Russia,Soviet Union,691 BMP-2(K),captured,https://i.postimg.cc/1RJGqJjW/1011-bmp2-capt-17-09-22.jpg,2023-01-22,4551,10549,2,7-4551105492
Russia,Soviet Union,691 BMP-2(K),captured,https://i.postimg.cc/Fzs06L7g/1025-bmp2-capt-20-01-23.jpg,2023-01-22,4551,10550,2,7-4551105502
Russia,Russia,692 KamAZ 6x6,captured,https://i.postimg.cc/sxw8yGsn/1013-kamaz6x6-dam-capt-06-10-22.jpg,2023-03-16,4554,10557,2,7-4554105572
Russia,Russia,692 KamAZ 6x6,captured,https://i.postimg.cc/ZnTg1xtB/1012-kamaz6x6-capt-31-03-22.jpg,2023-03-16,4554,10558,2,7-4554105582
Russia,Russia,692 Ural-4320,captured,https://i.postimg.cc/dtVM7Rbz/1012-ural4320-capt-12-06-23.jpg,2023-06-14,4555,10562,2,7-4555105622
Russia,Soviet Union,7 100mm MT-12 anti-tank gun,captured,https://i.postimg.cc/rmvCS2HL/1000-mt12-capt-21-10.jpg,2022-11-18,4561,10580,2,7-4561105802
Russia,Russia,7 122mm 2B17 Tornado-G,captured,https://i.postimg.cc/GpHTZxy2/1098-grad.png,2022-08-23,4563,10582,2,7-4563105822
Russia,Soviet Union,7 152mm 2A36 Giatsint-B,captured,https://twitter.com/UAWeapons/status/1591878699577647108,2022-11-14,4564,10583,2,7-4564105832
Russia,Soviet Union,7 BMD-1KSh-A command vehicle,captured,https://i.postimg.cc/RhWXND0f/1000-BMD-1-KSh-A-capt.jpg,2022-10-16,4574,10591,2,7-4574105912
Russia,Soviet Union,7 BMD-1KSh-A command vehicle,captured,https://i.postimg.cc/9XkLvCxB/1023-BMD-1-KSh-A.jpg,2022-10-16,4574,10592,2,7-4574105922
Russia,Russia,7 BMP-2M,captured,https://twitter.com/UAWeapons/status/1575883289679667200,2022-10-01,4578,10598,2,7-4578105982
Russia,Russia,7 Eleron T28ME,captured,https://i.postimg.cc/63Bk0stW/1011-Eleron-T28-ME-Eleron-7-reconnaissance-UAV-capt-12-06-24.jpg,2024-07-15,4583,10608,2,7-4583106082
Russia,Russia,7 Feniks,captured,https://i.postimg.cc/wxDjfz8J/1148-Feniks-reconnaissance-UAV-capt-21-09-24.jpg,2024-10-22,4584,10609,2,7-4584106092
Russia,Russia,7 R-149AKSh-1 command and signals vehicle,captured,https://twitter.com/UAWeapons/status/1567925068134506496,2022-09-09,4594,4796,2,7-459447962
Russia,Russia,7 T-72BA,captured,https://i.postimg.cc/hjHCk489/1014-t72ba.jpg,2022-09-11,4601,10626,2,7-4601106262
Russia,Russia,7 T-90M,captured,https://twitter.com/UAWeapons/status/1599145281538641920,2022-12-05,4603,10628,2,7-4603106282
Russia,Soviet Union,7 UAZ-469 jeep,captured,https://i.postimg.cc/1tx1VCKR/1088-UAZ-469.jpg,2022-07-28,4607,10633,2,7-4607106332
Russia,Russia,7 Ural-63704-0010 Tornado-U,captured,https://twitter.com/UAWeapons/status/1568628787457433600,2022-09-14,4615,8138,2,7-461581382
Russia,Russia,7 ZALA 421-16Е2,captured,https://twitter.com/UAWeapons/status/1621901318318088194,2023-02-07,4616,10645,2,7-4616106452
Russia,Soviet Union,7 ZSU-23-4 Shilka,captured,https://i.postimg.cc/P56KnDN3/1001-zsu23-4-shilka-capt.jpg,2022-11-13,4617,10646,2,7-4617106462
Russia,Soviet Union,70 122mm BM-21 Grad,captured,https://twitter.com/UAWeapons/status/1569410346791706630,2022-09-13,4621,10656,2,7-4621106562
Russia,Soviet Union,70 122mm BM-21 Grad,captured,https://twitter.com/UAWeapons/status/1569347140035518466,2022-09-13,4621,10657,2,7-4621106572
Russia,Soviet Union,70 152mm 2S19 Msta-S,captured,https://twitter.com/UAWeapons/status/1569639365655072770,2022-09-14,4623,8416,2,7-462384162
Russia,Soviet Union,70 152mm 2S3(M) Akatsiya,captured,https://i.postimg.cc/Kv6xvXYP/1055-2s3-2x-capt.jpg,2022-10-16,4624,10659,2,7-4624106592
Russia,Russia,70 R-149MA1 command and staff vehicle,captured,https://i.postimg.cc/L6S1qWf0/1017-r149ma1-capt.jpg,2022-12-06,4626,10662,2,7-4626106622
Russia,Russia,70 Ural-43206,captured,https://i.postimg.cc/Bvr4Dqdt/j46.png,2022-09-15,4636,10683,2,7-4636106832
Russia,Russia,700 KamAZ 6x6,captured,https://i.postimg.cc/CL8g0PGw/1012-kamaz6x6-capt-13-03-23.jpg,2023-03-20,4637,10685,2,7-4637106852
Russia,Russia,700 KamAZ 6x6,captured,https://i.postimg.cc/T1zvmg68/1014-kamaz6x6-capt-13-03-23.jpg,2023-03-20,4637,10686,2,7-4637106862
Russia,Russia,700 KamAZ 6x6,captured,https://i.postimg.cc/vZLwg42j/1016-kamaz6x6-capt-22-09-22.jpg,2023-03-20,4637,10687,2,7-4637106872
Russia,Russia,705 KamAZ 6x6,captured,https://i.postimg.cc/Bvgv8954/3321.png,2023-03-26,4640,10699,2,7-4640106992
Russia,Russia,705 KamAZ 6x6,captured,https://postimg.cc/NKMzZjc7,2023-04-03,4640,10704,2,7-4640107042
Russia,Russia,705 KamAZ 6x6,captured,https://i.postimg.cc/gkHWjBwT/66530.png,2023-04-03,4640,10705,2,7-4640107052
Russia,Russia,705 KamAZ 6x6,captured,https://i.postimg.cc/0NDRgWqn/242.png,2023-04-03,4640,10706,2,7-4640107062
Russia,Russia,708 KamAZ 6x6,captured,https://i.postimg.cc/QM6qV1kj/7768.png,2023-03-28,4645,10714,2,7-4645107142
Russia,Russia,708 KamAZ 6x6,captured,https://i.postimg.cc/QxNsLWxj/3153.png,2023-03-28,4645,10715,2,7-4645107152
Russia,Russia,71 KamAZ 6x6 tanker,captured,https://i.postimg.cc/xTn8ghb3/1135-kamaz-fuel.jpg,2022-08-23,4650,10725,2,7-4650107252
Russia,Soviet Union,71 T-72B Obr. 1989,captured,https://twitter.com/UAWeapons/status/1575217795385950208,2022-09-29,4653,10728,2,7-4653107282
Russia,Soviet Union,71 T-72B Obr. 1989,captured,https://i.postimg.cc/8sggs0Kg/1003-t72-1989.jpg,2022-09-29,4653,10729,2,7-4653107292
Russia,Soviet Union,71 T-72B Obr. 1989,captured,https://i.postimg.cc/sgGtMBw2/1003-t72b1989-capt-20-01-23.jpg,2023-01-22,4653,10730,2,7-4653107302
Russia,Soviet Union,71 T-80BV,captured,https://twitter.com/Danspiun/status/1566477992401977344,2022-09-05,4654,10732,2,7-4654107322
Russia,Russia,71 Ural-43206,captured,https://i.postimg.cc/TPkx2pw3/2022-09-15-Ural-43206.png,2022-09-17,4659,10738,2,7-4659107382
Russia,Soviet Union,72 122mm BM-21 Grad,captured,https://twitter.com/UAWeapons/status/1570137029349883904,2022-09-15,4673,7922,2,7-467379222
Russia,Soviet Union,72 122mm BM-21 Grad,captured,https://postimg.cc/YjW1DDbW,2022-09-19,4673,10793,2,7-4673107932
Russia,Soviet Union,72 152mm 2A65 Msta-B howitzer,captured,https://twitter.com/UAWeapons/status/1600968524993769472,2022-12-11,4674,10794,2,7-4674107942
Russia,Soviet Union,72 BTR-D,captured,https://i.postimg.cc/FFD4cJny/2700.jpg,2023-05-23,4676,10801,2,7-4676108012
Russia,Soviet Union,72 T-80BV,captured,https://i.postimg.cc/fR8yKN6V/1013-t80bv.jpg,2022-09-08,4681,10809,2,7-4681108092
Russia,Soviet Union,73 152mm 2A65 Msta-B howitzer,captured,https://i.postimg.cc/HnWp18cb/1016-msta-b-capt-capt-31-03-22.jpg,2023-01-12,4697,10843,2,7-4697108432
Russia,Russia,73 R-149MA1 command and staff vehicle,captured,https://i.postimg.cc/tRkC0z9x/1020-R-149-MA1-capt-17-08-22.jpg,2023-01-04,4698,10844,2,7-4698108442
Russia,Soviet Union,734 BMP-2(K),captured,https://i.postimg.cc/Pf8S3vxw/1006-bmp2-capt-06-02-23.jpg,2023-02-12,4709,10890,2,7-4709108902
Russia,Soviet Union,737 BMP-2(K),captured,https://i.postimg.cc/1tnJHd6d/1000-bmp2-capt-10-02-23.jpg,2023-02-13,4711,10897,2,7-4711108972
Russia,Russia,737 KamAZ 6x6,captured,https://i.postimg.cc/JhFzWXy8/1021-kamaz6x6-capt-30-04-22.jpg,2023-05-06,4712,10903,2,7-4712109032
Russia,Soviet Union,74 152mm 2A65 Msta-B howitzer,captured,https://i.postimg.cc/wBMXPmnZ/1000-msta-b-capt-13-01-23.jpg,2023-01-16,4717,10913,2,7-4717109132
Russia,Soviet Union,74 152mm 2S19 Msta-S,captured,https://postimg.cc/HJFBNZXC,2022-09-15,4718,10915,2,7-4718109152
Russia,Soviet Union,74 152mm 2S19 Msta-S,captured,https://twitter.com/UAWeapons/status/1569962727392813057,2022-09-15,4718,10916,2,7-4718109162
Russia,Soviet Union,74 152mm 2S19 Msta-S,captured,https://postimg.cc/Mvk7GZHm,2022-09-15,4718,10917,2,7-4718109172
Russia,Russia,74 KamAZ 6x6 tanker,captured,https://i.postimg.cc/nhGfLKP0/1000-kamaz-tanker.jpg,2022-09-22,4722,10928,2,7-4722109282
Russia,Soviet Union,74 T-72B Obr. 1989,captured,https://twitter.com/UAWeapons/status/1576608068133351425,2022-10-03,4724,10931,2,7-4724109312
Russia,Soviet Union,746 BMP-2(K),captured,https://i.postimg.cc/L6t8g25P/1017-bmp2-dam-capt-16-02-23.jpg,2023-02-18,4736,10973,2,7-4736109732
Russia,Soviet Union,746 BMP-2(K),captured,https://i.postimg.cc/zfczYfts/1028-bmp2-capt-17-02-23.jpg,2023-02-18,4736,10974,2,7-4736109742
Russia,Russia,75 R-149MA1 command and staff vehicle,captured,https://i.postimg.cc/RFLsS9wp/1022-R-149-MA1-capt-30-11-22.jpg,2023-05-02,4746,11003,2,7-4746110032
Russia,Soviet Union,755 BMP-2(K),captured,https://i.postimg.cc/3wgdtFBY/1009-bmp2-dam-capt-23-02-23.jpg,2023-02-24,4759,11034,2,7-4759110342
Russia,Russia,759 BTR-82A(M),captured,https://i.postimg.cc/bwsxym5G/1011-BTR-82-A-M-capt-13-11-24.jpg,2024-11-30,4762,11045,2,7-4762110452
Russia,Soviet Union,76 122mm BM-21 Grad,captured,https://i.postimg.cc/PJBtqvym/1018-bm21.jpg,2022-09-28,4765,11048,2,7-4765110482
Russia,Soviet Union,76 152mm 2S19 Msta-S,captured,https://twitter.com/UAWeapons/status/1572507658879631360,2022-09-22,4767,11051,2,7-4767110512
Russia,Soviet Union,76 T-80BV,captured,https://twitter.com/Blue_Sauron/status/1568895598777991169,2022-09-12,4772,4990,2,7-477249902
Russia,Russia,76 Ural-43206,captured,https://i.postimg.cc/HxQDqpw4/2022-09-13-Ural-43206-2.jpg,2022-09-22,4776,11063,2,7-4776110632
Russia,Russia,76 Ural-43206,captured,https://i.postimg.cc/C1tW2cRL/1001-ural-tanker.jpg,2022-09-22,4776,11064,2,7-4776110642
Russia,Russia,760 KamAZ 6x6,captured,https://i.postimg.cc/J4X1fVXW/1022-Kam-AZ-6x6-capt-29-05-23.jpg,2023-06-04,4780,11072,2,7-4780110722
Russia,Russia,761 KamAZ 6x6,captured,https://i.postimg.cc/kghMthDS/1013-kamaz6x6-capt-30-11-22.jpg,2023-06-01,4782,11081,2,7-4782110812
Russia,Russia,768 KamAZ 6x6,captured,https://i.postimg.cc/cJxKj1mF/1002-kamaz6x6-capt-13-06-23.jpg,2023-06-16,4788,11093,2,7-4788110932
Russia,Soviet Union,77 152mm 2S3(M) Akatsiya,captured,https://i.postimg.cc/Hs5DXdG1/2022-04-10-2-S3-Captured-Yahidne-Chernihiv.jpg,2022-10-25,4796,11108,2,7-4796111082
Russia,Russia,77 T-80BVM,captured,https://i.postimg.cc/MTxMwmws/2500.jpg,2023-05-12,4804,11127,2,7-4804111272
Russia,Soviet Union,775 BMP-2(K),captured,https://i.postimg.cc/3RgMmgNK/1038-bmp2-dam-capt-05-03-23.jpg,2023-03-07,4814,11163,2,7-4814111632
Russia,Soviet Union,775 BMP-2(K),captured,https://i.postimg.cc/qvbpvXhS/1024-bmp2-capt-31-03-23.jpg,2023-03-07,4814,11164,2,7-4814111642
Russia,Soviet Union,78 152mm 2S3(M) Akatsiya,captured,https://i.postimg.cc/q7scFQcQ/1018-2s3-capt.jpg,2022-10-26,4822,11179,2,7-4822111792
Russia,Russia,783 KamAZ 6x6,captured,https://i.postimg.cc/SRm3Dv7Z/1030-Kam-AZ-6x6-capt-30-11-22.jpg,2023-06-28,4838,11216,2,7-4838112162
Russia,Russia,785 BTR-82A(M),captured,https://i.postimg.cc/zGTFcb3y/1005-BTR-82-A-M-capt-31-12-22.jpg,2024-12-31,4841,11220,2,7-4841112202
Russia,Soviet Union,789 BMP-2(K),captured,https://i.postimg.cc/kXJ7WWHp/1027-bmp2-capt-12-10-22.jpg,2023-03-16,4848,11237,2,7-4848112372
Russia,Soviet Union,789 BMP-2(K),captured,https://i.postimg.cc/sDTsmvdD/1028-bmp2-capt-12-10-22.jpg,2023-03-16,4848,11238,2,7-4848112382
Russia,Soviet Union,79 122mm BM-21 Grad,captured,https://i.postimg.cc/R0wcBGnP/1012-bm21-capt.jpg,2022-10-04,4851,11241,2,7-4851112412
Russia,Russia,79 KamAZ 6x6 tanker,captured,https://i.postimg.cc/MGNqLr79/1000-kamaz-tanker-dam-capt.jpg,2022-10-06,4856,11247,2,7-4856112472
Russia,Russia,79 T-80BVM,captured,https://i.postimg.cc/bNbT5wgq/1005-t80bvm-capt-24-05-23.png,2023-05-26,4863,11263,2,7-4863112632
Russia,Russia,790 KamAZ 6x6,captured,https://i.postimg.cc/8c8bkv0Y/1004-kamaz6x6-capt-31-03-23.jpg,2023-07-10,4870,11277,2,7-4870112772
Russia,Russia,799 Ural-4320,captured,https://i.postimg.cc/zGFyWwVS/23.png,2023-09-26,4877,11300,2,7-4877113002
Russia,Soviet Union,8 120mm 2B16 Nona-K howitzer,captured,https://twitter.com/UAWeapons/status/1554068137083117569,2022-08-04,4879,11302,2,7-4879113022
Russia,Russia,8 122mm 2B17 Tornado-G,captured,https://twitter.com/UAWeapons/status/1568899249688952833,2022-09-12,4881,7812,2,7-488178122
Russia,Soviet Union,8 152mm 2A36 Giatsint-B,captured,https://twitter.com/UAWeapons/status/1592637435485519872,2022-11-16,4882,11305,2,7-4882113052
Russia,Soviet Union,8 1V14 battery command and forward observer vehicle,captured,https://postimg.cc/ZBZZ2kjm,2022-09-15,4885,11308,2,7-4885113082
Russia,Soviet Union,8 1V14 battery command and forward observer vehicle,captured,https://i.postimg.cc/Qx92WtWg/1028-1v14.jpg,2022-09-15,4885,11309,2,7-4885113092
Russia,Soviet Union,8 82mm 2B9 Vasilek automatic gun mortar,captured,https://i.postimg.cc/cCcFbq8C/55440.png,2023-09-11,4888,11312,2,7-4888113122
Russia,Russia,8 BMP-2M,captured,https://i.postimg.cc/y8DRWbGV/2219.png,2022-10-06,4895,11319,2,7-4895113192
Russia,Russia,8 BMP-2M,captured,https://twitter.com/UAWeapons/status/1577686060473225217,2022-10-06,4895,11320,2,7-4895113202
Russia,Russia,8 BMP-2M,captured,https://twitter.com/UAWeapons/status/1577738971286749184,2022-10-06,4895,11321,2,7-4895113212
Russia,Russia,8 K-53949 Linza,captured,https://twitter.com/UAWeapons/status/1568899249688952833,2022-09-12,4903,7812,2,7-490378122
Russia,Russia,8 KMV-10V boom crane truck,captured,https://i.postimg.cc/pdjRDfPX/1005-KMV-10-V-crane-truck-capt-24-02-22.jpg,2024-08-28,4904,11329,2,7-4904113292
Russia,Russia,8 KamAZ-5350 with armoured cab,captured,https://twitter.com/UAWeapons/status/1567969237377101825,2022-09-09,4908,11333,2,7-4908113332
Russia,Soviet Union,8 T-62M,captured,https://twitter.com/UAWeapons/status/1576910090447179777,2022-10-04,4919,11346,2,7-4919113462
Russia,Soviet Union,8 T-62MV,captured,https://twitter.com/UAWeapons/status/1591010484287049730,2022-11-12,4920,11347,2,7-4920113472
Russia,Russia,8 Ural-63704-0010 Tornado-U,captured,https://i.postimg.cc/sfcY995s/1030-ural-tornado-u.jpg,2022-09-15,4931,11361,2,7-4931113612
Russia,Soviet Union,80 BTR-80,captured,https://i.postimg.cc/mDzdbQLf/1019-btr80.jpg,2022-09-09,4938,11368,2,7-4938113682
Russia,Russia,80 KamAZ 6x6 tanker,captured,https://i.postimg.cc/QNvPG9Mq/1005-kamax-tanker-capt.jpg,2022-10-16,4939,11370,2,7-4939113702
Russia,Russia,80 T-80U,captured,https://twitter.com/UAWeapons/status/1569973201358176258,2022-09-15,4945,11378,2,7-4945113782
Russia,Soviet Union,804 BMP-2(K),captured,https://i.postimg.cc/mDKS62Vy/13p.png,2023-03-26,4953,11411,2,7-4953114112
Russia,Soviet Union,804 BMP-2(K),captured,https://postlmg.cc/gnLCkc2f,2023-03-26,4953,11412,2,7-4953114122
Russia,Soviet Union,811 BMP-2(K),captured,https://i.postimg.cc/gch17HLN/448.png,2023-04-04,4972,11445,2,7-4972114452
Russia,Soviet Union,811 BMP-2(K),captured,https://postimg.cc/mPHvd9Sy,2023-04-11,4972,11448,2,7-4972114482
Russia,Soviet Union,811 BMP-2(K),captured,https://i.postimg.cc/rmVZHhNg/669.png,2023-04-11,4972,11449,2,7-4972114492
Russia,Soviet Union,811 BMP-2(K),captured,https://postlmg.cc/w3rKpRgX,2023-04-11,4972,11450,2,7-4972114502
Russia,Soviet Union,811 BMP-2(K),captured,https://i.postimg.cc/BQmMBC8y/665g.png,2023-04-16,4972,11452,2,7-4972114522
Russia,Soviet Union,812 BMP-2(K),captured,https://i.postimg.cc/mkvKZ3Rg/1004-bmp2-capt-26-03-23.jpg,2023-03-30,4973,11454,2,7-4973114542
Russia,Soviet Union,812 BMP-2(K),captured,https://i.postimg.cc/fbxTtQFn/1002-bmp2m-capt-04-04-23.jpg,2023-04-05,4973,11455,2,7-4973114552
Russia,Soviet Union,813 BMP-2(K),captured,https://i.postimg.cc/y8MXKdsq/43fp.png,2023-04-22,4974,11468,2,7-4974114682
Russia,Soviet Union,815 BMP-2(K),captured,https://i.postimg.cc/sgD3bx0c/1019-bmp2-capt-02-05-23.jpg,2023-05-06,4977,11482,2,7-4977114822
Russia,Russia,82 Ural-43206,captured,https://i.postimg.cc/Z56ZJdHb/1043-Ural-43206-capt.jpg,2022-10-10,4991,11504,2,7-4991115042
Russia,Soviet Union,821 BMP-2(K),captured,https://i.postimg.cc/26Wgj1jJ/1040-bmp2-capt-10-05-23.jpg,2023-05-11,4993,11510,2,7-4993115102
Russia,Russia,824 KamAZ 6x6,captured,https://i.postimg.cc/MKX6jV9N/1016-Kam-AZ-6x6-capt-05-05-22.jpg,2023-07-24,4999,11535,2,7-4999115352
Russia,Soviet Union,83 122mm BM-21 Grad,captured,https://i.postimg.cc/c4rLLMBS/1039-bm21-grad-capt.jpg,2022-10-16,5011,11554,2,7-5011115542
Russia,Soviet Union,83 152mm 2A65 Msta-B howitzer,captured,https://i.postimg.cc/J7TBtT9F/1016-msta-b-capt-19-04-22.jpg,2023-03-30,5012,11555,2,7-5012115552
Russia,Soviet Union,83 BTR-80,captured,https://twitter.com/UAWeapons/status/1568204161782620164,2022-09-10,5014,11557,2,7-5014115572
Russia,Soviet Union,83 BTR-80,captured,https://i.postimg.cc/cCtyQKLn/1020-btr80.jpg,2022-09-10,5014,11558,2,7-5014115582
Russia,Soviet Union,83 BTR-80,captured,https://i.postimg.cc/j5g8zKFp/1018-btr80.jpg,2022-09-10,5014,11559,2,7-5014115592
Russia,Soviet Union,83 T-64BV,captured,https://i.postimg.cc/3rSShVmH/1109-t64bv-capt-and-later-destr-01-07-22.jpg,2024-04-21,5015,11560,2,7-5015115602
Russia,Russia,83 T-80U,captured,https://twitter.com/UAWeapons/status/1570479830562672640,2022-09-16,5018,11569,2,7-5018115692
Russia,Russia,83 T-80U,captured,https://twitter.com/UAWeapons/status/1571501699348430849,2022-09-19,5018,11570,2,7-5018115702
Russia,Russia,83 Ural-43206,captured,https://i.postimg.cc/0QCjJH9p/Ural-43206-captured.png,2022-10-11,5021,11573,2,7-5021115732
Russia,Soviet Union,831 BMP-2(K),captured,https://i.postimg.cc/HxnzqZkg/1002-BMP-2-capt-10-05-23.jpg,2023-05-28,5024,11579,2,7-5024115792
Russia,Soviet Union,84 152mm 2S3(M) Akatsiya,captured,https://twitter.com/UAWeapons/status/1592509477869088768,2022-11-16,5038,11615,2,7-5038116152
Russia,Soviet Union,84 BTR-80,captured,https://twitter.com/UAWeapons/status/1569414094624538628,2022-09-13,5040,11617,2,7-5040116172
Russia,Soviet Union,848 BMP-2(K),captured,https://i.postimg.cc/5tF9Q5ng/1006-bmp2-capt-16-06-23.jpg,2023-06-19,5064,11665,2,7-5064116652
Russia,Soviet Union,848 BMP-2(K),captured,https://i.postimg.cc/fLnzc3PN/1011-bmp2-capt-17-06-23.jpg,2023-06-19,5064,11666,2,7-5064116662
Russia,Soviet Union,848 BMP-2(K),captured,https://i.postimg.cc/d3nJc5Vs/1015-bmp2-capt-18-06-23.jpg,2023-06-19,5064,11667,2,7-5064116672
Russia,Soviet Union,85 BTR-80,captured,https://i.postimg.cc/fyDKv0cc/1021.jpg,2022-09-14,5069,11672,2,7-5069116722
Russia,Russia,85 T-80U,captured,https://i.postimg.cc/4xQL7g72/1000-t80u.jpg,2022-09-29,5072,11675,2,7-5072116752
Russia,Russia,85 Ural-4320 tanker,captured,https://i.postimg.cc/6545h9sc/1017-ural-tanker.jpg,2022-09-09,5076,11680,2,7-5076116802
Russia,Soviet Union,850 BMP-2(K),captured,https://i.postimg.cc/7hfXWc8Z/1006-bmp2-dam-capt-30-09-22.jpg,2023-06-23,5077,11682,2,7-5077116822
Russia,Soviet Union,858 BMP-2(K),captured,https://i.postimg.cc/K8S8fY0Z/1027-bmp2-capt-22-06-23.jpg,2023-06-25,5081,11695,2,7-5081116952
Russia,Soviet Union,858 BMP-2(K),captured,https://i.postimg.cc/054Q6nmK/1008-bmp2-capt-21-06-23.jpg,2023-06-25,5081,11696,2,7-5081116962
Russia,Soviet Union,86 152mm 2S3(M) Akatsiya,captured,https://i.postimg.cc/g0FFH74T/1012-2-S3-Akatsiya-capt.jpg,2022-12-02,5087,11706,2,7-5087117062
Russia,Russia,86 T-80U,captured,https://i.postimg.cc/N0xBxC8j/2022-04-02-t-80u.jpg,2022-10-17,5091,11713,2,7-5091117132
Russia,Russia,86 Ural-4320 tanker,captured,https://i.postimg.cc/cLhWDm1m/1133-Ural-4320-tanker.jpg,2022-07-28,5094,11728,2,7-5094117282
Russia,Russia,86 Ural-4320 tanker,captured,https://i.postimg.cc/7ZwDMc4h/1134-Ural-4320-tanker.jpg,2022-07-28,5094,11729,2,7-5094117292
Russia,Russia,86 Ural-4320 tanker,captured,https://i.postimg.cc/JhRL94Pf/1026-ural-tanker.jpg,2022-09-10,5094,11730,2,7-5094117302
Russia,Russia,86 Ural-4320 tanker,captured,https://twitter.com/UAWeapons/status/1568341095591088130,2022-09-10,5094,7905,2,7-509479052
Russia,Soviet Union,87 T-80BV,captured,https://twitter.com/UAWeapons/status/1569739016995569664,2022-09-14,5113,11765,2,7-5113117652
Russia,Soviet Union,87 T-80BV,captured,https://twitter.com/UAWeapons/status/1569736199413309442,2022-09-14,5113,11766,2,7-5113117662
Russia,Soviet Union,87 T-80BV,captured,https://twitter.com/UAWeapons/status/1569711880675139585,2022-09-14,5113,11767,2,7-5113117672
Russia,Soviet Union,87 T-80BV,captured,https://twitter.com/UAWeapons/status/1569640170562912259,2022-09-14,5113,11768,2,7-5113117682
Russia,Soviet Union,87 T-80BV,captured,https://twitter.com/UAWeapons/status/1569639365655072770,2022-09-14,5113,8416,2,7-511384162
Russia,Russia,87 T-80U,captured,https://i.postimg.cc/595rrfGs/1013-t80u-capt-05-Oct-2022.jpg,2022-10-24,5115,11771,2,7-5115117712
Russia,Russia,87 Ural-43206,captured,https://i.postimg.cc/pTQMTypz/1007-Ural-43206-capt.jpg,2022-10-16,5118,11774,2,7-5118117742
Russia,Russia,87 ZALA Z-16 (421-16Е),captured,https://i.postimg.cc/QMLQ0dwJ/1000-ZALA-Z-16-421-16-reconnaissance-UAV-capt-16-09-24.jpg,2024-09-20,5119,11781,2,7-5119117812
Russia,Russia,878 KamAZ 6x6,captured,https://i.postimg.cc/htYWVDvw/1000-kamaz6x6-capt-30-03-22.jpg,2023-10-06,5121,11791,2,7-5121117912
Russia,Soviet Union,88 152mm 2S3(M) Akatsiya,captured,https://i.postimg.cc/DZz2frfg/2022-04-05-2-S3-captured.jpg,2022-12-09,5123,11794,2,7-5123117942
Russia,Russia,88 KamAZ 6x6 tanker,captured,https://i.postimg.cc/dVr2KjHG/2022-04-05-kamaz-6x6-tanker.jpg,2022-10-18,5124,11799,2,7-5124117992
Russia,Soviet Union,88 T-80BV,captured,https://twitter.com/UAWeapons/status/1570165087465525248,2022-09-15,5128,11804,2,7-5128118042
Russia,Soviet Union,88 T-80BV,captured,https://twitter.com/UAWeapons/status/1570138425843408896,2022-09-15,5128,7782,2,7-512877822
Russia,Russia,88 T-80U,captured,https://twitter.com/UAWeapons/status/1573968779972907008,2022-09-26,5130,11808,2,7-5130118082
Russia,Russia,88 T-80U,captured,https://i.postimg.cc/GtWS2RYB/1007-t80u-dam-capt.jpg,2022-10-28,5130,11809,2,7-5130118092
Russia,Soviet Union,89 122mm BM-21 Grad,captured,https://twitter.com/UAWeapons/status/1589961984120098816,2022-11-09,5137,11834,2,7-5137118342
Russia,Soviet Union,89 122mm BM-21 Grad,captured,https://twitter.com/UAWeapons/status/1591880238203822080,2022-11-14,5137,11835,2,7-5137118352
Russia,Soviet Union,89 BTR-80,captured,https://twitter.com/UAWeapons/status/1570030472595644419,2022-09-15,5141,11840,2,7-5141118402
Russia,Soviet Union,89 BTR-80,captured,https://i.postimg.cc/dVvLg914/498.png,2022-09-15,5141,11841,2,7-5141118412
Russia,Soviet Union,89 BTR-80,captured,https://twitter.com/JimmySecUK/status/1569972968641499136,2022-09-15,5141,5439,2,7-514154392
Russia,Soviet Union,89 BTR-80,captured,https://i.postimg.cc/brdKgYVh/1007-btr80.jpg,2022-09-15,5141,11842,2,7-5141118422
Russia,Russia,89 T-80U,captured,https://i.postimg.cc/Gp7V5dDV/1007-t80u-capt.jpg,2022-11-09,5145,11876,2,7-5145118762
Russia,Soviet Union,9 100mm MT-12 anti-tank gun,captured,https://i.postimg.cc/ydJZm3wd/1019-mt12-capt.jpg,2022-12-11,5158,11903,2,7-5158119032
Russia,Soviet Union,9 120mm 2B16 Nona-K howitzer,captured,https://i.postimg.cc/KvnpNqL9/1010-nona-k-capt.jpg,2022-10-19,5159,11904,2,7-5159119042
Russia,Russia,9 122mm 2B17 Tornado-G,captured,https://twitter.com/UAWeapons/status/1569347140035518466,2022-09-13,5161,10657,2,7-5161106572
Russia,Soviet Union,9 152mm 2A36 Giatsint-B,captured,https://twitter.com/UAWeapons/status/1598417166356856833,2022-12-02,5162,11906,2,7-5162119062
Russia,Soviet Union,9 1V14 battery command and forward observer vehicle,captured,https://i.postimg.cc/Y0XdW5q3/2022-09-28-1-V14.jpg,2022-10-01,5164,11908,2,7-5164119082
Russia,Russia,9 2K22M1 Tunguska,captured,https://twitter.com/UAWeapons/status/1568353478149292032,2022-09-10,5166,9815,2,7-516698152
Russia,Soviet Union,9 82mm 2B9 Vasilek automatic gun mortar,captured,https://i.postimg.cc/c4vBxx7x/1037-2-B9-Vasilek-dam-capt-06-10-23.jpg,2023-10-09,5167,11910,2,7-5167119102
Russia,Soviet Union,9 EOV-4421 excavator,captured,https://i.postimg.cc/8cZjpTmQ/1053-EOV-4421-excavator-capt-16-03-22.jpg,2024-06-30,5174,11921,2,7-5174119212
Russia,Russia,9 Eleron T28ME,captured,https://i.postimg.cc/HnxzXfKz/1012-Eleron-7-Eleron-T28-ME-reconnaissance-UAV-capt-11-08-24.jpg,2024-08-15,5175,11922,2,7-5175119222
Russia,Russia,9 GAZ-233014 'Tigr',captured,https://i.postimg.cc/g0vSqjMP/2100-GAZ-233014-Tigr-capt-destr-17-11-24.jpg,2025-04-10,5178,11925,2,7-5178119252
Russia,Russia,9 Granat-4,captured,https://i.postimg.cc/cJdvBggs/1040-Granat-4-reconnaissance-UAV-capt-01-11-25.jpg,2025-01-22,5179,11926,2,7-5179119262
Russia,Russia,9 Granat-4,captured,https://i.postimg.cc/k4qPCLBQ/1040-Granat-4-reconnaissance-UAV-capt-11-01-25.jpg,2025-03-20,5179,11927,2,7-5179119272
Russia,Soviet Union,9 MT-LB with ZU-23 AA gun,captured,https://i.postimg.cc/hPYdwmmY/397.png,2022-09-15,5189,11941,2,7-5189119412
Russia,Soviet Union,9 River link pontoon (for PP-2005 floating bridge system),captured,https://i.postimg.cc/rFn9C9tv/1082-River-link-pontoon-for-PP-2005-floating-bridge-system-capt-31-03-22.jpg,2024-01-23,5197,11958,2,7-5197119582
Russia,Soviet Union,9 T-62MV,captured,https://i.postimg.cc/Y0dKr79d/1010-t62mv-capt.jpg,2022-11-16,5199,11960,2,7-5199119602
Russia,Soviet Union,9 T-72AV,captured,https://i.postimg.cc/fR99sv0Q/1019-t72av-capt.jpg,2022-10-13,5201,11966,2,7-5201119662
Russia,Soviet Union,9 T-72AV,captured,https://i.postimg.cc/mrW6qDwc/2022-03-01-T-72-AV-Makoshyne.jpg,2022-12-11,5201,11967,2,7-5201119672
Russia,Russia,9 T-72BA,captured,https://i.postimg.cc/YCHvvpBp/1000-t72ba.jpg,2022-09-12,5202,11969,2,7-5202119692
Russia,Russia,9 T-72BA,captured,https://i.postimg.cc/j26rmYgX/1002-t72ba.jpg,2022-09-12,5202,11970,2,7-5202119702
Russia,Russia,9 Ural-63704-0010 Tornado-U,captured,https://twitter.com/UAWeapons/status/1572671983057510400,2022-09-22,5213,615,2,7-52136152
Russia,Soviet Union,9 ZiL-131,captured,https://i.postimg.cc/tCWmqrwD/2022-09-19-Zi-L-131.jpg,2022-09-22,5215,11993,2,7-5215119932
Russia,Soviet Union,90 122mm BM-21 Grad,captured,https://i.postimg.cc/qvLLWYN8/1008-bm21-grad-capt.jpg,2022-11-18,5216,11994,2,7-5216119942
Russia,Soviet Union,90 152mm 2S19 Msta-S,captured,https://i.postimg.cc/8cPsh8ZP/2022-04-12-2s19.jpg,2022-10-18,5217,11998,2,7-5217119982
Russia,Soviet Union,90 BTR-80,captured,https://i.postimg.cc/nr0DG6X5/1005-btr80.jpg,2022-09-16,5219,12002,2,7-5219120022
Russia,Soviet Union,90 MT-LBVM and MT-LBVMK,captured,https://postimg.cc/mP4082r3,2022-08-13,5221,12007,2,7-5221120072
Russia,Soviet Union,90 MT-LBVM and MT-LBVMK,captured,https://postimg.cc/67GLZgKq,2022-08-13,5221,12008,2,7-5221120082
Russia,Soviet Union,90 MT-LBVM and MT-LBVMK,captured,https://postimg.cc/gxW55yxP,2022-08-13,5221,12009,2,7-5221120092
Russia,Soviet Union,90 MT-LBVM and MT-LBVMK,captured,https://postimg.cc/ftbHxBJM,2022-08-13,5221,12010,2,7-5221120102
Russia,Soviet Union,90 MT-LBVM and MT-LBVMK,captured,https://postimg.cc/kVkQ4mk3,2022-08-13,5221,12011,2,7-5221120112
Russia,Soviet Union,90 MT-LBVM and MT-LBVMK,captured,https://postimg.cc/VS2TwTRd,2022-08-13,5221,12012,2,7-5221120122
Russia,Soviet Union,90 MT-LBVM and MT-LBVMK,captured,https://postimg.cc/nsVzGDZH,2022-08-13,5221,12013,2,7-5221120132
Russia,Soviet Union,90 MT-LBVM and MT-LBVMK,captured,https://postimg.cc/kRxTbKK0,2022-08-13,5221,12014,2,7-5221120142
Russia,Soviet Union,90 MT-LBVM and MT-LBVMK,captured,https://postimg.cc/MXQ6LHzg,2022-08-13,5221,12015,2,7-5221120152
Russia,Russia,90 Orlan-10 reconnaissance UAV,captured,https://i.postimg.cc/D06r8GnC/36.png,2022-10-10,5222,12016,2,7-5222120162
Russia,Russia,90 T-80U,captured,https://i.postimg.cc/02QTc2CN/1024-t80u-capt-28-02-22.jpg,2023-01-21,5226,12024,2,7-5226120242
Russia,Russia,90 Ural-4320 tanker,captured,https://twitter.com/UAWeapons/status/1568985785176571913,2022-09-12,5229,8920,2,7-522989202
Russia,Russia,90 Ural-4320 tanker,captured,https://twitter.com/UAWeapons/status/1569043961771163652,2022-09-12,5229,8087,2,7-522980872
Russia,Russia,90 Ural-4320 tanker,captured,https://twitter.com/UAWeapons/status/1569035760333897728,2022-09-12,5229,7813,2,7-522978132
Russia,Russia,90 Ural-43206,captured,https://i.postimg.cc/vm3ZFwDP/1008-ural43206-dam-capt.jpg,2022-10-20,5230,12028,2,7-5230120282
Russia,Soviet Union,903 BMP-2(K),captured,https://i.postimg.cc/Pq0z964t/1017-bmp2-capt-03-04-22.jpg,2023-07-28,5234,12032,2,7-5234120322
Russia,Soviet Union,91 BTR-80,captured,https://twitter.com/UAWeapons/status/1572155780698341376,2022-09-22,5241,430,2,7-52414302
Russia,Soviet Union,91 BTR-80,captured,https://i.postimg.cc/pVZ3zcqT/2022-09-19-BTR-80.jpg,2022-09-22,5241,12053,2,7-5241120532
Russia,Soviet Union,91 BTR-80,captured,https://twitter.com/UAWeapons/status/1576567002726301696,2022-10-03,5241,12055,2,7-5241120552
Russia,Russia,91 Orlan-10 reconnaissance UAV,captured,https://i.postimg.cc/YCSLd5H6/54.png,2022-10-20,5244,12059,2,7-5244120592
Russia,Soviet Union,91 T-62M,captured,https://i.postimg.cc/DZC3vtZM/1033-T-62-M-capt-17-06-24.jpg,2024-06-20,5245,12061,2,7-5245120612
Russia,Soviet Union,91 T-80BV,captured,https://twitter.com/UAWeapons/status/1570506077929877504,2022-09-16,5248,5442,2,7-524854422
Russia,Soviet Union,91 T-80BV,captured,https://twitter.com/UAWeapons/status/1570483175549444098,2022-09-16,5248,12066,2,7-5248120662
Russia,Russia,91 Ural-4320 tanker,captured,https://twitter.com/UAWeapons/status/1569229459240230914,2022-09-13,5253,8924,2,7-525389242
Russia,Russia,917 KamAZ 6x6,captured,https://i.postimg.cc/PrZmG7FL/1023-kamaz6x6-capt-31-03-22.jpg,2024-01-09,5261,12103,2,7-5261121032
Russia,Soviet Union,92 152mm 2S19 Msta-S,captured,https://twitter.com/Poutsup/status/1594400619309432832,2022-11-21,5268,12122,2,7-5268121222
Russia,Soviet Union,92 152mm 2S19 Msta-S,captured,https://twitter.com/UAWeapons/status/1593937205994704898,2022-11-21,5268,12123,2,7-5268121232
Russia,Soviet Union,92 T-80BV,captured,https://twitter.com/UAWeapons/status/1570808949737394178,2022-09-17,5276,12135,2,7-5276121352
Russia,Russia,92 T-80U,captured,https://i.postimg.cc/wxNsmn0H/1018-t80u-capt-07-11-22.jpg,2023-03-07,5278,12142,2,7-5278121422
Russia,Russia,92 T-80U,captured,https://i.postimg.cc/HL2bZ1pP/443f.png,2023-04-12,5278,12143,2,7-5278121432
Russia,Russia,92 Ural-4320 tanker,captured,https://i.postimg.cc/Z50SMBmC/5529.png,2022-09-15,5281,12146,2,7-5281121462
Russia,Russia,92 Ural-43206,captured,https://i.postimg.cc/3xzxBsDb/1008-ural4320-capt.jpg,2022-10-27,5282,12147,2,7-5282121472
Russia,Russia,93 GAZ Tigr-M,captured,https://twitter.com/UAWeapons/status/1575137334529507330,2022-09-29,5295,12054,2,7-5295120542
Russia,Russia,93 KamAZ 6x6 tanker,captured,https://i.postimg.cc/nVdn1m6n/1014-kamaz-tanker-capt.jpg,2022-10-30,5296,12185,2,7-5296121852
Russia,Soviet Union,93 MT-LBVM and MT-LBVMK,captured,https://twitter.com/UAWeapons/status/1566842191485587456,2022-09-05,5297,12186,2,7-5297121862
Russia,Russia,93 Ural-4320 tanker,captured,https://i.postimg.cc/sxKjhZfr/1002-ural-tanker.jpg,2022-09-16,5304,12198,2,7-5304121982
Russia,Soviet Union,939 BMP-2(K),captured,https://i.postimg.cc/ZRgNsZG7/1008-bmp2-capt-22-08-23.jpg,2023-08-26,5308,12225,2,7-5308122252
Russia,Soviet Union,939 BMP-2(K),captured,https://i.postimg.cc/TYbqghKH/1010-bmp2-capt-24-08-23.jpg,2023-08-26,5308,12226,2,7-5308122262
Russia,Soviet Union,94 152mm 2S19 Msta-S,captured,https://i.postimg.cc/g0Yk8YTz/1502-msta-s-destr.jpg,2022-12-31,5310,12232,2,7-5310122322
Russia,Soviet Union,94 BTR-80,captured,https://twitter.com/UAWeapons/status/1576838855927697408,2022-10-04,5311,12233,2,7-5311122332
Russia,Soviet Union,94 BTR-80,captured,https://twitter.com/UAWeapons/status/1577046483278647301,2022-10-04,5311,12234,2,7-5311122342
Russia,Russia,94 GAZ Tigr-M,captured,https://twitter.com/UAWeapons/status/1575449638861152256,2022-09-30,5312,12235,2,7-5312122352
Russia,Soviet Union,94 MT-LBVM and MT-LBVMK,captured,https://i.postimg.cc/TPcRwWK2/1009-MT-LBVM.jpg,2022-09-10,5314,12237,2,7-5314122372
Russia,Russia,94 Ural-4320 tanker,captured,https://i.postimg.cc/cCnXz52N/2022-09-14-Ural-4320-tanker.png,2022-09-17,5321,12246,2,7-5321122462
Russia,Soviet Union,947 BMP-2(K),captured,https://i.postimg.cc/PfLvPxS9/226.png,2023-09-05,5333,12274,2,7-5333122742
Russia,Soviet Union,95 BTR-80,captured,https://twitter.com/UAWeapons/status/1577254750529036288,2022-10-05,5338,2241,2,7-533822412
Russia,Soviet Union,95 MT-LBVM and MT-LBVMK,captured,https://twitter.com/UAWeapons/status/1568899212976201728,2022-09-12,5341,12286,2,7-5341122862
Russia,Russia,95 Ural-4320 tanker,captured,https://i.postimg.cc/vTYhXx2d/2022-09-18-Ural-4320-tanker.png,2022-09-19,5346,12295,2,7-5346122952
Russia,Russia,95 Ural-43206,captured,https://i.postimg.cc/3xKn0s3B/1003-Ural-43206-dam-capt.jpg,2022-11-12,5347,12296,2,7-5347122962
Russia,Soviet Union,952 BMP-2(K),captured,https://i.postimg.cc/3RgGBb5v/76440.png,2023-09-07,5349,12302,2,7-5349123022
Russia,Soviet Union,96 MT-LBVM and MT-LBVMK,captured,https://twitter.com/UAWeapons/status/1569427484025946113,2022-09-13,5357,9531,2,7-535795312
Russia,Russia,96 T-80BVM,captured,https://i.postimg.cc/mg86Vqy2/87.png,2023-08-30,5360,12316,2,7-5360123162
Russia,Soviet Union,97 152mm 2S19 Msta-S,captured,https://i.postimg.cc/vmhmfkVZ/1000-Msta-S-capt-12-01-23.jpg,2023-01-14,5371,12346,2,7-5371123462
Russia,Soviet Union,97 BTR-80,captured,https://i.postimg.cc/mrdswsjp/1028-BTR-80-capt.jpg,2022-10-06,5372,12347,2,7-5372123472
Russia,Soviet Union,97 BTR-80,captured,https://i.postimg.cc/J0rqPjd8/1040-btr80-capt.jpg,2022-10-06,5372,12348,2,7-5372123482
Russia,Russia,97 Ural-4320 tanker,captured,https://i.postimg.cc/gjkfNzCS/2022-09-16-Ural-4320-tanker.jpg,2022-09-22,5379,12359,2,7-5379123592
Russia,Soviet Union,98 122mm BM-21 Grad,captured,https://i.postimg.cc/FFbk6gFJ/1012-bm21-dam-capt-25-12-22.jpg,2022-12-30,5393,12394,2,7-5393123942
Russia,Soviet Union,98 BTR-80,captured,https://i.postimg.cc/x8bC9wQ9/1016-btr80-capt.jpg,2022-10-07,5395,12397,2,7-5395123972
Russia,Soviet Union,98 T-72B Obr. 1989,captured,https://i.postimg.cc/SKw6v5Cs/1003-t72-1989-destr-09-07-22.jpg,2024-02-18,5401,12412,2,7-5401124122
Russia,Russia,98 ZALA Z-16 (421-16Е),captured,https://i.postimg.cc/kXS493Gr/1060-ZALA-Z-16-421-16-reconnaissance-UAV-capt-04-09-24.jpg,2024-09-26,5408,12423,2,7-5408124232
Russia,Soviet Union,989 BMP-2(K),captured,https://i.postimg.cc/hP7xJFTW/1017-BMP-2-capt-10-10-23.jpg,2023-10-12,5415,12439,2,7-5415124392
Russia,Soviet Union,99 MT-LBVM and MT-LBVMK,captured,https://twitter.com/UAWeapons/status/1570808949737394178,2022-09-17,5424,12135,2,7-5424121352
Russia,Soviet Union,99 T-80BV,captured,https://i.postimg.cc/3NfS2jCB/1009-t80bv.jpg,2022-09-20,5426,12460,2,7-5426124602
Russia,Soviet Union,9<U+041C>131 Metis-M,captured,https://i.postimg.cc/Pxdr8VTx/4899.png,2022-03-19,5438,12481,2,7-5438124812
Russia,Soviet Union,9<U+041C>131 Metis-M,captured,https://i.postimg.cc/wvVb8jyG/76m.jpg,2022-03-27,5438,12482,2,7-5438124822
Russia,Soviet Union,9<U+041C>131 Metis-M,captured,https://twitter.com/UAWeapons/status/1509293999500242948,2022-03-31,5438,12483,2,7-5438124832
Russia,Russia,9<U+041C>131F Metis-M1,captured,https://i.postimg.cc/kMwP5WQ0/8k.png,2022-03-19,5439,12484,2,7-5439124842
Russia,Russia,9<U+041C>133 Kornet,captured,https://i.postimg.cc/85dBMQdH/3319.png,2022-03-26,5440,12485,2,7-5440124852
Russia,Russia,9A316 TEL (for Buk-M2),captured,https://i.postimg.cc/cC3bYzgz/3d.jpg,2022-04-04,5444,12497,2,7-5444124972
Russia,Russia,9A316 TEL (for Buk-M2),captured,https://i.postimg.cc/yYtY083v/y5.jpg,2022-04-07,5444,12498,2,7-5444124982
Russia,Russia,9A316 TEL (for Buk-M2),captured,https://i.postimg.cc/4xw3DhHx/26.png,2022-05-01,5444,12499,2,7-5444124992
Russia,Russia,9A317 TELAR (for Buk-M2),captured,https://i.postimg.cc/wx1tSZzy/48.jpg,2022-04-07,5445,12510,2,7-5445125102
Russia,Soviet Union,9A330 Tor TLAR (for 9K330 Tor),captured,https://i.postimg.cc/x18N2bPf/g4.jpg,2022-04-06,5447,12537,2,7-5447125372
Russia,Soviet Union,9A330 Tor TLAR (for 9K330 Tor),captured,https://i.postimg.cc/KvJ3w5Bp/g5.jpg,2022-04-06,5447,12538,2,7-5447125382
Russia,Soviet Union,9A330 Tor TLAR (for 9K330 Tor),captured,https://i.postimg.cc/5yY0Q05W/g5.jpg,2022-04-06,5447,12539,2,7-5447125392
Russia,Soviet Union,9A330 Tor TLAR (for 9K330 Tor),captured,https://i.postimg.cc/1XzB0gjR/7j7.png,2022-04-13,5447,12540,2,7-5447125402
Russia,Soviet Union,9A330 Tor TLAR (for 9K330 Tor),captured,https://i.postimg.cc/CMbpsN0w/553.jpg,2022-04-20,5447,12541,2,7-5447125412
Russia,Soviet Union,9A330 Tor TLAR (for 9K330 Tor-M),captured,https://i.postimg.cc/kg4xSgBn/470.png,2022-03-19,5448,12550,2,7-5448125502
Russia,Soviet Union,9A330 Tor TLAR (for 9K330 Tor-M),captured,https://i.postimg.cc/tCmsLt4j/4f.png,2022-03-19,5448,12551,2,7-5448125512
Russia,Russia,9A331 TLAR (for 9K331 Tor-M1),captured,https://i.postimg.cc/brZ2rDJN/3561.png,2022-03-19,5449,12554,2,7-5449125542
Russia,Russia,9A331M TLAR (for 9K332 Tor-M2),captured,https://i.postimg.cc/KzsFBDcQ/f3.png,2022-03-19,5450,12568,2,7-5450125682
Russia,Russia,9A331M TLAR (for 9K332 Tor-M2),captured,https://i.postimg.cc/xqrr3rgR/97.png,2022-03-27,5450,12569,2,7-5450125692
Russia,Soviet Union,9K33 Osa,captured,https://i.postimg.cc/ncXNZ3Yr/zx3.png,2022-03-19,5457,12617,2,7-5457126172
Russia,Soviet Union,9K33 Osa,captured,https://i.postimg.cc/pXQz9HB6/67.png,2022-03-19,5457,12618,2,7-5457126182
Russia,Soviet Union,9K33 Osa,captured,https://i.postimg.cc/T2WFt83N/1002-9-K33-Osa-capt.jpg,2022-11-09,5457,12620,2,7-5457126202
Russia,Russia,9K333 Verba,captured,https://i.postimg.cc/J02KQvJG/4322.png,2022-03-19,5458,12643,2,7-5458126432
Russia,Soviet Union,9K35 Strela-10,captured,https://i.postimg.cc/C5cvXW27/6656.png,2022-03-19,5459,12647,2,7-5459126472
Russia,Soviet Union,9K35 Strela-10,captured,https://i.postimg.cc/v8c2krHH/38.png,2022-03-19,5459,12648,2,7-5459126482
Russia,Soviet Union,9K35 Strela-10,captured,https://i.postimg.cc/9F8JTR1K/4f.png,2022-03-19,5459,12649,2,7-5459126492
Russia,Soviet Union,9K35 Strela-10,captured,https://i.postimg.cc/3wsp6BLr/32y.jpg,2022-05-09,5459,12654,2,7-5459126542
Russia,Soviet Union,9K35 Strela-10,captured,https://i.postimg.cc/ZnMFMX3R/1040-9-K35-Strela-10-capt.jpg,2022-10-10,5459,12657,2,7-5459126572
Russia,Soviet Union,9K38 Igla,captured,https://i.postimg.cc/HLgyxQ2D/v2.png,2022-03-19,5460,12703,2,7-5460127032
Russia,Soviet Union,9K38 Igla,captured,https://i.postimg.cc/bvKVcWVk/44433.png,2022-03-19,5460,12704,2,7-5460127042
Russia,Soviet Union,9K38 Igla,captured,https://i.postimg.cc/ZKxBCQvB/36.jpg,2022-03-19,5460,12705,2,7-5460127052
Russia,Soviet Union,9K38 Igla,captured,https://i.postimg.cc/TwV98kgb/4315.png,2022-03-19,5460,12706,2,7-5460127062
Russia,Soviet Union,9M111 Fagot,captured,https://twitter.com/UAWeapons/status/1499400684747165696/photo/4,2022-03-19,5461,12707,2,7-5461127072
Russia,Soviet Union,9M111 Fagot,captured,https://i.postimg.cc/h4mwkPMy/r21.png,2022-03-19,5461,12708,2,7-5461127082
Russia,Soviet Union,9M111 Fagot,captured,https://i.postimg.cc/V6sZ4m3s/33d.jpg,2022-03-19,5461,12709,2,7-5461127092
Russia,Soviet Union,9M113 Konkurs,captured,https://i.postimg.cc/1RfB2NxM/347.png,2022-03-19,5462,12710,2,7-5462127102
Russia,Soviet Union,9M113 Konkurs,captured,https://i.postimg.cc/W4N1CS83/v1.png,2022-03-19,5462,12711,2,7-5462127112
Russia,Soviet Union,9M113 Konkurs,captured,https://i.postimg.cc/bJrQTfV9/874.png,2022-03-19,5462,12712,2,7-5462127122
Russia,Soviet Union,9M113 Konkurs,captured,https://i.postimg.cc/sfc4VWKG/g54.png,2022-03-19,5462,12713,2,7-5462127132
Russia,Soviet Union,9M113 Konkurs,captured,https://i.postimg.cc/2jXwxtBd/v98.png,2022-03-19,5462,12714,2,7-5462127142
Russia,Soviet Union,9M113 Konkurs,captured,https://i.postimg.cc/fT7PD9Wq/f16.png,2022-03-19,5462,12715,2,7-5462127152
Russia,Soviet Union,9M113 Konkurs,captured,https://i.postimg.cc/cLxJ0xJS/f233.png,2022-03-19,5462,12716,2,7-5462127162
Russia,Soviet Union,9M113 Konkurs,captured,https://i.postimg.cc/NjMRMZ82/fds.png,2022-03-19,5462,12717,2,7-5462127172
Russia,Soviet Union,9M113 Konkurs,captured,https://i.postimg.cc/NFcMZCk0/55444.jpg,2022-03-19,5462,12718,2,7-5462127182
Russia,Soviet Union,9M113 Konkurs,captured,https://i.postimg.cc/1tcPVmD9/4435.jpg,2022-03-19,5462,12719,2,7-5462127192
Russia,Soviet Union,9M113 Konkurs,captured,https://i.postimg.cc/ncLZMtrJ/g45.jpg,2022-03-19,5462,12720,2,7-5462127202
Russia,Soviet Union,9M113 Konkurs,captured,https://i.postimg.cc/L8cMyYT9/44f.jpg,2022-03-19,5462,12721,2,7-5462127212
Russia,Soviet Union,9M113 Konkurs,captured,https://i.postimg.cc/V6sZ4m3s/33d.jpg,2022-03-19,5462,12709,2,7-5462127092
Russia,Soviet Union,9M113 Konkurs,captured,https://i.postimg.cc/k4XpdWZb/665.jpg,2022-03-19,5462,12722,2,7-5462127222
Russia,Soviet Union,9M113 Konkurs,captured,https://postlmg.cc/9wrbvXHB,2022-03-31,5462,12723,2,7-5462127232
Russia,Russia,9M113M Konkurs-M,captured,https://i.postimg.cc/R0sQ7kcf/79.png,2022-03-19,5463,12724,2,7-5463127242
Russia,Soviet Union,9P148 Konkurs,captured,https://i.postimg.cc/KYLvDyD2/1007-9-P148-Konkurs-dmg-capt.jpg,2022-10-02,5465,12729,2,7-5465127292
Russia,Soviet Union,9P149 Shturm-S,captured,https://i.postimg.cc/TYcXSg7R/h65.jpg,2022-05-25,5466,12733,2,7-5466127332
Russia,Soviet Union,9P149 Shturm-S,captured,https://i.postimg.cc/NF6wQHQk/h66.jpg,2022-05-25,5466,12734,2,7-5466127342
Russia,Soviet Union,9P149 Shturm-S,captured,https://i.postimg.cc/DyV9PVmv/h7.jpg,2022-06-09,5466,12736,2,7-5466127362
Russia,Soviet Union,9P149 Shturm-S,captured,https://i.postimg.cc/XqDwsNYC/1010.jpg,2022-08-04,5466,12738,2,7-5466127382
Russia,Soviet Union,9P149 Shturm-S ATGM carrier,captured,https://i.postimg.cc/5N0Bfk9M/4gd.png,2022-03-19,5467,12742,2,7-5467127422
Russia,Soviet Union,9P149 Shturm-S ATGM carrier,captured,https://i.postimg.cc/x1RP0Bm9/60.png,2022-03-19,5467,12743,2,7-5467127432
Russia,Soviet Union,9P149 Shturm-S ATGM carrier,captured,https://i.postimg.cc/j58tKX6Z/36.jpg,2022-04-06,5467,12745,2,7-5467127452
Russia,Soviet Union,9P149 Shturm-S ATGM carrier,captured,https://i.postimg.cc/gk7vsT8v/556.jpg,2022-04-10,5467,12746,2,7-5467127462
Russia,Soviet Union,9P149 Shturm-S ATGM carrier,captured,https://i.postimg.cc/NGyCzZHk/69.png,2022-04-17,5467,12747,2,7-5467127472
Russia,Russia,9S18<U+041C>1(-2) (for Buk-M2),captured,https://i.postimg.cc/qMVp7ZP5/579.jpg,2022-04-07,5469,12750,2,7-5469127502
Russia,Russia,9S36 (for Buk-M2),captured,https://i.postimg.cc/9fcs8ZN8/6533.jpg,2022-04-04,5471,12753,2,7-5471127532
Russia,Russia,9S36 (for Buk-M2),captured,https://i.postimg.cc/T2bczB37/5g5.jpg,2022-04-06,5471,12754,2,7-5471127542
Russia,Russia,9S470M1 (or variant thereof) command post (for Buk-M1/2),captured,https://i.postimg.cc/yYjsPKKR/2022-04-20-9-S470-M1.jpg,2022-10-25,5473,12764,2,7-5473127642
Russia,Russia,"9S932-2 intelligence, control and command vehicle (for Barnaul-T)",captured,https://i.postimg.cc/sgRgNPnP/1001-9-S932-2.jpg,2022-08-04,5475,12766,2,7-5475127662
Russia,Soviet Union,9T217 transloader (for 9K33 Osa),captured,https://i.postimg.cc/J7XmSTvF/542g.png,2022-03-19,5476,12768,2,7-5476127682
Russia,Soviet Union,9T217 transloader (for 9K33 Osa),captured,https://twitter.com/UAWeapons/status/1568968911324073984,2022-09-12,5476,12769,2,7-5476127692
Russia,Russia,9T244 transloader (for 9A330/1 Tor),captured,https://i.postimg.cc/x1t6g70s/d34.jpg,2022-04-06,5477,12774,2,7-5477127742
Russia,Russia,9T244 transloader (for 9A330/1 Tor),captured,https://twitter.com/UAWeapons/status/1580118004875939840,2022-10-13,5477,10588,2,7-5477105882
Russia,Soviet Union,9T452 transporter-loader (for BM-27 'Uragan' MRL),captured,https://i.postimg.cc/YCyjYGwT/dd3.jpg,2022-04-04,5478,12783,2,7-5478127832
Russia,Soviet Union,9T452 transporter-loader (for BM-27 'Uragan' MRL),captured,https://i.postimg.cc/KvPYBTtf/76.jpg,2022-04-06,5478,12784,2,7-5478127842
Russia,Soviet Union,9T452 transporter-loader (for BM-27 'Uragan' MRL),captured,https://i.postimg.cc/CMrjXScX/78.png,2022-04-10,5478,12786,2,7-5478127862
Russia,Soviet Union,9T452 transporter-loader (for BM-27 'Uragan' MRL),captured,https://i.postimg.cc/Jh5998QP/5588.jpg,2022-04-18,5478,12787,2,7-5478127872
Russia,Soviet Union,9T452 transporter-loader (for BM-27 'Uragan' MRL),captured,https://i.postimg.cc/Nfvm2pYM/47h.jpg,2022-05-01,5478,12788,2,7-5478127882
Russia,Russia,Armoured SUV,captured,https://i.postimg.cc/JhV6T907/329.png,2022-03-19,5483,12865,2,7-5483128652
Russia,Soviet Union,BAT-2 heavy engineering vehicle,captured,https://i.postimg.cc/L43d0fPV/679.jpg,2022-04-13,5484,12867,2,7-5484128672
Russia,Soviet Union,BAT-2 heavy engineering vehicle,captured,https://i.postimg.cc/MTt8ymNz/7j.jpg,2022-05-15,5484,12869,2,7-5484128692
Russia,Soviet Union,BAT-2 heavy engineering vehicle,captured,https://postimg.cc/wtPXX08d,2022-08-13,5484,12871,2,7-5484128712
Russia,Soviet Union,BAT-2 heavy engineering vehicle,captured,https://i.postimg.cc/4dt0n9Cj/1002-bat2.jpg,2022-09-09,5484,12872,2,7-5484128722
Russia,Soviet Union,BMD-2,captured,https://i.postimg.cc/k512QQRG/49.jpg,2022-03-19,5486,12888,2,7-5486128882
Russia,Soviet Union,BMD-2,captured,https://i.postimg.cc/MTmVp6Hz/c5.png,2022-03-19,5486,12908,2,7-5486129082
Russia,Soviet Union,BMD-2,captured,https://i.postimg.cc/rssnsRcT/5799.png,2022-03-19,5486,12909,2,7-5486129092
Russia,Soviet Union,BMD-2,captured,https://i.postimg.cc/bJrQTfV9/874.png,2022-03-19,5486,12712,2,7-5486127122
Russia,Soviet Union,BMD-2,captured,https://i.postimg.cc/85LwdnhZ/4566.png,2022-03-19,5486,12910,2,7-5486129102
Russia,Soviet Union,BMD-2,captured,https://i.postimg.cc/Qtcw1bHZ/Screenshot-8646.png,2022-03-19,5486,12911,2,7-5486129112
Russia,Soviet Union,BMD-2,captured,https://i.postimg.cc/2jXwxtBd/v98.png,2022-03-19,5486,12714,2,7-5486127142
Russia,Soviet Union,BMD-2,captured,https://i.postimg.cc/bwvSFYcs/bu.jpg,2022-03-19,5486,12912,2,7-5486129122
Russia,Soviet Union,BMD-2,captured,https://i.postimg.cc/LsYY2ysS/buu.jpg,2022-03-19,5486,12913,2,7-5486129132
Russia,Soviet Union,BMD-2,captured,https://i.postimg.cc/15tMSgMT/4f21.png,2022-03-19,5486,12914,2,7-5486129142
Russia,Soviet Union,BMD-2,captured,https://i.postimg.cc/SKZ6rySG/j1.jpg,2022-03-19,5486,12915,2,7-5486129152
Russia,Soviet Union,BMD-2,captured,https://i.postimg.cc/Sxf7n6H3/j2.jpg,2022-03-19,5486,12916,2,7-5486129162
Russia,Soviet Union,BMD-2,captured,https://i.postimg.cc/Cxhn6W6r/j10.jpg,2022-03-19,5486,12917,2,7-5486129172
Russia,Soviet Union,BMD-2,captured,https://i.postimg.cc/PqH9BJfW/f36.png,2022-03-19,5486,12918,2,7-5486129182
Russia,Soviet Union,BMD-2,captured,https://i.postimg.cc/gjmQ4Pbz/ff1.png,2022-03-19,5486,12919,2,7-5486129192
Russia,Soviet Union,BMD-2,captured,https://i.postimg.cc/1tcPVmD9/4435.jpg,2022-03-19,5486,12719,2,7-5486127192
Russia,Soviet Union,BMD-2,captured,https://i.postimg.cc/ncLZMtrJ/g45.jpg,2022-03-19,5486,12720,2,7-5486127202
Russia,Soviet Union,BMD-2,captured,https://i.postimg.cc/L8cMyYT9/44f.jpg,2022-03-19,5486,12721,2,7-5486127212
Russia,Soviet Union,BMD-2,captured,https://i.postimg.cc/k4XpdWZb/665.jpg,2022-03-19,5486,12722,2,7-5486127222
Russia,Soviet Union,BMD-2,captured,https://i.postimg.cc/wvHJQgCV/d8.jpg,2022-03-19,5486,12920,2,7-5486129202
Russia,Soviet Union,BMD-2,captured,https://i.postimg.cc/CxQFG5Cj/4369.png,2022-03-19,5486,12921,2,7-5486129212
Russia,Soviet Union,BMD-2,captured,https://i.postimg.cc/qvRPW5Hf/42.png,2022-03-19,5486,12922,2,7-5486129222
Russia,Soviet Union,BMD-2,captured,https://i.postimg.cc/Jh4jNvgF/43100.png,2022-03-19,5486,12923,2,7-5486129232
Russia,Soviet Union,BMD-2,captured,https://i.postimg.cc/mkFD3yBJ/g3.png,2022-03-19,5486,12924,2,7-5486129242
Russia,Soviet Union,BMD-2,captured,https://i.postimg.cc/KjKZnxbf/42d.png,2022-03-19,5486,12925,2,7-5486129252
Russia,Soviet Union,BMD-2,captured,https://i.postimg.cc/8cbYfsyx/752.png,2022-03-19,5486,12926,2,7-5486129262
Russia,Soviet Union,BMD-2,captured,https://i.postimg.cc/C1yFN0XM/4682.png,2022-03-19,5486,12927,2,7-5486129272
Russia,Soviet Union,BMD-2,captured,https://i.postimg.cc/13b7j5j8/f6.jpg,2022-03-19,5486,12928,2,7-5486129282
Russia,Soviet Union,BMD-2,captured,https://i.postimg.cc/brzKpBC8/4311.png,2022-03-31,5486,12939,2,7-5486129392
Russia,Soviet Union,BMD-2,captured,https://i.postimg.cc/v8PQY7S5/31d.png,2022-04-01,5486,12942,2,7-5486129422
Russia,Soviet Union,BMD-2,captured,https://i.postimg.cc/HkfYHj7g/g5.jpg,2022-04-04,5486,12944,2,7-5486129442
Russia,Soviet Union,BMD-2,captured,https://i.postimg.cc/zGLz9Tv7/g66.jpg,2022-04-04,5486,12945,2,7-5486129452
Russia,Soviet Union,BMD-2,captured,https://i.postimg.cc/63qWGyGT/4331.jpg,2022-04-04,5486,12946,2,7-5486129462
Russia,Soviet Union,BMD-2,captured,https://i.postimg.cc/BbnPPB4q/7699.png,2022-04-16,5486,12947,2,7-5486129472
Russia,Soviet Union,BMD-2,captured,https://i.postimg.cc/FKSqkpmJ/bbmdd222.png,2022-04-20,5486,12965,2,7-5486129652
Russia,Soviet Union,BMD-2,captured,https://i.postimg.cc/fTH1GkBk/BMD2.png,2022-04-20,5486,12966,2,7-5486129662
Russia,Soviet Union,BMD-2,captured,https://i.postimg.cc/50MrBzNK/bmd22.png,2022-04-20,5486,12967,2,7-5486129672
Russia,Soviet Union,BMD-2,captured,https://i.postimg.cc/rsMvkrBR/bmd222.jpg,2022-04-20,5486,12968,2,7-5486129682
Russia,Soviet Union,BMD-2,captured,https://i.postimg.cc/BbpRQv3Y/bmd222222.jpg,2022-04-20,5486,12969,2,7-5486129692
Russia,Soviet Union,BMD-2,captured,https://i.postimg.cc/hj9H6r5q/bmdd222.jpg,2022-04-20,5486,12970,2,7-5486129702
Russia,Soviet Union,BMD-2,captured,https://i.postimg.cc/JnwfpgKq/226.jpg,2022-04-20,5486,12971,2,7-5486129712
Russia,Soviet Union,BMD-2,captured,https://i.postimg.cc/V6rj0wxq/56.png,2022-04-25,5486,12975,2,7-5486129752
Russia,Soviet Union,BMD-2,captured,https://twitter.com/UAWeapons/status/1542230196237078529,2022-06-30,5486,12986,2,7-5486129862
Russia,Soviet Union,BMD-2,captured,https://i.postimg.cc/kXzBXBWj/1003-BMD-2.png,2022-07-02,5486,12988,2,7-5486129882
Russia,Soviet Union,BMD-2,captured,https://i.postimg.cc/nc5hKV4Y/1027-bmd2.jpg,2022-08-22,5486,13015,2,7-5486130152
Russia,Soviet Union,BMD-2,captured,https://twitter.com/UAWeapons/status/1566130196897361920,2022-09-04,5486,13021,2,7-5486130212
Russia,Soviet Union,BMD-2,captured,https://twitter.com/UAWeapons/status/1566781550280179716,2022-09-05,5486,13024,2,7-5486130242
Russia,Soviet Union,BMD-2,captured,https://twitter.com/UAWeapons/status/1566785188117504001,2022-09-05,5486,9412,2,7-548694122
Russia,Soviet Union,BMD-2,captured,https://twitter.com/Danspiun/status/1566918901170147330,2022-09-05,5486,13025,2,7-5486130252
Russia,Soviet Union,BMD-2,captured,https://twitter.com/UAWeapons/status/1566510068060852224,2022-09-05,5486,13026,2,7-5486130262
Russia,Soviet Union,BMD-2,captured,https://i.postimg.cc/j26dJ0Hd/1021-bmd2.jpg,2022-09-08,5486,13027,2,7-5486130272
Russia,Soviet Union,BMD-2,captured,https://twitter.com/UAWeapons/status/1569422856907358211,2022-09-13,5486,13030,2,7-5486130302
Russia,Soviet Union,BMD-2,captured,https://i.postimg.cc/s22TFHyj/1003-bmd2.jpg,2022-09-15,5486,13031,2,7-5486130312
Russia,Soviet Union,BMD-2,captured,https://twitter.com/UAWeapons/status/1575037072339271680,2022-09-28,5486,13035,2,7-5486130352
Russia,Soviet Union,BMD-2,captured,https://i.postimg.cc/c197nQ4K/BMD-2-Kherson-region.png,2022-09-30,5486,13037,2,7-5486130372
Russia,Soviet Union,BMD-2,captured,https://i.postimg.cc/8P08Y3hq/1011-bmd2-capt.jpg,2022-10-05,5486,13038,2,7-5486130382
Russia,Soviet Union,BMD-2,captured,https://twitter.com/UAWeapons/status/1578400346359169024,2022-10-08,5486,5137,2,7-548651372
Russia,Soviet Union,BMD-2,captured,https://i.postimg.cc/TYsxfSK7/1005-bmd2-capt.jpg,2022-10-13,5486,13040,2,7-5486130402
Russia,Soviet Union,BMD-2,captured,https://i.postimg.cc/8zrS5HW1/1006-bmd2-capt.jpg,2022-10-13,5486,13041,2,7-5486130412
Russia,Soviet Union,BMD-2,captured,https://i.postimg.cc/7L8yT2MS/1007-bmd2-capt.jpg,2022-10-13,5486,13042,2,7-5486130422
Russia,Soviet Union,BMD-2,captured,https://i.postimg.cc/8ktDnsNV/1008-bmd2-capt.jpg,2022-10-13,5486,13043,2,7-5486130432
Russia,Soviet Union,BMD-2,captured,https://i.postimg.cc/yNpBp6gm/2022-04-05-bmd-2.jpg,2022-10-17,5486,13051,2,7-5486130512
Russia,Soviet Union,BMD-2,captured,https://i.postimg.cc/PxmkcXR1/1001-bmd2-dam-capt.jpg,2022-10-25,5486,13054,2,7-5486130542
Russia,Soviet Union,BMD-2,captured,https://i.postimg.cc/yYHQnk5W/1011-bmd2-capt-6-3.jpg,2022-11-09,5486,13059,2,7-5486130592
Russia,Soviet Union,BMD-2,captured,https://i.postimg.cc/9MP1fWSq/1030-bmd2-capt.jpg,2022-11-12,5486,13063,2,7-5486130632
Russia,Soviet Union,BMD-2,captured,https://twitter.com/UAWeapons/status/1591369017674997761,2022-11-13,5486,13064,2,7-5486130642
Russia,Soviet Union,BMD-2,captured,https://i.postimg.cc/JhcgX0hj/1014-bmd2-capt.jpg,2022-11-13,5486,13065,2,7-5486130652
Russia,Soviet Union,BMD-2,captured,https://twitter.com/UAWeapons/status/1593639141237002242,2022-11-19,5486,13067,2,7-5486130672
Russia,Soviet Union,BMD-2,captured,https://i.postimg.cc/SxgQsNGF/1032-bmd2-capt-19-01-23.jpg,2023-01-21,5486,13083,2,7-5486130832
Russia,Soviet Union,BMD-2,captured,https://twitter.com/naalsio26/status/1617007401554657280,2023-01-22,5486,13085,2,7-5486130852
Russia,Soviet Union,BMD-2,captured,https://i.postimg.cc/bJXcZ6zC/1020-bmd2-dam-capt-06-03-23.jpg,2023-03-07,5486,13093,2,7-5486130932
Russia,Soviet Union,BMD-2,captured,https://postlmg.cc/14FNxVFP,2023-03-26,5486,13096,2,7-5486130962
Russia,Soviet Union,BMD-2,captured,https://i.postimg.cc/dVT9JRNk/5554.png,2023-04-02,5486,13098,2,7-5486130982
Russia,Soviet Union,BMD-2,captured,https://i.postimg.cc/TYm1dJFj/1033-BMD-2-capt-19-07-23.jpg,2023-08-04,5486,13123,2,7-5486131232
Russia,Soviet Union,BMD-2,captured,https://i.postimg.cc/HkMYQ994/1034-bmd2-capt-31-07-23.jpg,2023-11-01,5486,13139,2,7-5486131392
Russia,Soviet Union,BMD-2,captured,https://i.postimg.cc/C55ZwPj2/1025-BMD-2-capt-31-03-22.jpg,2024-11-27,5486,13226,2,7-5486132262
Russia,Russia,BMD-4M,captured,https://i.postimg.cc/yxpPqbzX/f44.png,2022-03-19,5487,13332,2,7-5487133322
Russia,Russia,BMD-4M,captured,https://i.postimg.cc/rmQV5Mdk/7io.jpg,2022-03-19,5487,13333,2,7-5487133332
Russia,Russia,BMD-4M,captured,https://i.postimg.cc/KctKcZ6s/f6.jpg,2022-03-19,5487,13334,2,7-5487133342
Russia,Russia,BMD-4M,captured,https://i.postimg.cc/RVd7t2bw/58.png,2022-03-19,5487,13335,2,7-5487133352
Russia,Russia,BMD-4M,captured,https://i.postimg.cc/QdftqHCS/433.png,2022-03-19,5487,13336,2,7-5487133362
Russia,Russia,BMD-4M,captured,https://i.postimg.cc/xjPG7QK8/d136.png,2022-03-19,5487,13337,2,7-5487133372
Russia,Russia,BMD-4M,captured,https://i.postimg.cc/9QLv6jFV/315.png,2022-03-19,5487,13338,2,7-5487133382
Russia,Russia,BMD-4M,captured,https://i.postimg.cc/V6GCvp8t/cn.jpg,2022-03-19,5487,13339,2,7-5487133392
Russia,Russia,BMD-4M,captured,https://i.postimg.cc/KvF02Nwn/g00.png,2022-03-19,5487,13340,2,7-5487133402
Russia,Russia,BMD-4M,captured,https://i.postimg.cc/sg8FR71x/f14.png,2022-03-29,5487,13346,2,7-5487133462
Russia,Russia,BMD-4M,captured,https://i.postimg.cc/dVj4B8GX/33211.jpg,2022-03-31,5487,13349,2,7-5487133492
Russia,Russia,BMD-4M,captured,https://i.postimg.cc/bvCr0GcK/f431.jpg,2022-04-04,5487,13353,2,7-5487133532
Russia,Russia,BMD-4M,captured,https://i.postimg.cc/2jGTdhtw/45.jpg,2022-04-06,5487,13354,2,7-5487133542
Russia,Russia,BMD-4M,captured,https://i.postimg.cc/Wz8qmYyG/445.jpg,2022-04-06,5487,13355,2,7-5487133552
Russia,Russia,BMD-4M,captured,https://i.postimg.cc/PqdmJXWx/56.png,2022-04-07,5487,13361,2,7-5487133612
Russia,Russia,BMD-4M,captured,https://i.postimg.cc/t4297Q5q/65.png,2022-05-01,5487,13365,2,7-5487133652
Russia,Russia,BMD-4M,captured,https://twitter.com/UAWeapons/status/1532052853606473729,2022-06-02,5487,13367,2,7-5487133672
Russia,Russia,BMD-4M,captured,https://twitter.com/RALee85/status/1539911200657625089,2022-06-28,5487,13368,2,7-5487133682
Russia,Russia,BMD-4M,captured,https://i.postimg.cc/44w2nPnd/1019-BMD-4-M-dam-capt-18-08-23.jpg,2023-08-21,5487,13384,2,7-5487133842
Russia,Soviet Union,BMK-130M/BMK-150 towing and motor boat,captured,https://i.postimg.cc/QMtqF8CM/55g.jpg,2022-04-23,5488,13489,2,7-5488134892
Russia,Soviet Union,BMK-130M/BMK-150 towing and motor boat,captured,https://postimg.cc/8JyXzynr,2022-09-15,5488,13490,2,7-5488134902
Russia,Soviet Union,BMK-460 towing and motor boat,captured,https://i.postimg.cc/x1SSzyhr/6h5.png,2022-05-08,5489,13491,2,7-5489134912
Russia,Soviet Union,BMP-1(P),captured,https://i.postimg.cc/02K6dR7P/ff4k.png,2022-03-19,5491,13515,2,7-5491135152
Russia,Soviet Union,BMP-1(P),captured,https://i.postimg.cc/sxG1jW4t/445.png,2022-03-19,5491,13516,2,7-5491135162
Russia,Soviet Union,BMP-1(P),captured,https://i.postimg.cc/jjbzC407/79p.jpg,2022-03-19,5491,13506,2,7-5491135062
Russia,Soviet Union,BMP-1(P),captured,https://i.postimg.cc/9fgjmDf4/54g.png,2022-03-19,5491,13517,2,7-5491135172
Russia,Soviet Union,BMP-1(P),captured,https://i.postimg.cc/kGp8z952/Screenshot-9133.png,2022-03-19,5491,13518,2,7-5491135182
Russia,Soviet Union,BMP-1(P),captured,https://i.postimg.cc/QM37RfjJ/Screenshot-9134.png,2022-03-19,5491,13519,2,7-5491135192
Russia,Soviet Union,BMP-1(P),captured,https://i.postimg.cc/260SqLJ3/318.png,2022-03-19,5491,13520,2,7-5491135202
Russia,Soviet Union,BMP-1(P),captured,https://i.postimg.cc/Z5SQKHzb/32.png,2022-03-19,5491,13521,2,7-5491135212
Russia,Soviet Union,BMP-1(P),captured,https://i.postimg.cc/BvRYDG6F/3e.png,2022-03-19,5491,13522,2,7-5491135222
Russia,Soviet Union,BMP-1(P),captured,https://i.postimg.cc/x826xyLT/g0.png,2022-03-19,5491,13523,2,7-5491135232
Russia,Soviet Union,BMP-1(P),captured,https://i.postimg.cc/c6y4Tnn0/87.jpg,2022-03-26,5491,13524,2,7-5491135242
Russia,Soviet Union,BMP-1(P),captured,https://i.postimg.cc/kG9LR8PP/67.png,2022-04-04,5491,13530,2,7-5491135302
Russia,Soviet Union,BMP-1(P),captured,https://i.postimg.cc/9XJw4wL4/6877.jpg,2022-04-09,5491,13532,2,7-5491135322
Russia,Soviet Union,BMP-1(P),captured,https://i.postimg.cc/Z5ZPkvKV/52.jpg,2022-04-09,5491,13533,2,7-5491135332
Russia,Soviet Union,BMP-1(P),captured,https://i.postimg.cc/br67qwCh/30.jpg,2022-04-21,5491,13537,2,7-5491135372
Russia,Soviet Union,BMP-1(P),captured,https://i.postimg.cc/Nj2bkD6q/389.png,2022-05-01,5491,13544,2,7-5491135442
Russia,Soviet Union,BMP-1(P),captured,https://i.postimg.cc/Jnfpc8Qv/6806.png,2022-05-23,5491,13549,2,7-5491135492
Russia,Soviet Union,BMP-1(P),captured,https://twitter.com/UAWeapons/status/1527732387748233218,2022-05-23,5491,13550,2,7-5491135502
Russia,Soviet Union,BMP-1(P),captured,https://i.postimg.cc/CKSVtGFx/43f.png,2022-05-25,5491,13552,2,7-5491135522
Russia,Soviet Union,BMP-1(P),captured,https://i.postimg.cc/g0Yf4GDw/44f.png,2022-05-25,5491,13553,2,7-5491135532
Russia,Soviet Union,BMP-1(P),captured,https://i.postimg.cc/FHQ3wKRX/h776.jpg,2022-05-31,5491,13580,2,7-5491135802
Russia,Soviet Union,BMP-1(P),captured,https://twitter.com/UAWeapons/status/1537774779591172096,2022-06-26,5491,13592,2,7-5491135922
Russia,Soviet Union,BMP-1(P),captured,https://i.postimg.cc/YSF30Tyn/7776.jpg,2022-06-29,5491,13593,2,7-5491135932
Russia,Soviet Union,BMP-1(P),captured,https://i.postimg.cc/Ls8Qk7Gk/1032-bmp1-capt-08-09-22.jpg,2024-01-19,5491,13693,2,7-5491136932
Russia,Soviet Union,BMP-1(P),captured,https://i.postimg.cc/k4JPrK3V/1001-BMP-1-P-capt-23-07-22.jpg,2024-02-09,5491,13725,2,7-5491137252
Russia,Soviet Union,BMP-1(P),captured,https://i.postimg.cc/bv5gp3Dv/1070-BMP-1-P-dam-capt-12-02-23.jpg,2024-04-08,5491,13818,2,7-5491138182
Russia,Soviet Union,BMP-1(P),captured,https://i.postimg.cc/Z57SBCdS/1049-bmp1-capt-29-04-24.jpg,2024-05-02,5491,13862,2,7-5491138622
Russia,Soviet Union,BMP-1(P),captured,https://i.postimg.cc/J4mNsgTH/1018-BMP-1-P-capt-16-09-22.jpg,2025-01-22,5491,14024,2,7-5491140242
Russia,Russia,BMP-1AM,captured,https://i.postimg.cc/g0XWJyRc/n8.jpg,2022-06-29,5492,14102,2,7-5492141022
Russia,Russia,BMP-1AM,captured,https://i.postimg.cc/8CbfN504/57h.png,2022-07-01,5492,14104,2,7-5492141042
Russia,Russia,BMP-1AM,captured,https://twitter.com/UAWeapons/status/1558386570432073728,2022-08-14,5492,14108,2,7-5492141082
Russia,Russia,BMP-1AM,captured,https://i.postimg.cc/RZnJ6Wy7/1003-bmp1am.jpg,2022-08-15,5492,14110,2,7-5492141102
Russia,Russia,BMP-1AM,captured,https://twitter.com/UAWeapons/status/1585305139552096256,2022-10-27,5492,14112,2,7-5492141122
Russia,Russia,BMP-1AM,captured,https://i.postimg.cc/SRvNL7cN/1002-bmp1am-capt.png,2022-11-12,5492,14113,2,7-5492141132
Russia,Russia,BMP-1AM,captured,https://twitter.com/UAWeapons/status/1592896768194535424,2022-11-18,5492,14114,2,7-5492141142
Russia,Russia,BMP-1AM,captured,https://twitter.com/UAWeapons/status/1592860273375076359,2022-11-18,5492,14115,2,7-5492141152
Russia,Russia,BMP-1AM,captured,https://i.postimg.cc/qqV2j4WQ/1021-bmp1am-capt-09-03-23.jpg,2023-03-11,5492,14121,2,7-5492141212
Russia,Russia,BMP-1AM,captured,https://i.postimg.cc/J0NZFSL8/1022-bmp1am-capt-09-03-23.jpg,2023-03-11,5492,14122,2,7-5492141222
Russia,Russia,BMP-1AM,captured,https://i.postimg.cc/T1ZnwYfB/1040-bmp1am-capt-11-11-23.jpg,2023-11-24,5492,14139,2,7-5492141392
Russia,Soviet Union,BMP-1Khs,captured,https://i.postimg.cc/xTFr1xKP/4467.png,2022-03-29,5494,14158,2,7-5494141582
Russia,Soviet Union,BMP-1Khs,captured,https://i.postimg.cc/rwTTBzGX/332.png,2022-03-30,5494,14159,2,7-5494141592
Russia,Soviet Union,BMP-1Khs,captured,https://i.postimg.cc/MHLs0Sw0/578.png,2022-04-01,5494,14160,2,7-5494141602
Russia,Soviet Union,BMP-2,captured,https://i.postimg.cc/RhxT6Pz9/663.png,2022-03-19,5495,14215,2,7-5495142152
Russia,Soviet Union,BMP-2,captured,https://i.postimg.cc/T1HJcX0f/776.png,2022-03-19,5495,14217,2,7-5495142172
Russia,Soviet Union,BMP-2,captured,https://i.postimg.cc/QtN7DcKC/559.png,2022-03-19,5495,14218,2,7-5495142182
Russia,Soviet Union,BMP-2,captured,https://i.postimg.cc/Zn38wp9q/680.png,2022-03-19,5495,14219,2,7-5495142192
Russia,Soviet Union,BMP-2,captured,https://i.postimg.cc/Gpj4tR0j/g45.png,2022-03-19,5495,14220,2,7-5495142202
Russia,Soviet Union,BMP-2,captured,https://i.postimg.cc/Kjw7JqNY/4fh.png,2022-03-19,5495,14221,2,7-5495142212
Russia,Soviet Union,BMP-2,captured,https://i.postimg.cc/YqnQ7fv3/324.png,2022-03-19,5495,14222,2,7-5495142222
Russia,Soviet Union,BMP-2,captured,https://i.postimg.cc/0jqDtvcH/y6.png,2022-03-19,5495,14223,2,7-5495142232
Russia,Soviet Union,BMP-2,captured,https://i.postimg.cc/dtnX1m6x/mp.jpg,2022-03-19,5495,14224,2,7-5495142242
Russia,Soviet Union,BMP-2,captured,https://i.postimg.cc/fRLP0tgT/mpp.png,2022-03-19,5495,14225,2,7-5495142252
Russia,Soviet Union,BMP-2,captured,https://i.postimg.cc/zDWm7gjd/5g8.png,2022-03-19,5495,14226,2,7-5495142262
Russia,Soviet Union,BMP-2,captured,https://i.postimg.cc/R0xn75Sp/d130.png,2022-03-19,5495,14227,2,7-5495142272
Russia,Soviet Union,BMP-2,captured,https://i.postimg.cc/1zr5w3rW/g540.png,2022-03-19,5495,14228,2,7-5495142282
Russia,Soviet Union,BMP-2,captured,https://i.postimg.cc/DfsyWCT2/558.png,2022-03-19,5495,14229,2,7-5495142292
Russia,Soviet Union,BMP-2,captured,https://i.postimg.cc/KY8cWFwf/5800.png,2022-03-19,5495,14230,2,7-5495142302
Russia,Soviet Union,BMP-2,captured,https://i.postimg.cc/tJ0ZVgRD/6662.jpg,2022-03-19,5495,14231,2,7-5495142312
Russia,Soviet Union,BMP-2,captured,https://i.postimg.cc/pVZrGVkh/Screenshot-9012.png,2022-03-19,5495,14232,2,7-5495142322
Russia,Soviet Union,BMP-2,captured,https://i.postimg.cc/QtzzhVSs/3212.png,2022-03-19,5495,14233,2,7-5495142332
Russia,Soviet Union,BMP-2,captured,https://i.postimg.cc/D0F4Kdkp/1d.png,2022-03-19,5495,14234,2,7-5495142342
Russia,Soviet Union,BMP-2,captured,https://i.postimg.cc/y80rBVY6/469.png,2022-03-26,5495,14254,2,7-5495142542
Russia,Soviet Union,BMP-2,captured,https://i.postimg.cc/4nCw32NC/43133.png,2022-03-26,5495,14255,2,7-5495142552
Russia,Soviet Union,BMP-2,captured,https://i.postimg.cc/3rL56r3h/65h.jpg,2022-03-26,5495,14256,2,7-5495142562
Russia,Soviet Union,BMP-2,captured,https://i.postimg.cc/gcXCN37v/367.png,2022-03-26,5495,14257,2,7-5495142572
Russia,Soviet Union,BMP-2,captured,https://i.postimg.cc/dQy18GgD/b1.png,2022-03-26,5495,14258,2,7-5495142582
Russia,Soviet Union,BMP-2,captured,https://i.postimg.cc/TYvPQpX0/b2.png,2022-03-26,5495,14259,2,7-5495142592
Russia,Soviet Union,BMP-2,captured,https://i.postimg.cc/2SYh9hJ8/16.png,2022-03-26,5495,14260,2,7-5495142602
Russia,Soviet Union,BMP-2,captured,https://i.postimg.cc/LX2GsTmW/66556.jpg,2022-03-26,5495,14261,2,7-5495142612
Russia,Soviet Union,BMP-2,captured,https://i.postimg.cc/x1VhM1QC/321.png,2022-03-29,5495,14267,2,7-5495142672
Russia,Soviet Union,BMP-2,captured,https://i.postimg.cc/SQDwxS89/25.jpg,2022-03-29,5495,14268,2,7-5495142682
Russia,Soviet Union,BMP-2,captured,https://i.postimg.cc/mgfNxnjn/21.jpg,2022-03-29,5495,14269,2,7-5495142692
Russia,Soviet Union,BMP-2,captured,https://i.postimg.cc/RFkLTCPg/47.png,2022-03-29,5495,14270,2,7-5495142702
Russia,Soviet Union,BMP-2,captured,https://i.postimg.cc/fRK9ddR5/b316bmp2.png,2022-03-29,5495,14271,2,7-5495142712
Russia,Soviet Union,BMP-2,captured,https://i.postimg.cc/MpqBBJ4S/bmp22222222222222.jpg,2022-03-31,5495,14285,2,7-5495142852
Russia,Soviet Union,BMP-2,captured,https://i.postimg.cc/hvfDVh3C/ff9.jpg,2022-04-01,5495,14286,2,7-5495142862
Russia,Soviet Union,BMP-2,captured,https://i.postimg.cc/cJBfnqWr/676.jpg,2022-04-04,5495,14288,2,7-5495142882
Russia,Soviet Union,BMP-2,captured,https://i.postimg.cc/NGzVhDzJ/bmp2222.png,2022-04-06,5495,14310,2,7-5495143102
Russia,Soviet Union,BMP-2,captured,https://i.postimg.cc/sxvNQGv4/bmp222.png,2022-04-06,5495,14311,2,7-5495143112
Russia,Soviet Union,BMP-2,captured,https://i.postimg.cc/j2mkzqf0/BMP22.png,2022-04-06,5495,14312,2,7-5495143122
Russia,Soviet Union,BMP-2,captured,https://i.postimg.cc/26HtS785/bbmmmpp222.jpg,2022-04-06,5495,14313,2,7-5495143132
Russia,Soviet Union,BMP-2,captured,https://i.postimg.cc/Jh5g9WfZ/bbmmmp2.jpg,2022-04-06,5495,14314,2,7-5495143142
Russia,Soviet Union,BMP-2,captured,https://i.postimg.cc/NMGVtztV/bmmpp2222.jpg,2022-04-06,5495,14315,2,7-5495143152
Russia,Soviet Union,BMP-2,captured,https://i.postimg.cc/j5T64qPp/b5.jpg,2022-04-06,5495,14316,2,7-5495143162
Russia,Soviet Union,BMP-2,captured,https://i.postimg.cc/DygqQynD/bmppp2.jpg,2022-04-09,5495,14335,2,7-5495143352
Russia,Soviet Union,BMP-2,captured,https://postimg.cc/F7dqnk1v,2022-04-11,5495,14337,2,7-5495143372
Russia,Soviet Union,BMP-2,captured,https://i.postimg.cc/hjDFKj5L/bmppp2.jpg,2022-04-11,5495,14338,2,7-5495143382
Russia,Soviet Union,BMP-2,captured,https://i.postimg.cc/CMfVLKCb/47h.png,2022-04-11,5495,14339,2,7-5495143392
Russia,Soviet Union,BMP-2,captured,https://i.postimg.cc/hPrZSFY9/4g.png,2022-04-11,5495,14340,2,7-5495143402
Russia,Soviet Union,BMP-2,captured,https://i.postimg.cc/3x5FhZtV/bmmp2.jpg,2022-04-13,5495,14352,2,7-5495143522
Russia,Soviet Union,BMP-2,captured,https://i.postimg.cc/bJgr4w9Y/7798.jpg,2022-04-21,5495,14358,2,7-5495143582
Russia,Soviet Union,BMP-2,captured,https://i.postimg.cc/RV5GgxsP/4315.jpg,2022-04-23,5495,14359,2,7-5495143592
Russia,Soviet Union,BMP-2,captured,https://i.postimg.cc/SN3dXB97/bmp22.jpg,2022-04-24,5495,14369,2,7-5495143692
Russia,Soviet Union,BMP-2,captured,https://i.postimg.cc/zvvMssWV/221.jpg,2022-04-25,5495,14370,2,7-5495143702
Russia,Soviet Union,BMP-2,captured,https://i.postimg.cc/9FFBKywz/5444.jpg,2022-05-01,5495,14385,2,7-5495143852
Russia,Soviet Union,BMP-2,captured,https://i.postimg.cc/J0NjkYB1/654.jpg,2022-05-01,5495,14386,2,7-5495143862
Russia,Soviet Union,BMP-2,captured,https://i.postimg.cc/8kZRr17K/3280.jpg,2022-05-01,5495,14387,2,7-5495143872
Russia,Soviet Union,BMP-2,captured,https://i.postimg.cc/hjwj83TY/3329.jpg,2022-05-01,5495,14388,2,7-5495143882
Russia,Soviet Union,BMP-2,captured,https://i.postimg.cc/SR9cJBwd/c3.jpg,2022-05-05,5495,14392,2,7-5495143922
Russia,Soviet Union,BMP-2,captured,https://i.postimg.cc/nM8Y2FvN/44f.jpg,2022-05-05,5495,14393,2,7-5495143932
Russia,Soviet Union,BMP-2,captured,https://i.postimg.cc/pX5ybwBC/v2.jpg,2022-05-06,5495,14398,2,7-5495143982
Russia,Soviet Union,BMP-2,captured,https://i.postimg.cc/wBPTB1rR/d21.jpg,2022-05-06,5495,14399,2,7-5495143992
Russia,Soviet Union,BMP-2,captured,https://i.postimg.cc/MZ5DsLsT/4fs.jpg,2022-05-06,5495,14400,2,7-5495144002
Russia,Soviet Union,BMP-2,captured,https://i.postimg.cc/sggyDf2R/fss.jpg,2022-05-08,5495,14410,2,7-5495144102
Russia,Soviet Union,BMP-2,captured,https://i.postimg.cc/k5fP00Cg/65.jpg,2022-05-08,5495,14409,2,7-5495144092
Russia,Soviet Union,BMP-2,captured,https://i.postimg.cc/RZsTRqcz/766.jpg,2022-05-14,5495,14420,2,7-5495144202
Russia,Soviet Union,BMP-2,captured,https://twitter.com/UAWeapons/status/1527761851441881089,2022-05-23,5495,14427,2,7-5495144272
Russia,Soviet Union,BMP-2,captured,https://i.postimg.cc/ZqNWKLX9/j88.jpg,2022-05-30,5495,14433,2,7-5495144332
Russia,Russia,BMP-2 675-sb3KDZ,captured,https://i.postimg.cc/rsJXQgr0/h66.jpg,2022-06-26,5496,14434,2,7-5496144342
Russia,Russia,BMP-2 675-sb3KDZ,captured,https://i.postimg.cc/05pQKcnw/1031-BMP-2-675-sb3-KDZ-dam-capt.jpg,2022-11-14,5496,14436,2,7-5496144362
Russia,Russia,BMP-2 675-sb3KDZ,captured,https://i.postimg.cc/bw8y8XMB/1030-BMP-2-675-sb3-KDZ-capt-destr-28-05-25.jpg,2025-06-27,5496,14868,2,7-5496148682
Russia,Soviet Union,BMP-2(K),captured,https://i.postimg.cc/tgBqdBfm/776.jpg,2022-05-31,5497,14886,2,7-5497148862
Russia,Soviet Union,BMP-2(K),captured,https://i.postimg.cc/sDb7rVKc/87.jpg,2022-06-01,5497,14888,2,7-5497148882
Russia,Soviet Union,BMP-2(K),captured,https://twitter.com/UAWeapons/status/1533440885144309761,2022-06-06,5497,14890,2,7-5497148902
Russia,Soviet Union,BMP-2(K),captured,https://twitter.com/UAWeapons/status/1533783291618279424,2022-06-07,5497,14893,2,7-5497148932
Russia,Soviet Union,BMP-2(K),captured,https://postlmg.cc/NK0Vp3th,2022-06-12,5497,14895,2,7-5497148952
Russia,Soviet Union,BMP-2(K),captured,https://i.postimg.cc/wxZ1QZMS/43f.png,2022-06-26,5497,14896,2,7-5497148962
Russia,Soviet Union,BMP-2(K),captured,https://i.postimg.cc/MHGqg8rP/h65.png,2022-06-29,5497,14905,2,7-5497149052
Russia,Soviet Union,BMP-2(K),captured,https://i.postimg.cc/Kcp6dLyH/1002-BMP-2.png,2022-07-02,5497,14909,2,7-5497149092
Russia,Soviet Union,BMP-2(K),captured,https://i.postimg.cc/q7PzsbP6/1012.jpg,2022-07-03,5497,14912,2,7-5497149122
Russia,Soviet Union,BMP-2(K),captured,https://twitter.com/UAWeapons/status/1543285590979903489,2022-07-03,5497,14913,2,7-5497149132
Russia,Soviet Union,BMP-2(K),captured,https://i.postimg.cc/WpWpDmYd/1035.jpg,2022-07-05,5497,14915,2,7-5497149152
Russia,Soviet Union,BMP-2(K),captured,https://twitter.com/UAWeapons/status/1545124224095977473,2022-07-08,5497,14919,2,7-5497149192
Russia,Soviet Union,BMP-2(K),captured,https://i.postimg.cc/nLhQZ8jN/1019.jpg,2022-07-09,5497,14922,2,7-5497149222
Russia,Soviet Union,BMP-2(K),captured,https://i.postimg.cc/c1952sYP/1001.jpg,2022-07-13,5497,14923,2,7-5497149232
Russia,Soviet Union,BMP-2(K),captured,https://twitter.com/UAWeapons/status/1548761196542689280,2022-07-19,5497,14925,2,7-5497149252
Russia,Soviet Union,BMP-2(K),captured,https://i.postimg.cc/rFNcNHSz/1005.jpg,2022-07-24,5497,14928,2,7-5497149282
Russia,Soviet Union,BMP-2(K),captured,https://i.postimg.cc/zBkr0pBS/1006.jpg,2022-07-24,5497,14929,2,7-5497149292
Russia,Soviet Union,BMP-2(K),captured,https://i.postimg.cc/J7y2rWCq/1001.jpg,2022-07-27,5497,14937,2,7-5497149372
Russia,Soviet Union,BMP-2(K),captured,https://i.postimg.cc/jjHkGMmr/1004-bmp2.jpg,2022-08-08,5497,14946,2,7-5497149462
Russia,Soviet Union,BMP-2(K),captured,https://i.postimg.cc/mg4BymXV/1036-bmp2.jpg,2022-08-22,5497,14991,2,7-5497149912
Russia,Soviet Union,BMP-2(K),captured,https://i.postimg.cc/858BR3qV/1170-bmp2.jpg,2022-08-23,5497,14994,2,7-5497149942
Russia,Soviet Union,BMP-2(K),captured,https://twitter.com/UAWeapons/status/1562820655862599683,2022-08-30,5497,14997,2,7-5497149972
Russia,Soviet Union,BMP-2(K),captured,https://i.postimg.cc/j53xY9qG/1004-bmp2.jpg,2022-08-30,5497,14998,2,7-5497149982
Russia,Soviet Union,BMP-2(K),captured,https://twitter.com/Danspiun/status/1563617152309297153,2022-08-30,5497,14999,2,7-5497149992
Russia,Soviet Union,BMP-2(K),captured,https://i.postimg.cc/qM4Xwpmm/1008-bmp2.jpg,2022-09-01,5497,15002,2,7-5497150022
Russia,Soviet Union,BMP-2(K),captured,https://i.postimg.cc/9fnnKPMd/1002-bmp2.jpg,2022-09-03,5497,15006,2,7-5497150062
Russia,Soviet Union,BMP-2(K),captured,https://twitter.com/UAWeapons/status/1566029127773200387,2022-09-04,5497,15010,2,7-5497150102
Russia,Soviet Union,BMP-2(K),captured,https://twitter.com/UAWeapons/status/1566036414084546560,2022-09-04,5497,15011,2,7-5497150112
Russia,Soviet Union,BMP-2(K),captured,https://twitter.com/UAWeapons/status/1566915724031008769,2022-09-05,5497,15012,2,7-5497150122
Russia,Soviet Union,BMP-2(K),captured,https://i.postimg.cc/VvYb0XVW/1006-bmp2.jpg,2022-09-05,5497,15013,2,7-5497150132
Russia,Soviet Union,BMP-2(K),captured,https://twitter.com/UAWeapons/status/1567468458580889600,2022-09-08,5497,15020,2,7-5497150202
Russia,Soviet Union,BMP-2(K),captured,https://i.postimg.cc/bwK10C3n/1037-bmp2.jpg,2022-09-08,5497,15021,2,7-5497150212
Russia,Soviet Union,BMP-2(K),captured,https://twitter.com/UAWeapons/status/1567956407768547328,2022-09-09,5497,78,2,7-5497782
Russia,Soviet Union,BMP-2(K),captured,https://i.postimg.cc/mgXJn4Np/1003-bmp2.jpg,2022-09-09,5497,15022,2,7-5497150222
Russia,Soviet Union,BMP-2(K),captured,https://i.postimg.cc/2yr0697B/1013-bmp2.jpg,2022-09-09,5497,15023,2,7-5497150232
Russia,Soviet Union,BMP-2(K),captured,https://i.postimg.cc/GmKgzL7N/1020-bmp1-2.jpg,2022-09-09,5497,2364,2,7-549723642
Russia,Soviet Union,BMP-2(K),captured,https://i.postimg.cc/rssy7FFV/1012-bmp2.jpg,2022-09-10,5497,15025,2,7-5497150252
Russia,Soviet Union,BMP-2(K),captured,https://i.postimg.cc/QMD8hqxn/1013-bmp2.jpg,2022-09-10,5497,15026,2,7-5497150262
Russia,Soviet Union,BMP-2(K),captured,https://i.postimg.cc/28BrWt1K/1015-bmp2.jpg,2022-09-10,5497,15027,2,7-5497150272
Russia,Soviet Union,BMP-2(K),captured,https://twitter.com/UAWeapons/status/1568342410043826177,2022-09-10,5497,15028,2,7-5497150282
Russia,Soviet Union,BMP-2(K),captured,https://i.postimg.cc/W3RXhzqz/1008-bmp2.jpg,2022-09-10,5497,15029,2,7-5497150292
Russia,Soviet Union,BMP-2(K),captured,https://i.postimg.cc/bwkF47Zn/1014-bmp2.jpg,2022-09-10,5497,15030,2,7-5497150302
Russia,Soviet Union,BMP-2(K),captured,https://i.postimg.cc/MHn95Nkv/1017-bmp2.jpg,2022-09-10,5497,15031,2,7-5497150312
Russia,Soviet Union,BMP-2(K),captured,https://i.postimg.cc/6pGXWmGB/1020-bmp2.jpg,2022-09-11,5497,15033,2,7-5497150332
Russia,Soviet Union,BMP-2(K),captured,https://i.postimg.cc/L8VmdxCy/1000-bmp2.png,2022-09-11,5497,15034,2,7-5497150342
Russia,Soviet Union,BMP-2(K),captured,https://i.postimg.cc/9FnyQgwf/1015-bmp2.jpg,2022-09-11,5497,15035,2,7-5497150352
Russia,Soviet Union,BMP-2(K),captured,https://i.postimg.cc/ZYGdJpTg/1006-bmp2.jpg,2022-09-12,5497,15038,2,7-5497150382
Russia,Soviet Union,BMP-2(K),captured,https://twitter.com/UAWeapons/status/1568899223139110913,2022-09-12,5497,15039,2,7-5497150392
Russia,Soviet Union,BMP-2(K),captured,https://twitter.com/UAWeapons/status/1568899212976201728,2022-09-12,5497,12286,2,7-5497122862
Russia,Soviet Union,BMP-2(K),captured,https://twitter.com/UAWeapons/status/1568987226268114946,2022-09-12,5497,15040,2,7-5497150402
Russia,Soviet Union,BMP-2(K),captured,https://i.postimg.cc/zBdymHxd/1011-bmp2.jpg,2022-09-12,5497,15041,2,7-5497150412
Russia,Soviet Union,BMP-2(K),captured,https://twitter.com/UAWeapons/status/1568887483093422080,2022-09-12,5497,15042,2,7-5497150422
Russia,Soviet Union,BMP-2(K),captured,https://twitter.com/UAWeapons/status/1568899257771384832,2022-09-12,5497,3373,2,7-549733732
Russia,Soviet Union,BMP-2(K),captured,https://twitter.com/UAWeapons/status/1568899233314381824,2022-09-12,5497,4987,2,7-549749872
Russia,Soviet Union,BMP-2(K),captured,https://twitter.com/UAWeapons/status/1569057880027832327,2022-09-12,5497,387,2,7-54973872
Russia,Soviet Union,BMP-2(K),captured,https://twitter.com/UAWeapons/status/1569058662869516289,2022-09-12,5497,2578,2,7-549725782
Russia,Soviet Union,BMP-2(K),captured,https://twitter.com/UAWeapons/status/1569402445062627330,2022-09-13,5497,15044,2,7-5497150442
Russia,Soviet Union,BMP-2(K),captured,https://twitter.com/UAWeapons/status/1569229421495701507,2022-09-13,5497,993,2,7-54979932
Russia,Soviet Union,BMP-2(K),captured,https://twitter.com/UAWeapons/status/1569427484025946113,2022-09-13,5497,9531,2,7-549795312
Russia,Soviet Union,BMP-2(K),captured,https://twitter.com/UAWeapons/status/1569739016995569664,2022-09-14,5497,11765,2,7-5497117652
Russia,Soviet Union,BMP-2(K),captured,https://i.postimg.cc/pX4j4wN6/1006-bmp2.jpg,2022-09-14,5497,15045,2,7-5497150452
Russia,Soviet Union,BMP-2(K),captured,https://i.postimg.cc/pV0zY9sx/1007-bmp2.jpg,2022-09-14,5497,15046,2,7-5497150462
Russia,Soviet Union,BMP-2(K),captured,https://i.postimg.cc/Qxsw5yYv/1012-bmp2.jpg,2022-09-14,5497,15047,2,7-5497150472
Russia,Soviet Union,BMP-2(K),captured,https://i.postimg.cc/qBxQvjrj/1027-bmp2.jpg,2022-09-14,5497,15048,2,7-5497150482
Russia,Soviet Union,BMP-2(K),captured,https://i.postimg.cc/htf0Mnd5/1028-bmp2.jpg,2022-09-14,5497,15049,2,7-5497150492
Russia,Soviet Union,BMP-2(K),captured,https://i.postimg.cc/W36mtbBh/1029-bmp2.jpg,2022-09-14,5497,15050,2,7-5497150502
Russia,Soviet Union,BMP-2(K),captured,https://i.postimg.cc/PqDQsMKb/1030-bmp2.jpg,2022-09-14,5497,15051,2,7-5497150512
Russia,Soviet Union,BMP-2(K),captured,https://i.postimg.cc/NMw7grP3/1032-bmp2.jpg,2022-09-14,5497,15052,2,7-5497150522
Russia,Soviet Union,BMP-2(K),captured,https://twitter.com/UAWeapons/status/1570057618961350656,2022-09-15,5497,15057,2,7-5497150572
Russia,Soviet Union,BMP-2(K),captured,https://twitter.com/UAWeapons/status/1569973201358176258,2022-09-15,5497,11378,2,7-5497113782
Russia,Soviet Union,BMP-2(K),captured,https://twitter.com/UAWeapons/status/1570137029349883904,2022-09-15,5497,7922,2,7-549779222
Russia,Soviet Union,BMP-2(K),captured,https://twitter.com/UAWeapons/status/1570152375238950912,2022-09-15,5497,8196,2,7-549781962
Russia,Soviet Union,BMP-2(K),captured,https://twitter.com/UAWeapons/status/1570152367915692033,2022-09-15,5497,15058,2,7-5497150582
Russia,Soviet Union,BMP-2(K),captured,https://i.postimg.cc/Yq1nQmbH/1015-bmp2.jpg,2022-09-15,5497,15059,2,7-5497150592
Russia,Soviet Union,BMP-2(K),captured,https://i.postimg.cc/KzkQjKRC/1011-bmp2.jpg,2022-09-15,5497,15060,2,7-5497150602
Russia,Soviet Union,BMP-2(K),captured,https://i.postimg.cc/8cST7mhc/1003-bmp2-2x.jpg,2022-09-16,5497,15064,2,7-5497150642
Russia,Soviet Union,BMP-2(K),captured,https://i.postimg.cc/5NjCTH0P/1500.jpg,2022-09-17,5497,15067,2,7-5497150672
Russia,Soviet Union,BMP-2(K),captured,https://twitter.com/Danspiun/status/1570838412831363073,2022-09-17,5497,15068,2,7-5497150682
Russia,Soviet Union,BMP-2(K),captured,https://twitter.com/UAWeapons/status/1571071832530505728,2022-09-17,5497,15069,2,7-5497150692
Russia,Soviet Union,BMP-2(K),captured,https://i.postimg.cc/MKdbZwwp/2022-09-13-BMP-2.png,2022-09-17,5497,15070,2,7-5497150702
Russia,Soviet Union,BMP-2(K),captured,https://twitter.com/UAWeapons/status/1571186606140268547,2022-09-18,5497,15071,2,7-5497150712
Russia,Soviet Union,BMP-2(K),captured,https://i.postimg.cc/tCKxjXGx/1004-bmp2.jpg,2022-09-19,5497,15074,2,7-5497150742
Russia,Soviet Union,BMP-2(K),captured,https://i.postimg.cc/nLgpKXj2/1000-bmp2-2x-uaz469.jpg,2022-09-19,5497,1477,2,7-549714772
Russia,Soviet Union,BMP-2(K),captured,https://twitter.com/UAWeapons/status/1572308686349144066,2022-09-22,5497,15077,2,7-5497150772
Russia,Soviet Union,BMP-2(K),captured,https://twitter.com/UAWeapons/status/1572155780698341376,2022-09-22,5497,430,2,7-54974302
Russia,Soviet Union,BMP-2(K),captured,https://twitter.com/UAWeapons/status/1572505221187923969,2022-09-22,5497,15078,2,7-5497150782
Russia,Soviet Union,BMP-2(K),captured,https://i.postimg.cc/N0Nh6sYX/1005-bmp2.jpg,2022-09-22,5497,15079,2,7-5497150792
Russia,Soviet Union,BMP-2(K),captured,https://i.postimg.cc/85b4J6fC/2022-09-15-BMP-2.jpg,2022-09-23,5497,15080,2,7-5497150802
Russia,Soviet Union,BMP-2(K),captured,https://i.postimg.cc/sgKJNxZt/2022-09-14-BMP-2.jpg,2022-09-23,5497,15081,2,7-5497150812
Russia,Soviet Union,BMP-2(K),captured,https://twitter.com/UAWeapons/status/1572972291624951809,2022-09-23,5497,5698,2,7-549756982
Russia,Soviet Union,BMP-2(K),captured,https://twitter.com/UAWeapons/status/1572974126293286913,2022-09-23,5497,15082,2,7-5497150822
Russia,Soviet Union,BMP-2(K),captured,https://twitter.com/UAWeapons/status/1572936489314426883,2022-09-23,5497,669,2,7-54976692
Russia,Soviet Union,BMP-2(K),captured,https://twitter.com/UAWeapons/status/1572933469038317569,2022-09-23,5497,15083,2,7-5497150832
Russia,Soviet Union,BMP-2(K),captured,https://i.postimg.cc/qMK1XyFF/1004-bmp2-ural-tanker-kamaz6x6.png,2022-09-24,5497,583,2,7-54975832
Russia,Soviet Union,BMP-2(K),captured,https://i.postimg.cc/mg9JHPjW/2022-09-23-BMP-2.jpg,2022-09-25,5497,15086,2,7-5497150862
Russia,Soviet Union,BMP-2(K),captured,https://twitter.com/UAWeapons/status/1573697820699271168,2022-09-25,5497,5727,2,7-549757272
Russia,Soviet Union,BMP-2(K),captured,https://i.postimg.cc/VNmDbZtM/1000-bmp2.jpg,2022-09-26,5497,15088,2,7-5497150882
Russia,Soviet Union,BMP-2(K),captured,https://i.postimg.cc/nzXwprB3/2022-09-25-BMP-2-Ural-4320.jpg,2022-09-27,5497,8287,2,7-549782872
Russia,Soviet Union,BMP-2(K),captured,https://i.postimg.cc/wTHKhVfY/1005-bmp2.jpg,2022-09-27,5497,15092,2,7-5497150922
Russia,Soviet Union,BMP-2(K),captured,https://twitter.com/UAWeapons/status/1574388532239425536,2022-09-27,5497,15093,2,7-5497150932
Russia,Soviet Union,BMP-2(K),captured,https://i.postimg.cc/tJQKvt9P/1000-bmp2.jpg,2022-09-27,5497,15094,2,7-5497150942
Russia,Soviet Union,BMP-2(K),captured,https://postimg.cc/4778T5nz,2022-09-28,5497,15101,2,7-5497151012
Russia,Soviet Union,BMP-2(K),captured,https://twitter.com/UAWeapons/status/1575037643632492544,2022-09-28,5497,15102,2,7-5497151022
Russia,Soviet Union,BMP-2(K),captured,https://twitter.com/UAWeapons/status/1575166980000481281,2022-09-29,5497,15103,2,7-5497151032
Russia,Russia,BMP-2M,captured,https://i.postimg.cc/hPqgtxcn/229.png,2022-09-09,5499,15107,2,7-5499151072
Russia,Russia,BMP-2M Berezhok,captured,https://i.postimg.cc/dtxz64Y5/763.png,2023-09-07,5500,15110,2,7-5500151102
Russia,Russia,BMP-3,captured,https://i.postimg.cc/HxnCghHt/446.jpg,2022-03-19,5501,15157,2,7-5501151572
Russia,Russia,BMP-3,captured,https://i.postimg.cc/nzpCGZ4h/579.png,2022-03-19,5501,15158,2,7-5501151582
Russia,Russia,BMP-3,captured,https://i.postimg.cc/KYsHnvSn/38.png,2022-03-19,5501,15159,2,7-5501151592
Russia,Russia,BMP-3,captured,https://i.postimg.cc/gc3DsCqV/Screenshot-8343.png,2022-03-19,5501,15160,2,7-5501151602
Russia,Russia,BMP-3,captured,https://i.postimg.cc/yYBTbLvw/Screenshot-8345.png,2022-03-19,5501,15161,2,7-5501151612
Russia,Russia,BMP-3,captured,https://i.postimg.cc/hvXc8qJx/653.png,2022-03-19,5501,15162,2,7-5501151622
Russia,Russia,BMP-3,captured,https://i.postimg.cc/fLjQcz3R/51.jpg,2022-03-19,5501,15163,2,7-5501151632
Russia,Russia,BMP-3,captured,https://i.postimg.cc/Ghw0nr5d/sfg.png,2022-03-19,5501,15164,2,7-5501151642
Russia,Russia,BMP-3,captured,https://i.postimg.cc/Y90pN0MQ/d14g.png,2022-03-19,5501,15165,2,7-5501151652
Russia,Russia,BMP-3,captured,https://i.postimg.cc/B66JMmRq/g55.jpg,2022-03-26,5501,15156,2,7-5501151562
Russia,Russia,BMP-3,captured,https://i.postimg.cc/CLpMCKPM/14.png,2022-03-26,5501,15171,2,7-5501151712
Russia,Russia,BMP-3,captured,https://i.postimg.cc/Gpgj5ZYm/2r.png,2022-03-26,5501,15172,2,7-5501151722
Russia,Russia,BMP-3,captured,https://i.postimg.cc/SKwPQhVN/3311.jpg,2022-03-26,5501,15173,2,7-5501151732
Russia,Russia,BMP-3,captured,https://i.postimg.cc/jjmjsLGw/dd1.jpg,2022-03-26,5501,15174,2,7-5501151742
Russia,Russia,BMP-3,captured,https://i.postimg.cc/0j4pj428/6665.jpg,2022-03-26,5501,15175,2,7-5501151752
Russia,Russia,BMP-3,captured,https://i.postimg.cc/B6v142qD/7j6.png,2022-03-27,5501,15176,2,7-5501151762
Russia,Russia,BMP-3,captured,https://i.postimg.cc/63KDjcrS/v6.png,2022-04-04,5501,15185,2,7-5501151852
Russia,Russia,BMP-3,captured,https://i.postimg.cc/TP5dMtW3/743.png,2022-04-04,5501,15186,2,7-5501151862
Russia,Russia,BMP-3,captured,https://i.postimg.cc/g2Pq67mf/bb1.png,2022-04-04,5501,15187,2,7-5501151872
Russia,Russia,BMP-3,captured,https://i.postimg.cc/yYnYFgHs/bb2.jpg,2022-04-04,5501,15188,2,7-5501151882
Russia,Russia,BMP-3,captured,https://i.postimg.cc/7L2dL4Qz/bn1.png,2022-04-04,5501,15189,2,7-5501151892
Russia,Russia,BMP-3,captured,https://i.postimg.cc/fyTw3p2m/23.jpg,2022-04-06,5501,15192,2,7-5501151922
Russia,Russia,BMP-3,captured,https://i.postimg.cc/rpGWpndW/7900.jpg,2022-04-09,5501,15193,2,7-5501151932
Russia,Russia,BMP-3,captured,https://i.postimg.cc/3rbPcZKC/32.jpg,2022-04-10,5501,15194,2,7-5501151942
Russia,Russia,BMP-3,captured,https://i.postimg.cc/cLVrtqYb/cc1.jpg,2022-04-10,5501,15195,2,7-5501151952
Russia,Russia,BMP-3,captured,https://i.postimg.cc/1tSXMpv0/cc2.jpg,2022-04-10,5501,15196,2,7-5501151962
Russia,Russia,BMP-3,captured,https://i.postimg.cc/WpmBhMvM/4d.png,2022-04-11,5501,15204,2,7-5501152042
Russia,Russia,BMP-3,captured,https://i.postimg.cc/6qQy4ByR/588.png,2022-04-11,5501,15205,2,7-5501152052
Russia,Russia,BMP-3,captured,https://i.postimg.cc/6QwR5JLV/85.png,2022-04-11,5501,15206,2,7-5501152062
Russia,Russia,BMP-3,captured,https://i.postimg.cc/wT2CXJ4J/b11.jpg,2022-04-13,5501,15207,2,7-5501152072
Russia,Russia,BMP-3,captured,https://i.postimg.cc/L5fKj6dx/447.jpg,2022-04-13,5501,15208,2,7-5501152082
Russia,Russia,BMP-3,captured,https://i.postimg.cc/vB4pd7z1/768.png,2022-04-13,5501,15209,2,7-5501152092
Russia,Russia,BMP-3,captured,https://i.postimg.cc/RCkvgNdS/33h.jpg,2022-04-17,5501,15212,2,7-5501152122
Russia,Russia,BMP-3,captured,https://i.postimg.cc/L8nKNtCk/760.jpg,2022-05-01,5501,15225,2,7-5501152252
Russia,Russia,BMP-3,captured,https://i.postimg.cc/BQHt6Xc9/439.jpg,2022-05-05,5501,15227,2,7-5501152272
Russia,Russia,BMP-3,captured,https://i.postimg.cc/TwLDs8Yx/c2.jpg,2022-05-05,5501,15228,2,7-5501152282
Russia,Russia,BMP-3,captured,https://i.postimg.cc/Fs5xyXbs/j9.jpg,2022-05-15,5501,15236,2,7-5501152362
Russia,Russia,BMP-3,captured,https://i.postimg.cc/1tChfp67/h7.jpg,2022-05-21,5501,15238,2,7-5501152382
Russia,Russia,BMP-3,captured,https://i.postimg.cc/XJqvjnqD/4387.png,2022-05-25,5501,15240,2,7-5501152402
Russia,Russia,BMP-3,captured,https://i.postimg.cc/xTvqjQQp/f33.jpg,2022-06-29,5501,15254,2,7-5501152542
Russia,Russia,BMP-3,captured,https://i.postimg.cc/J4VGWnfB/f34.jpg,2022-06-29,5501,15255,2,7-5501152552
Russia,Russia,BMP-3,captured,https://twitter.com/UAWeapons/status/1543589293439991815,2022-07-04,5501,15257,2,7-5501152572
Russia,Russia,BMP-3,captured,https://i.postimg.cc/136yYkmF/1013.jpg,2022-07-05,5501,15259,2,7-5501152592
Russia,Russia,BMP-3,captured,https://twitter.com/RALee85/status/1544002254948147205,2022-07-05,5501,15260,2,7-5501152602
Russia,Russia,BMP-3,captured,https://i.postimg.cc/nrpgjrrf/1011.jpg,2022-07-26,5501,15267,2,7-5501152672
Russia,Russia,BMP-3,captured,https://i.postimg.cc/B6V8FnM8/1004-bmp-3.jpg,2022-07-31,5501,15270,2,7-5501152702
Russia,Russia,BMP-3,captured,https://twitter.com/UAWeapons/status/1556652609368383490,2022-08-09,5501,15280,2,7-5501152802
Russia,Russia,BMP-3,captured,https://i.postimg.cc/NFnwb5WB/1000.jpg,2022-08-14,5501,15282,2,7-5501152822
Russia,Russia,BMP-3,captured,https://i.postimg.cc/7h2VzW38/1005-bmp3.jpg,2022-09-05,5501,15292,2,7-5501152922
Russia,Russia,BMP-3,captured,https://twitter.com/UAWeapons/status/1567823899785658368,2022-09-09,5501,7893,2,7-550178932
Russia,Russia,BMP-3,captured,https://twitter.com/UAWeapons/status/1568649942113337345,2022-09-11,5501,15298,2,7-5501152982
Russia,Russia,BMP-3,captured,https://i.postimg.cc/BnxtSVhP/1005-bmp3.jpg,2022-09-12,5501,15299,2,7-5501152992
Russia,Russia,BMP-3,captured,https://twitter.com/UAWeapons/status/1570488772290125825,2022-09-16,5501,15303,2,7-5501153032
Russia,Russia,BMP-3,captured,https://twitter.com/UAWeapons/status/1570764195385446400,2022-09-17,5501,86,2,7-5501862
Russia,Russia,BMP-3,captured,https://i.postimg.cc/pVDcn5RG/1000-bmp3.jpg,2022-09-23,5501,15305,2,7-5501153052
Russia,Russia,BMP-3,captured,https://twitter.com/UAWeapons/status/1574388532239425536,2022-09-27,5501,15093,2,7-5501150932
Russia,Russia,BMP-3,captured,https://i.postimg.cc/k4JF5XG8/1006-bmp3-capt.jpg,2022-09-30,5501,15307,2,7-5501153072
Russia,Russia,BMP-3,captured,https://i.postimg.cc/43YGpRxS/1008-bmp3-capt.jpg,2022-10-01,5501,15310,2,7-5501153102
Russia,Russia,BMP-3,captured,https://i.postimg.cc/5NdkR2KH/1023-bmp3-capt.jpg,2022-10-02,5501,15312,2,7-5501153122
Russia,Russia,BMP-3,captured,https://i.postimg.cc/Bn9XhqVY/2022-10-01-BMP-3.jpg,2022-10-03,5501,15314,2,7-5501153142
Russia,Russia,BMP-3,captured,https://i.postimg.cc/wBY6SkzT/1013-bmp3-capt.jpg,2022-10-04,5501,15315,2,7-5501153152
Russia,Russia,BMP-3,captured,https://i.postimg.cc/xCfnxr0F/1030-bmp3-capt.jpg,2022-10-12,5501,15319,2,7-5501153192
Russia,Russia,BMP-3,captured,https://i.postimg.cc/hP1nKFXN/1018-bmp3-capt.jpg,2022-10-21,5501,15337,2,7-5501153372
Russia,Russia,BMP-3,captured,https://i.postimg.cc/zvJvZh2v/1001-bmp3-capt.jpg,2022-10-22,5501,15338,2,7-5501153382
Russia,Russia,BMP-3,captured,https://twitter.com/UAWeapons/status/1589365956450869248,2022-11-08,5501,4874,2,7-550148742
Russia,Russia,BMP-3,captured,https://twitter.com/UAWeapons/status/1592875660871012352,2022-11-18,5501,15354,2,7-5501153542
Russia,Russia,BMP-3,captured,https://i.postimg.cc/k502thvh/1000-bmp3-dam-capt.jpg,2022-11-19,5501,15355,2,7-5501153552
Russia,Russia,BMP-3,captured,https://i.postimg.cc/76Sf1MBP/1002-bmp3-dam-capt.jpg,2022-11-19,5501,15356,2,7-5501153562
Russia,Russia,BMP-3,captured,https://i.postimg.cc/KYkKjyBM/1006-bmp3-capt.jpg,2022-11-19,5501,15357,2,7-5501153572
Russia,Russia,BMP-3,captured,https://i.postimg.cc/g02p1XJY/1004-bmp3-capt.jpg,2022-11-28,5501,15360,2,7-5501153602
Russia,Russia,BMP-3,captured,https://i.postimg.cc/P5jGs2FZ/1043-bmp3-dam-capt-29-01-23.jpg,2023-01-30,5501,15380,2,7-5501153802
Russia,Russia,BMP-3,captured,https://i.postimg.cc/Vv7Dd27t/1004-bmp3-capt-28-02-23.jpg,2023-03-01,5501,15398,2,7-5501153982
Russia,Russia,BMP-3,captured,https://i.postimg.cc/yYpqMm5G/1015-bmp3-capt-20-03-23.jpg,2023-03-22,5501,15405,2,7-5501154052
Russia,Russia,BMP-3,captured,https://i.postimg.cc/y8jfPYmB/3870.png,2023-09-07,5501,15464,2,7-5501154642
Russia,Russia,BMP-3,captured,https://i.postimg.cc/SKv8p219/1020-bmp3-capt-31-12-22.jpg,2024-02-29,5501,15543,2,7-5501155432
Russia,Russia,BMP-3,captured,https://i.postimg.cc/NjzpS19k/1014-BMP-3-capt-30-11-22.jpg,2024-04-08,5501,15565,2,7-5501155652
Russia,Russia,BMP-3,captured,https://i.postimg.cc/L5T3v5P8/1106-bmp3-capt-13-05-22.jpg,2024-05-26,5501,15583,2,7-5501155832
Russia,Russia,BMP-3,captured,https://i.postimg.cc/JhzRDNR3/1004-BMP-3-capt-31-12-22.jpg,2025-06-27,5501,15728,2,7-5501157282
Russia,Russia,BMP-3 688M sb. 3KDZ,captured,https://i.postimg.cc/FsFq4XV1/1034-bmp3-688-capt-31-07-23.jpg,2023-08-01,5503,15756,2,7-5503157562
Russia,Soviet Union,BREM-1 armoured recovery vehicle,captured,https://i.postimg.cc/jjCsCJcK/4f1.png,2022-03-19,5506,15811,2,7-5506158112
Russia,Soviet Union,BREM-1 armoured recovery vehicle,captured,https://i.postimg.cc/nLpYNwFC/6612.jpg,2022-03-26,5506,15812,2,7-5506158122
Russia,Soviet Union,BREM-1 armoured recovery vehicle,captured,https://i.postimg.cc/6QhDBD3N/43f.jpg,2022-04-06,5506,15814,2,7-5506158142
Russia,Soviet Union,BREM-1 armoured recovery vehicle,captured,https://i.postimg.cc/yNws36pc/67.jpg,2022-04-06,5506,15815,2,7-5506158152
Russia,Soviet Union,BREM-1 armoured recovery vehicle,captured,https://i.postimg.cc/C15pzLHk/88.jpg,2022-04-09,5506,15816,2,7-5506158162
Russia,Soviet Union,BREM-1 armoured recovery vehicle,captured,https://i.postimg.cc/yxrD20wD/y6.jpg,2022-04-09,5506,15817,2,7-5506158172
Russia,Soviet Union,BREM-1 armoured recovery vehicle,captured,https://i.postimg.cc/50T9QN8p/87.jpg,2022-04-20,5506,15818,2,7-5506158182
Russia,Soviet Union,BREM-1 armoured recovery vehicle,captured,https://i.postimg.cc/SKgsHmDS/44360.png,2022-05-29,5506,15821,2,7-5506158212
Russia,Soviet Union,BREM-1 armoured recovery vehicle,captured,https://twitter.com/UAWeapons/status/1568992480909205504,2022-09-12,5506,2577,2,7-550625772
Russia,Soviet Union,BREM-1 armoured recovery vehicle,captured,https://twitter.com/Blue_Sauron/status/1568895598777991169,2022-09-12,5506,4990,2,7-550649902
Russia,Soviet Union,BREM-1 armoured recovery vehicle,captured,https://i.postimg.cc/GtW8q9kw/378.png,2022-09-15,5506,15826,2,7-5506158262
Russia,Soviet Union,BREM-1 armoured recovery vehicle,captured,https://i.postimg.cc/bJ9fVcz2/1000-brem-1.png,2022-10-02,5506,15828,2,7-5506158282
Russia,Soviet Union,BREM-2 armoured recovery vehicle,captured,https://i.postimg.cc/Tw3ZqJDG/5g55.jpg,2022-04-04,5507,15897,2,7-5507158972
Russia,Czech Republic,BREM-Ch ''BREM-4'' armoured recovery vehicle,captured,https://i.postimg.cc/q7tSgdkM/f32.jpg,2022-03-19,5508,15899,2,7-5508158992
Russia,Russia,BREM-K armoured recovery vehicle,captured,https://i.postimg.cc/mkmwnq7g/760.png,2022-03-19,5509,15905,2,7-5509159052
Russia,Russia,BREM-K armoured recovery vehicle,captured,https://i.postimg.cc/QCTQ7QCg/Screenshot-8472.png,2022-03-19,5509,15906,2,7-5509159062
Russia,Russia,BREM-K armoured recovery vehicle,captured,https://i.postimg.cc/vZx0n9Cw/1013-BREM-K-capt.jpg,2022-12-15,5509,15907,2,7-5509159072
Russia,Soviet Union,BRM-1K,captured,https://i.postimg.cc/W4LXNVTC/567.png,2022-04-01,5510,15916,2,7-5510159162
Russia,Soviet Union,BRM-1K,captured,https://i.postimg.cc/Bnw75hGW/6653.jpg,2022-05-03,5510,15918,2,7-5510159182
Russia,Soviet Union,BTR-60PU-12M air defence command vehicle,captured,https://i.postimg.cc/fLLWyZ83/327g.png,2022-12-21,5514,15926,2,7-5514159262
Russia,Soviet Union,BTR-80,captured,https://i.postimg.cc/HsQGV9qw/nm.jpg,2022-03-19,5517,15964,2,7-5517159642
Russia,Soviet Union,BTR-80,captured,https://i.postimg.cc/cJCm25Z1/n2.png,2022-03-19,5517,15965,2,7-5517159652
Russia,Soviet Union,BTR-80,captured,https://i.postimg.cc/858P5L8g/Screenshot-8471.png,2022-03-19,5517,15966,2,7-5517159662
Russia,Soviet Union,BTR-80,captured,https://i.postimg.cc/qMBBzkFq/Screenshot-8469.png,2022-03-19,5517,15967,2,7-5517159672
Russia,Soviet Union,BTR-80,captured,https://i.postimg.cc/8cymMnKf/4433.png,2022-03-19,5517,15968,2,7-5517159682
Russia,Soviet Union,BTR-80,captured,https://i.postimg.cc/J7gs84ZC/456.png,2022-03-19,5517,15969,2,7-5517159692
Russia,Soviet Union,BTR-80,captured,https://i.postimg.cc/8krZNc9h/545.png,2022-03-19,5517,15970,2,7-5517159702
Russia,Soviet Union,BTR-80,captured,https://i.postimg.cc/pLJKZRL1/23.png,2022-03-19,5517,15971,2,7-5517159712
Russia,Soviet Union,BTR-80,captured,https://i.postimg.cc/15nsWPhH/67.png,2022-03-19,5517,15972,2,7-5517159722
Russia,Soviet Union,BTR-80,captured,https://i.postimg.cc/MZY8btn5/4f77.png,2022-03-19,5517,15973,2,7-5517159732
Russia,Soviet Union,BTR-80,captured,https://postimg.cc/9RpV5hjH,2022-03-19,5517,15974,2,7-5517159742
Russia,Soviet Union,BTR-80,captured,https://i.postimg.cc/0yN9bKkZ/3d13.png,2022-03-19,5517,15975,2,7-5517159752
Russia,Soviet Union,BTR-80,captured,https://i.postimg.cc/9f4K0M1q/443f.png,2022-03-19,5517,15976,2,7-5517159762
Russia,Soviet Union,BTR-80,captured,https://i.postimg.cc/XY0603X9/137.png,2022-03-19,5517,15977,2,7-5517159772
Russia,Soviet Union,BTR-80,captured,https://i.postimg.cc/4d5xY5FN/f2f.png,2022-03-19,5517,15978,2,7-5517159782
Russia,Soviet Union,BTR-80,captured,https://i.postimg.cc/rmCrKCt5/g43.png,2022-03-19,5517,15979,2,7-5517159792
Russia,Soviet Union,BTR-80,captured,https://i.postimg.cc/qqpsFB3j/4313.png,2022-03-19,5517,15980,2,7-5517159802
Russia,Soviet Union,BTR-80,captured,https://i.postimg.cc/hPp61ynw/4156.png,2022-03-19,5517,15981,2,7-5517159812
Russia,Soviet Union,BTR-80,captured,https://i.postimg.cc/fTH27N6P/5t.png,2022-03-19,5517,15982,2,7-5517159822
Russia,Soviet Union,BTR-80,captured,https://i.postimg.cc/sDsVMgDk/541.png,2022-03-26,5517,15984,2,7-5517159842
Russia,Soviet Union,BTR-80,captured,https://i.postimg.cc/GmYjgxws/498.png,2022-03-26,5517,15985,2,7-5517159852
Russia,Soviet Union,BTR-80,captured,https://i.postimg.cc/8kWxq31m/122.png,2022-03-26,5517,15986,2,7-5517159862
Russia,Soviet Union,BTR-80,captured,https://i.postimg.cc/C1k9VdkN/48.png,2022-03-26,5517,15987,2,7-5517159872
Russia,Soviet Union,BTR-80,captured,https://i.postimg.cc/rw28WzL2/4j.png,2022-03-26,5517,15988,2,7-5517159882
Russia,Soviet Union,BTR-80,captured,https://i.postimg.cc/wvVb8jyG/76m.jpg,2022-03-27,5517,12482,2,7-5517124822
Russia,Soviet Union,BTR-80,captured,https://i.postimg.cc/KzCX8xb5/f68.png,2022-03-28,5517,15990,2,7-5517159902
Russia,Soviet Union,BTR-80,captured,https://i.postimg.cc/HWZKdnQ8/46p.png,2022-03-30,5517,15991,2,7-5517159912
Russia,Soviet Union,BTR-80,captured,https://i.postimg.cc/rmL9smDd/4f5.jpg,2022-04-06,5517,15996,2,7-5517159962
Russia,Soviet Union,BTR-80,captured,https://i.postimg.cc/HLN2m7X7/b55.jpg,2022-04-09,5517,15997,2,7-5517159972
Russia,Soviet Union,BTR-80,captured,https://i.postimg.cc/bv4XsrkK/688.jpg,2022-04-09,5517,15998,2,7-5517159982
Russia,Soviet Union,BTR-80,captured,https://i.postimg.cc/0QhzJwNp/3277.png,2022-05-03,5517,16004,2,7-5517160042
Russia,Soviet Union,BTR-80,captured,https://i.postimg.cc/6Q2w414m/487.png,2022-05-03,5517,16005,2,7-5517160052
Russia,Soviet Union,BTR-80,captured,https://i.postimg.cc/FKnhWXjZ/431.jpg,2022-05-23,5517,16008,2,7-5517160082
Russia,Soviet Union,BTR-80,captured,https://i.postimg.cc/cC1Jr9bf/3322.jpg,2022-06-07,5517,16012,2,7-5517160122
Russia,Soviet Union,BTR-80,captured,https://postimg.cc/XZ3JnzqY,2022-07-19,5517,16022,2,7-5517160222
Russia,Soviet Union,BTR-80,captured,https://i.postimg.cc/Dy1dQRVX/1000-btr80.jpg,2022-08-04,5517,16026,2,7-5517160262
Russia,Soviet Union,BTR-80,captured,https://i.postimg.cc/zvHPLhtq/1002-btr80.jpg,2022-08-04,5517,16027,2,7-5517160272
Russia,Soviet Union,BTR-80,captured,https://i.postimg.cc/6Qbd5XZD/1001-btr80.jpg,2022-08-04,5517,16028,2,7-5517160282
Russia,Soviet Union,BTR-80,captured,https://i.postimg.cc/X7cbbJ2p/1002-BTR80.jpg,2022-08-13,5517,16032,2,7-5517160322
Russia,Soviet Union,BTR-80,captured,https://twitter.com/UAWeapons/status/1567266909757792256,2022-09-08,5517,16038,2,7-5517160382
Russia,Soviet Union,BTR-80,captured,https://i.postimg.cc/RVHNwcb6/1045-btr80.jpg,2022-09-08,5517,16039,2,7-5517160392
Russia,Russia,BTR-82A,captured,https://i.postimg.cc/BbS69p4N/66588.png,2022-03-19,5518,16066,2,7-5518160662
Russia,Russia,BTR-82A,captured,https://i.postimg.cc/vmkFs4Bx/4437.png,2022-03-19,5518,16067,2,7-5518160672
Russia,Russia,BTR-82A,captured,https://i.postimg.cc/jdHxdgRs/44f.png,2022-03-19,5518,16068,2,7-5518160682
Russia,Russia,BTR-82A,captured,https://i.postimg.cc/Y994gyQF/431.png,2022-03-19,5518,16069,2,7-5518160692
Russia,Russia,BTR-82A,captured,https://i.postimg.cc/TY2FGgMp/gg5.png,2022-03-19,5518,16070,2,7-5518160702
Russia,Russia,BTR-82A,captured,https://i.postimg.cc/GpPxHgvr/65h.png,2022-03-19,5518,16071,2,7-5518160712
Russia,Russia,BTR-82A,captured,https://i.postimg.cc/qqFSQzs8/4f1f.png,2022-03-19,5518,16072,2,7-5518160722
Russia,Russia,BTR-82A,captured,https://i.postimg.cc/fLkJ1YHZ/578.png,2022-03-19,5518,16073,2,7-5518160732
Russia,Russia,BTR-82A,captured,https://i.postimg.cc/MTnD6Msb/45.jpg,2022-03-26,5518,16065,2,7-5518160652
Russia,Russia,BTR-82A,captured,https://i.postimg.cc/9fyrTNZ0/15.png,2022-03-26,5518,16085,2,7-5518160852
Russia,Russia,BTR-82A,captured,https://i.postimg.cc/7ZPVbWz0/89.jpg,2022-03-26,5518,16086,2,7-5518160862
Russia,Russia,BTR-82A,captured,https://i.postimg.cc/JntXrJN9/hd.jpg,2022-03-27,5518,16090,2,7-5518160902
Russia,Russia,BTR-82A,captured,https://i.postimg.cc/CLMc38gC/346.png,2022-03-27,5518,16091,2,7-5518160912
Russia,Russia,BTR-82A,captured,https://i.postimg.cc/rybYQ6TS/6hjj.png,2022-03-28,5518,16092,2,7-5518160922
Russia,Russia,BTR-82A,captured,https://i.postimg.cc/sXmk575w/1d3.png,2022-03-28,5518,16093,2,7-5518160932
Russia,Russia,BTR-82A,captured,https://i.postimg.cc/Kzj4BggS/577.png,2022-03-29,5518,16095,2,7-5518160952
Russia,Russia,BTR-82A,captured,https://i.postimg.cc/prC4DpN8/312.png,2022-03-29,5518,16096,2,7-5518160962
Russia,Russia,BTR-82A,captured,https://i.postimg.cc/5yzVrP3b/6688.jpg,2022-03-31,5518,16100,2,7-5518161002
Russia,Russia,BTR-82A,captured,https://i.postimg.cc/TY0tRgBM/4766.png,2022-04-01,5518,16108,2,7-5518161082
Russia,Russia,BTR-82A,captured,https://i.postimg.cc/J7P4V4M6/879.jpg,2022-04-01,5518,16109,2,7-5518161092
Russia,Russia,BTR-82A,captured,https://i.postimg.cc/bJbt0qwP/bt1.jpg,2022-04-01,5518,16110,2,7-5518161102
Russia,Russia,BTR-82A,captured,https://i.postimg.cc/3rXGdrqC/bt2.jpg,2022-04-01,5518,16111,2,7-5518161112
Russia,Russia,BTR-82A,captured,https://i.postimg.cc/RhyN68w8/r32.jpg,2022-04-01,5518,16112,2,7-5518161122
Russia,Russia,BTR-82A,captured,https://i.postimg.cc/2j09Bs21/j6.jpg,2022-04-01,5518,16113,2,7-5518161132
Russia,Russia,BTR-82A,captured,https://i.postimg.cc/rmKjGmhz/787.jpg,2022-04-01,5518,16114,2,7-5518161142
Russia,Russia,BTR-82A,captured,https://i.postimg.cc/Xq9Xhr4s/v3.png,2022-04-01,5518,16115,2,7-5518161152
Russia,Russia,BTR-82A,captured,https://i.postimg.cc/jdQL4n85/v5.jpg,2022-04-01,5518,16116,2,7-5518161162
Russia,Russia,BTR-82A,captured,https://i.postimg.cc/fWd3krmY/v4.jpg,2022-04-01,5518,16117,2,7-5518161172
Russia,Russia,BTR-82A,captured,https://i.postimg.cc/1X7ztWxd/466.png,2022-04-04,5518,16131,2,7-5518161312
Russia,Russia,BTR-82A,captured,https://i.postimg.cc/ZnJ3m7tN/4311.png,2022-04-04,5518,16132,2,7-5518161322
Russia,Russia,BTR-82A,captured,https://i.postimg.cc/XJtjcXxY/658.png,2022-04-04,5518,16133,2,7-5518161332
Russia,Russia,BTR-82A,captured,https://i.postimg.cc/mkxT43yQ/4f3.jpg,2022-04-04,5518,16134,2,7-5518161342
Russia,Russia,BTR-82A,captured,https://i.postimg.cc/jSQVn0Qn/ff2.jpg,2022-04-04,5518,16135,2,7-5518161352
Russia,Russia,BTR-82A,captured,https://i.postimg.cc/Cx7Wdkbp/d321.jpg,2022-04-04,5518,16120,2,7-5518161202
Russia,Russia,BTR-82A,captured,https://i.postimg.cc/sx1203yv/db.png,2022-04-04,5518,16136,2,7-5518161362
Russia,Russia,BTR-82A,captured,https://i.postimg.cc/fyfbHsH9/332.jpg,2022-04-04,5518,16137,2,7-5518161372
Russia,Russia,BTR-82A,captured,https://i.postimg.cc/wTPhLcmY/25.png,2022-04-04,5518,16138,2,7-5518161382
Russia,Russia,BTR-82A,captured,https://i.postimg.cc/sxY0TD5r/cc1.jpg,2022-04-04,5518,16139,2,7-5518161392
Russia,Russia,BTR-82A,captured,https://i.postimg.cc/kG3pNt6s/cc2.jpg,2022-04-04,5518,16140,2,7-5518161402
Russia,Russia,BTR-82A,captured,https://i.postimg.cc/zfX8Ls5G/87.jpg,2022-04-04,5518,16141,2,7-5518161412
Russia,Russia,BTR-82A,captured,https://i.postimg.cc/Ghn3hTJP/443.png,2022-04-06,5518,16151,2,7-5518161512
Russia,Russia,BTR-82A,captured,https://i.postimg.cc/wBffMpDD/323.jpg,2022-04-06,5518,16152,2,7-5518161522
Russia,Russia,BTR-82A,captured,https://i.postimg.cc/hGt49XJv/67.jpg,2022-04-09,5518,16153,2,7-5518161532
Russia,Russia,BTR-82A,captured,https://i.postimg.cc/3JxSHq94/b12.jpg,2022-04-13,5518,16156,2,7-5518161562
Russia,Russia,BTR-82A,captured,https://i.postimg.cc/dV4SXCJz/61.png,2022-04-17,5518,16157,2,7-5518161572
Russia,Russia,BTR-82A,captured,https://i.postimg.cc/xd2rYqyW/45.png,2022-04-25,5518,16176,2,7-5518161762
Russia,Russia,BTR-82A,captured,https://i.postimg.cc/Bn7crjcC/btrr82.png,2022-04-25,5518,16177,2,7-5518161772
Russia,Russia,BTR-82A,captured,https://i.postimg.cc/qqcxSQjt/btr82aa.jpg,2022-04-25,5518,16178,2,7-5518161782
Russia,Russia,BTR-82A,captured,https://i.postimg.cc/yYPTTQDt/btr82.jpg,2022-04-25,5518,16179,2,7-5518161792
Russia,Russia,BTR-82A,captured,https://postimg.cc/xJgHCx4t,2022-04-25,5518,16180,2,7-5518161802
Russia,Russia,BTR-82A,captured,https://postimg.cc/jDJzXhDS,2022-04-25,5518,16181,2,7-5518161812
Russia,Russia,BTR-82A,captured,https://i.postimg.cc/zGXp9cvZ/b1.jpg,2022-04-25,5518,16182,2,7-5518161822
Russia,Russia,BTR-82A,captured,https://i.postimg.cc/kGvFHQdg/b2.jpg,2022-04-25,5518,16183,2,7-5518161832
Russia,Russia,BTR-82A,captured,https://i.postimg.cc/ZqXcvYc4/b3.jpg,2022-04-25,5518,16184,2,7-5518161842
Russia,Russia,BTR-82A,captured,https://i.postimg.cc/6pRscNqC/3311.png,2022-05-03,5518,16192,2,7-5518161922
Russia,Russia,BTR-82A,captured,https://i.postimg.cc/FsYQBBDs/4439.png,2022-05-03,5518,16193,2,7-5518161932
Russia,Russia,BTR-82A,captured,https://i.postimg.cc/rpVT2Ltm/41.jpg,2022-05-10,5518,16197,2,7-5518161972
Russia,Russia,BTR-82A,captured,https://i.postimg.cc/T25xnSws/763.jpg,2022-05-12,5518,16200,2,7-5518162002
Russia,Russia,BTR-82A,captured,https://i.postimg.cc/PJJsygBj/h70.jpg,2022-05-23,5518,16205,2,7-5518162052
Russia,Russia,BTR-82A(M),captured,https://i.postimg.cc/Jnr8qy5L/f33.jpg,2022-06-07,5519,16210,2,7-5519162102
Russia,Russia,BTR-82A(M),captured,https://i.postimg.cc/fyWq3ZF7/j777.jpg,2022-06-29,5519,16217,2,7-5519162172
Russia,Russia,BTR-82A(M),captured,https://i.postimg.cc/NfmCX7M2/1005.jpg,2022-07-27,5519,16225,2,7-5519162252
Russia,Russia,BTR-82A(M),captured,https://twitter.com/UAWeapons/status/1553999985288642561,2022-08-04,5519,16230,2,7-5519162302
Russia,Russia,BTR-82A(M),captured,https://i.postimg.cc/C1XJ00CN/1002-btr-82a.jpg,2022-08-09,5519,16231,2,7-5519162312
Russia,Russia,BTR-82A(M),captured,https://twitter.com/UAWeapons/status/1562418509577158656,2022-08-30,5519,16249,2,7-5519162492
Russia,Russia,BTR-82A(M),captured,https://twitter.com/UAWeapons/status/1567268160784502786,2022-09-08,5519,16253,2,7-5519162532
Russia,Russia,BTR-82A(M),captured,https://i.postimg.cc/8zFh6QBD/1040-btr82.jpg,2022-09-08,5519,16254,2,7-5519162542
Russia,Soviet Union,BTR-D,captured,https://i.postimg.cc/bN80m24w/6688.png,2022-03-19,5520,16268,2,7-5520162682
Russia,Soviet Union,BTR-D,captured,https://i.postimg.cc/dt5X2Dt3/Screenshot-8647.png,2022-03-19,5520,16269,2,7-5520162692
Russia,Soviet Union,BTR-D,captured,https://i.postimg.cc/cC5Xg9fm/b77.jpg,2022-03-19,5520,16270,2,7-5520162702
Russia,Soviet Union,BTR-D,captured,https://i.postimg.cc/MpZ12bRZ/v7.jpg,2022-03-19,5520,16271,2,7-5520162712
Russia,Soviet Union,BTR-D,captured,https://i.postimg.cc/MK9vRkMx/vbb.jpg,2022-03-19,5520,16272,2,7-5520162722
Russia,Soviet Union,BTR-D,captured,https://i.postimg.cc/Bnsmsrsf/5426.png,2022-03-19,5520,16273,2,7-5520162732
Russia,Soviet Union,BTR-D,captured,https://i.postimg.cc/1tcPVmD9/4435.jpg,2022-03-19,5520,12719,2,7-5520127192
Russia,Soviet Union,BTR-D,captured,https://i.postimg.cc/R0wx2Ssc/44ff.jpg,2022-03-19,5520,16274,2,7-5520162742
Russia,Soviet Union,BTR-D,captured,https://i.postimg.cc/43R2jzh3/441.png,2022-03-19,5520,16275,2,7-5520162752
Russia,Soviet Union,BTR-D,captured,https://i.postimg.cc/VNsLBfRz/c2.png,2022-03-19,5520,16276,2,7-5520162762
Russia,Soviet Union,BTR-D,captured,https://i.postimg.cc/vmpSy8RR/312.png,2022-03-19,5520,16277,2,7-5520162772
Russia,Soviet Union,BTR-D,captured,https://i.postimg.cc/zGbZPMny/43119.png,2022-03-19,5520,16278,2,7-5520162782
Russia,Soviet Union,BTR-D,captured,https://i.postimg.cc/v8kQ5d8Z/4790.png,2022-03-19,5520,16279,2,7-5520162792
Russia,Soviet Union,BTR-D,captured,https://i.postimg.cc/tgPskW5T/f5.png,2022-03-19,5520,16280,2,7-5520162802
Russia,Soviet Union,BTR-D,captured,https://i.postimg.cc/hvHyhF8f/d3.png,2022-04-04,5520,16285,2,7-5520162852
Russia,Soviet Union,BTR-D,captured,https://i.postimg.cc/9QZR97zk/7799.png,2022-04-18,5520,16292,2,7-5520162922
Russia,Soviet Union,BTR-D,captured,https://i.postimg.cc/nrH6csDS/332.png,2022-04-25,5520,16293,2,7-5520162932
Russia,Soviet Union,BTR-D,captured,https://i.postimg.cc/L6V1m8C0/1040-BTR-D.jpg,2022-07-28,5520,16313,2,7-5520163132
Russia,Soviet Union,BTR-D,captured,https://i.postimg.cc/BQGX0HFp/1079-BTR-D.jpg,2022-08-23,5520,16319,2,7-5520163192
Russia,Soviet Union,BTR-D,captured,https://i.postimg.cc/HkR9NQYF/1004-btr-d.jpg,2022-09-05,5520,16320,2,7-5520163202
Russia,Soviet Union,BTR-D,captured,https://twitter.com/UAWeapons/status/1567468458580889600,2022-09-08,5520,15020,2,7-5520150202
Russia,Soviet Union,BTR-D,captured,https://i.postimg.cc/qMtZ2zLN/1022-btr-d.jpg,2022-09-08,5520,16321,2,7-5520163212
Russia,Soviet Union,BTR-D,captured,https://twitter.com/UAWeapons/status/1577332880694542338,2022-10-05,5520,16322,2,7-5520163222
Russia,Soviet Union,BTR-D,captured,https://i.postimg.cc/K835KQqm/1000-btr-d-capt.jpg,2022-10-09,5520,16323,2,7-5520163232
Russia,Soviet Union,BTR-D,captured,https://i.postimg.cc/C17M6YQZ/1019-BTR-D-capt.jpg,2022-10-12,5520,16324,2,7-5520163242
Russia,Soviet Union,BTR-D,captured,https://i.postimg.cc/7YbNVdwT/1022-BTR-D-capt.jpg,2022-10-16,5520,16325,2,7-5520163252
Russia,Soviet Union,BTR-D,captured,https://i.postimg.cc/5yyXCVrD/327.png,2023-09-26,5520,16331,2,7-5520163312
Russia,Soviet Union,BTR-D,captured,https://i.postimg.cc/DwVTGSbj/1036-BTR-D-capt-07-09-22.jpg,2023-11-02,5520,16333,2,7-5520163332
Russia,Soviet Union,BTR-D,captured,https://i.postimg.cc/R0qBvG8j/1054-btr-d-capt-16-11-23.jpg,2023-11-20,5520,16335,2,7-5520163352
Russia,Soviet Union,BTR-D,captured,https://i.postimg.cc/bvcjsQXy/1224-BTR-D-capt-30-11-24.jpg,2025-03-20,5520,16359,2,7-5520163592
Russia,Soviet Union,BTR-D APC with UR-67 mine clearing charge,captured,https://i.postimg.cc/RZ6Qvh6C/4689.png,2022-03-19,5521,16361,2,7-5521163612
Russia,Russia,BTR-MDM 'Rakushka',captured,https://i.postimg.cc/fbrPchDx/bb78.png,2022-03-19,5522,16362,2,7-5522163622
Russia,Russia,BTR-MDM 'Rakushka',captured,https://i.postimg.cc/NFVY72Sw/g6.jpg,2022-03-19,5522,16363,2,7-5522163632
Russia,Russia,BTR-MDM 'Rakushka',captured,https://i.postimg.cc/2y3rZ7Hw/g7.jpg,2022-03-19,5522,16364,2,7-5522163642
Russia,Russia,BTR-MDM 'Rakushka',captured,https://i.postimg.cc/Jnrcqk0T/7764.png,2022-03-19,5522,16365,2,7-5522163652
Russia,Russia,BTR-MDM 'Rakushka',captured,https://i.postimg.cc/5tFT4FC5/ml.jpg,2022-03-19,5522,16366,2,7-5522163662
Russia,Russia,BTR-MDM 'Rakushka',captured,https://i.postimg.cc/zGLz9Tv7/g66.jpg,2022-04-04,5522,12945,2,7-5522129452
Russia,Russia,BTR-MDM 'Rakushka',captured,https://i.postimg.cc/Yq5ZCF8b/d1.png,2022-04-04,5522,16368,2,7-5522163682
Russia,Russia,BTR-MDM 'Rakushka',captured,https://twitter.com/UAWeapons/status/1590462176652689408,2022-11-10,5522,2326,2,7-552223262
Russia,Russia,BTR-MDM Rakushka,captured,https://i.postimg.cc/jqzcDmrH/1004-BTR-MDM-Rakushka-capt-12-08-23.jpg,2023-08-15,5523,16380,2,7-5523163802
Russia,Soviet Union,BTR-ZD 'Skrezhet',captured,https://i.postimg.cc/5yGCVnLj/g42.jpg,2022-03-19,5524,16414,2,7-5524164142
Russia,Soviet Union,BTR-ZD 'Skrezhet',captured,https://i.postimg.cc/JzKW9PP2/776.jpg,2022-04-06,5524,16415,2,7-5524164152
Russia,Soviet Union,BTS-4A armoured recovery vehicle,captured,https://i.postimg.cc/YCpFWxWy/326.jpg,2022-03-31,5526,16418,2,7-5526164182
Russia,Russia,Barnaul-T 9<U+0421>932-1 automated system for air defence units,captured,https://i.postimg.cc/PqBBRwbf/557.png,2022-03-19,5527,16441,2,7-5527164412
Russia,Russia,Barnaul-T 9<U+0421>932-1 automated system for air defence units,captured,https://i.postimg.cc/7ZVjPfT2/3217.png,2022-03-19,5527,16442,2,7-5527164422
Russia,Russia,Barnaul-T 9<U+0421>932-1 automated system for air defence units,captured,https://i.postimg.cc/VL6shSr2/357.jpg,2022-03-27,5527,16443,2,7-5527164432
Russia,Russia,Barnaul-T 9<U+0421>932-1 automated system for air defence units,captured,https://i.postimg.cc/xqDwqCrN/887.jpg,2022-04-01,5527,16444,2,7-5527164442
Russia,Russia,E95M target drone (likely used as unmanned bait in order for Ukraine to reveal the location of air defence systems),captured,https://i.postimg.cc/GpYjry8V/46.png,2022-03-19,5530,16449,2,7-5530164492
Russia,Russia,E95M target drone (likely used as unmanned bait in order for Ukraine to reveal the location of air defence systems),captured,https://i.postimg.cc/90RcYr4V/43111.png,2022-05-23,5530,16450,2,7-5530164502
Russia,Russia,E95M target drone (likely used as unmanned bait in order for Ukraine to reveal the location of air defence systems),captured,https://i.postimg.cc/SKf73Vvs/3d.png,2022-05-24,5530,16451,2,7-5530164512
Russia,Russia,Eleron-3,captured,https://i.postimg.cc/zX0rNDNs/1040-Eleron-3-UAV-capt-16-12-22.jpg,2023-01-21,5532,16454,2,7-5532164542
Russia,Russia,Eleron-3,captured,https://i.postimg.cc/6Q9rgDkR/1015-Eleron-3-capt-01-05-23.jpg,2023-05-06,5532,16457,2,7-5532164572
Russia,Russia,Eleron-3,captured,https://i.postimg.cc/6pDN1N8P/1043-Eleron-3-capt-13-05-23.jpg,2023-05-17,5532,16460,2,7-5532164602
Russia,Russia,Eleron-3,captured,https://i.postimg.cc/nhsJkLh7/1044-Eleron-3-SV-reconnaissance-UAV-capt-10-05-23.jpg,2023-05-17,5532,16461,2,7-5532164612
Russia,Russia,Eleron-3,captured,https://i.postimg.cc/4xn1thyM/1030-Eleron-UAV-capt-18-05-23.jpg,2023-05-23,5532,16462,2,7-5532164622
Russia,Russia,Eleron-3,captured,https://i.postimg.cc/262VSMDH/1012-Eleron-3-SV-reconnaissance-UAV-capt-30-11-22.jpg,2023-05-26,5532,16464,2,7-5532164642
Russia,Russia,Eleron-3,captured,https://i.postimg.cc/bNjx51YM/1004-Eleron-3-capt-22-06-23.jpg,2023-06-25,5532,16466,2,7-5532164662
Russia,Russia,Eleron-3,captured,https://i.postimg.cc/GmSssGwf/1021-Eleron-3-reconnaissance-UAV-capt-18-04-22.jpg,2023-07-14,5532,16468,2,7-5532164682
Russia,Russia,Eleron-3,captured,https://i.postimg.cc/7ZFVj8WN/1055-eleron3-capt-19-07-23.jpg,2023-07-20,5532,16469,2,7-5532164692
Russia,Russia,Eleron-3,captured,https://i.postimg.cc/wMXHD0hD/1037-Eleron-capt-03-08-23.jpg,2023-08-04,5532,16471,2,7-5532164712
Russia,Russia,Eleron-3,captured,https://i.postimg.cc/8cZrs1M0/1020-eleron3-capt-07-08-23.jpg,2023-11-06,5532,16473,2,7-5532164732
Russia,Russia,Eleron-3,captured,https://i.postimg.cc/8kFgfQQj/1028-Eleron-3-reconnaissance-UAV-capt-03-07-24.jpg,2024-07-06,5532,16474,2,7-5532164742
Russia,Russia,Eleron-3 reconnaissance UAV,captured,https://i.postimg.cc/hGsW7Rwk/36hp.png,2022-03-19,5533,16478,2,7-5533164782
Russia,Russia,Eleron-3 reconnaissance UAV,captured,https://i.postimg.cc/ncWt99Cy/4ff.png,2022-03-19,5533,16479,2,7-5533164792
Russia,Russia,Eleron-3 reconnaissance UAV,captured,https://i.postimg.cc/yxRnwVzy/421.png,2022-03-26,5533,16480,2,7-5533164802
Russia,Russia,Eleron-3 reconnaissance UAV,captured,https://i.postimg.cc/dtTP9TgR/f50.png,2022-03-29,5533,16481,2,7-5533164812
Russia,Russia,Eleron-3 reconnaissance UAV,captured,https://i.postimg.cc/G3GCT98B/479.png,2022-04-19,5533,16482,2,7-5533164822
Russia,Russia,Eleron-3 reconnaissance UAV,captured,https://i.postimg.cc/V6S9fK6Z/769.png,2022-04-23,5533,16483,2,7-5533164832
Russia,Russia,Eleron-3 reconnaissance UAV,captured,https://i.postimg.cc/t43HgRz7/49.png,2022-05-23,5533,16485,2,7-5533164852
Russia,Russia,Eleron-3 reconnaissance UAV,captured,https://i.postimg.cc/8CbDZkFx/589.png,2022-05-23,5533,16486,2,7-5533164862
Russia,Russia,Eleron-3 reconnaissance UAV,captured,https://i.postimg.cc/brBpB1P1/434.png,2022-06-03,5533,16487,2,7-5533164872
Russia,Russia,Eleron-3 reconnaissance UAV,captured,https://i.postimg.cc/ht00FV6v/5g5.png,2022-06-29,5533,16488,2,7-5533164882
Russia,Russia,Eleron-3 reconnaissance UAV,captured,https://i.postimg.cc/3RLLMqnV/1007-Eleron-3-reconnaissance-UAV.jpg,2022-07-02,5533,16489,2,7-5533164892
Russia,Russia,Eleron-3 reconnaissance UAV,captured,https://twitter.com/UAWeapons/status/1561452400619159558,2022-08-23,5533,16490,2,7-5533164902
Russia,Russia,Eleron-3 reconnaissance UAV,captured,https://postimg.cc/QFpQ5z8d,2022-10-04,5533,16491,2,7-5533164912
Russia,Russia,Fara ground surveillance radar,captured,https://i.postimg.cc/RVzmKMQT/41.png,2022-03-19,5534,16493,2,7-5534164932
Russia,Russia,GAZ Tigr,captured,https://postlmg.cc/vxV5zM97,2022-09-13,5539,16506,2,7-5539165062
Russia,Russia,GAZ Tigr,captured,https://i.postimg.cc/Zn0SMcJX/50.png,2022-09-15,5539,16508,2,7-5539165082
Russia,Russia,GAZ Tigr,captured,https://i.postimg.cc/8Cwxg6XG/4g.png,2022-09-15,5539,16509,2,7-5539165092
Russia,Russia,GAZ Tigr,captured,https://i.postimg.cc/yxk4V4Lv/3870.png,2022-09-15,5539,16510,2,7-5539165102
Russia,Russia,GAZ Tigr,captured,https://twitter.com/UAWeapons/status/1572617375328993283,2022-09-22,5539,16511,2,7-5539165112
Russia,Russia,GAZ Tigr,captured,https://i.postimg.cc/63CBYcMX/Rosgvardija-Tigr-Derhachi-district.png,2022-10-01,5539,16512,2,7-5539165122
Russia,Russia,GAZ Tigr-M,captured,https://i.postimg.cc/JzBRKYtc/5j.png,2022-03-19,5540,16536,2,7-5540165362
Russia,Russia,GAZ Tigr-M,captured,https://i.postimg.cc/dVQxVhc7/58p.png,2022-03-19,5540,16537,2,7-5540165372
Russia,Russia,GAZ Tigr-M,captured,https://i.postimg.cc/BbVkvq1j/450.png,2022-03-19,5540,16538,2,7-5540165382
Russia,Russia,GAZ Tigr-M,captured,https://i.postimg.cc/TYnZsP1T/f1.png,2022-03-19,5540,16539,2,7-5540165392
Russia,Russia,GAZ Tigr-M,captured,https://i.postimg.cc/X7HWmbHB/7762.png,2022-03-19,5540,16540,2,7-5540165402
Russia,Russia,GAZ Tigr-M,captured,https://i.postimg.cc/sDRQNbwy/567.png,2022-03-19,5540,16541,2,7-5540165412
Russia,Russia,GAZ Tigr-M,captured,https://i.postimg.cc/DZysb6p8/41.png,2022-03-19,5540,16542,2,7-5540165422
Russia,Russia,GAZ Tigr-M,captured,https://i.postimg.cc/pL2jmr8d/3359.png,2022-03-19,5540,16543,2,7-5540165432
Russia,Russia,GAZ Tigr-M,captured,https://i.postimg.cc/gkpDYMB3/ff4.png,2022-03-19,5540,16544,2,7-5540165442
Russia,Russia,GAZ Tigr-M,captured,https://i.postimg.cc/L5tqXF8f/4431.png,2022-03-19,5540,16545,2,7-5540165452
Russia,Russia,GAZ Tigr-M,captured,https://i.postimg.cc/wB3Qr50G/7j.jpg,2022-03-19,5540,16546,2,7-5540165462
Russia,Russia,GAZ Tigr-M,captured,https://i.postimg.cc/gJJfdqTc/7j.png,2022-03-19,5540,16547,2,7-5540165472
Russia,Russia,GAZ Tigr-M,captured,https://i.postimg.cc/q7CHr66G/4890.png,2022-03-19,5540,16548,2,7-5540165482
Russia,Russia,GAZ Tigr-M,captured,https://i.postimg.cc/L5KZcNnf/ty.png,2022-03-19,5540,16549,2,7-5540165492
Russia,Russia,GAZ Tigr-M,captured,https://i.postimg.cc/zBHQr6sx/34.png,2022-03-19,5540,16550,2,7-5540165502
Russia,Russia,GAZ Tigr-M,captured,https://i.postimg.cc/P55LH5wM/25.png,2022-03-26,5540,16557,2,7-5540165572
Russia,Russia,GAZ Tigr-M,captured,https://i.postimg.cc/kGy4r0MZ/j0.jpg,2022-03-26,5540,16558,2,7-5540165582
Russia,Russia,GAZ Tigr-M,captured,https://i.postimg.cc/t45RJGBy/449.png,2022-03-26,5540,16559,2,7-5540165592
Russia,Russia,GAZ Tigr-M,captured,https://i.postimg.cc/rpD3MW3F/5774.jpg,2022-04-01,5540,16564,2,7-5540165642
Russia,Russia,GAZ Tigr-M,captured,https://i.postimg.cc/brJfQVL0/4567.png,2022-04-02,5540,16565,2,7-5540165652
Russia,Russia,GAZ Tigr-M,captured,https://i.postimg.cc/50gTqtJF/35g.png,2022-04-04,5540,16567,2,7-5540165672
Russia,Russia,GAZ Tigr-M,captured,https://i.postimg.cc/7YrWKjhP/5544.png,2022-04-04,5540,16568,2,7-5540165682
Russia,Russia,GAZ Tigr-M,captured,https://i.postimg.cc/0y3rs57q/43113.png,2022-04-04,5540,16569,2,7-5540165692
Russia,Russia,GAZ Tigr-M,captured,https://i.postimg.cc/TP0nt3pD/c1.jpg,2022-04-06,5540,16572,2,7-5540165722
Russia,Russia,GAZ Tigr-M,captured,https://twitter.com/UAWeapons/status/1512430960054317056,2022-04-09,5540,16578,2,7-5540165782
Russia,Russia,GAZ Tigr-M,captured,https://i.postimg.cc/YqLQXqct/6888.jpg,2022-04-13,5540,16584,2,7-5540165842
Russia,Russia,GAZ Tigr-M,captured,https://i.postimg.cc/63xrN82L/6899.jpg,2022-04-16,5540,16585,2,7-5540165852
Russia,Russia,GAZ Tigr-M,captured,https://i.postimg.cc/CK1P1m6Y/444.jpg,2022-04-18,5540,16586,2,7-5540165862
Russia,Russia,GAZ Tigr-M,captured,https://i.postimg.cc/kgGKrSR2/77.png,2022-04-19,5540,16590,2,7-5540165902
Russia,Russia,GAZ Tigr-M,captured,https://i.postimg.cc/GhNxNwm8/7j.jpg,2022-04-23,5540,16593,2,7-5540165932
Russia,Russia,GAZ Tigr-M,captured,https://i.postimg.cc/WzPqWTcm/25.jpg,2022-04-25,5540,16595,2,7-5540165952
Russia,Russia,GAZ Tigr-M,captured,https://i.postimg.cc/FsLBvxp1/f33.jpg,2022-05-15,5540,16602,2,7-5540166022
Russia,Russia,GAZ Tigr-M,captured,https://i.postimg.cc/Pr4HqYDj/3221.jpg,2022-06-08,5540,16604,2,7-5540166042
Russia,Russia,GAZ Tigr-M,captured,https://i.postimg.cc/XqyHHVHS/382.png,2022-09-15,5540,16616,2,7-5540166162
Russia,Russia,GAZ-3308,captured,https://i.postimg.cc/05fXfZ64/1007-GAZ-3308-capt-21-06-23.jpg,2023-06-28,5541,16622,2,7-5541166222
Russia,Soviet Union,GAZ-66,captured,https://i.postimg.cc/ncy3jWxy/55488.png,2022-03-19,5543,16633,2,7-5543166332
Russia,Soviet Union,GAZ-66,captured,https://i.postimg.cc/KjG2nQzc/4f220.png,2022-03-19,5543,16634,2,7-5543166342
Russia,Soviet Union,GAZ-66,captured,https://i.postimg.cc/9XPRbTw9/f43.png,2022-03-19,5543,16635,2,7-5543166352
Russia,Soviet Union,GAZ-66,captured,https://i.postimg.cc/R0C7W7V9/4317.png,2022-03-19,5543,16636,2,7-5543166362
Russia,Soviet Union,GAZ-66,captured,https://i.postimg.cc/VLV92mk5/433.png,2022-04-10,5543,16639,2,7-5543166392
Russia,Soviet Union,GAZ-66,captured,https://i.postimg.cc/pXvM15WK/d12.jpg,2022-04-21,5543,16640,2,7-5543166402
Russia,Soviet Union,GAZ-66,captured,https://i.postimg.cc/jdSY0Bkm/2022-09-22-GAZ-66.jpg,2022-09-24,5543,16644,2,7-5543166442
Russia,Soviet Union,GAZ-66,captured,https://i.postimg.cc/d1McgCfj/GAz-66-possibly-some-sort-of-command-variant.png,2022-10-01,5543,16645,2,7-5543166452
Russia,Soviet Union,GAZ-66,captured,https://i.postimg.cc/sfGhVFTf/2022-03-17-gaz-66.jpg,2022-10-18,5543,16647,2,7-5543166472
Russia,Soviet Union,GAZ-66,captured,https://i.postimg.cc/MK2CsTfD/1000-gaz-66-capt.jpg,2022-11-01,5543,16649,2,7-5543166492
Russia,Soviet Union,GAZ-66,captured,https://i.postimg.cc/9QRHKwqK/1001-gaz66-capt.jpg,2022-11-12,5543,16651,2,7-5543166512
Russia,Soviet Union,GAZ-66,captured,https://i.postimg.cc/WtRtWZrQ/vlc-et-R7-GCoo-BA.jpg,2022-11-28,5543,16653,2,7-5543166532
Russia,Soviet Union,GAZ-66,captured,https://i.postimg.cc/6Qsk9CN2/1001-gaz66-capt-13-01-23.jpg,2023-01-16,5543,16656,2,7-5543166562
Russia,Soviet Union,GAZ-66,captured,https://i.postimg.cc/DzCDF03k/1014-GAZ-66-capt-18-01-23.jpg,2023-01-30,5543,16657,2,7-5543166572
Russia,Soviet Union,GAZ-66,captured,https://i.postimg.cc/cHg7y78p/58.png,2023-04-12,5543,16660,2,7-5543166602
Russia,Soviet Union,GAZ-66,captured,https://i.postimg.cc/JnTQszyQ/1015-gaz66-capt-31-12-22.jpg,2023-12-10,5543,16671,2,7-5543166712
Russia,Soviet Union,GMZ-3 minelayer,captured,https://i.postimg.cc/wTmtwnYL/f79.png,2022-03-19,5544,16727,2,7-5544167272
Russia,Soviet Union,GMZ-3 minelayer,captured,https://i.postimg.cc/NMCsWzrC/1015-GMZ3.jpg,2022-09-28,5544,16728,2,7-5544167282
Russia,Soviet Union,GMZ-3 minelayer,captured,https://i.postimg.cc/brJ9LqZW/1021-gmz3-capt.jpg,2022-10-10,5544,16729,2,7-5544167292
Russia,Soviet Union,IMR-2 combat engineering vehicle,captured,https://i.postimg.cc/W3Hvh6fz/3d11.png,2022-03-19,5545,16737,2,7-5545167372
Russia,Soviet Union,IMR-2 combat engineering vehicle,captured,https://i.postimg.cc/g2S91zMw/112.png,2022-03-26,5545,16738,2,7-5545167382
Russia,Soviet Union,IMR-2 combat engineering vehicle,captured,https://i.postimg.cc/nLpYNwFC/6612.jpg,2022-03-26,5545,15812,2,7-5545158122
Russia,Soviet Union,IMR-2 combat engineering vehicle,captured,https://i.postimg.cc/6qdxjZ3m/36h.png,2022-03-30,5545,16739,2,7-5545167392
Russia,Soviet Union,IMR-2 combat engineering vehicle,captured,https://i.postimg.cc/KYXppvNB/769.png,2022-04-16,5545,16741,2,7-5545167412
Russia,Soviet Union,IMR-2 combat engineering vehicle,captured,https://i.postimg.cc/DZNhJF13/6659.png,2022-05-01,5545,16742,2,7-5545167422
Russia,Russia,IMR-3 combat engineering vehicle,captured,https://i.postimg.cc/QMsXx3yJ/45.jpg,2022-04-09,5547,16744,2,7-5547167442
Russia,Russia,IMR-3 combat engineering vehicle,captured,https://i.postimg.cc/nhNhsWMr/48.png,2022-04-10,5547,16745,2,7-5547167452
Russia,Italy,Iveco LMV 'Rys',captured,https://i.postimg.cc/C5gfTFhF/680o.png,2022-03-19,5550,16765,2,7-5550167652
Russia,Italy,Iveco LMV 'Rys',captured,https://i.postimg.cc/q7834FHV/355.png,2022-03-26,5550,16767,2,7-5550167672
Russia,Italy,Iveco LMV 'Rys',captured,https://i.postimg.cc/htkGPdXC/32.jpg,2022-03-31,5550,16771,2,7-5550167712
Russia,Italy,Iveco LMV 'Rys',captured,https://i.postimg.cc/7YV8ty42/6j.png,2022-05-23,5550,16774,2,7-5550167742
Russia,Italy,Iveco LMV Rys,captured,https://i.postimg.cc/4d4Bvtwn/1024.jpg,2022-07-09,5551,16778,2,7-5551167782
Russia,Italy,Iveco LMV Rys,captured,https://twitter.com/UAWeapons/status/1567533093568892928,2022-09-08,5551,16779,2,7-5551167792
Russia,Italy,Iveco LMV Rys,captured,https://twitter.com/UAWeapons/status/1569049877882994692,2022-09-12,5551,16780,2,7-5551167802
Russia,Russia,K-53949 'Linza',captured,https://i.postimg.cc/2yzDTBZz/627.png,2022-03-19,5552,16794,2,7-5552167942
Russia,Russia,K-53949 'Linza',captured,https://i.postimg.cc/287ZnN3m/6h7.png,2022-03-30,5552,16795,2,7-5552167952
Russia,Russia,K-53949 'Linza',captured,https://i.postimg.cc/Bv0zVHtL/542.png,2022-04-04,5552,16796,2,7-5552167962
Russia,Russia,K-53949 'Linza',captured,https://i.postimg.cc/nrpPX8Dc/d21d.jpg,2022-04-23,5552,16798,2,7-5552167982
Russia,Russia,K-53949 Typhoon-K,captured,https://i.postimg.cc/63JHwmRH/5424.png,2022-03-19,5554,16807,2,7-5554168072
Russia,Russia,K-53949 Typhoon-K,captured,https://postimg.cc/fVK20jGS,2022-03-19,5554,16808,2,7-5554168082
Russia,Russia,Ka-52 'Alligator' attack helicopter,captured,https://i.postimg.cc/0jWMTTRH/43d.png,2022-04-04,5555,16818,2,7-5555168182
Russia,Russia,KamAZ 4x4,captured,https://i.postimg.cc/15s6XY76/Screenshot-9011.png,2022-03-19,5557,16874,2,7-5557168742
Russia,Russia,KamAZ 4x4,captured,https://i.postimg.cc/650FYv0r/44310.png,2022-03-26,5557,16875,2,7-5557168752
Russia,Russia,KamAZ 4x4,captured,https://i.postimg.cc/Bvh7ygDj/kamazzz.png,2022-03-31,5557,16876,2,7-5557168762
Russia,Russia,KamAZ 4x4,captured,https://i.postimg.cc/J7ZPd0Bh/478.png,2022-04-13,5557,16877,2,7-5557168772
Russia,Russia,KamAZ 6x6,captured,https://i.postimg.cc/VkpkSLDj/f87.png,2022-03-19,5559,16978,2,7-5559169782
Russia,Russia,KamAZ 6x6,captured,https://i.postimg.cc/C1ZkcvPv/d3.png,2022-03-19,5559,16979,2,7-5559169792
Russia,Russia,KamAZ 6x6,captured,https://i.postimg.cc/Rhhng7p9/4r.png,2022-03-19,5559,16980,2,7-5559169802
Russia,Russia,KamAZ 6x6,captured,https://i.postimg.cc/Hn7xkb8m/688.png,2022-03-19,5559,16981,2,7-5559169812
Russia,Russia,KamAZ 6x6,captured,https://i.postimg.cc/YSQ2ps72/r2.png,2022-03-19,5559,16982,2,7-5559169822
Russia,Russia,KamAZ 6x6,captured,https://i.postimg.cc/gJ6f7NZ3/57.png,2022-03-19,5559,16983,2,7-5559169832
Russia,Russia,KamAZ 6x6,captured,https://i.postimg.cc/VkXF0qmD/6599.png,2022-03-19,5559,16984,2,7-5559169842
Russia,Russia,KamAZ 6x6,captured,https://i.postimg.cc/DZ0Q5pHc/6652.png,2022-03-19,5559,1838,2,7-555918382
Russia,Russia,KamAZ 6x6,captured,https://i.postimg.cc/1ttCbb4J/tt1.png,2022-03-19,5559,16985,2,7-5559169852
Russia,Russia,KamAZ 6x6,captured,https://i.postimg.cc/15tY3vhL/4456.png,2022-03-19,5559,16986,2,7-5559169862
Russia,Russia,KamAZ 6x6,captured,https://i.postimg.cc/W3YpnCfM/b6.jpg,2022-03-19,5559,16987,2,7-5559169872
Russia,Russia,KamAZ 6x6,captured,https://i.postimg.cc/k5QJrzV3/872.png,2022-03-19,5559,16988,2,7-5559169882
Russia,Russia,KamAZ 6x6,captured,https://postimg.cc/1f97MCN1,2022-03-19,5559,16989,2,7-5559169892
Russia,Russia,KamAZ 6x6,captured,https://i.postimg.cc/mrWNYRrH/5433.png,2022-03-19,5559,16990,2,7-5559169902
Russia,Russia,KamAZ 6x6,captured,https://i.postimg.cc/dQhZ41xT/443.png,2022-03-19,5559,16991,2,7-5559169912
Russia,Russia,KamAZ 6x6,captured,https://i.postimg.cc/CMZjk24Y/f65.png,2022-03-19,5559,16992,2,7-5559169922
Russia,Russia,KamAZ 6x6,captured,https://i.postimg.cc/vHq2KnbR/Screenshot-8561.png,2022-03-19,5559,16993,2,7-5559169932
Russia,Russia,KamAZ 6x6,captured,https://i.postimg.cc/BbM8p4W3/p1.png,2022-03-19,5559,16994,2,7-5559169942
Russia,Russia,KamAZ 6x6,captured,https://i.postimg.cc/Bbj44g2S/5580.png,2022-03-19,5559,16995,2,7-5559169952
Russia,Russia,KamAZ 6x6,captured,https://i.postimg.cc/23RZybKP/6800.png,2022-03-19,5559,16996,2,7-5559169962
Russia,Russia,KamAZ 6x6,captured,https://i.postimg.cc/4NpY38Vb/3567.jpg,2022-03-19,5559,16997,2,7-5559169972
Russia,Russia,KamAZ 6x6,captured,https://postimg.cc/zVzd9q5t,2022-03-19,5559,16998,2,7-5559169982
Russia,Russia,KamAZ 6x6,captured,https://i.postimg.cc/Pq6cnvCm/Screenshot-8284.png,2022-03-19,5559,16999,2,7-5559169992
Russia,Russia,KamAZ 6x6,captured,https://i.postimg.cc/bNQBNBGY/Screenshot-8285.png,2022-03-19,5559,17000,2,7-5559170002
Russia,Russia,KamAZ 6x6,captured,https://postimg.cc/VS80VkP5,2022-03-19,5559,17001,2,7-5559170012
Russia,Russia,KamAZ 6x6,captured,https://i.postimg.cc/d0VpWVYH/f7.png,2022-03-19,5559,17002,2,7-5559170022
Russia,Russia,KamAZ 6x6,captured,https://i.postimg.cc/TwPpRR2S/hh5.jpg,2022-03-19,5559,17003,2,7-5559170032
Russia,Russia,KamAZ 6x6,captured,https://i.postimg.cc/VL2jHKQx/43g.png,2022-03-19,5559,17004,2,7-5559170042
Russia,Russia,KamAZ 6x6,captured,https://i.postimg.cc/3xzdgFbn/ug2.png,2022-03-19,5559,17005,2,7-5559170052
Russia,Russia,KamAZ 6x6,captured,https://i.postimg.cc/L4QhPQVK/325.png,2022-03-19,5559,17006,2,7-5559170062
Russia,Russia,KamAZ 6x6,captured,https://i.postimg.cc/sfcQf9Xq/2d3.png,2022-03-19,5559,17007,2,7-5559170072
Russia,Russia,KamAZ 6x6,captured,https://i.postimg.cc/T1zWDNNb/fu10.jpg,2022-03-19,5559,17008,2,7-5559170082
Russia,Russia,KamAZ 6x6,captured,https://i.postimg.cc/QdrTNPTG/fu11.jpg,2022-03-19,5559,17009,2,7-5559170092
Russia,Russia,KamAZ 6x6,captured,https://i.postimg.cc/7ZMT5V3C/fu12.jpg,2022-03-19,5559,17010,2,7-5559170102
Russia,Russia,KamAZ 6x6,captured,https://i.postimg.cc/vmYxfVh0/fu13.jpg,2022-03-19,5559,17011,2,7-5559170112
Russia,Russia,KamAZ 6x6,captured,https://i.postimg.cc/K4hRzk4r/fu14.jpg,2022-03-19,5559,17012,2,7-5559170122
Russia,Russia,KamAZ 6x6,captured,https://i.postimg.cc/W4hRtsCh/e11.png,2022-03-19,5559,17013,2,7-5559170132
Russia,Russia,KamAZ 6x6,captured,https://i.postimg.cc/G2jhxL3d/x1.png,2022-03-19,5559,17014,2,7-5559170142
Russia,Russia,KamAZ 6x6,captured,https://i.postimg.cc/YSRVHR7N/ff8.jpg,2022-03-19,5559,17015,2,7-5559170152
Russia,Russia,KamAZ 6x6,captured,https://i.postimg.cc/mrwWdspw/3d.png,2022-03-19,5559,17016,2,7-5559170162
Russia,Russia,KamAZ 6x6,captured,https://i.postimg.cc/W39WJvjf/4387.png,2022-03-19,5559,17017,2,7-5559170172
Russia,Russia,KamAZ 6x6,captured,https://i.postimg.cc/5yqVsR4L/Screenshot-8949.png,2022-03-19,5559,17018,2,7-5559170182
Russia,Russia,KamAZ 6x6,captured,https://i.postimg.cc/BZ8F4QH8/3dh.png,2022-03-19,5559,17019,2,7-5559170192
Russia,Russia,KamAZ 6x6,captured,https://i.postimg.cc/FHz36Vf7/5542.png,2022-03-19,5559,17020,2,7-5559170202
Russia,Russia,KamAZ 6x6,captured,https://i.postimg.cc/g2hkrxQg/5548.png,2022-03-19,5559,17021,2,7-5559170212
Russia,Russia,KamAZ 6x6,captured,https://i.postimg.cc/cC93z2Zk/3268.png,2022-03-19,5559,17022,2,7-5559170222
Russia,Russia,KamAZ 6x6,captured,https://i.postimg.cc/3RNSxNCt/324.png,2022-03-19,5559,17023,2,7-5559170232
Russia,Russia,KamAZ 6x6,captured,https://i.postimg.cc/xj6wSkMN/3ds1.png,2022-03-19,5559,17024,2,7-5559170242
Russia,Russia,KamAZ 6x6,captured,https://i.postimg.cc/76fwSwM6/5f2.png,2022-03-19,5559,17025,2,7-5559170252
Russia,Russia,KamAZ 6x6,captured,https://i.postimg.cc/wxFtfg1F/jo.png,2022-03-19,5559,14191,2,7-5559141912
Russia,Russia,KamAZ 6x6,captured,https://i.postimg.cc/9fPDTqsX/468k.png,2022-03-19,5559,17026,2,7-5559170262
Russia,Russia,KamAZ 6x6,captured,https://i.postimg.cc/d3vCfcTF/c1.jpg,2022-03-19,5559,17027,2,7-5559170272
Russia,Russia,KamAZ 6x6,captured,https://i.postimg.cc/sf97hxtg/c2.jpg,2022-03-19,5559,17028,2,7-5559170282
Russia,Russia,KamAZ 6x6,captured,https://i.postimg.cc/vHBnXzQ0/a11.png,2022-03-19,5559,17029,2,7-5559170292
Russia,Russia,KamAZ 6x6,captured,https://i.postimg.cc/9QDRgJyX/f15.png,2022-03-19,5559,17030,2,7-5559170302
Russia,Russia,KamAZ 6x6,captured,https://i.postimg.cc/yYLHzZtr/753.png,2022-03-19,5559,17031,2,7-5559170312
Russia,Russia,KamAZ 6x6,captured,https://i.postimg.cc/NLvw95MV/799.png,2022-03-19,5559,17032,2,7-5559170322
Russia,Russia,KamAZ 6x6,captured,https://i.postimg.cc/prPqQKwb/42.png,2022-03-19,5559,17033,2,7-5559170332
Russia,Russia,KamAZ 6x6,captured,https://i.postimg.cc/bYTrvqnw/1t.png,2022-03-26,5559,17047,2,7-5559170472
Russia,Russia,KamAZ 6x6,captured,https://i.postimg.cc/Jn4wQ0L6/5411.jpg,2022-03-26,5559,17048,2,7-5559170482
Russia,Russia,KamAZ 6x6,captured,https://i.postimg.cc/PxNtPC4t/48.png,2022-03-26,5559,17049,2,7-5559170492
Russia,Russia,KamAZ 6x6,captured,https://i.postimg.cc/Z57vYkLt/474.png,2022-03-26,5559,17050,2,7-5559170502
Russia,Russia,KamAZ 6x6,captured,https://i.postimg.cc/tgbgQWJc/45.png,2022-03-26,5559,17051,2,7-5559170512
Russia,Russia,KamAZ 6x6,captured,https://i.postimg.cc/hhRXrfSQ/115.png,2022-03-26,5559,17052,2,7-5559170522
Russia,Russia,KamAZ 6x6,captured,https://i.postimg.cc/762Bt7mX/114.png,2022-03-26,5559,17053,2,7-5559170532
Russia,Russia,KamAZ 6x6,captured,https://i.postimg.cc/mkRgtYn5/224.png,2022-03-26,5559,17054,2,7-5559170542
Russia,Russia,KamAZ 6x6,captured,https://i.postimg.cc/pL6VDhrq/3318.png,2022-03-26,5559,17055,2,7-5559170552
Russia,Russia,KamAZ 6x6,captured,https://i.postimg.cc/26C6Ry5f/33177.png,2022-03-26,5559,17056,2,7-5559170562
Russia,Russia,KamAZ 6x6,captured,https://i.postimg.cc/MHbTNXLC/c1.png,2022-03-26,5559,17057,2,7-5559170572
Russia,Russia,KamAZ 6x6,captured,https://i.postimg.cc/8zC5XpmY/c2.png,2022-03-26,5559,17058,2,7-5559170582
Russia,Russia,KamAZ 6x6,captured,https://postimg.cc/zb3wfMVh,2022-03-27,5559,17062,2,7-5559170622
Russia,Russia,KamAZ 6x6,captured,https://postimg.cc/3kSdwwpL,2022-03-27,5559,17063,2,7-5559170632
Russia,Russia,KamAZ 6x6,captured,https://postimg.cc/w71rrf27,2022-03-27,5559,17064,2,7-5559170642
Russia,Russia,KamAZ 6x6,captured,https://postimg.cc/vc6dRNB4,2022-03-27,5559,17065,2,7-5559170652
Russia,Russia,KamAZ 6x6,captured,https://i.postimg.cc/N0VMfCPh/v8.png,2022-03-29,5559,17067,2,7-5559170672
Russia,Russia,KamAZ 6x6,captured,https://i.postimg.cc/y8Y4TJHv/318.png,2022-03-29,5559,17068,2,7-5559170682
Russia,Russia,KamAZ 6x6,captured,https://i.postimg.cc/vZpH7XCL/f40.jpg,2022-03-29,5559,17069,2,7-5559170692
Russia,Russia,KamAZ 6x6,captured,https://i.postimg.cc/T34P0zD7/577.png,2022-04-01,5559,17070,2,7-5559170702
Russia,Russia,KamAZ 6x6,captured,https://i.postimg.cc/K8D371Tn/549.png,2022-04-06,5559,17072,2,7-5559170722
Russia,Russia,KamAZ 6x6,captured,https://i.postimg.cc/Lsb5kznq/651.jpg,2022-04-06,5559,17073,2,7-5559170732
Russia,Russia,KamAZ 6x6,captured,https://i.postimg.cc/Dyj9w5Db/k5.jpg,2022-04-06,5559,17074,2,7-5559170742
Russia,Russia,KamAZ 6x6,captured,https://i.postimg.cc/X7YMWt2b/k6.jpg,2022-04-06,5559,17075,2,7-5559170752
Russia,Russia,KamAZ 6x6,captured,https://i.postimg.cc/sDFpNJtr/6655.jpg,2022-04-07,5559,17076,2,7-5559170762
Russia,Russia,KamAZ 6x6,captured,https://i.postimg.cc/5Njvgr8f/43.jpg,2022-04-09,5559,17077,2,7-5559170772
Russia,Russia,KamAZ 6x6,captured,https://i.postimg.cc/cHx8rbLV/kamaaz.jpg,2022-04-10,5559,17079,2,7-5559170792
Russia,Russia,KamAZ 6x6,captured,https://i.postimg.cc/YqLQXqct/6888.jpg,2022-04-13,5559,16584,2,7-5559165842
Russia,Russia,KamAZ 6x6,captured,https://i.postimg.cc/QxZD33Vc/cc4.jpg,2022-04-21,5559,17080,2,7-5559170802
Russia,Russia,KamAZ 6x6,captured,https://i.postimg.cc/SxjTZmMW/328.jpg,2022-04-21,5559,17081,2,7-5559170812
Russia,Russia,KamAZ 6x6,captured,https://i.postimg.cc/0yhB1dJk/t6.jpg,2022-04-21,5559,17082,2,7-5559170822
Russia,Russia,KamAZ 6x6,captured,https://i.postimg.cc/qB90Qn1T/335.jpg,2022-04-21,5559,17083,2,7-5559170832
Russia,Russia,KamAZ 6x6,captured,https://i.postimg.cc/DyKTfyqk/3215.jpg,2022-05-01,5559,17084,2,7-5559170842
Russia,Russia,KamAZ 6x6,captured,https://i.postimg.cc/T2WZf6jF/448.png,2022-05-03,5559,17085,2,7-5559170852
Russia,Russia,KamAZ 6x6,captured,https://i.postimg.cc/V6msCW9Q/577.png,2022-05-03,5559,17086,2,7-5559170862
Russia,Russia,KamAZ 6x6,captured,https://i.postimg.cc/cLX2pMCY/779.jpg,2022-05-12,5559,17087,2,7-5559170872
Russia,Russia,KamAZ 6x6,captured,https://i.postimg.cc/xdd4shpJ/659.jpg,2022-05-13,5559,17088,2,7-5559170882
Russia,Russia,KamAZ 6x6,captured,https://postimg.cc/9R9Kd7mM,2022-05-25,5559,17156,2,7-5559171562
Russia,Russia,KamAZ 6x6,captured,https://i.postimg.cc/Gpxx4Hmg/kamaaaaaazzz.png,2022-05-25,5559,17157,2,7-5559171572
Russia,Russia,KamAZ 6x6,captured,https://i.postimg.cc/761dYxFq/kamazzzzzzzzz.jpg,2022-05-25,5559,17158,2,7-5559171582
Russia,Russia,KamAZ 6x6,captured,https://i.postimg.cc/cLh5jsp3/54.jpg,2022-05-25,5559,17159,2,7-5559171592
Russia,Russia,KamAZ 6x6,captured,https://i.postimg.cc/QNcmw85M/kaammaaz.jpg,2022-05-25,5559,17160,2,7-5559171602
Russia,Russia,KamAZ 6x6,captured,https://i.postimg.cc/J07sp5ZZ/kamazzzz2.png,2022-05-25,5559,17161,2,7-5559171612
Russia,Russia,KamAZ 6x6,captured,https://i.postimg.cc/y6ngk2CP/kamazzzzzzz.jpg,2022-05-25,5559,17162,2,7-5559171622
Russia,Russia,KamAZ 6x6,captured,https://postimg.cc/2qMgLwfM,2022-05-25,5559,17163,2,7-5559171632
Russia,Russia,KamAZ 6x6,captured,https://i.postimg.cc/9ftT1Ms3/kkmaz.jpg,2022-05-25,5559,17164,2,7-5559171642
Russia,Russia,KamAZ 6x6,captured,https://i.postimg.cc/0jpb5HvT/truckk.jpg,2022-05-25,5559,17165,2,7-5559171652
Russia,Russia,KamAZ 6x6,captured,https://i.postimg.cc/v891vDn0/truckkk.jpg,2022-05-25,5559,17166,2,7-5559171662
Russia,Russia,KamAZ 6x6,captured,https://i.postimg.cc/Dw880BbD/655.jpg,2022-06-12,5559,17167,2,7-5559171672
Russia,Russia,KamAZ 6x6 tanker,captured,https://i.postimg.cc/pdnXvxd3/c12.jpg,2022-04-04,5560,17168,2,7-5560171682
Russia,Russia,KamAZ 6x6 tanker,captured,https://i.postimg.cc/DfYbWs3H/Kamaz.png,2022-04-06,5560,17169,2,7-5560171692
Russia,Russia,KamAZ 6x6 tanker,captured,https://i.postimg.cc/9MMhbMDr/vb1.png,2022-04-06,5560,17170,2,7-5560171702
Russia,Russia,KamAZ 6x6 tanker,captured,https://i.postimg.cc/MHf8kFbw/vb2.png,2022-04-06,5560,17171,2,7-5560171712
Russia,Russia,KamAZ 6x6 tanker,captured,https://i.postimg.cc/3Nc2HsPC/89.jpg,2022-04-09,5560,17172,2,7-5560171722
Russia,Russia,KamAZ 6x6 tanker,captured,https://i.postimg.cc/T1dZFqtr/665.jpg,2022-04-13,5560,17173,2,7-5560171732
Russia,Russia,KamAZ 6x6 tanker,captured,https://i.postimg.cc/FKptmK0L/33.jpg,2022-04-17,5560,17174,2,7-5560171742
Russia,Russia,KamAZ 6x6 tanker,captured,https://i.postimg.cc/KYbKRw6R/337.jpg,2022-04-21,5560,17175,2,7-5560171752
Russia,Russia,KamAZ 6x6 tanker,captured,https://i.postimg.cc/2y9NYXL9/565.jpg,2022-04-23,5560,17176,2,7-5560171762
Russia,Russia,KamAZ 6x6 tanker,captured,https://i.postimg.cc/SQ6NYYKQ/48.png,2022-05-01,5560,17178,2,7-5560171782
Russia,Russia,KamAZ 6x6 tanker,captured,https://i.postimg.cc/m2TR1RH5/4311.jpg,2022-05-05,5560,17180,2,7-5560171802
Russia,Russia,KamAZ 6x6 tanker,captured,https://i.postimg.cc/FFBjBjBd/1.png,2022-05-10,5560,17189,2,7-5560171892
Russia,Russia,KamAZ 6x6 tanker,captured,https://i.postimg.cc/L8pRqPGH/1016-kamaz-tanker.png,2022-07-03,5560,17191,2,7-5560171912
Russia,Russia,KamAZ 8x8,captured,https://i.postimg.cc/qv81pwML/55444.jpg,2022-04-01,5562,17203,2,7-5562172032
Russia,Russia,KamAZ 8x8,captured,https://i.postimg.cc/7hRs911J/544.jpg,2022-04-25,5562,17204,2,7-5562172042
Russia,Russia,KamAZ Avtozaks,captured,https://i.postimg.cc/dQhZ41xT/443.png,2022-03-19,5563,16991,2,7-5563169912
Russia,Russia,KamAZ Avtozaks,captured,https://i.postimg.cc/3NXJzDHL/7760.png,2022-04-25,5563,17214,2,7-5563172142
Russia,Russia,KamAZ with armoured cabin,captured,https://i.postimg.cc/yxJz9QDt/3d.png,2022-03-19,5564,17222,2,7-5564172222
Russia,Russia,KamAZ with armoured cabin,captured,https://i.postimg.cc/d110k8fj/26.png,2022-03-28,5564,17223,2,7-5564172232
Russia,Russia,KamAZ with armoured cabin,captured,https://i.postimg.cc/MHsx6TzV/kamaazzzaa.jpg,2022-04-06,5564,17224,2,7-5564172242
Russia,Russia,KamAZ-5350 with EOV-3523 excavator,captured,https://i.postimg.cc/bvhJB8xz/774.png,2022-03-19,5566,17228,2,7-5566172282
Russia,Russia,KamAZ-5350 with EOV-3523 excavator,captured,https://i.postimg.cc/dQZQWvBp/Screenshot-8218.png,2022-03-19,5566,17229,2,7-5566172292
Russia,Russia,KamAZ-5350 with EOV-3523 excavator,captured,https://i.postimg.cc/T30TyPdL/Screenshot-8219.png,2022-03-19,5566,17230,2,7-5566172302
Russia,Russia,KamAZ-5350 with EOV-3523 excavator,captured,https://i.postimg.cc/1tZrSqJQ/41.png,2022-03-29,5566,17231,2,7-5566172312
Russia,Russia,KamAZ-5350 with EOV-3523 excavator,captured,https://twitter.com/UAWeapons/status/1584932053615022081,2022-10-26,5566,999,2,7-55669992
Russia,Russia,KamAZ-5350 with KS-45719-7M crane,captured,https://i.postimg.cc/9fxS9VtW/v3.jpg,2022-04-06,5567,17250,2,7-5567172502
Russia,Russia,KamAZ-63968 'Typhoon',captured,https://postlmg.cc/sGfMhkCN,2022-03-19,5571,17285,2,7-5571172852
Russia,Russia,KamAZ-63968 'Typhoon',captured,https://i.postimg.cc/8c2xJRvB/570.png,2022-03-19,5571,17286,2,7-5571172862
Russia,Russia,KamAZ-63968 'Typhoon',captured,https://i.postimg.cc/8PWQX1wY/433.jpg,2022-04-04,5571,17291,2,7-5571172912
Russia,Russia,KamAZ-63968 'Typhoon',captured,https://i.postimg.cc/zBj0BNB9/4f7.png,2022-05-08,5571,17294,2,7-5571172942
Russia,Russia,KamAZ-63968 Typhoon,captured,https://twitter.com/UAWeapons/status/1575040036667793419,2022-09-28,5572,17298,2,7-5572172982
Russia,Russia,KamAZ-63968 Typhoon,captured,https://i.postimg.cc/VvY67tg9/g68.png,2023-04-06,5572,17307,2,7-5572173072
Russia,Russia,KamAZ-63968 Typhoon,captured,https://i.postimg.cc/nLd1TnS8/1013-Kam-AZ-63968-Typhoon-capt-10-05-23.jpg,2023-05-17,5572,17308,2,7-5572173082
Russia,Russia,KamAZ-63968 Typhoon,captured,https://i.postimg.cc/2SP0ZKjt/1309-kamaz-typhoon-dam-capt-09-10-22.jpg,2024-01-09,5572,17314,2,7-5572173142
Russia,Soviet Union,KrAZ-22B,captured,https://i.postimg.cc/B6LVH2xJ/668.png,2022-03-26,5574,17319,2,7-5574173192
Russia,Soviet Union,KrAZ-255B,captured,https://i.postimg.cc/htt7zgVf/688.png,2022-04-04,5575,17320,2,7-5575173202
Russia,Soviet Union,KrAZ-255B tanker,captured,https://i.postimg.cc/jSFbtdw7/1086-Kr-AZ-255-B-tanker.jpg,2022-07-28,5576,17331,2,7-5576173312
Russia,Soviet Union,KrAZ-255B with excavator,captured,https://i.postimg.cc/3wM3rDbD/2r.png,2022-04-10,5577,17339,2,7-5577173392
Russia,Russia,Lastochka-M reconnaissance UAV,captured,https://i.postimg.cc/5NfHCQZp/4144.png,2022-07-20,5578,17345,2,7-5578173452
Russia,Soviet Union,MDK-3 trench-digging vehicle,captured,https://i.postimg.cc/V6MwNVdy/678.jpg,2022-04-13,5582,17356,2,7-5582173562
Russia,Soviet Union,MT-LB,captured,https://i.postimg.cc/P5M1XV5z/58.png,2022-03-19,5584,17402,2,7-5584174022
Russia,Soviet Union,MT-LB,captured,https://i.postimg.cc/hjqg1p15/680.png,2022-03-19,5584,17403,2,7-5584174032
Russia,Soviet Union,MT-LB,captured,https://i.postimg.cc/R0zbsmLL/6659.png,2022-03-19,5584,17404,2,7-5584174042
Russia,Soviet Union,MT-LB,captured,https://i.postimg.cc/MGBV9R2s/4fs.png,2022-03-19,5584,17405,2,7-5584174052
Russia,Soviet Union,MT-LB,captured,https://i.postimg.cc/1tVLvyy0/764.png,2022-03-19,5584,17406,2,7-5584174062
Russia,Soviet Union,MT-LB,captured,https://i.postimg.cc/Z5pMMK77/8i.png,2022-03-19,5584,17407,2,7-5584174072
Russia,Soviet Union,MT-LB,captured,https://i.postimg.cc/BbNYQPQc/hh6.png,2022-03-19,5584,17408,2,7-5584174082
Russia,Soviet Union,MT-LB,captured,https://i.postimg.cc/sx950sSB/Screenshot-8457.png,2022-03-19,5584,17409,2,7-5584174092
Russia,Soviet Union,MT-LB,captured,https://i.postimg.cc/wTYJPs3P/Screenshot-8472.png,2022-03-19,5584,17410,2,7-5584174102
Russia,Soviet Union,MT-LB,captured,https://i.postimg.cc/RVc03z28/m2.png,2022-03-19,5584,17411,2,7-5584174112
Russia,Soviet Union,MT-LB,captured,https://i.postimg.cc/Px6nHx7G/g33.jpg,2022-03-19,5584,17412,2,7-5584174122
Russia,Soviet Union,MT-LB,captured,https://i.postimg.cc/VLGGrwbj/h652.png,2022-03-19,5584,17413,2,7-5584174132
Russia,Soviet Union,MT-LB,captured,https://i.postimg.cc/6qszKVTq/m11.png,2022-03-19,5584,17414,2,7-5584174142
Russia,Soviet Union,MT-LB,captured,https://i.postimg.cc/15BnwV6D/6hd.png,2022-03-19,5584,17415,2,7-5584174152
Russia,Soviet Union,MT-LB,captured,https://i.postimg.cc/Hn1J3zVP/y9.png,2022-03-19,5584,17416,2,7-5584174162
Russia,Soviet Union,MT-LB,captured,https://i.postimg.cc/0NQJNZ6L/499.png,2022-03-19,5584,17417,2,7-5584174172
Russia,Soviet Union,MT-LB,captured,https://i.postimg.cc/yYjcTw9v/76.png,2022-03-19,5584,17418,2,7-5584174182
Russia,Soviet Union,MT-LB,captured,https://i.postimg.cc/QdBCWPqB/d19.png,2022-03-19,5584,17419,2,7-5584174192
Russia,Soviet Union,MT-LB,captured,https://i.postimg.cc/g0ZTbDyL/Screenshot-8648.png,2022-03-19,5584,17420,2,7-5584174202
Russia,Soviet Union,MT-LB,captured,https://i.postimg.cc/prrV2r2S/c1.png,2022-03-19,5584,17421,2,7-5584174212
Russia,Soviet Union,MT-LB,captured,https://i.postimg.cc/kGHJDCGg/c2.png,2022-03-19,5584,17422,2,7-5584174222
Russia,Soviet Union,MT-LB,captured,https://i.postimg.cc/FRzrgz2x/y1.jpg,2022-03-19,5584,17423,2,7-5584174232
Russia,Soviet Union,MT-LB,captured,https://i.postimg.cc/rpgr934n/461.png,2022-03-19,5584,17424,2,7-5584174242
Russia,Soviet Union,MT-LB,captured,https://i.postimg.cc/C5QvvLdV/f56.png,2022-03-19,5584,17425,2,7-5584174252
Russia,Soviet Union,MT-LB,captured,https://i.postimg.cc/tT5WmDRj/cd.jpg,2022-03-19,5584,17426,2,7-5584174262
Russia,Soviet Union,MT-LB,captured,https://i.postimg.cc/zBynjsCc/k87.jpg,2022-03-19,5584,17427,2,7-5584174272
Russia,Soviet Union,MT-LB,captured,https://postimg.cc/LhJKL51n,2022-03-19,5584,17428,2,7-5584174282
Russia,Soviet Union,MT-LB,captured,https://i.postimg.cc/pLnGNjf0/77600.png,2022-03-19,5584,17429,2,7-5584174292
Russia,Soviet Union,MT-LB,captured,https://i.postimg.cc/59rtbb1q/7u.png,2022-03-19,5584,17430,2,7-5584174302
Russia,Soviet Union,MT-LB,captured,https://i.postimg.cc/CxQFG5Cj/4369.png,2022-03-19,5584,12921,2,7-5584129212
Russia,Soviet Union,MT-LB,captured,https://i.postimg.cc/GpjCvqdV/54h.png,2022-03-19,5584,17431,2,7-5584174312
Russia,Soviet Union,MT-LB,captured,https://i.postimg.cc/mk6zFPwD/3256.png,2022-03-19,5584,17432,2,7-5584174322
Russia,Soviet Union,MT-LB,captured,https://i.postimg.cc/XYqqkLzv/549.png,2022-03-19,5584,17433,2,7-5584174332
Russia,Soviet Union,MT-LB,captured,https://i.postimg.cc/R08pWBP4/4f13.png,2022-03-19,5584,17434,2,7-5584174342
Russia,Soviet Union,MT-LB,captured,https://i.postimg.cc/zBV1Nswm/4178.png,2022-03-19,5584,17435,2,7-5584174352
Russia,Soviet Union,MT-LB,captured,https://i.postimg.cc/YS5g7HgZ/589.png,2022-03-19,5584,17436,2,7-5584174362
Russia,Soviet Union,MT-LB,captured,https://i.postimg.cc/MT0c8jzf/589.png,2022-03-19,5584,17437,2,7-5584174372
Russia,Soviet Union,MT-LB,captured,https://i.postimg.cc/wBg7hjkg/431g.png,2022-03-19,5584,17438,2,7-5584174382
Russia,Soviet Union,MT-LB,captured,https://i.postimg.cc/Rh92LGYG/578.png,2022-03-19,5584,17439,2,7-5584174392
Russia,Soviet Union,MT-LB,captured,https://i.postimg.cc/NFpFq3xL/f5.png,2022-03-19,5584,17440,2,7-5584174402
Russia,Soviet Union,MT-LB,captured,https://i.postimg.cc/x1VVwZV9/790.jpg,2022-03-19,5584,17441,2,7-5584174412
Russia,Soviet Union,MT-LB,captured,https://i.postimg.cc/NMDmQSNW/330.png,2022-03-26,5584,17447,2,7-5584174472
Russia,Soviet Union,MT-LB,captured,https://i.postimg.cc/W43P9JBg/311.png,2022-03-26,5584,17448,2,7-5584174482
Russia,Soviet Union,MT-LB,captured,https://i.postimg.cc/gj6zg66N/43y.jpg,2022-03-26,5584,17449,2,7-5584174492
Russia,Soviet Union,MT-LB,captured,https://i.postimg.cc/yd17Cb3g/556.png,2022-03-26,5584,17450,2,7-5584174502
Russia,Soviet Union,MT-LB,captured,https://i.postimg.cc/TwPYMJ20/327.png,2022-03-26,5584,17451,2,7-5584174512
Russia,Soviet Union,MT-LB,captured,https://i.postimg.cc/zfR1wLP0/3d.png,2022-03-26,5584,17452,2,7-5584174522
Russia,Soviet Union,MT-LB,captured,https://i.postimg.cc/8P8dYp4t/33190.png,2022-03-26,5584,17453,2,7-5584174532
Russia,Soviet Union,MT-LB,captured,https://i.postimg.cc/8kFc6Lh0/5579.png,2022-03-26,5584,17454,2,7-5584174542
Russia,Soviet Union,MT-LB,captured,https://i.postimg.cc/CMtw34vs/v1.png,2022-03-26,5584,17455,2,7-5584174552
Russia,Soviet Union,MT-LB,captured,https://i.postimg.cc/vZwbBZw1/v2.png,2022-03-26,5584,17456,2,7-5584174562
Russia,Soviet Union,MT-LB,captured,https://i.postimg.cc/2SdmBNC0/v3.png,2022-03-26,5584,17457,2,7-5584174572
Russia,Soviet Union,MT-LB,captured,https://i.postimg.cc/2yLzBnbf/297.png,2022-03-26,5584,17458,2,7-5584174582
Russia,Soviet Union,MT-LB,captured,https://i.postimg.cc/XqDZK50g/431t.png,2022-03-26,5584,17459,2,7-5584174592
Russia,Soviet Union,MT-LB,captured,https://i.postimg.cc/768Vvfb9/2h.png,2022-03-26,5584,17460,2,7-5584174602
Russia,Soviet Union,MT-LB,captured,https://i.postimg.cc/25LrRT0N/159.png,2022-03-26,5584,17461,2,7-5584174612
Russia,Soviet Union,MT-LB,captured,https://i.postimg.cc/htrfGgST/4f2.png,2022-03-27,5584,17462,2,7-5584174622
Russia,Soviet Union,MT-LB,captured,https://i.postimg.cc/hGSbqkz3/gm.jpg,2022-03-27,5584,16088,2,7-5584160882
Russia,Soviet Union,MT-LB,captured,https://i.postimg.cc/g0BW5skr/MTLB.png,2022-03-30,5584,17463,2,7-5584174632
Russia,Soviet Union,MT-LB,captured,https://i.postimg.cc/zDxckvvX/23.jpg,2022-03-30,5584,17464,2,7-5584174642
Russia,Soviet Union,MT-LB,captured,https://i.postimg.cc/HL8ssP7K/2113.jpg,2022-04-01,5584,17465,2,7-5584174652
Russia,Soviet Union,MT-LB,captured,https://i.postimg.cc/W3F7bj2Z/689.jpg,2022-04-01,5584,17466,2,7-5584174662
Russia,Soviet Union,MT-LB,captured,https://i.postimg.cc/jdLY52gL/83.jpg,2022-04-01,5584,17467,2,7-5584174672
Russia,Soviet Union,MT-LB,captured,https://i.postimg.cc/431kFSN9/f43.jpg,2022-04-01,5584,17468,2,7-5584174682
Russia,Soviet Union,MT-LB,captured,https://i.postimg.cc/MpFFy9Nx/d776.jpg,2022-04-04,5584,17469,2,7-5584174692
Russia,Soviet Union,MT-LB,captured,https://i.postimg.cc/63qWGyGT/4331.jpg,2022-04-04,5584,12946,2,7-5584129462
Russia,Soviet Union,MT-LB,captured,https://i.postimg.cc/3N7mRGKv/dv.jpg,2022-04-04,5584,17470,2,7-5584174702
Russia,Soviet Union,MT-LB,captured,https://i.postimg.cc/W429dwZ6/v9.png,2022-04-04,5584,17471,2,7-5584174712
Russia,Soviet Union,MT-LB,captured,https://i.postimg.cc/v8rV0sFZ/5t.jpg,2022-04-04,5584,17472,2,7-5584174722
Russia,Soviet Union,MT-LB,captured,https://i.postimg.cc/d1d6qZKQ/558.png,2022-04-17,5584,17485,2,7-5584174852
Russia,Soviet Union,MT-LB,captured,https://i.postimg.cc/3xDYnyx3/mtlbb.png,2022-04-17,5584,17486,2,7-5584174862
Russia,Soviet Union,MT-LB,captured,https://i.postimg.cc/63TX4Tgs/mtlbbb.png,2022-04-17,5584,17487,2,7-5584174872
Russia,Soviet Union,MT-LB,captured,https://i.postimg.cc/T121NnkK/mcap3.jpg,2022-04-17,5584,17488,2,7-5584174882
Russia,Soviet Union,MT-LB,captured,https://i.postimg.cc/J0TnftgP/mcap5.jpg,2022-04-17,5584,17489,2,7-5584174892
Russia,Soviet Union,MT-LB,captured,https://i.postimg.cc/qBGCcvmt/mtttlllbbbb.png,2022-04-17,5584,17490,2,7-5584174902
Russia,Soviet Union,MT-LB,captured,https://i.postimg.cc/jS1fW3MZ/mttllbb.png,2022-04-17,5584,17491,2,7-5584174912
Russia,Soviet Union,MT-LB,captured,https://i.postimg.cc/HxJLDSp7/mtllbb.jpg,2022-04-17,5584,17492,2,7-5584174922
Russia,Soviet Union,MT-LB,captured,https://i.postimg.cc/Mp8q36MR/mmttllbbb.jpg,2022-04-17,5584,17493,2,7-5584174932
Russia,Soviet Union,MT-LB,captured,https://i.postimg.cc/QCgg1gFV/mttlbb.png,2022-04-17,5584,17494,2,7-5584174942
Russia,Soviet Union,MT-LB,captured,https://i.postimg.cc/Dw6Cthym/mtllllllbb.jpg,2022-04-17,5584,17495,2,7-5584174952
Russia,Soviet Union,MT-LB,captured,https://i.postimg.cc/mkWNPp20/mttlbb.jpg,2022-04-17,5584,17496,2,7-5584174962
Russia,Soviet Union,MT-LB,captured,https://i.postimg.cc/NGCL3qJs/223.jpg,2022-04-18,5584,17498,2,7-5584174982
Russia,Soviet Union,MT-LB,captured,https://i.postimg.cc/Y0T6mhg2/887.jpg,2022-04-20,5584,17499,2,7-5584174992
Russia,Soviet Union,MT-LB,captured,https://i.postimg.cc/KYjm92YL/998.jpg,2022-04-20,5584,17500,2,7-5584175002
Russia,Soviet Union,MT-LB,captured,https://i.postimg.cc/rF926ys3/d11.jpg,2022-04-21,5584,17501,2,7-5584175012
Russia,Soviet Union,MT-LB,captured,https://i.postimg.cc/nzFHtWhB/d78.jpg,2022-04-23,5584,17502,2,7-5584175022
Russia,Soviet Union,MT-LB,captured,https://i.postimg.cc/TYbyywLR/284.png,2022-05-01,5584,17505,2,7-5584175052
Russia,Soviet Union,MT-LB,captured,https://i.postimg.cc/Y0G7hqd2/431f.jpg,2022-05-10,5584,17513,2,7-5584175132
Russia,Soviet Union,MT-LB,captured,https://i.postimg.cc/yxQ7Tpk8/328.jpg,2022-05-11,5584,17514,2,7-5584175142
Russia,Soviet Union,MT-LB,captured,https://postimg.cc/k2np4knK,2022-05-15,5584,17516,2,7-5584175162
Russia,Soviet Union,MT-LB,captured,https://i.postimg.cc/GhcXwc5b/47.png,2022-05-23,5584,17518,2,7-5584175182
Russia,Soviet Union,MT-LB,captured,https://twitter.com/UAWeapons/status/1529865401072590848,2022-05-27,5584,5533,2,7-558455332
Russia,Soviet Union,MT-LB,captured,https://i.postimg.cc/ZR4Gq9v2/1003.jpg,2022-07-17,5584,17552,2,7-5584175522
Russia,Soviet Union,MT-LB,captured,https://i.postimg.cc/mkWRdTrm/1008.jpg,2022-07-26,5584,17561,2,7-5584175612
Russia,Soviet Union,MT-LB,captured,https://twitter.com/UAWeapons/status/1553687272817659906,2022-08-04,5584,17563,2,7-5584175632
Russia,Soviet Union,MT-LB,captured,https://i.postimg.cc/PNGV1q9Y/1005-mtlb.jpg,2022-08-04,5584,17564,2,7-5584175642
Russia,Soviet Union,MT-LB,captured,https://i.postimg.cc/0y71Y84h/1001-mtlb.jpg,2022-08-05,5584,17565,2,7-5584175652
Russia,Soviet Union,MT-LB,captured,https://i.postimg.cc/VkcNxLmM/1002-mtlb.jpg,2022-08-08,5584,17568,2,7-5584175682
Russia,Soviet Union,MT-LB,captured,https://i.postimg.cc/VvX9cCkf/1001.jpg,2022-08-09,5584,17569,2,7-5584175692
Russia,Soviet Union,MT-LB,captured,https://postimg.cc/NL86gZDS,2022-08-13,5584,17577,2,7-5584175772
Russia,Soviet Union,MT-LB,captured,https://i.postimg.cc/2jhR1hxm/1003-mtlb.jpg,2022-08-17,5584,17580,2,7-5584175802
Russia,Soviet Union,MT-LB,captured,https://twitter.com/RALee85/status/1561806644543094784,2022-08-23,5584,17585,2,7-5584175852
Russia,Soviet Union,MT-LB,captured,https://i.postimg.cc/hP378d9t/1002-mtlb.jpg,2022-08-30,5584,17586,2,7-5584175862
Russia,Soviet Union,MT-LB,captured,https://twitter.com/UAWeapons/status/1562876165164900352,2022-08-30,5584,2167,2,7-558421672
Russia,Soviet Union,MT-LB,captured,https://twitter.com/Danspiun/status/1563497026880282635,2022-08-30,5584,10348,2,7-5584103482
Russia,Soviet Union,MT-LB,captured,https://i.postimg.cc/FFMGvhv9/1001-mtlb.jpg,2022-09-05,5584,17590,2,7-5584175902
Russia,Soviet Union,MT-LB,captured,https://twitter.com/UAWeapons/status/1568352148102025217,2022-09-10,5584,17593,2,7-5584175932
Russia,Soviet Union,MT-LB,captured,https://i.postimg.cc/7L4Q4KzW/1015-mtlb.jpg,2022-09-10,5584,17594,2,7-5584175942
Russia,Soviet Union,MT-LB,captured,https://i.postimg.cc/R0TpZwQV/1016-mtlb.jpg,2022-09-10,5584,17595,2,7-5584175952
Russia,Soviet Union,MT-LB,captured,https://i.postimg.cc/hj8F3KDf/1025-mtlb.jpg,2022-09-11,5584,17596,2,7-5584175962
Russia,Soviet Union,MT-LB,captured,https://twitter.com/UAWeapons/status/1568985785176571913,2022-09-12,5584,8920,2,7-558489202
Russia,Soviet Union,MT-LB,captured,https://twitter.com/UAWeapons/status/1568899212976201728,2022-09-12,5584,12286,2,7-5584122862
Russia,Soviet Union,MT-LB,captured,https://twitter.com/UAWeapons/status/1568899223139110913,2022-09-12,5584,15039,2,7-5584150392
Russia,Soviet Union,MT-LB,captured,https://twitter.com/UAWeapons/status/1569058662869516289,2022-09-12,5584,2578,2,7-558425782
Russia,Soviet Union,MT-LB,captured,https://twitter.com/UAWeapons/status/1569069209724030976,2022-09-12,5584,17597,2,7-5584175972
Russia,Soviet Union,MT-LB,captured,https://twitter.com/UAWeapons/status/1569229402860552192,2022-09-13,5584,5251,2,7-558452512
Russia,Soviet Union,MT-LB,captured,https://twitter.com/UAWeapons/status/1569381077759807489,2022-09-13,5584,2794,2,7-558427942
Russia,Soviet Union,MT-LB,captured,https://twitter.com/UAWeapons/status/1569229412205215744,2022-09-13,5584,5254,2,7-558452542
Russia,Soviet Union,MT-LB,captured,https://twitter.com/UAWeapons/status/1569618856687058945,2022-09-14,5584,17601,2,7-5584176012
Russia,Soviet Union,MT-LB,captured,https://i.postimg.cc/J0J8nHnJ/1004-mtlb.jpg,2022-09-14,5584,17602,2,7-5584176022
Russia,Soviet Union,MT-LB,captured,https://twitter.com/UAWeapons/status/1570152367915692033,2022-09-15,5584,15058,2,7-5584150582
Russia,Soviet Union,MT-LB,captured,https://postimg.cc/5Yd8w937,2022-09-16,5584,17604,2,7-5584176042
Russia,Soviet Union,MT-LB,captured,https://twitter.com/UAWeapons/status/1570342741913268225,2022-09-16,5584,477,2,7-55844772
Russia,Soviet Union,MT-LB,captured,https://twitter.com/UAWeapons/status/1570423464971976705,2022-09-16,5584,5443,2,7-558454432
Russia,Soviet Union,MT-LB,captured,https://twitter.com/UAWeapons/status/1570781159067643904,2022-09-17,5584,5446,2,7-558454462
Russia,Soviet Union,MT-LB,captured,https://twitter.com/UAWeapons/status/1570808949737394178,2022-09-17,5584,12135,2,7-5584121352
Russia,Soviet Union,MT-LB,captured,https://twitter.com/UAWeapons/status/1571071832530505728,2022-09-17,5584,15069,2,7-5584150692
Russia,Soviet Union,MT-LB,captured,https://twitter.com/UAWeapons/status/1571109617186541572,2022-09-18,5584,8147,2,7-558481472
Russia,Soviet Union,MT-LB,captured,https://i.postimg.cc/3JyhPFCR/2022-09-14-306889955-5387493924698347-491673469679484211-n.jpg,2022-09-18,5584,17607,2,7-5584176072
Russia,Soviet Union,MT-LB,captured,https://twitter.com/UAWeapons/status/1571503345851924485,2022-09-19,5584,17610,2,7-5584176102
Russia,Soviet Union,MT-LB,captured,https://twitter.com/UAWeapons/status/1571505879068942338,2022-09-19,5584,8166,2,7-558481662
Russia,Soviet Union,MT-LB,captured,https://i.postimg.cc/d1yhxGVT/2022-09-18-MT-LB.jpg,2022-09-19,5584,17609,2,7-5584176092
Russia,Soviet Union,MT-LB,captured,https://i.postimg.cc/rppG85WP/2022-09-18-MT-LB-1.jpg,2022-09-19,5584,17611,2,7-5584176112
Russia,Soviet Union,MT-LB,captured,https://i.postimg.cc/02bYDkvN/2022-09-17-MT-LB.png,2022-09-20,5584,17613,2,7-5584176132
Russia,Soviet Union,MT-LB,captured,https://twitter.com/naalsio26/status/1572364529723666435,2022-09-22,5584,17615,2,7-5584176152
Russia,Soviet Union,MT-LB,captured,https://twitter.com/UAWeapons/status/1572671983057510400,2022-09-22,5584,615,2,7-55846152
Russia,Soviet Union,MT-LB,captured,https://twitter.com/UAWeapons/status/1572936489314426883,2022-09-23,5584,669,2,7-55846692
Russia,Soviet Union,MT-LB,captured,https://i.postimg.cc/PqSCgvBz/1003-mtlb.jpg,2022-09-24,5584,17617,2,7-5584176172
Russia,Soviet Union,MT-LB,captured,https://i.postimg.cc/XqCXBHXQ/1005-mtlb.jpg,2022-09-24,5584,17618,2,7-5584176182
Russia,Soviet Union,MT-LB,captured,https://i.postimg.cc/dQ8GPxT2/2022-09-18-MT-LB-245.jpg,2022-09-24,5584,17619,2,7-5584176192
Russia,Soviet Union,MT-LB,captured,https://i.postimg.cc/YqjffLqd/2022-09-24-MT-LB-313.jpg,2022-09-27,5584,17622,2,7-5584176222
Russia,Soviet Union,MT-LB,captured,https://i.postimg.cc/m2SvVHJz/1004-mtlb.jpg,2022-09-27,5584,17623,2,7-5584176232
Russia,Soviet Union,MT-LB,captured,https://i.postimg.cc/BvPfD5JP/1004-mtlb.jpg,2022-09-28,5584,17624,2,7-5584176242
Russia,Soviet Union,MT-LB,captured,https://i.postimg.cc/VkPfQMdw/1016-mtlb.jpg,2022-09-28,5584,17625,2,7-5584176252
Russia,Soviet Union,MT-LB,captured,https://twitter.com/UAWeapons/status/1575163897564188677,2022-09-29,5584,17626,2,7-5584176262
Russia,Soviet Union,MT-LB,captured,https://i.postimg.cc/tgrDNJxG/2022-09-28-MT-LBVM.jpg,2022-09-29,5584,17627,2,7-5584176272
Russia,Soviet Union,MT-LB,captured,https://i.postimg.cc/tgd3P60v/MT-LB-Izium.png,2022-09-30,5584,17628,2,7-5584176282
Russia,Soviet Union,MT-LB,captured,https://i.postimg.cc/Jtw8J2wJ/MT-LB-Kharkiv-region.png,2022-10-01,5584,17630,2,7-5584176302
Russia,Soviet Union,MT-LB,captured,https://i.postimg.cc/wMNvSJgX/MT-LB-Kharkiv-region-part-2.png,2022-10-01,5584,17631,2,7-5584176312
Russia,Soviet Union,MT-LB,captured,https://i.postimg.cc/6qV9SrQd/1011-mtlb-capt.jpg,2022-10-03,5584,17634,2,7-5584176342
Russia,Soviet Union,MT-LB,captured,https://i.postimg.cc/gjQwn8Vr/1008-mtlb-capt.jpg,2022-10-04,5584,17636,2,7-5584176362
Russia,Soviet Union,MT-LB,captured,https://i.postimg.cc/SsQY5yQQ/1019-mtlb-capt.jpg,2022-10-04,5584,17637,2,7-5584176372
Russia,Soviet Union,MT-LB,captured,https://i.postimg.cc/DfMCwmrW/1003-mtlb-capt.jpg,2022-10-05,5584,17639,2,7-5584176392
Russia,Soviet Union,MT-LB,captured,https://i.postimg.cc/4xhVKscf/1013-mtlb-capt.jpg,2022-10-05,5584,17640,2,7-5584176402
Russia,Soviet Union,MT-LB,captured,https://twitter.com/UAWeapons/status/1577992861144023041,2022-10-07,5584,17643,2,7-5584176432
Russia,Soviet Union,MT-LB,captured,https://i.postimg.cc/1XnFSmzK/1009-mtlb-capt.jpg,2022-10-08,5584,17647,2,7-5584176472
Russia,Soviet Union,MT-LB,captured,https://twitter.com/UAWeapons/status/1578364181765509120,2022-10-08,5584,2606,2,7-558426062
Russia,Soviet Union,MT-LB,captured,https://i.postimg.cc/RVsSDLT5/1031-mtlb-capt.jpg,2022-10-09,5584,17648,2,7-5584176482
Russia,Soviet Union,MT-LB,captured,https://i.postimg.cc/br1p4d5P/2022-10-02-MT-LB.jpg,2022-10-10,5584,17651,2,7-5584176512
Russia,Soviet Union,MT-LB,captured,https://i.postimg.cc/bJnWmxZX/1033-mtlb-capt.jpg,2022-10-10,5584,17652,2,7-5584176522
Russia,Soviet Union,MT-LB,captured,https://i.postimg.cc/NFZWMHr3/1024-mtlb-capt.jpg,2022-10-12,5584,17654,2,7-5584176542
Russia,Soviet Union,MT-LB,captured,https://i.postimg.cc/gJjLXQKw/1000-mtlb-capt.jpg,2022-10-13,5584,17655,2,7-5584176552
Russia,Soviet Union,MT-LB,captured,https://i.postimg.cc/W3Z9XrsJ/1040-mtlb-capt.jpg,2022-10-16,5584,17663,2,7-5584176632
Russia,Soviet Union,MT-LB,captured,https://i.postimg.cc/rsdH6bGz/1041-mtlb-capt.jpg,2022-10-16,5584,17664,2,7-5584176642
Russia,Soviet Union,MT-LB,captured,https://i.postimg.cc/NfBNk5S5/1049-mtlb-capt.jpg,2022-10-16,5584,17665,2,7-5584176652
Russia,Soviet Union,MT-LB,captured,https://i.postimg.cc/1tTmXRym/2022-04-07-mt-lb-3.jpg,2022-10-17,5584,17679,2,7-5584176792
Russia,Soviet Union,MT-LB,captured,https://i.postimg.cc/qvFGmcRj/2022-04-07-mt-lb-1.jpg,2022-10-17,5584,17680,2,7-5584176802
Russia,Soviet Union,MT-LB,captured,https://i.postimg.cc/Y0TQ6mwh/2022-04-01-mt-lb.jpg,2022-10-17,5584,17681,2,7-5584176812
Russia,Soviet Union,MT-LB,captured,https://i.postimg.cc/zGJJB8Sd/1000-mtlb-capt.jpg,2022-10-18,5584,17684,2,7-5584176842
Russia,Soviet Union,MT-LB,captured,https://i.postimg.cc/kGb77NGR/1008-mtlb-capt.jpg,2022-10-25,5584,17691,2,7-5584176912
Russia,Soviet Union,MT-LB,captured,https://i.postimg.cc/8PYdvjsM/1002-mtlb-capt.jpg,2022-10-27,5584,17693,2,7-5584176932
Russia,Soviet Union,MT-LB,captured,https://i.postimg.cc/7ZT3nwTc/1012-mtlb-capt.jpg,2022-10-27,5584,17694,2,7-5584176942
Russia,Soviet Union,MT-LB,captured,https://i.postimg.cc/3x3gDQjJ/MT-LB-captured-unknown-date-4th-Tank-Div.png,2022-10-27,5584,17695,2,7-5584176952
Russia,Soviet Union,MT-LB,captured,https://i.postimg.cc/G2CmZ1Qr/1006-mtlb-capt.jpg,2022-10-30,5584,17696,2,7-5584176962
Russia,Soviet Union,MT-LB,captured,https://i.postimg.cc/Gpx3sskQ/07-26-2022-MT-LB-captured-Mykolaiv-Region.png,2022-11-02,5584,17698,2,7-5584176982
Russia,Soviet Union,MT-LB,captured,https://i.postimg.cc/d1t0gmBh/1004-mtlb-capt-6-11.jpg,2022-11-08,5584,17701,2,7-5584177012
Russia,Soviet Union,MT-LB,captured,https://i.postimg.cc/Hxf6Wf5z/1002-mtlb-capt.jpg,2022-11-10,5584,17702,2,7-5584177022
Russia,Soviet Union,MT-LB,captured,https://i.postimg.cc/7hrmNCv6/1019-mtlb-capt.jpg,2022-11-12,5584,17705,2,7-5584177052
Russia,Soviet Union,MT-LB,captured,https://twitter.com/UAWeapons/status/1591541286775173120,2022-11-13,5584,1545,2,7-558415452
Russia,Soviet Union,MT-LB,captured,https://i.postimg.cc/SNpRvfFR/1008-mtlb-capt.jpg,2022-11-16,5584,17710,2,7-5584177102
Russia,Soviet Union,MT-LB,captured,https://i.postimg.cc/P5Nh8bzk/1007-mtlb-capt.jpg,2022-11-18,5584,17712,2,7-5584177122
Russia,Soviet Union,MT-LB,captured,https://i.postimg.cc/W3NDHc4D/1015-mtlb-capt.jpg,2022-12-06,5584,17717,2,7-5584177172
Russia,Soviet Union,MT-LB,captured,https://i.postimg.cc/FHShndXr/d29.png,2022-12-21,5584,17723,2,7-5584177232
Russia,Soviet Union,MT-LB,captured,https://i.postimg.cc/zDWg4wbf/1004-mtlb-capt.jpg,2022-12-28,5584,17725,2,7-5584177252
Russia,Soviet Union,MT-LB,captured,https://i.postimg.cc/3NYBVwgm/1018-mtlb-capt-28-12-22.jpg,2022-12-30,5584,17727,2,7-5584177272
Russia,Soviet Union,MT-LB,captured,https://i.postimg.cc/TPvCPVdM/1006-mtlb-capt-09-01-23.jpg,2023-01-12,5584,17730,2,7-5584177302
Russia,Soviet Union,MT-LB,captured,https://i.postimg.cc/DfG6CMGM/1020-mtlb-capt-25-01-23.jpg,2023-01-30,5584,17741,2,7-5584177412
Russia,Soviet Union,MT-LB,captured,https://i.postimg.cc/cJxpgrhY/1006-mtlb-capt-31-01-23.jpg,2023-02-03,5584,17742,2,7-5584177422
Russia,Soviet Union,MT-LB,captured,https://twitter.com/UAWeapons/status/1621590682849648644,2023-02-05,5584,17743,2,7-5584177432
Russia,Soviet Union,MT-LB,captured,https://i.postimg.cc/B6mKSgMv/1023-mtlb-capt-04-02-23.jpg,2023-02-12,5584,17745,2,7-5584177452
Russia,Soviet Union,MT-LB,captured,https://i.postimg.cc/rmZmj08g/1020-mtlb-capt-11-02-23.jpg,2023-02-13,5584,17748,2,7-5584177482
Russia,Soviet Union,MT-LB,captured,https://i.postimg.cc/8cy03X6z/1010-mtlb-capt-21-03-22.jpg,2023-02-21,5584,17750,2,7-5584177502
Russia,Soviet Union,MT-LB,captured,https://i.postimg.cc/SRdCR1zs/1019-mtlb-capt-01-03-23.jpg,2023-03-04,5584,17760,2,7-5584177602
Russia,Soviet Union,MT-LB,captured,https://i.postimg.cc/N0C47hgP/1008-mtlb-capt-20-02-23.jpg,2023-03-11,5584,17762,2,7-5584177622
Russia,Soviet Union,MT-LB,captured,https://i.postimg.cc/QVGxrzmN/1014-mtlb-capt-11-03-23.png,2023-03-16,5584,17766,2,7-5584177662
Russia,Soviet Union,MT-LB,captured,https://i.postimg.cc/4yMZZpys/1003-mtlb-capt-20-03-23.jpg,2023-03-22,5584,17768,2,7-5584177682
Russia,Soviet Union,MT-LB,captured,https://i.postimg.cc/kGD9kTnT/1022-mtlb-capt-20-03-23.jpg,2023-03-22,5584,17769,2,7-5584177692
Russia,Soviet Union,MT-LB,captured,https://i.postimg.cc/Zq1wy2Js/322.png,2023-03-26,5584,17772,2,7-5584177722
Russia,Soviet Union,MT-LB,captured,https://postlmg.cc/XBwtkG9z,2023-03-28,5584,17775,2,7-5584177752
Russia,Soviet Union,MT-LB,captured,https://postimg.cc/wRt7bV28,2023-03-29,5584,17777,2,7-5584177772
Russia,Soviet Union,MT-LB,captured,https://i.postimg.cc/kXCkgkxB/1029-MT-LB-capt-07-03-22.jpg,2023-06-28,5584,17821,2,7-5584178212
Russia,Soviet Union,MT-LB,captured,https://i.postimg.cc/cHd4K1r3/1067-MT-LB-capt-30-03-22.jpg,2023-10-06,5584,17879,2,7-5584178792
Russia,Soviet Union,MT-LB,captured,https://i.postimg.cc/bvytRBc4/1022-MT-LB-capt-02-06-23.jpg,2024-04-27,5584,18169,2,7-5584181692
Russia,Soviet Union,MT-LB,captured,https://i.postimg.cc/FF8vhYD8/1005-MT-LB-capt-29-10-22.jpg,2024-05-24,5584,18210,2,7-5584182102
Russia,Soviet Union,MT-LB,captured,https://i.postimg.cc/m29skTnD/1004-MT-LB-capt-29-09-22.jpg,2024-05-24,5584,18211,2,7-5584182112
Russia,Soviet Union,MT-LB,captured,https://i.postimg.cc/rpGtbg3x/1014-MT-LB-capt-20-03-22.jpg,2024-06-28,5584,18272,2,7-5584182722
Russia,Soviet Union,MT-LB,captured,https://i.postimg.cc/tg6bJBkr/1028-MT-LB-capt-04-10-22.jpg,2024-06-30,5584,18280,2,7-5584182802
Russia,Soviet Union,MT-LB,captured,https://i.postimg.cc/4dbZwTkv/1010-MT-LB-capt-30-12-22.jpg,2024-08-03,5584,18332,2,7-5584183322
Russia,Soviet Union,MT-LB,captured,https://i.postimg.cc/63Gk3dNH/1025-MT-LB-capt-19-09-22.jpg,2025-04-02,5584,18726,2,7-5584187262
Russia,Soviet Union,MT-LB,captured,https://i.postimg.cc/tJ38dpJW/1026-MT-LB-capt-19-09-22.jpg,2025-04-02,5584,18727,2,7-5584187272
Russia,Soviet Union,MT-LB,captured,https://i.postimg.cc/hGrqZJdM/1002-MT-LB-capt-16-05-22.jpg,2025-06-01,5584,18856,2,7-5584188562
Russia,Soviet Union,MT-LB,captured,https://i.postimg.cc/gjkGKpkN/1001-MT-LB-capt-22-09-22.jpg,2025-08-14,5584,18885,2,7-5584188852
Russia,Soviet Union,MT-LB with ZU-23 AA gun,captured,https://i.postimg.cc/fL7X1hBW/t5.png,2022-03-29,5588,18900,2,7-5588189002
Russia,Soviet Union,MT-LBM 6MB,captured,https://i.postimg.cc/HWBy1LPP/1001-MT-LBM-6-MB.jpg,2022-08-13,5589,18908,2,7-5589189082
Russia,Soviet Union,MT-LBVM and MT-LBVMK,captured,https://i.postimg.cc/vTgL7mXg/76.jpg,2022-04-15,5590,18927,2,7-5590189272
Russia,Soviet Union,MT-LBVM and MT-LBVMK,captured,https://postimg.cc/hh2vkcP8,2022-04-16,5590,18932,2,7-5590189322
Russia,Soviet Union,MT-LBVM and MT-LBVMK,captured,https://i.postimg.cc/59vv0CRv/mttllbbbbbbb.jpg,2022-04-16,5590,18933,2,7-5590189332
Russia,Soviet Union,MT-LBVM and MT-LBVMK,captured,https://i.postimg.cc/MK27bDQd/m1cap1.jpg,2022-04-16,5590,18934,2,7-5590189342
Russia,Soviet Union,MT-LBVM and MT-LBVMK,captured,https://i.postimg.cc/zBHhTbDs/mcap2.jpg,2022-04-16,5590,18935,2,7-5590189352
Russia,Soviet Union,MT-LBVM and MT-LBVMK,captured,https://i.postimg.cc/SR0MdSJJ/mcap4.jpg,2022-04-16,5590,18936,2,7-5590189362
Russia,Soviet Union,MT-LBVM and MT-LBVMK,captured,https://i.postimg.cc/SRWztBMV/mcap6.jpg,2022-04-16,5590,18937,2,7-5590189372
Russia,Soviet Union,MT-LBVM and MT-LBVMK,captured,https://postimg.cc/239jHG22,2022-04-16,5590,18938,2,7-5590189382
Russia,Soviet Union,MT-LBVM and MT-LBVMK,captured,https://postimg.cc/SXbx6KD4,2022-04-16,5590,18939,2,7-5590189392
Russia,Soviet Union,MT-LBVM and MT-LBVMK,captured,https://postimg.cc/CZbdX8zd,2022-04-16,5590,18940,2,7-5590189402
Russia,Soviet Union,MT-LBVM and MT-LBVMK,captured,https://postimg.cc/9rSMfb9r,2022-04-16,5590,18941,2,7-5590189412
Russia,Soviet Union,MT-LBVM and MT-LBVMK,captured,https://i.postimg.cc/FztFks9X/46.png,2022-04-24,5590,18942,2,7-5590189422
Russia,Soviet Union,MT-LBVM and MT-LBVMK,captured,https://i.postimg.cc/qgVD3qkv/c4.jpg,2022-05-08,5590,18950,2,7-5590189502
Russia,Soviet Union,MT-LBVM and MT-LBVMK,captured,https://i.postimg.cc/NFrPFmvn/c5.jpg,2022-05-08,5590,18951,2,7-5590189512
Russia,Soviet Union,MT-LBVM and MT-LBVMK,captured,https://i.postimg.cc/sXrWQvpj/35.jpg,2022-05-12,5590,18954,2,7-5590189542
Russia,Soviet Union,MT-LBVM and MT-LBVMK,captured,https://i.postimg.cc/1X5z3z9j/877.jpg,2022-05-12,5590,18955,2,7-5590189552
Russia,Soviet Union,MT-LBVM and MT-LBVMK,captured,https://i.postimg.cc/Pq8mrMPV/698.jpg,2022-05-13,5590,18956,2,7-5590189562
Russia,Soviet Union,MT-LBVM and MT-LBVMK,captured,https://i.postimg.cc/prDZ3Csm/32.jpg,2022-05-21,5590,18959,2,7-5590189592
Russia,Soviet Union,MT-LBVM and MT-LBVMK,captured,https://i.postimg.cc/0jsMpJvw/48j.png,2022-05-24,5590,18962,2,7-5590189622
Russia,Soviet Union,MT-LBVM and MT-LBVMK,captured,https://i.postimg.cc/yYgXB2kP/87.jpg,2022-06-26,5590,18964,2,7-5590189642
Russia,Soviet Union,MT-LBVM and MT-LBVMK,captured,https://twitter.com/UAWeapons/status/1554001444491198464,2022-08-04,5590,18967,2,7-5590189672
Russia,Soviet Union,MT-LBu,captured,https://i.postimg.cc/pV5ZRVDR/5548.png,2022-03-19,5591,18973,2,7-5591189732
Russia,Soviet Union,MT-LBu,captured,https://i.postimg.cc/bvVkFC2H/Screenshot-8472.png,2022-03-19,5591,18974,2,7-5591189742
Russia,Soviet Union,MT-LBu,captured,https://i.postimg.cc/xjmrvypy/516.png,2022-03-19,5591,4447,2,7-559144472
Russia,Soviet Union,MT-LBu,captured,https://i.postimg.cc/zvT9vXFV/4ff.png,2022-03-19,5591,4434,2,7-559144342
Russia,Soviet Union,MT-LBu,captured,https://i.postimg.cc/QdsVWrSW/4311.png,2022-03-19,5591,18975,2,7-5591189752
Russia,Soviet Union,MT-LBu,captured,https://i.postimg.cc/0Q3ddJ37/5g2.png,2022-03-28,5591,18977,2,7-5591189772
Russia,Soviet Union,MT-LBu,captured,https://i.postimg.cc/02qdRFmR/1d.png,2022-03-28,5591,18978,2,7-5591189782
Russia,Soviet Union,MT-LBu,captured,https://i.postimg.cc/fTMW9rSn/469.png,2022-03-29,5591,18981,2,7-5591189812
Russia,Soviet Union,MT-LBu,captured,https://i.postimg.cc/DyqmxChr/43.jpg,2022-04-01,5591,18982,2,7-5591189822
Russia,Soviet Union,MT-LBu,captured,https://i.postimg.cc/VLvrFkCP/6hh.jpg,2022-04-01,5591,18983,2,7-5591189832
Russia,Soviet Union,MT-LBu,captured,https://twitter.com/UAWeapons/status/1583809626402738176,2022-10-24,5591,18988,2,7-5591189882
Russia,Russia,MTU-72 bridge layer,captured,https://i.postimg.cc/15PH69LH/3g.png,2022-03-19,5592,19010,2,7-5592190102
Russia,Russia,MTU-72 bridge layer,captured,https://i.postimg.cc/prZTvrWj/43ff.png,2022-04-13,5592,19011,2,7-5592190112
Russia,Russia,Merlin-VR,captured,https://i.postimg.cc/90drq92c/1002-Merlin-VR-reconnaissance-UAV-capt-29-08-24.jpg,2024-09-03,5593,19014,2,7-5593190142
Russia,Russia,Merlin-VR,captured,https://i.postimg.cc/DyqVy1Pf/1031-Merlin-VR-reconnaissance-UAV-capt-07-09-24.jpg,2024-09-13,5593,19015,2,7-5593190152
Russia,Russia,Merlin-VR,captured,https://i.postimg.cc/FspsSt1J/1031-Merlin-VR-reconnaissance-UAV-capt-03-10-24.jpg,2024-10-09,5593,19018,2,7-5593190182
Russia,Russia,Merlin-VR,captured,https://i.postimg.cc/sfhJmLQr/1001-Merlin-VR-reconnaissance-UAV-capt-28-11-24.jpg,2024-12-03,5593,19019,2,7-5593190192
Russia,Russia,Merlin-VR,captured,https://i.postimg.cc/brpXhhNH/1029-Merlin-VR-reconnaissance-UAV-capt-04-02-25.jpg,2025-04-07,5593,19021,2,7-5593190212
Russia,Russia,Merlin-VR,captured,https://i.postimg.cc/cCKZf93F/1017-Merlin-VR-reconnaissance-UAV-capt-10-04-25.jpg,2025-04-13,5593,19023,2,7-5593190232
Russia,Russia,Mi-8 transport helicopter,captured,https://i.postimg.cc/V60Y91Jb/1032-mi8-capt-01-08-23.jpg,2023-08-24,5601,19091,2,7-5601190912
Russia,Russia,Mi-8 transport helicopter,captured,https://i.postimg.cc/d3hMnhnx/43887.png,2023-09-08,5601,19092,2,7-5601190922
Russia,Iran,Mohajer-6 UCAV,captured,https://twitter.com/UAWeapons/status/1576953933398151169,2022-10-04,5604,19109,2,7-5604191092
Russia,Russia,Orlan-10,captured,https://i.postimg.cc/7Zc6sQgV/446.png,2022-11-16,5607,19122,2,7-5607191222
Russia,Russia,Orlan-10,captured,https://i.postimg.cc/g2D6v8XZ/66568.png,2022-11-16,5607,19123,2,7-5607191232
Russia,Russia,Orlan-10,captured,https://i.postimg.cc/0Qrk7Rzf/1007-oraln10-capt.jpg,2022-11-30,5607,19124,2,7-5607191242
Russia,Russia,Orlan-10,captured,https://twitter.com/UAWeapons/status/1597902731028881411,2022-12-02,5607,19125,2,7-5607191252
Russia,Russia,Orlan-10,captured,https://twitter.com/UAWeapons/status/1599547736776245249,2022-12-06,5607,19126,2,7-5607191262
Russia,Russia,Orlan-10,captured,https://i.postimg.cc/KY4WD7Vf/580.png,2022-12-23,5607,19127,2,7-5607191272
Russia,Russia,Orlan-10,captured,https://i.postimg.cc/5t8PCrFd/1021-orlan-10-capt-05-01-23.jpg,2023-01-06,5607,19130,2,7-5607191302
Russia,Russia,Orlan-10,captured,https://i.postimg.cc/k5t3WxSC/1000-orlan10-capt-25-11-22.jpg,2023-01-21,5607,19136,2,7-5607191362
Russia,Russia,Orlan-10,captured,https://i.postimg.cc/QxX3v92g/1041-orlan-10-capt-16-12-22.jpg,2023-01-21,5607,19137,2,7-5607191372
Russia,Russia,Orlan-10,captured,https://i.postimg.cc/FH90kLdh/1035-orlan10-capt-18-05-22.jpg,2023-02-03,5607,19148,2,7-5607191482
Russia,Russia,Orlan-10,captured,https://i.postimg.cc/cLXwRLww/1036-orlan10-capt-24-06-22.jpg,2023-02-03,5607,19149,2,7-5607191492
Russia,Russia,Orlan-10,captured,https://i.postimg.cc/ydSRCh5y/1037-orlan10-capt-06-06-22.jpg,2023-02-03,5607,19150,2,7-5607191502
Russia,Russia,Orlan-10,captured,https://i.postimg.cc/5trzrKPt/1041-orlan10-capt-24-06-2022.jpg,2023-02-03,5607,19151,2,7-5607191512
Russia,Russia,Orlan-10,captured,https://twitter.com/UAWeapons/status/1621901318318088194,2023-02-07,5607,10645,2,7-5607106452
Russia,Russia,Orlan-10,captured,https://i.postimg.cc/YSV4Q1z7/1031-orlan10-capt-09-02-23.jpg,2023-02-12,5607,19156,2,7-5607191562
Russia,Russia,Orlan-10,captured,https://i.postimg.cc/SQgzYK1M/1005-orlan10-capt-20-11-22.jpg,2023-03-07,5607,19158,2,7-5607191582
Russia,Russia,Orlan-10,captured,https://i.postimg.cc/y8KqZRdr/1010-orlan10-capt-10-03-23.jpg,2023-03-11,5607,19159,2,7-5607191592
Russia,Russia,Orlan-10,captured,https://i.postimg.cc/63tR2qqv/1020-orlan10-capt-12-03-23.jpg,2023-03-13,5607,19161,2,7-5607191612
Russia,Russia,Orlan-10,captured,https://i.postimg.cc/DZ67zrTZ/121.png,2023-03-26,5607,19162,2,7-5607191622
Russia,Russia,Orlan-10,captured,https://i.postimg.cc/JzCKRFR1/4318.png,2023-03-26,5607,19163,2,7-5607191632
Russia,Russia,Orlan-10,captured,https://i.postimg.cc/zBNZxmHd/57p.png,2023-03-28,5607,19164,2,7-5607191642
Russia,Russia,Orlan-10,captured,https://i.postimg.cc/50t5xpQR/776.png,2023-04-08,5607,19168,2,7-5607191682
Russia,Russia,Orlan-10,captured,https://i.postimg.cc/jdmp0J0Z/870.png,2023-04-19,5607,19169,2,7-5607191692
Russia,Russia,Orlan-10,captured,https://i.postimg.cc/VNyQd7dF/1000-orlan10-capt-11-05-23.jpg,2023-05-12,5607,19174,2,7-5607191742
Russia,Russia,Orlan-10,captured,https://i.postimg.cc/vB77Mr21/1045-Orlan-10-reconnaissance-UAV-capt-10-05-23.png,2023-05-23,5607,19181,2,7-5607191812
Russia,Russia,Orlan-10,captured,https://i.postimg.cc/66726N2Y/1001-Orlan-10-reconnaissance-UAV-capt-05-11-22.jpg,2023-05-30,5607,19185,2,7-5607191852
Russia,Russia,Orlan-10,captured,https://i.postimg.cc/fym1W9sr/1006-orlan10-capt-29-06-23.jpg,2023-07-04,5607,19189,2,7-5607191892
Russia,Russia,Orlan-10,captured,https://i.postimg.cc/LXgksvJv/1026-Orlan-10-capt-13-07-23.jpg,2023-07-14,5607,19193,2,7-5607191932
Russia,Russia,Orlan-10,captured,https://i.postimg.cc/pTYvr44L/1019-orlan10-capt-17-05-23.jpg,2023-08-26,5607,19201,2,7-5607192012
Russia,Russia,Orlan-10,captured,https://i.postimg.cc/sgJ7QKJy/4439.png,2023-09-12,5607,19203,2,7-5607192032
Russia,Russia,Orlan-10,captured,https://i.postimg.cc/cHcWN6W5/2248.png,2023-09-21,5607,19204,2,7-5607192042
Russia,Russia,Orlan-10,captured,https://i.postimg.cc/Y97fhF6x/1009-orlan10-capt-04-10-23.jpg,2023-10-06,5607,19206,2,7-5607192062
Russia,Russia,Orlan-10,captured,https://i.postimg.cc/4NWYLqmr/1034-orlan10-capt-06-10-23.jpg,2023-10-09,5607,19207,2,7-5607192072
Russia,Russia,Orlan-10,captured,https://i.postimg.cc/tCMvHYxt/1029-orlan-10-capt-11-10-23.jpg,2023-10-15,5607,19208,2,7-5607192082
Russia,Russia,Orlan-10,captured,https://i.postimg.cc/R0qLGn67/1053-Orlan-10-UAV-capt-14-11-23.jpg,2023-11-20,5607,19212,2,7-5607192122
Russia,Russia,Orlan-10,captured,https://i.postimg.cc/YS1f7Pd2/1020-orlan10-capt-28-12-23.jpg,2024-01-09,5607,19213,2,7-5607192132
Russia,Russia,Orlan-10,captured,https://i.postimg.cc/RCDfpx1W/1014-orlan10-capt-31-12-23.jpg,2024-01-30,5607,19214,2,7-5607192142
Russia,Russia,Orlan-10,captured,https://i.postimg.cc/y69K7c7f/1020-Orlan-10-capt-31-08-23.jpg,2024-02-23,5607,19218,2,7-5607192182
Russia,Russia,Orlan-10,captured,https://i.postimg.cc/hj7YYBtL/1035-Orlan-10-capt-17-06-24.jpg,2024-06-20,5607,19234,2,7-5607192342
Russia,Russia,Orlan-10,captured,https://i.postimg.cc/5ydrdRXZ/1001-Orlan-10-reconnaissance-UAV-capt-15-06-24.jpg,2024-06-20,5607,19235,2,7-5607192352
Russia,Russia,Orlan-10,captured,https://i.postimg.cc/85L73jkt/1049-orlan10-destr-27-06-24.jpg,2024-06-30,5607,19236,2,7-5607192362
Russia,Russia,Orlan-10,captured,https://i.postimg.cc/Xvmx6TZ3/1035-Orlan-10-capt-21-07-23.jpg,2024-07-21,5607,19237,2,7-5607192372
Russia,Russia,Orlan-10,captured,https://i.postimg.cc/8kFDDLLW/1016-Orlan-10-capt-31-08-22.jpg,2024-07-24,5607,19238,2,7-5607192382
Russia,Russia,Orlan-10,captured,https://i.postimg.cc/L84tvnCP/1014-Orlan-10-reconnaissance-UAV-capt-31-07-24.jpg,2024-08-09,5607,19240,2,7-5607192402
Russia,Russia,Orlan-10,captured,https://i.postimg.cc/G2zzBcM9/1031-Orlan-10-capt-12-08-24.jpg,2024-08-15,5607,19242,2,7-5607192422
Russia,Russia,Orlan-10,captured,https://i.postimg.cc/kXJxCc24/1009-Orlan-10-reconnaissance-UAV-capt-02-09-24.jpg,2024-09-09,5607,19244,2,7-5607192442
Russia,Russia,Orlan-10,captured,https://i.postimg.cc/Pf61040x/1024-Orlan-10-capt-30-06-24.jpg,2024-09-20,5607,19246,2,7-5607192462
Russia,Russia,Orlan-10,captured,https://i.postimg.cc/1X4cBMxM/1016-Orlan-10-reconnaissance-UAV-capt-21-12-24.jpg,2024-12-26,5607,19252,2,7-5607192522
Russia,Russia,Orlan-10,captured,https://i.postimg.cc/mrVtXLC7/1039-Orlan-10-reconnaissance-UAV-capt-01-11-24.jpg,2025-01-22,5607,19254,2,7-5607192542
Russia,Russia,Orlan-10,captured,https://i.postimg.cc/FRKsQ3WH/1027-Orlan-10-reconnaissance-UAV-capt-24-12-24.jpg,2025-04-07,5607,19258,2,7-5607192582
Russia,Russia,Orlan-10,captured,https://i.postimg.cc/XNmdTh7k/1005-Orlan-10-reconnaissance-UAV-capt-27-02-25.jpg,2025-05-23,5607,19259,2,7-5607192592
Russia,Russia,Orlan-10,captured,https://i.postimg.cc/zXhK5jyZ/1021-Orlan-10-reconnaissance-UAV-capt-28-02-25.jpg,2025-05-23,5607,19260,2,7-5607192602
Russia,Russia,Orlan-10,captured,https://i.postimg.cc/fRhXb9d3/1022-Orlan-10-reconnaissance-UAV-capt-27-02-25.jpg,2025-05-23,5607,19261,2,7-5607192612
Russia,Russia,Orlan-10,captured,https://i.postimg.cc/rpy77mcN/1001-Orlan-10-reconnaissance-UAV-capt-04-04-25.jpg,2025-06-27,5607,19266,2,7-5607192662
Russia,Russia,Orlan-10,captured,https://i.postimg.cc/QdJR65LM/1002-Orlan-10-reconnaissance-UAV-capt-01-04-25.jpg,2025-06-27,5607,19267,2,7-5607192672
Russia,Russia,Orlan-10,captured,https://i.postimg.cc/Dyk7ZWSV/1026-Orlan-10-reconnaissance-UAV-capt-11-04-25.jpg,2025-07-01,5607,19268,2,7-5607192682
Russia,Russia,Orlan-10,captured,https://i.postimg.cc/Y2mM6Yph/1029-Orlan-10-reconnaissance-UAV-capt-20-04-25.jpg,2025-07-19,5607,19271,2,7-5607192712
Russia,Russia,Orlan-10,captured,https://i.postimg.cc/j2tXSfYP/1005-Orlan-10-reconnaissance-UAV-capt-13-02-25.jpg,2025-07-27,5607,19273,2,7-5607192732
Russia,Russia,Orlan-10,captured,https://i.postimg.cc/SK3PKjdb/1012-Orlan-10-reconnaissance-UAV-capt-17-05-25.jpg,2025-08-14,5607,19274,2,7-5607192742
Russia,Russia,Orlan-10,captured,https://i.postimg.cc/66mr7ZPs/1012-Orlan-10-reconnaissance-UAV-capt-26-05-25.jpg,2025-08-17,5607,19275,2,7-5607192752
Russia,Russia,Orlan-10,captured,https://i.postimg.cc/TY5rnw8K/1013-Orlan-10-reconnaissance-UAV-capt-26-05-25.jpg,2025-08-17,5607,19276,2,7-5607192762
Russia,Russia,Orlan-10 UCAV,captured,https://i.postimg.cc/3JvQ6666/IMG-4845.jpg,2023-07-14,5608,19277,2,7-5608192772
Russia,Russia,Orlan-10 jamming UAV,captured,https://i.postimg.cc/TYLmNYfv/546.jpg,2022-05-14,5609,19278,2,7-5609192782
Russia,Russia,Orlan-10 jamming UAV,captured,https://i.postimg.cc/sgC68V4P/1036-Orlan-10-electronic-warfare-UAV-capt-28-10-24.jpg,2024-12-23,5609,19280,2,7-5609192802
Russia,Russia,Orlan-10 reconnaissance UAV,captured,https://i.postimg.cc/SsmD3Q1Q/489.png,2022-03-19,5610,19284,2,7-5610192842
Russia,Russia,Orlan-10 reconnaissance UAV,captured,https://i.postimg.cc/T2FpLK3H/4fj.png,2022-03-19,5610,19285,2,7-5610192852
Russia,Russia,Orlan-10 reconnaissance UAV,captured,https://i.postimg.cc/vH8mfDPF/178.png,2022-03-26,5610,19289,2,7-5610192892
Russia,Russia,Orlan-10 reconnaissance UAV,captured,https://i.postimg.cc/bJTQmCp8/6899.png,2022-04-09,5610,19294,2,7-5610192942
Russia,Russia,Orlan-10 reconnaissance UAV,captured,https://i.postimg.cc/BbxhgctG/7761.jpg,2022-04-09,5610,19295,2,7-5610192952
Russia,Russia,Orlan-10 reconnaissance UAV,captured,https://i.postimg.cc/6QqPwj1t/4f.jpg,2022-04-14,5610,19301,2,7-5610193012
Russia,Russia,Orlan-10 reconnaissance UAV,captured,https://i.postimg.cc/NF1kqKHh/1.jpg,2022-04-17,5610,19303,2,7-5610193032
Russia,Russia,Orlan-10 reconnaissance UAV,captured,https://i.postimg.cc/Zq7rm9pH/370.png,2022-04-21,5610,19307,2,7-5610193072
Russia,Russia,Orlan-10 reconnaissance UAV,captured,https://i.postimg.cc/RZF5FGVc/576.jpg,2022-04-23,5610,19309,2,7-5610193092
Russia,Russia,Orlan-10 reconnaissance UAV,captured,https://i.postimg.cc/dtPZbsKy/4f2.png,2022-04-23,5610,19310,2,7-5610193102
Russia,Russia,Orlan-10 reconnaissance UAV,captured,https://i.postimg.cc/TY4KfK2d/57.jpg,2022-05-01,5610,19313,2,7-5610193132
Russia,Russia,Orlan-10 reconnaissance UAV,captured,https://i.postimg.cc/nh9Sskyd/443d.jpg,2022-05-05,5610,19318,2,7-5610193182
Russia,Russia,Orlan-10 reconnaissance UAV,captured,https://i.postimg.cc/5N6BMbSX/g2.jpg,2022-05-08,5610,19321,2,7-5610193212
Russia,Russia,Orlan-10 reconnaissance UAV,captured,https://i.postimg.cc/cL3rsCST/32.jpg,2022-05-08,5610,19322,2,7-5610193222
Russia,Russia,Orlan-10 reconnaissance UAV,captured,https://i.postimg.cc/YqNCVRZ8/689.jpg,2022-05-11,5610,19324,2,7-5610193242
Russia,Russia,Orlan-10 reconnaissance UAV,captured,https://i.postimg.cc/zX4cH9kG/378.png,2022-05-12,5610,19326,2,7-5610193262
Russia,Russia,Orlan-10 reconnaissance UAV,captured,https://i.postimg.cc/vBGZW9Dm/769.jpg,2022-05-12,5610,19327,2,7-5610193272
Russia,Russia,Orlan-10 reconnaissance UAV,captured,https://i.postimg.cc/FKNqkkLG/479.png,2022-05-12,5610,19328,2,7-5610193282
Russia,Russia,Orlan-10 reconnaissance UAV,captured,https://i.postimg.cc/QMpYq1Jn/65g.png,2022-05-14,5610,19330,2,7-5610193302
Russia,Russia,Orlan-10 reconnaissance UAV,captured,https://i.postimg.cc/jdHNY3wM/5471.jpg,2022-05-14,5610,19331,2,7-5610193312
Russia,Russia,Orlan-10 reconnaissance UAV,captured,https://i.postimg.cc/sxc4pmht/684.png,2022-05-23,5610,19335,2,7-5610193352
Russia,Russia,Orlan-10 reconnaissance UAV,captured,https://i.postimg.cc/fL9zMkcJ/f4.jpg,2022-05-23,5610,19336,2,7-5610193362
Russia,Russia,Orlan-10 reconnaissance UAV,captured,https://i.postimg.cc/1X19XPBM/f5.jpg,2022-05-23,5610,19337,2,7-5610193372
Russia,Russia,Orlan-10 reconnaissance UAV,captured,https://i.postimg.cc/8zkzDNf8/o1.png,2022-05-26,5610,19339,2,7-5610193392
Russia,Russia,Orlan-10 reconnaissance UAV,captured,https://i.postimg.cc/hGqMhZgq/o3.png,2022-05-26,5610,19340,2,7-5610193402
Russia,Russia,Orlan-10 reconnaissance UAV,captured,https://i.postimg.cc/9fZz7drg/778.jpg,2022-06-02,5610,19343,2,7-5610193432
Russia,Russia,Orlan-10 reconnaissance UAV,captured,https://i.postimg.cc/wM3vnwmj/548.png,2022-06-02,5610,19344,2,7-5610193442
Russia,Russia,Orlan-10 reconnaissance UAV,captured,https://i.postimg.cc/bJ9tZDL2/j77.jpg,2022-06-08,5610,19346,2,7-5610193462
Russia,Russia,Orlan-10 reconnaissance UAV,captured,https://i.postimg.cc/nLwDTbvD/o1.jpg,2022-06-26,5610,19347,2,7-5610193472
Russia,Russia,Orlan-10 reconnaissance UAV,captured,https://i.postimg.cc/Y95mK6D2/o2.jpg,2022-06-26,5610,19348,2,7-5610193482
Russia,Russia,Orlan-10 reconnaissance UAV,captured,https://i.postimg.cc/JnpJ6DcS/4f88.png,2022-06-28,5610,19349,2,7-5610193492
Russia,Russia,Orlan-10 reconnaissance UAV,captured,https://i.postimg.cc/wx21XFCw/090.jpg,2022-06-29,5610,19350,2,7-5610193502
Russia,Russia,Orlan-10 reconnaissance UAV,captured,https://i.postimg.cc/nhnvjKN9/433.png,2022-07-12,5610,19352,2,7-5610193522
Russia,Russia,Orlan-10 reconnaissance UAV,captured,https://i.postimg.cc/CKJQDtPK/4488.png,2022-07-20,5610,19353,2,7-5610193532
Russia,Russia,Orlan-10 reconnaissance UAV,captured,https://twitter.com/UAWeapons/status/1557721655991885824,2022-08-13,5610,19356,2,7-5610193562
Russia,Russia,Orlan-10 reconnaissance UAV,captured,https://i.postimg.cc/xCxn758d/1100-orlan10.jpg,2022-08-23,5610,19361,2,7-5610193612
Russia,Russia,Orlan-10 reconnaissance UAV,captured,https://i.postimg.cc/X7DyWsdF/1007-orlan10.jpg,2022-08-23,5610,19362,2,7-5610193622
Russia,Russia,Orlan-10 reconnaissance UAV,captured,https://twitter.com/RALee85/status/1561460268994965505,2022-08-23,5610,19363,2,7-5610193632
Russia,Russia,Orlan-10 reconnaissance UAV,captured,https://twitter.com/RALee85/status/1561952181779156993,2022-08-24,5610,19364,2,7-5610193642
Russia,Russia,Orlan-10 reconnaissance UAV,captured,https://twitter.com/UAWeapons/status/1562762515993358336,2022-08-30,5610,19366,2,7-5610193662
Russia,Russia,Orlan-10 reconnaissance UAV,captured,https://i.postimg.cc/0QzQdnnK/1002-orlan10.jpg,2022-08-30,5610,19367,2,7-5610193672
Russia,Russia,Orlan-10 reconnaissance UAV,captured,https://twitter.com/UAWeapons/status/1566364893661511680,2022-09-04,5610,19369,2,7-5610193692
Russia,Russia,Orlan-10 reconnaissance UAV,captured,https://twitter.com/UAWeapons/status/1568935751777415168,2022-09-12,5610,19370,2,7-5610193702
Russia,Russia,Orlan-10 reconnaissance UAV,captured,https://twitter.com/UAWeapons/status/1573271316521787392,2022-09-24,5610,19372,2,7-5610193722
Russia,Russia,Orlan-10 reconnaissance UAV,captured,https://twitter.com/UAWeapons/status/1575211477380001792,2022-09-29,5610,19373,2,7-5610193732
Russia,Russia,Orlan-10 reconnaissance UAV,captured,https://i.postimg.cc/Pf49vd2q/1007-oraln10-capt.jpg,2022-10-08,5610,19376,2,7-5610193762
Russia,Russia,Orlan-10 reconnaissance UAV,captured,https://twitter.com/UAWeapons/status/1589896618664677376,2022-11-09,5610,19377,2,7-5610193772
Russia,Russia,Orlan-30,captured,https://twitter.com/UAWeapons/status/1621901318318088194,2023-02-07,5611,10645,2,7-5611106452
Russia,Russia,Orlan-30,captured,https://i.postimg.cc/RF3MLxc0/48k.png,2023-04-19,5611,19379,2,7-5611193792
Russia,Russia,Orlan-30,captured,https://i.postimg.cc/VLW9jjR1/1022-Orlan-30-reconnaissance-UAV-capt-06-08-24.jpg,2024-08-09,5611,19387,2,7-5611193872
Russia,Russia,Orlan-30,captured,https://i.postimg.cc/KcnBvsSh/1035-Orlan-30-reconnaissance-UAV-capt-13-09-24.jpg,2024-09-25,5611,19389,2,7-5611193892
Russia,Russia,Orlan-30,captured,https://i.postimg.cc/k4rL3g3z/1010-Orlan-30-reconnaissance-UAV-capt-30-11-24.jpg,2025-03-02,5611,19392,2,7-5611193922
Russia,Russia,Orlan-30,captured,https://i.postimg.cc/1Xnm8PZx/1037-Orlan-30-reconnaissance-UAV-capt-02-02-25.jpg,2025-04-07,5611,19394,2,7-5611193942
Russia,Russia,Orlan-30,captured,https://i.postimg.cc/3NsKp6Kk/1036-Orlan-30-reconnaissance-UAV-capt-21-02-25.jpg,2025-04-07,5611,19395,2,7-5611193952
Russia,Russia,Orlan-30,captured,https://i.postimg.cc/5NKn8rMb/1041-Orlan-30-reconnaissance-UAV-capt-07-04-25.jpg,2025-04-10,5611,19396,2,7-5611193962
Russia,Russia,Orlan-30,captured,https://i.postimg.cc/3wSYBZ4D/1028-Orlan-30-reconnaissance-UAV-capt-09-05-25.jpg,2025-07-19,5611,19398,2,7-5611193982
Russia,Russia,Orlan-30,captured,https://i.postimg.cc/LXJR0ZLQ/1027-Orlan-30-reconnaissance-UAV-capt-09-05-25.jpg,2025-07-19,5611,19399,2,7-5611193992
Russia,Russia,Orlan-30,captured,https://i.postimg.cc/0N29D4Qs/1026-Orlan-30-reconnaissance-UAV-capt-09-05-25.jpg,2025-07-19,5611,19400,2,7-5611194002
Russia,Russia,Orlan-30 reconnaissance UAV,captured,https://i.postimg.cc/Y9Ps2VXG/f5.png,2022-08-08,5612,19403,2,7-5612194032
Russia,Russia,Orlan-30 reconnaissance UAV,captured,https://twitter.com/UAWeapons/status/1573271316521787392,2022-09-24,5612,19372,2,7-5612193722
Russia,Russia,P-260-U signal vehicle (for Redut-2US signal and communications system),captured,https://i.postimg.cc/MGB9YfRK/7y.png,2022-03-19,5614,19405,2,7-5614194052
Russia,Russia,P-260-U signal vehicle (for Redut-2US signal and communications system),captured,https://i.postimg.cc/593fccyW/36h.png,2022-03-26,5614,19406,2,7-5614194062
Russia,Soviet Union,PMP floating bridge,captured,https://i.postimg.cc/2SDSqjrD/dr2.jpg,2022-04-01,5615,19411,2,7-5615194112
Russia,Soviet Union,PMP floating bridge,captured,https://i.postimg.cc/wTqRqW7q/7k.jpg,2022-04-23,5615,19412,2,7-5615194122
Russia,Soviet Union,PMP floating bridge,captured,https://postimg.cc/mtdZGRwb,2022-09-15,5615,19415,2,7-5615194152
Russia,Russia,PP-2005 floating bridge,captured,https://i.postimg.cc/hPR7XfzT/574.png,2022-04-10,5616,19421,2,7-5616194212
Russia,Russia,PP-2005 floating bridge,captured,https://i.postimg.cc/T2c1BPwc/73.png,2022-04-11,5616,19422,2,7-5616194222
Russia,Russia,PP-2005 floating bridge,captured,https://postimg.cc/yJjkVD4D,2022-05-25,5616,19429,2,7-5616194292
Russia,Russia,PP-2005 floating bridge,captured,https://i.postimg.cc/dthWRbGf/1014-PP-2005-pontoon-6-11.jpg,2022-11-08,5616,19436,2,7-5616194362
Russia,Russia,PPRU-1(M) '9S80(-1)' 'Sborka' (for 9K35 Strela-10),captured,https://i.postimg.cc/Bvg6z7R1/4388.png,2022-04-01,5617,19442,2,7-5617194422
Russia,Soviet Union,PTS-3 tracked amphibious transport,captured,https://i.postimg.cc/HktQQkYh/5790.png,2022-04-10,5618,19447,2,7-5618194472
Russia,Soviet Union,PTS-3 tracked amphibious transport,captured,https://i.postimg.cc/yYpdPNYp/543.jpg,2022-04-10,5618,19448,2,7-5618194482
Russia,Soviet Union,PTS-3 tracked amphibious transport,captured,https://i.postimg.cc/qBXtN2z5/998.jpg,2022-04-20,5618,19450,2,7-5618194502
Russia,Soviet Union,PTS-3 tracked amphibious transport,captured,https://i.postimg.cc/yxSbRpfX/66.png,2022-05-08,5618,19454,2,7-5618194542
Russia,Russia,Pantsir-S1,captured,https://postimg.cc/TpB4Xtbs/ec2c4921,2022-03-19,5619,19461,2,7-5619194612
Russia,Russia,Pantsir-S1,captured,https://i.postimg.cc/QxrxMb4D/k88.png,2022-03-19,5619,19462,2,7-5619194622
Russia,Russia,Pantsir-S1,captured,https://i.postimg.cc/5yy3byX2/43j.png,2022-03-19,5619,19463,2,7-5619194632
Russia,Russia,Pontoon bridge,captured,https://i.postimg.cc/L6LThN8t/315.png,2022-03-26,5620,19468,2,7-5620194682
Russia,Russia,Pontoon bridge,captured,https://i.postimg.cc/7ZQSBQz3/c1.jpg,2022-04-10,5620,19471,2,7-5620194712
Russia,Russia,Pontoon bridge,captured,https://i.postimg.cc/bwvQ9jZY/c2.jpg,2022-04-10,5620,19472,2,7-5620194722
Russia,Russia,Pontoon bridge,captured,https://i.postimg.cc/J4yMTsbF/3d5.png,2022-04-13,5620,19473,2,7-5620194732
Russia,Soviet Union,R-145BM1 command vehicle,captured,https://i.postimg.cc/65NCK7h7/76.jpg,2022-04-09,5632,19501,2,7-5632195012
Russia,Soviet Union,R-145BM1 command vehicle,captured,https://i.postimg.cc/m2r7GPVb/485.png,2022-05-23,5632,19502,2,7-5632195022
Russia,Russia,R-149MA1 command and staff vehicle,captured,https://i.postimg.cc/hG5hhQJp/59.png,2022-03-19,5634,19518,2,7-5634195182
Russia,Russia,R-149MA1 command and staff vehicle,captured,https://i.postimg.cc/kgBKhrFT/884.png,2022-03-19,5634,16258,2,7-5634162582
Russia,Russia,R-149MA1 command and staff vehicle,captured,https://i.postimg.cc/SxdymMYS/f432.png,2022-03-19,5634,19519,2,7-5634195192
Russia,Russia,R-149MA1 command and staff vehicle,captured,https://i.postimg.cc/hPWjc9Qs/mp.jpg,2022-03-19,5634,19520,2,7-5634195202
Russia,Russia,R-149MA1 command and staff vehicle,captured,https://i.postimg.cc/P5zsqGHT/3313.png,2022-03-26,5634,19522,2,7-5634195222
Russia,Russia,R-149MA1 command and staff vehicle,captured,https://i.postimg.cc/cLDXxbXF/5gl.png,2022-03-27,5634,19524,2,7-5634195242
Russia,Russia,R-149MA1 command and staff vehicle,captured,https://i.postimg.cc/pdB74mm1/3325.png,2022-03-30,5634,19525,2,7-5634195252
Russia,Russia,R-149MA1 command and staff vehicle,captured,https://i.postimg.cc/4yYNv559/f7.jpg,2022-04-01,5634,19529,2,7-5634195292
Russia,Russia,R-149MA1 command and staff vehicle,captured,https://i.postimg.cc/RFcfzjsM/43.png,2022-04-04,5634,19532,2,7-5634195322
Russia,Russia,R-149MA1 command and staff vehicle,captured,https://i.postimg.cc/FzhWVBty/793.png,2022-04-10,5634,19536,2,7-5634195362
Russia,Russia,R-149MA1 command and staff vehicle,captured,https://i.postimg.cc/Px1S1M0W/7760.jpg,2022-04-10,5634,19537,2,7-5634195372
Russia,Russia,R-149MA1 command and staff vehicle,captured,https://i.postimg.cc/4NBgyzgY/49.png,2022-04-11,5634,19538,2,7-5634195382
Russia,Russia,R-149MA1 command and staff vehicle,captured,https://i.postimg.cc/yNJG3Xpt/776d.jpg,2022-04-23,5634,19542,2,7-5634195422
Russia,Russia,R-149MA1 command and staff vehicle,captured,https://i.postimg.cc/mZQ9GzMB/87.jpg,2022-05-15,5634,19543,2,7-5634195432
Russia,Russia,R-149MA1 command and staff vehicle,captured,https://i.postimg.cc/nLndbtWV/328.png,2022-06-05,5634,19544,2,7-5634195442
Russia,Russia,R-149MA1 command and staff vehicle,captured,https://i.postimg.cc/zGzwY2Qn/6533.png,2022-06-06,5634,19545,2,7-5634195452
Russia,Russia,R-149MA3 command and staff vehicle,captured,https://i.postimg.cc/pXBzH5Qc/554.png,2022-03-19,5635,19556,2,7-5635195562
Russia,Russia,R-149MA3 command and staff vehicle,captured,https://i.postimg.cc/q7W198PZ/f431.png,2022-03-19,5635,19557,2,7-5635195572
Russia,Russia,R-149MA3 command and staff vehicle,captured,https://i.postimg.cc/65LWg9tK/554.jpg,2022-03-26,5635,19561,2,7-5635195612
Russia,Russia,R-149MA3 command and staff vehicle,captured,https://i.postimg.cc/cJCm25Z1/n2.png,2022-03-26,5635,15965,2,7-5635159652
Russia,Russia,R-149MA3 command and staff vehicle,captured,https://i.postimg.cc/qMBBzkFq/Screenshot-8469.png,2022-03-26,5635,15967,2,7-5635159672
Russia,Russia,R-149MA3 command and staff vehicle,captured,https://i.postimg.cc/66nd8KXn/4g2.jpg,2022-04-06,5635,19563,2,7-5635195632
Russia,Russia,R-149MA3 command and staff vehicle,captured,https://i.postimg.cc/J0ntzbdY/1003-R-149-MA3.jpg,2022-08-13,5635,19564,2,7-5635195642
Russia,Russia,R-149MA3 command and staff vehicle,captured,https://i.postimg.cc/fyYhkTDq/1002-R149-M3.jpg,2022-08-13,5635,19565,2,7-5635195652
Russia,Russia,R-149MA3 command and staff vehicle,captured,https://i.postimg.cc/dtQ6ZsNN/1003-btr80.jpg,2022-09-05,5635,19566,2,7-5635195662
Russia,Russia,R-149MA3 command and staff vehicle,captured,https://i.postimg.cc/QxNm91xs/1020-r-149ma3.jpg,2022-09-14,5635,19568,2,7-5635195682
Russia,Russia,R-149MA3 command and staff vehicle,captured,https://i.postimg.cc/qMmL8qzK/1023-r-149ma3.jpg,2022-09-14,5635,19569,2,7-5635195692
Russia,Russia,R-149MA3 command and staff vehicle,captured,https://i.postimg.cc/xCK5HPzj/1024-r-149ma3.jpg,2022-09-14,5635,19570,2,7-5635195702
Russia,Russia,R-166-0.5 signals vehicle,captured,https://i.postimg.cc/gjx3KxTk/f57.png,2022-03-19,5636,19573,2,7-5636195732
Russia,Russia,R-166-0.5 signals vehicle,captured,https://i.postimg.cc/W3bt0p4Z/a1.png,2022-03-29,5636,19574,2,7-5636195742
Russia,Russia,R-166-0.5 signals vehicle,captured,https://i.postimg.cc/hj09FC87/5542.png,2022-04-01,5636,19576,2,7-5636195762
Russia,Russia,R-166-0.5 signals vehicle,captured,https://postlmg.cc/SXJDzN7W,2022-04-09,5636,19578,2,7-5636195782
Russia,Russia,R-166-0.5 signals vehicle,captured,https://i.postimg.cc/TwvP9pkB/676.jpg,2022-04-14,5636,19579,2,7-5636195792
Russia,Russia,R-166-0.5 signals vehicle,captured,https://i.postimg.cc/DyM4sHc5/21.jpg,2022-04-25,5636,19581,2,7-5636195812
Russia,Russia,R-166-0.5 signals vehicle,captured,https://i.postimg.cc/nVQL8gps/474.jpg,2022-05-21,5636,19584,2,7-5636195842
Russia,Russia,R-166-0.5 signals vehicle,captured,https://postimg.cc/zyFBRqf5,2022-08-13,5636,19588,2,7-5636195882
Russia,Russia,R-166-0.5 signals vehicle,captured,https://i.postimg.cc/SsXX4WkW/2022-03-30-r-166.jpg,2022-10-18,5636,19592,2,7-5636195922
Russia,Russia,R-330BMV Borisoglebsk-2B,captured,https://i.postimg.cc/q7sY5R4q/45.png,2022-03-19,5637,19601,2,7-5637196012
Russia,Russia,R-330BMV Borisoglebsk-2B,captured,https://twitter.com/UAWeapons/status/1569707532687478784,2022-09-14,5637,19603,2,7-5637196032
Russia,Russia,REM-KL armoured recovery vehicle,captured,https://i.postimg.cc/6QZqppsj/f8.png,2022-03-19,5644,19644,2,7-5644196442
Russia,Russia,SNAR-10M1 battlefield surveillance radar,captured,https://i.postimg.cc/Px9Q1Gck/45.jpg,2022-04-04,5649,19733,2,7-5649197332
Russia,Russia,Silok-01 counter-UAV system,captured,https://twitter.com/UAWeapons/status/1566363462175014913,2022-09-04,5651,19739,2,7-5651197392
Russia,Russia,Supercam S350,captured,https://i.postimg.cc/zXcdXxRN/1046-Supercam-S350-capt-28-04-23.jpg,2023-05-02,5662,19843,2,7-5662198432
Russia,Russia,Supercam S350,captured,https://i.postimg.cc/k5tJ9kyT/1037-Supercam-S350-UAV-capt-03-05-23.jpg,2023-05-11,5662,19844,2,7-5662198442
Russia,Russia,Supercam S350,captured,https://i.postimg.cc/8PzhPW40/7j.png,2023-08-29,5662,19848,2,7-5662198482
Russia,Russia,Supercam S350,captured,https://i.postimg.cc/FHSdDJyk/246.png,2023-09-22,5662,19851,2,7-5662198512
Russia,Russia,Supercam S350,captured,https://i.postimg.cc/V6mw3sv0/1074-Supercam-S350-reconnaissance-UAV-capt-12-10-23.jpg,2023-10-22,5662,19854,2,7-5662198542
Russia,Russia,Supercam S350,captured,https://i.postimg.cc/nV6PPcnp/1024-s350-supercam-capt-18-01-24.jpg,2024-01-24,5662,19856,2,7-5662198562
Russia,Russia,Supercam S350,captured,https://i.postimg.cc/vBwmx0q2/1032-Supercam-S350-reconnaissance-UAV-capt-30-05-24.jpg,2024-06-02,5662,19868,2,7-5662198682
Russia,Russia,Supercam S350,captured,https://i.postimg.cc/tRDGTj3P/1044-Supercam-S350-reconnaissance-UAV-capt-31-07-24.jpg,2024-08-03,5662,19872,2,7-5662198722
Russia,Russia,Supercam S350,captured,https://i.postimg.cc/WpQQj4Xs/1043-Supercam-S350-reconnaissance-UAV-capt-03-08-24.jpg,2024-08-06,5662,19873,2,7-5662198732
Russia,Russia,Supercam S350,captured,https://i.postimg.cc/fbc8N7mc/1015-Supercam-S350-reconnaissance-UAV-capt-12-08-24.jpg,2024-08-15,5662,19874,2,7-5662198742
Russia,Russia,Supercam S350,captured,https://i.postimg.cc/Vk5nrkBP/1053-Supercam-S350-reconnaissance-UAV-capt-07-09-24.jpg,2024-09-09,5662,19878,2,7-5662198782
Russia,Russia,Supercam S350,captured,https://i.postimg.cc/GtSYYLvY/1026-Supercam-S350-reconnaissance-UAV-capt-26-08-24.jpg,2024-09-20,5662,19887,2,7-5662198872
Russia,Russia,Supercam S350,captured,https://i.postimg.cc/rm1yx9qB/1045-Supercam-S350-reconnaissance-UAV-capt-21-08-24.jpg,2024-09-21,5662,19888,2,7-5662198882
Russia,Russia,Supercam S350,captured,https://i.postimg.cc/prk21Xhk/1051-Supercam-S350-reconnaissance-UAV-capt-18-09-24.jpg,2024-09-21,5662,19889,2,7-5662198892
Russia,Russia,Supercam S350,captured,https://i.postimg.cc/hPXVNh0h/1025-Supercam-S350-reconnaissance-UAV-capt-31-10-24.jpg,2024-11-05,5662,19898,2,7-5662198982
Russia,Russia,Supercam S350,captured,https://i.postimg.cc/mZ6XZV85/1007-Supercam-S350-reconnaissance-UAV-capt-13-11-24.jpg,2024-11-17,5662,19900,2,7-5662199002
Russia,Russia,Supercam S350,captured,https://i.postimg.cc/R0M9z0zf/1055-Supercam-S350-reconnaissance-UAV-capt-16-11-24.jpg,2024-11-20,5662,19901,2,7-5662199012
Russia,Russia,Supercam S350,captured,https://i.postimg.cc/HxkP2B4f/1018-Supercam-S350-reconnaissance-UAV-capt-13-11-24.jpg,2024-12-23,5662,19902,2,7-5662199022
Russia,Russia,Supercam S350,captured,https://i.postimg.cc/k4YYhKTD/1017-Supercam-S350-reconnaissance-UAV-capt-28-10-24.jpg,2024-12-23,5662,19903,2,7-5662199032
Russia,Russia,Supercam S350,captured,https://i.postimg.cc/FzqbBcNv/1001-Supercam-S350-reconnaissance-UAV-capt-22-12-24.jpg,2024-12-26,5662,19904,2,7-5662199042
Russia,Russia,Supercam S350,captured,https://i.postimg.cc/159XShjJ/1061-Supercam-S350-reconnaissance-UAV-capt-28-11-24.jpg,2025-01-07,5662,19905,2,7-5662199052
Russia,Russia,Supercam S350,captured,https://i.postimg.cc/fRfZVr6W/1036-Supercam-S350-reconnaissance-UAV-capt-06-12-24.jpg,2025-02-12,5662,19908,2,7-5662199082
Russia,Russia,Supercam S350,captured,https://i.postimg.cc/gJHz99rC/1010-Supercam-S350-reconnaissance-UAV-capt-01-12-24.jpg,2025-02-16,5662,19910,2,7-5662199102
Russia,Russia,Supercam S350,captured,https://i.postimg.cc/J7jJ0v1P/1008-Supercam-S350-reconnaissance-UAV-capt-25-01-25.jpg,2025-02-23,5662,19914,2,7-5662199142
Russia,Russia,Supercam S350,captured,https://i.postimg.cc/1zV7Nthy/1153-Supercam-S350-reconnaissance-UAV-capt-13-03-25.jpg,2025-03-20,5662,19921,2,7-5662199212
Russia,Russia,Supercam S350,captured,https://i.postimg.cc/j2zjzK25/1036-Supercam-S350-reconnaissance-UAV-capt-09-02-25.jpg,2025-03-24,5662,19922,2,7-5662199222
Russia,Russia,Supercam S350,captured,https://i.postimg.cc/bw4m6qcb/1037-Supercam-S350-reconnaissance-UAV-capt-26-01-25.jpg,2025-03-30,5662,19923,2,7-5662199232
Russia,Russia,Supercam S350,captured,https://i.postimg.cc/76qJJ5KF/1035-Supercam-S350-reconnaissance-UAV-capt-19-01-25.jpg,2025-04-07,5662,19927,2,7-5662199272
Russia,Russia,Supercam S350,captured,https://i.postimg.cc/Kc5NFmhn/1115-Supercam-S350-reconnaissance-UAV-capt-14-04-25.jpg,2025-04-17,5662,19929,2,7-5662199292
Russia,Russia,Supercam S350,captured,https://i.postimg.cc/zXXkG4q4/1119-Supercam-S350-reconnaissance-UAV-capt-09-02-25.jpg,2025-04-17,5662,19930,2,7-5662199302
Russia,Russia,Supercam S350,captured,https://i.postimg.cc/28TSx49C/1051-Supercam-S350-reconnaissance-UAV-capt-14-02-25.jpg,2025-05-12,5662,19931,2,7-5662199312
Russia,Russia,Supercam S350,captured,https://i.postimg.cc/xCkLFGck/1008-Supercam-S350-reconnaissance-UAV-capt-25-11-24.jpg,2025-05-12,5662,19932,2,7-5662199322
Russia,Russia,Supercam S350,captured,https://i.postimg.cc/3w8vXQnY/1023-Supercam-S350-reconnaissance-UAV-capt-26-02-25.jpg,2025-05-23,5662,19933,2,7-5662199332
Russia,Russia,Supercam S350,captured,https://i.postimg.cc/JzcXHz3p/1020-Supercam-S350-reconnaissance-UAV-capt-25-02-25.jpg,2025-05-23,5662,19934,2,7-5662199342
Russia,Russia,Supercam S350,captured,https://i.postimg.cc/3ND6VbnJ/1005-Supercam-S350-reconnaissance-UAV-capt-25-02-25.jpg,2025-05-27,5662,19935,2,7-5662199352
Russia,Russia,Supercam S350,captured,https://i.postimg.cc/8ChyyfTf/1071-Supercam-S350-reconnaissance-UAV-capt-31-03-25.jpg,2025-05-30,5662,19936,2,7-5662199362
Russia,Russia,Supercam S350,captured,https://i.postimg.cc/9MCLsXf8/1070-Supercam-S350-reconnaissance-UAV-capt-17-03-25.jpg,2025-05-30,5662,19937,2,7-5662199372
Russia,Russia,Supercam S350,captured,https://i.postimg.cc/RV7jhPFZ/1007-Supercam-S350-reconnaissance-UAV-capt-29-03-25.jpg,2025-06-08,5662,19939,2,7-5662199392
Russia,Russia,Supercam S350,captured,https://i.postimg.cc/fyvxXLtv/1013-Supercam-S350-reconnaissance-UAV-capt-29-03-25.jpg,2025-06-08,5662,19940,2,7-5662199402
Russia,Russia,Supercam S350,captured,https://i.postimg.cc/cCWRrYHH/1014-Supercam-S350-reconnaissance-UAV-capt-30-03-25.jpg,2025-06-08,5662,19941,2,7-5662199412
Russia,Russia,Supercam S350,captured,https://i.postimg.cc/rsPfjL4F/1010-Supercam-S350-reconnaissance-UAV-capt-31-03-25.jpg,2025-06-27,5662,19942,2,7-5662199422
Russia,Russia,Supercam S350,captured,https://i.postimg.cc/FRhCspmm/1003-Supercam-S350-reconnaissance-UAV-capt-29-03-25.jpg,2025-06-27,5662,19943,2,7-5662199432
Russia,Russia,Supercam S350,captured,https://i.postimg.cc/mrY6sqv8/1002-Supercam-S350-reconnaissance-UAV-capt-30-03-25.jpg,2025-06-27,5662,19944,2,7-5662199442
Russia,Russia,Supercam S350,captured,https://i.postimg.cc/8cvYLfBN/1008-Supercam-S350-reconnaissance-UAV-capt-12-04-24.jpg,2025-06-27,5662,19945,2,7-5662199452
Russia,Russia,Supercam S350,captured,https://i.postimg.cc/3RV6yFGt/1007-Supercam-S350-reconnaissance-UAV-capt-11-03-25.jpg,2025-06-27,5662,19946,2,7-5662199462
Russia,Russia,Supercam S350,captured,https://i.postimg.cc/PxP9rRCL/1006-Supercam-S350-reconnaissance-UAV-capt-03-04-25.jpg,2025-06-27,5662,19947,2,7-5662199472
Russia,Russia,Supercam S350,captured,https://i.postimg.cc/XNZcdSgR/1009-Supercam-S350-reconnaissance-UAV-capt-19-11-24.jpg,2025-07-05,5662,19950,2,7-5662199502
Russia,Russia,Supercam S350,captured,https://i.postimg.cc/8Pm84bxP/1009-Supercam-S350-reconnaissance-UAV-capt-19-04-25.jpg,2025-07-19,5662,19951,2,7-5662199512
Russia,Russia,Supercam S350,captured,https://i.postimg.cc/cLxpbnN7/1039-Supercam-S350-reconnaissance-UAV-capt-22-04-25.jpg,2025-07-19,5662,19952,2,7-5662199522
Russia,Russia,Supercam S350,captured,https://i.postimg.cc/Z5MVx06z/1001-Supercam-S350-reconnaissance-UAV-capt-09-05-25.jpg,2025-07-27,5662,19954,2,7-5662199542
Russia,Russia,Supercam S350,captured,https://i.postimg.cc/BQNhtm66/1002-Supercam-S350-reconnaissance-UAV-capt-30-03-25.jpg,2025-07-27,5662,19955,2,7-5662199552
Russia,Russia,Supercam S350,captured,https://i.postimg.cc/VN04G1Fr/1003-Supercam-S350-reconnaissance-UAV-capt-15-05-25.jpg,2025-07-27,5662,19956,2,7-5662199562
Russia,Russia,Supercam S350,captured,https://i.postimg.cc/MTBFfx3M/1010-Supercam-S350-reconnaissance-UAV-capt-19-05-25.jpg,2025-08-14,5662,19958,2,7-5662199582
Russia,Russia,Supercam S350,captured,https://i.postimg.cc/HkWRZqnR/1009-Supercam-S350-reconnaissance-UAV-capt-13-05-25.jpg,2025-08-14,5662,19959,2,7-5662199592
Russia,Russia,Supercam S350,captured,https://i.postimg.cc/VkBFKwfZ/1001-Supercam-S350-reconnaissance-UAV-capt-03-05-25.jpg,2025-08-14,5662,19960,2,7-5662199602
Russia,Russia,Supercam S350,captured,https://i.postimg.cc/NF32d6h5/1004-Supercam-S350-reconnaissance-UAV-capt-20-05-25.jpg,2025-08-17,5662,19962,2,7-5662199622
Russia,Russia,Supercam S450 reconnaissance UAV,captured,https://i.postimg.cc/9fSnXycR/46g.png,2022-06-26,5663,19963,2,7-5663199632
Russia,Soviet Union,T-62M,captured,https://twitter.com/UAWeapons/status/1570054722563997698,2022-09-15,5664,19966,2,7-5664199662
Russia,Russia,T-62M Obr. 2022,captured,https://i.postimg.cc/NjPzmt8f/1023-T-62-M-Obr-2022-capt-14-12-24.jpg,2024-12-18,5665,20002,2,7-5665200022
Russia,Soviet Union,T-64BV,captured,https://i.postimg.cc/rydk48wh/n0.png,2022-03-19,5666,20025,2,7-5666200252
Russia,Soviet Union,T-64BV,captured,https://i.postimg.cc/VL4dSdk8/32133.png,2022-03-19,5666,20026,2,7-5666200262
Russia,Soviet Union,T-64BV,captured,https://i.postimg.cc/7hSMN2T6/3d.png,2022-03-29,5666,20030,2,7-5666200302
Russia,Soviet Union,T-64BV,captured,https://i.postimg.cc/Gmh6ZzQv/31d.png,2022-03-29,5666,20031,2,7-5666200312
Russia,Soviet Union,T-64BV,captured,https://i.postimg.cc/W4kWxSLT/7769.jpg,2022-04-01,5666,20033,2,7-5666200332
Russia,Soviet Union,T-64BV,captured,https://i.postimg.cc/kGXCNghP/h77.jpg,2022-06-01,5666,20041,2,7-5666200412
Russia,Soviet Union,T-64BV,captured,https://i.postimg.cc/v8J9YFfJ/1007.jpg,2022-07-08,5666,20049,2,7-5666200492
Russia,Soviet Union,T-72A,captured,https://i.postimg.cc/Hk743jcQ/4311.jpg,2022-03-19,5667,20066,2,7-5667200662
Russia,Soviet Union,T-72A,captured,https://i.postimg.cc/tTk2850K/1d4.jpg,2022-03-19,5667,20067,2,7-5667200672
Russia,Soviet Union,T-72A,captured,https://i.postimg.cc/pLZK95pC/6652.jpg,2022-03-19,5667,20068,2,7-5667200682
Russia,Soviet Union,T-72A,captured,https://i.postimg.cc/j283Hqqn/3d1d.png,2022-03-19,5667,20069,2,7-5667200692
Russia,Soviet Union,T-72A,captured,https://i.postimg.cc/8zcL9Jbz/40.png,2022-03-19,5667,20070,2,7-5667200702
Russia,Soviet Union,T-72A,captured,https://i.postimg.cc/DfBZsDkg/558.png,2022-03-26,5667,20071,2,7-5667200712
Russia,Soviet Union,T-72A,captured,https://i.postimg.cc/wMVfmqq2/499.png,2022-03-26,5667,20072,2,7-5667200722
Russia,Soviet Union,T-72A,captured,https://i.postimg.cc/gkg20f3r/ty.png,2022-03-29,5667,20074,2,7-5667200742
Russia,Soviet Union,T-72A,captured,https://i.postimg.cc/wB7PKkxS/f9.jpg,2022-04-17,5667,20077,2,7-5667200772
Russia,Soviet Union,T-72A,captured,https://i.postimg.cc/mkS6bqQn/7h.png,2022-05-23,5667,20079,2,7-5667200792
Russia,Soviet Union,T-72A,captured,https://i.postimg.cc/VkHjZR9j/266.png,2022-05-25,5667,20080,2,7-5667200802
Russia,Soviet Union,T-72A,captured,https://i.postimg.cc/BbJTW4Xw/44h.png,2022-05-26,5667,20082,2,7-5667200822
Russia,Soviet Union,T-72A,captured,https://i.postimg.cc/HkMqRm4q/7j6.png,2022-05-29,5667,20083,2,7-5667200832
Russia,Soviet Union,T-72A,captured,https://i.postimg.cc/d18cYRk7/4f.jpg,2022-06-11,5667,20085,2,7-5667200852
Russia,Soviet Union,T-72A,captured,https://i.postimg.cc/52nb5fqk/3222.jpg,2022-06-11,5667,20086,2,7-5667200862
Russia,Soviet Union,T-72A,captured,https://twitter.com/UAWeapons/status/1576661554321567744,2022-10-03,5667,20095,2,7-5667200952
Russia,Soviet Union,T-72A,captured,https://i.postimg.cc/8z2DVHj2/1024-t72a-capt.jpg,2022-11-01,5667,20099,2,7-5667200992
Russia,Soviet Union,T-72AV,captured,https://i.postimg.cc/Y0ZfvWm2/d67.png,2022-03-19,5668,20108,2,7-5668201082
Russia,Soviet Union,T-72AV,captured,https://i.postimg.cc/JnRSpsr5/d32.jpg,2022-04-02,5668,20110,2,7-5668201102
Russia,Soviet Union,T-72AV,captured,https://i.postimg.cc/HLP22qvC/4880.png,2022-04-11,5668,20111,2,7-5668201112
Russia,Soviet Union,T-72B,captured,https://i.postimg.cc/q78RX85k/v43.png,2022-03-19,5669,20121,2,7-5669201212
Russia,Soviet Union,T-72B,captured,https://i.postimg.cc/Bv3rSysY/33213.png,2022-03-19,5669,20136,2,7-5669201362
Russia,Soviet Union,T-72B,captured,https://i.postimg.cc/4xc1brgd/446.png,2022-03-19,5669,20137,2,7-5669201372
Russia,Soviet Union,T-72B,captured,https://i.postimg.cc/26mGDmRD/m4.png,2022-03-19,5669,20138,2,7-5669201382
Russia,Soviet Union,T-72B,captured,https://i.postimg.cc/TY3dqqM5/52.png,2022-03-19,5669,20139,2,7-5669201392
Russia,Soviet Union,T-72B,captured,https://i.postimg.cc/PJknPwNV/1245.png,2022-03-19,5669,20140,2,7-5669201402
Russia,Soviet Union,T-72B,captured,https://i.postimg.cc/HxqJby2G/488.png,2022-03-19,5669,20141,2,7-5669201412
Russia,Soviet Union,T-72B,captured,https://i.postimg.cc/3Jk4mgVW/659.png,2022-03-19,5669,20142,2,7-5669201422
Russia,Soviet Union,T-72B,captured,https://i.postimg.cc/13gv8gsQ/g5mm.jpg,2022-03-19,5669,20143,2,7-5669201432
Russia,Soviet Union,T-72B,captured,https://i.postimg.cc/8PQKDG7t/ta2.png,2022-03-19,5669,20144,2,7-5669201442
Russia,Soviet Union,T-72B,captured,https://i.postimg.cc/JhJ6G2t4/5422.png,2022-03-19,5669,20145,2,7-5669201452
Russia,Soviet Union,T-72B,captured,https://i.postimg.cc/T3kpMkxx/52.jpg,2022-03-19,5669,20146,2,7-5669201462
Russia,Soviet Union,T-72B,captured,https://i.postimg.cc/y8Cgm71v/366.png,2022-03-19,5669,20147,2,7-5669201472
Russia,Soviet Union,T-72B,captured,https://i.postimg.cc/7hvdbLzy/5422.jpg,2022-03-19,5669,20148,2,7-5669201482
Russia,Soviet Union,T-72B,captured,https://i.postimg.cc/WzC3dgn1/d1d.jpg,2022-03-19,5669,20149,2,7-5669201492
Russia,Soviet Union,T-72B,captured,https://i.postimg.cc/KYj8D0H8/r3.jpg,2022-03-19,5669,20150,2,7-5669201502
Russia,Soviet Union,T-72B,captured,https://i.postimg.cc/rmsL0R73/4f1.png,2022-03-19,5669,20151,2,7-5669201512
Russia,Soviet Union,T-72B,captured,https://i.postimg.cc/2j7N340c/23f.jpg,2022-03-19,5669,20152,2,7-5669201522
Russia,Soviet Union,T-72B,captured,https://i.postimg.cc/Kcs8NxNt/5h.png,2022-03-19,5669,20153,2,7-5669201532
Russia,Soviet Union,T-72B,captured,https://i.postimg.cc/BQx2ch5r/c5.jpg,2022-03-19,5669,20154,2,7-5669201542
Russia,Soviet Union,T-72B,captured,https://i.postimg.cc/PfvWNfCr/c6.jpg,2022-03-19,5669,20155,2,7-5669201552
Russia,Soviet Union,T-72B,captured,https://i.postimg.cc/rpJQGW17/46k.png,2022-03-26,5669,20161,2,7-5669201612
Russia,Soviet Union,T-72B,captured,https://i.postimg.cc/y8Vk6cBv/h7.jpg,2022-03-27,5669,20162,2,7-5669201622
Russia,Soviet Union,T-72B,captured,https://i.postimg.cc/d1WfHr51/lk.png,2022-03-28,5669,20163,2,7-5669201632
Russia,Soviet Union,T-72B,captured,https://i.postimg.cc/sxgFWq3g/47.jpg,2022-03-31,5669,20168,2,7-5669201682
Russia,Soviet Union,T-72B,captured,https://i.postimg.cc/Ssrz1DC1/5g5.jpg,2022-04-01,5669,20175,2,7-5669201752
Russia,Soviet Union,T-72B,captured,https://i.postimg.cc/fyGRTdNQ/766.jpg,2022-04-01,5669,20176,2,7-5669201762
Russia,Soviet Union,T-72B,captured,https://i.postimg.cc/13prScQP/54g.jpg,2022-04-01,5669,20177,2,7-5669201772
Russia,Soviet Union,T-72B,captured,https://postimg.cc/K1DWKr21,2022-04-01,5669,20178,2,7-5669201782
Russia,Soviet Union,T-72B,captured,https://i.postimg.cc/k4jjk5XP/4433.jpg,2022-04-01,5669,20179,2,7-5669201792
Russia,Soviet Union,T-72B,captured,https://i.postimg.cc/vBvg01hb/h8.png,2022-04-01,5669,20180,2,7-5669201802
Russia,Soviet Union,T-72B,captured,https://i.postimg.cc/X77rqZ1S/g6.jpg,2022-04-04,5669,20186,2,7-5669201862
Russia,Soviet Union,T-72B,captured,https://i.postimg.cc/sDQ1HRfx/455.png,2022-04-06,5669,20196,2,7-5669201962
Russia,Soviet Union,T-72B,captured,https://i.postimg.cc/jj3Kz2p5/tt2.jpg,2022-04-06,5669,20197,2,7-5669201972
Russia,Soviet Union,T-72B,captured,https://i.postimg.cc/br5s38s0/887.jpg,2022-04-06,5669,20198,2,7-5669201982
Russia,Soviet Union,T-72B,captured,https://i.postimg.cc/dQZZfLKP/321.jpg,2022-04-06,5669,20199,2,7-5669201992
Russia,Soviet Union,T-72B,captured,https://i.postimg.cc/mkTx7PYz/3211.jpg,2022-04-06,5669,20200,2,7-5669202002
Russia,Soviet Union,T-72B,captured,https://i.postimg.cc/0QJfZdry/5770.png,2022-04-09,5669,20203,2,7-5669202032
Russia,Soviet Union,T-72B,captured,https://i.postimg.cc/zX8WM3NJ/657.jpg,2022-04-10,5669,20204,2,7-5669202042
Russia,Soviet Union,T-72B,captured,https://i.postimg.cc/h4Tfc6FP/6523.png,2022-04-13,5669,20212,2,7-5669202122
Russia,Soviet Union,T-72B,captured,https://i.postimg.cc/Pfwq9LqV/57.jpg,2022-04-13,5669,20213,2,7-5669202132
Russia,Soviet Union,T-72B,captured,https://i.postimg.cc/0N1SXCLx/557.jpg,2022-04-18,5669,20217,2,7-5669202172
Russia,Soviet Union,T-72B,captured,https://i.postimg.cc/05hXSQ9J/443.jpg,2022-04-20,5669,20218,2,7-5669202182
Russia,Soviet Union,T-72B,captured,https://i.postimg.cc/CdpySyYv/665.jpg,2022-04-20,5669,20219,2,7-5669202192
Russia,Soviet Union,T-72B,captured,https://i.postimg.cc/rmfPfp1n/286.png,2022-05-01,5669,20222,2,7-5669202222
Russia,Soviet Union,T-72B,captured,https://i.postimg.cc/jSd4yPzH/67.jpg,2022-05-01,5669,20223,2,7-5669202232
Russia,Soviet Union,T-72B,captured,https://i.postimg.cc/cHZwX5sc/438k.png,2022-05-06,5669,20225,2,7-5669202252
Russia,Soviet Union,T-72B,captured,https://i.postimg.cc/0yC7VGFY/bt8.png,2022-05-08,5669,20234,2,7-5669202342
Russia,Soviet Union,T-72B,captured,https://i.postimg.cc/DzjLTv2m/bt9.png,2022-05-08,5669,20235,2,7-5669202352
Russia,Soviet Union,T-72B,captured,https://i.postimg.cc/YCbHJVSt/988.jpg,2022-05-12,5669,20241,2,7-5669202412
Russia,Soviet Union,T-72B,captured,https://i.postimg.cc/LXBN42Nk/6h9.jpg,2022-05-23,5669,20249,2,7-5669202492
Russia,Soviet Union,T-72B,captured,https://i.postimg.cc/8CbkWpK4/44f0.png,2022-05-27,5669,20258,2,7-5669202582
Russia,Soviet Union,T-72B,captured,https://i.postimg.cc/KvjS4SnV/f55.png,2022-05-31,5669,20260,2,7-5669202602
Russia,Soviet Union,T-72B,captured,https://i.postimg.cc/m22ky4yZ/778.jpg,2022-06-26,5669,20262,2,7-5669202622
Russia,Soviet Union,T-72B,captured,https://twitter.com/UAWeapons/status/1538474213220265985,2022-06-26,5669,20263,2,7-5669202632
Russia,Soviet Union,T-72B,captured,https://i.postimg.cc/MGqbLZm7/78.jpg,2022-06-30,5669,20264,2,7-5669202642
Russia,Soviet Union,T-72B,captured,https://i.postimg.cc/4dVGJxb9/1001-T-72-B.jpg,2022-07-02,5669,20265,2,7-5669202652
Russia,Soviet Union,T-72B,captured,https://twitter.com/UAWeapons/status/1548761196542689280,2022-07-19,5669,14925,2,7-5669149252
Russia,Soviet Union,T-72B,captured,https://i.postimg.cc/j2pMJbGF/1004.jpg,2022-07-28,5669,20272,2,7-5669202722
Russia,Soviet Union,T-72B,captured,https://i.postimg.cc/HWXSMGPQ/1001.jpg,2022-07-28,5669,20273,2,7-5669202732
Russia,Soviet Union,T-72B,captured,https://i.postimg.cc/J0WyFfWP/1009-t72b.jpg,2022-08-04,5669,20275,2,7-5669202752
Russia,Soviet Union,T-72B,captured,https://i.postimg.cc/L4LcxH8f/1018-t72b.jpg,2022-08-18,5669,20282,2,7-5669202822
Russia,Soviet Union,T-72B,captured,https://twitter.com/UAWeapons/status/1562002981394026498,2022-08-24,5669,20289,2,7-5669202892
Russia,Soviet Union,T-72B,captured,https://i.postimg.cc/k4fXjtCY/1008-t72b.jpg,2022-09-10,5669,20297,2,7-5669202972
Russia,Soviet Union,T-72B,captured,https://i.postimg.cc/bvPSDZfV/1009-t72b.jpg,2022-09-10,5669,20298,2,7-5669202982
Russia,Soviet Union,T-72B,captured,https://twitter.com/UAWeapons/status/1569013204541374464,2022-09-12,5669,20299,2,7-5669202992
Russia,Soviet Union,T-72B,captured,https://i.postimg.cc/xj50zPMP/4003-t72b.jpg,2022-09-14,5669,20300,2,7-5669203002
Russia,Soviet Union,T-72B,captured,https://twitter.com/UAWeapons/status/1569618856687058945,2022-09-14,5669,17601,2,7-5669176012
Russia,Soviet Union,T-72B,captured,https://i.postimg.cc/s2RyrRjc/4001-t72b.jpg,2022-09-14,5669,20301,2,7-5669203012
Russia,Soviet Union,T-72B,captured,https://twitter.com/UAWeapons/status/1570138425843408896,2022-09-15,5669,7782,2,7-566977822
Russia,Soviet Union,T-72B,captured,https://i.postimg.cc/856PbNWN/1000.jpg,2022-09-17,5669,20303,2,7-5669203032
Russia,Soviet Union,T-72B,captured,https://i.postimg.cc/GmZRmMzH/1000-t72b.jpg,2022-09-18,5669,20304,2,7-5669203042
Russia,Soviet Union,T-72B,captured,https://i.postimg.cc/kX0QbyD7/1008-t72b-capt.jpg,2022-09-30,5669,20314,2,7-5669203142
Russia,Soviet Union,T-72B,captured,https://i.postimg.cc/W4xvnYDb/1010-t72b-capt-dam.jpg,2022-10-01,5669,20317,2,7-5669203172
Russia,Soviet Union,T-72B,captured,https://i.postimg.cc/0yb7VJxh/1003-t72b-capt.jpg,2022-10-07,5669,20319,2,7-5669203192
Russia,Soviet Union,T-72B,captured,https://i.postimg.cc/hPC980F9/1004-t72bcapt.jpg,2022-10-07,5669,20320,2,7-5669203202
Russia,Soviet Union,T-72B,captured,https://twitter.com/UAWeapons/status/1578329315111944192,2022-10-08,5669,20321,2,7-5669203212
Russia,Soviet Union,T-72B,captured,https://i.postimg.cc/vZbBJZJf/1026-t72b-capt.jpg,2022-10-09,5669,20322,2,7-5669203222
Russia,Soviet Union,T-72B,captured,https://i.postimg.cc/fL1spx47/1001-t72b-capt.jpg,2022-10-16,5669,20327,2,7-5669203272
Russia,Soviet Union,T-72B,captured,https://i.postimg.cc/VsZB9600/2022-04-04-t-72b.jpg,2022-10-17,5669,20339,2,7-5669203392
Russia,Soviet Union,T-72B,captured,https://i.postimg.cc/DyvtJcVt/1013-t72b-capt.jpg,2022-10-19,5669,20340,2,7-5669203402
Russia,Soviet Union,T-72B,captured,https://i.postimg.cc/NfgnqWvB/1012-t72b-16-Sep-2022-capt.jpg,2022-10-24,5669,20341,2,7-5669203412
Russia,Soviet Union,T-72B,captured,https://i.postimg.cc/q7pDgNN0/1020-t72b-capt.jpg,2022-10-27,5669,20342,2,7-5669203422
Russia,Soviet Union,T-72B,captured,https://i.postimg.cc/yd0hn5Qc/1500.jpg,2022-10-29,5669,20343,2,7-5669203432
Russia,Soviet Union,T-72B,captured,https://i.postimg.cc/mkdwc9Fk/1022-t72b-capt.jpg,2022-11-30,5669,20353,2,7-5669203532
Russia,Soviet Union,T-72B,captured,https://i.postimg.cc/ryj9hHWN/1024-t72b-capt.jpg,2022-12-05,5669,20355,2,7-5669203552
Russia,Soviet Union,T-72B,captured,https://i.postimg.cc/FzfJxXc4/1002-t72b-capt.jpg,2022-12-11,5669,20358,2,7-5669203582
Russia,Soviet Union,T-72B,captured,https://i.postimg.cc/XXMhCdn0/1014-t72b-capt-01-01-23.jpg,2023-01-04,5669,20362,2,7-5669203622
Russia,Soviet Union,T-72B,captured,https://i.postimg.cc/FFTKfYv1/1018-t72b-capt-22-01-23.jpg,2023-01-24,5669,20370,2,7-5669203702
Russia,Soviet Union,T-72B,captured,https://i.postimg.cc/htyH1YF5/1001-t72b-capt-25-01-23.jpg,2023-01-30,5669,20371,2,7-5669203712
Russia,Soviet Union,T-72B,captured,https://i.postimg.cc/y8xd2Xr7/1027-t72b-destr-19-10-23.jpg,2023-01-30,5669,20372,2,7-5669203722
Russia,Soviet Union,T-72B,captured,https://i.postimg.cc/X7jJqvZ8/276.png,2023-09-18,5669,20446,2,7-5669204462
Russia,Soviet Union,T-72B,captured,https://i.postimg.cc/SQGHt5Bt/1014-t72b-capt-26-05-22.jpg,2024-02-21,5669,20492,2,7-5669204922
Russia,Soviet Union,T-72B,captured,https://i.postimg.cc/QMPHqZpk/1045-T-72-B-capt-13-09-22.jpg,2024-05-12,5669,20513,2,7-5669205132
Russia,Russia,T-72B Obr. 1989,captured,https://i.postimg.cc/NM8vPWBX/669.png,2022-03-19,5670,20559,2,7-5670205592
Russia,Russia,T-72B Obr. 1989,captured,https://i.postimg.cc/ncVTvBjk/d8.png,2022-03-19,5670,20560,2,7-5670205602
Russia,Russia,T-72B Obr. 1989,captured,https://i.postimg.cc/QdD8JTw6/78.png,2022-03-19,5670,20561,2,7-5670205612
Russia,Russia,T-72B Obr. 1989,captured,https://i.postimg.cc/9XgKbxBF/8.jpg,2022-03-26,5670,20564,2,7-5670205642
Russia,Russia,T-72B Obr. 1989,captured,https://i.postimg.cc/HLjXBgBt/4431.png,2022-03-26,5670,20565,2,7-5670205652
Russia,Russia,T-72B Obr. 1989,captured,https://i.postimg.cc/kGRMXTtk/dg.png,2022-03-28,5670,20567,2,7-5670205672
Russia,Russia,T-72B Obr. 1989,captured,https://i.postimg.cc/0NVQN9tX/3317.png,2022-03-30,5670,20570,2,7-5670205702
Russia,Russia,T-72B Obr. 1989,captured,https://i.postimg.cc/N06WFTB6/5422.png,2022-04-01,5670,20572,2,7-5670205722
Russia,Russia,T-72B Obr. 1989,captured,https://i.postimg.cc/6qnFN46P/776.jpg,2022-04-01,5670,20573,2,7-5670205732
Russia,Russia,T-72B Obr. 1989,captured,https://i.postimg.cc/WpCjQNyv/f433.jpg,2022-04-01,5670,20574,2,7-5670205742
Russia,Russia,T-72B Obr. 1989,captured,https://twitter.com/UAWeapons/status/1509566100366893056,2022-04-02,5670,20575,2,7-5670205752
Russia,Russia,T-72B Obr. 1989,captured,https://i.postimg.cc/KcW6QX5W/652.png,2022-04-04,5670,20581,2,7-5670205812
Russia,Russia,T-72B Obr. 1989,captured,https://i.postimg.cc/q7MgjGZ7/b31989.png,2022-04-04,5670,20582,2,7-5670205822
Russia,Russia,T-72B Obr. 1989,captured,https://i.postimg.cc/cH86SLw8/d4n.jpg,2022-04-04,5670,20583,2,7-5670205832
Russia,Russia,T-72B Obr. 1989,captured,https://i.postimg.cc/PqbfD0QX/66.jpg,2022-04-09,5670,20589,2,7-5670205892
Russia,Russia,T-72B Obr. 1989,captured,https://i.postimg.cc/K8GWjV0y/257.png,2022-04-13,5670,20594,2,7-5670205942
Russia,Russia,T-72B Obr. 1989,captured,https://i.postimg.cc/pXgFwY27/t1.jpg,2022-04-13,5670,20595,2,7-5670205952
Russia,Russia,T-72B Obr. 1989,captured,https://i.postimg.cc/Nf13wsJm/23.jpg,2022-04-21,5670,20596,2,7-5670205962
Russia,Russia,T-72B Obr. 1989,captured,https://i.postimg.cc/wMkxsvDr/658.jpg,2022-04-25,5670,20598,2,7-5670205982
Russia,Russia,T-72B Obr. 1989,captured,https://i.postimg.cc/rsY8xqYW/78.jpg,2022-05-01,5670,20602,2,7-5670206022
Russia,Russia,T-72B Obr. 1989,captured,https://i.postimg.cc/pX9C94y9/h6.jpg,2022-05-06,5670,20605,2,7-5670206052
Russia,Russia,T-72B Obr. 1989,captured,https://i.postimg.cc/qRWSgMZm/ttaank.png,2022-05-26,5670,20609,2,7-5670206092
Russia,Russia,T-72B Obr. 1989,captured,https://postimg.cc/563CSwdq,2022-05-31,5670,20612,2,7-5670206122
Russia,Russia,T-72B Obr. 1989,captured,https://postimg.cc/TpGbbtS3,2022-05-31,5670,20613,2,7-5670206132
Russia,Soviet Union,T-72B Obr. 1989,captured,https://i.postimg.cc/htZVDZjm/1002.jpg,2022-07-16,5670,20618,2,7-5670206182
Russia,Soviet Union,T-72B Obr. 1989,captured,https://twitter.com/UAWeapons/status/1566836619415527427,2022-09-05,5670,20627,2,7-5670206272
Russia,Soviet Union,T-72B Obr. 1989,captured,https://i.postimg.cc/prDXwQ40/4002-t72b1989.jpg,2022-09-14,5670,20629,2,7-5670206292
Russia,Soviet Union,T-72B Obr. 1989,captured,https://twitter.com/UAWeapons/status/1570137029349883904,2022-09-15,5670,7922,2,7-567079222
Russia,Soviet Union,T-72B Obr. 1989,captured,https://i.postimg.cc/ZnPgbsJW/6521.png,2022-09-15,5670,20630,2,7-5670206302
Russia,Russia,T-72B Obr. 2022,captured,https://i.postimg.cc/fLvbR6Jj/1103-t72b-obr2022-capt-06-04-24.jpg,2024-04-08,5671,20710,2,7-5671207102
Russia,Russia,T-72B3,captured,https://i.postimg.cc/FzSnwdhF/j77.png,2022-03-19,5672,20826,2,7-5672208262
Russia,Russia,T-72B3,captured,https://postimg.cc/BthpbCF0,2022-03-19,5672,20827,2,7-5672208272
Russia,Russia,T-72B3,captured,https://i.postimg.cc/FzMQsXTM/568.png,2022-03-19,5672,20828,2,7-5672208282
Russia,Russia,T-72B3,captured,https://i.postimg.cc/R0fgyXrv/4800.png,2022-03-19,5672,20829,2,7-5672208292
Russia,Russia,T-72B3,captured,https://i.postimg.cc/76GgXDkH/62f.png,2022-03-19,5672,20830,2,7-5672208302
Russia,Russia,T-72B3,captured,https://i.postimg.cc/W41KwNnF/890.png,2022-03-19,5672,20831,2,7-5672208312
Russia,Russia,T-72B3,captured,https://i.postimg.cc/X7MPs1gM/180.png,2022-03-26,5672,20838,2,7-5672208382
Russia,Russia,T-72B3,captured,https://i.postimg.cc/C5JhNWxL/d31.jpg,2022-03-26,5672,20825,2,7-5672208252
Russia,Russia,T-72B3,captured,https://i.postimg.cc/6qwpRtyc/38.png,2022-03-26,5672,20839,2,7-5672208392
Russia,Russia,T-72B3,captured,https://i.postimg.cc/8PJ20HTg/2240.png,2022-03-26,5672,20840,2,7-5672208402
Russia,Russia,T-72B3,captured,https://i.postimg.cc/VLDZFZSF/319.png,2022-03-26,5672,20841,2,7-5672208412
Russia,Russia,T-72B3,captured,https://i.postimg.cc/c4Vb59My/3317.png,2022-03-26,5672,20842,2,7-5672208422
Russia,Russia,T-72B3,captured,https://i.postimg.cc/ZRs4Ng7g/8873.jpg,2022-03-26,5672,20843,2,7-5672208432
Russia,Russia,T-72B3,captured,https://i.postimg.cc/RhbjnZTD/cf1.jpg,2022-03-27,5672,20846,2,7-5672208462
Russia,Russia,T-72B3,captured,https://i.postimg.cc/4yMrdXg1/d14.png,2022-03-28,5672,20848,2,7-5672208482
Russia,Russia,T-72B3,captured,https://i.postimg.cc/RZC1jkQd/3188.jpg,2022-03-29,5672,20851,2,7-5672208512
Russia,Russia,T-72B3,captured,https://i.postimg.cc/qvcg0qQH/v7.png,2022-03-29,5672,20852,2,7-5672208522
Russia,Russia,T-72B3,captured,https://i.postimg.cc/8zgBtFs2/24.png,2022-03-29,5672,20853,2,7-5672208532
Russia,Russia,T-72B3,captured,https://i.postimg.cc/Cxc5Pqjh/471.jpg,2022-04-01,5672,20862,2,7-5672208622
Russia,Russia,T-72B3,captured,https://i.postimg.cc/q7gR9vL8/470.jpg,2022-04-01,5672,20863,2,7-5672208632
Russia,Russia,T-72B3,captured,https://i.postimg.cc/BbrZm385/h65.jpg,2022-04-01,5672,20864,2,7-5672208642
Russia,Russia,T-72B3,captured,https://i.postimg.cc/3xYFKSF1/665.jpg,2022-04-01,5672,20865,2,7-5672208652
Russia,Russia,T-72B3,captured,https://i.postimg.cc/ncxJ2jmX/a1.jpg,2022-04-01,5672,20866,2,7-5672208662
Russia,Russia,T-72B3,captured,https://i.postimg.cc/Qt65X9TS/f32.jpg,2022-04-01,5672,20867,2,7-5672208672
Russia,Russia,T-72B3,captured,https://i.postimg.cc/Gt5JnwQg/554.png,2022-04-04,5672,20872,2,7-5672208722
Russia,Russia,T-72B3,captured,https://i.postimg.cc/1RMvLRRz/21f.png,2022-04-04,5672,16119,2,7-5672161192
Russia,Russia,T-72B3,captured,https://i.postimg.cc/28W4RZZr/78.jpg,2022-04-04,5672,20873,2,7-5672208732
Russia,Russia,T-72B3,captured,https://i.postimg.cc/x15PFtgJ/tankk.png,2022-04-04,5672,20874,2,7-5672208742
Russia,Russia,T-72B3,captured,https://i.postimg.cc/q7brTN8J/ad1.png,2022-04-04,5672,20875,2,7-5672208752
Russia,Russia,T-72B3,captured,https://i.postimg.cc/6qsnM5bc/g65.png,2022-04-04,5672,20876,2,7-5672208762
Russia,Russia,T-72B3,captured,https://i.postimg.cc/R0Z46Kby/tt1.jpg,2022-04-06,5672,20878,2,7-5672208782
Russia,Russia,T-72B3,captured,https://i.postimg.cc/sXK2DyVp/789.png,2022-04-07,5672,20879,2,7-5672208792
Russia,Russia,T-72B3,captured,https://i.postimg.cc/YCx3jCLb/793.png,2022-04-09,5672,20882,2,7-5672208822
Russia,Russia,T-72B3,captured,https://i.postimg.cc/DzwkcZKp/33.png,2022-04-11,5672,20886,2,7-5672208862
Russia,Russia,T-72B3,captured,https://i.postimg.cc/qRjvJYxg/799.png,2022-04-11,5672,20887,2,7-5672208872
Russia,Russia,T-72B3,captured,https://i.postimg.cc/vZgjj3Mw/t1.jpg,2022-04-11,5672,20888,2,7-5672208882
Russia,Russia,T-72B3,captured,https://i.postimg.cc/gJdTxphG/t2.jpg,2022-04-11,5672,20889,2,7-5672208892
Russia,Russia,T-72B3,captured,https://i.postimg.cc/ryrZwpzX/v1.png,2022-04-11,5672,20890,2,7-5672208902
Russia,Russia,T-72B3,captured,https://i.postimg.cc/nLWTH8Jh/v2.png,2022-04-11,5672,20891,2,7-5672208912
Russia,Russia,T-72B3,captured,https://i.postimg.cc/jSP7tw2j/t2.jpg,2022-04-13,5672,20897,2,7-5672208972
Russia,Russia,T-72B3,captured,https://i.postimg.cc/fRHGZ9qp/335.jpg,2022-04-18,5672,20902,2,7-5672209022
Russia,Russia,T-72B3,captured,https://i.postimg.cc/rFzyDDZ2/UKT4.png,2022-04-20,5672,20904,2,7-5672209042
Russia,Russia,T-72B3,captured,https://i.postimg.cc/BngV8qTL/f6.jpg,2022-04-24,5672,20909,2,7-5672209092
Russia,Russia,T-72B3,captured,https://i.postimg.cc/k581qsGF/f7.jpg,2022-05-01,5672,20912,2,7-5672209122
Russia,Russia,T-72B3,captured,https://i.postimg.cc/MKtHZDpg/779.jpg,2022-05-01,5672,20913,2,7-5672209132
Russia,Russia,T-72B3,captured,https://i.postimg.cc/fRz0NSTB/c1.jpg,2022-05-05,5672,20914,2,7-5672209142
Russia,Russia,T-72B3,captured,https://i.postimg.cc/vmhgVvCK/h5.jpg,2022-05-06,5672,20916,2,7-5672209162
Russia,Russia,T-72B3,captured,https://i.postimg.cc/8P570LWL/2d4.png,2022-05-08,5672,20921,2,7-5672209212
Russia,Russia,T-72B3,captured,https://i.postimg.cc/d1qYtmnV/6hr.jpg,2022-05-08,5672,20922,2,7-5672209222
Russia,Russia,T-72B3,captured,https://i.postimg.cc/HnfR93tH/d1d.jpg,2022-05-08,5672,20923,2,7-5672209232
Russia,Russia,T-72B3,captured,https://i.postimg.cc/0QS5P0Wt/4d.jpg,2022-05-11,5672,20925,2,7-5672209252
Russia,Russia,T-72B3,captured,https://i.postimg.cc/WzmK8KLK/2yh.jpg,2022-05-14,5672,20930,2,7-5672209302
Russia,Russia,T-72B3,captured,https://i.postimg.cc/fRPSxpLn/f330.jpg,2022-05-21,5672,20936,2,7-5672209362
Russia,Russia,T-72B3,captured,https://i.postimg.cc/JhrRczwF/65h.png,2022-05-24,5672,20939,2,7-5672209392
Russia,Russia,T-72B3,captured,https://i.postimg.cc/Qtf6spC1/4ff.png,2022-05-25,5672,20942,2,7-5672209422
Russia,Russia,T-72B3,captured,https://i.postimg.cc/1XtXSHf4/65.jpg,2022-06-03,5672,20945,2,7-5672209452
Russia,Russia,T-72B3,captured,https://twitter.com/UAWeapons/status/1554422066358648832,2022-08-04,5672,20966,2,7-5672209662
Russia,Russia,T-72B3,captured,https://twitter.com/UAWeapons/status/1567466643713921026,2022-09-08,5672,20980,2,7-5672209802
Russia,Russia,T-72B3,captured,https://i.postimg.cc/SKtXyhrB/1009-t72b3.jpg,2022-09-08,5672,20981,2,7-5672209812
Russia,Russia,T-72B3,captured,https://i.postimg.cc/FRchYQZY/1048-t72b3.jpg,2022-09-08,5672,20982,2,7-5672209822
Russia,Russia,T-72B3,captured,https://twitter.com/UAWeapons/status/1568205056956141569,2022-09-10,5672,20985,2,7-5672209852
Russia,Russia,T-72B3,captured,https://twitter.com/UAWeapons/status/1568352148102025217,2022-09-10,5672,17593,2,7-5672175932
Russia,Russia,T-72B3,captured,https://i.postimg.cc/cJ7JnbbS/1002-t72b3.jpg,2022-09-10,5672,20986,2,7-5672209862
Russia,Russia,T-72B3,captured,https://i.postimg.cc/Bb7bvPwP/1004-t72b3.jpg,2022-09-10,5672,20987,2,7-5672209872
Russia,Russia,T-72B3,captured,https://i.postimg.cc/ZRK7B0VP/1012-t72b3.jpg,2022-09-10,5672,20988,2,7-5672209882
Russia,Russia,T-72B3,captured,https://i.postimg.cc/3RFfpFjq/1014-t72b3.jpg,2022-09-11,5672,20992,2,7-5672209922
Russia,Russia,T-72B3,captured,https://twitter.com/UAWeapons/status/1568992480909205504,2022-09-12,5672,2577,2,7-567225772
Russia,Russia,T-72B3,captured,https://twitter.com/UAWeapons/status/1568899243397550080,2022-09-12,5672,9025,2,7-567290252
Russia,Russia,T-72B3,captured,https://twitter.com/UAWeapons/status/1569038512116334592,2022-09-12,5672,7659,2,7-567276592
Russia,Russia,T-72B3,captured,https://twitter.com/UAWeapons/status/1569621714346147847,2022-09-14,5672,20997,2,7-5672209972
Russia,Russia,T-72B3,captured,https://i.postimg.cc/XJMxpPXD/1025-t72b3.jpg,2022-09-14,5672,20998,2,7-5672209982
Russia,Russia,T-72B3,captured,https://twitter.com/UAWeapons/status/1570157461973401600,2022-09-15,5672,84,2,7-5672842
Russia,Russia,T-72B3,captured,https://i.postimg.cc/15jxYFDN/1029-t72b3.jpg,2022-09-15,5672,21000,2,7-5672210002
Russia,Russia,T-72B3,captured,https://i.postimg.cc/Xqf7LzV9/1004-t72b3.jpg,2022-09-16,5672,21002,2,7-5672210022
Russia,Russia,T-72B3,captured,https://twitter.com/UAWeapons/status/1570420216957440001,2022-09-16,5672,9673,2,7-567296732
Russia,Russia,T-72B3,captured,https://twitter.com/UAWeapons/status/1571071832530505728,2022-09-17,5672,15069,2,7-5672150692
Russia,Russia,T-72B3,captured,https://i.postimg.cc/SxxSvW8Z/1004-t72b3.jpg,2022-09-17,5672,21003,2,7-5672210032
Russia,Russia,T-72B3,captured,https://i.postimg.cc/mDCBHVfr/1013-t72b3.png,2022-09-17,5672,21004,2,7-5672210042
Russia,Russia,T-72B3,captured,https://i.postimg.cc/X7GCmrmW/1002-t72b3.jpg,2022-09-19,5672,21007,2,7-5672210072
Russia,Russia,T-72B3,captured,https://twitter.com/UAWeapons/status/1571508979318022144,2022-09-19,5672,21008,2,7-5672210082
Russia,Russia,T-72B3,captured,https://twitter.com/UAWeapons/status/1571546414504624129,2022-09-20,5672,21011,2,7-5672210112
Russia,Russia,T-72B3,captured,https://twitter.com/UAWeapons/status/1572154236183486467,2022-09-22,5672,617,2,7-56726172
Russia,Russia,T-72B3,captured,https://twitter.com/UAWeapons/status/1572332220697948161,2022-09-22,5672,17614,2,7-5672176142
Russia,Russia,T-72B3,captured,https://i.postimg.cc/ZKxhSKRg/1004-t72b3.jpg,2022-09-23,5672,21012,2,7-5672210122
Russia,Russia,T-72B3,captured,https://i.postimg.cc/RCY9f5m1/1007-t72b3.jpg,2022-09-25,5672,21016,2,7-5672210162
Russia,Russia,T-72B3,captured,https://i.postimg.cc/fR6gGGhk/1010-t72b3.jpg,2022-09-28,5672,21018,2,7-5672210182
Russia,Russia,T-72B3,captured,https://twitter.com/UAWeapons/status/1575875389188030464,2022-10-01,5672,21023,2,7-5672210232
Russia,Russia,T-72B3,captured,https://i.postimg.cc/zfvzpR0p/1001-t72b3-capt.jpg,2022-10-01,5672,21024,2,7-5672210242
Russia,Russia,T-72B3,captured,https://i.postimg.cc/NMRWxsqp/1015-t72b3-capt.jpg,2022-10-01,5672,21025,2,7-5672210252
Russia,Russia,T-72B3,captured,https://twitter.com/UAWeapons/status/1576481167410597890,2022-10-02,5672,21026,2,7-5672210262
Russia,Russia,T-72B3,captured,https://i.postimg.cc/xqrMwHgc/1020-t72b3-capt.jpg,2022-10-02,5672,21027,2,7-5672210272
Russia,Russia,T-72B3,captured,https://twitter.com/UAWeapons/status/1576528548160237568,2022-10-03,5672,21030,2,7-5672210302
Russia,Russia,T-72B3 Obr. 2016,captured,https://i.postimg.cc/9Mhg9B0b/4g2.png,2022-03-19,5673,21062,2,7-5673210622
Russia,Russia,T-72B3 Obr. 2016,captured,https://i.postimg.cc/Y9ZrwnNF/44334.jpg,2022-03-19,5673,21063,2,7-5673210632
Russia,Russia,T-72B3 Obr. 2016,captured,https://i.postimg.cc/cJfQLSyB/653.png,2022-03-19,5673,21064,2,7-5673210642
Russia,Russia,T-72B3 Obr. 2016,captured,https://i.postimg.cc/CLV1kbgs/335.png,2022-03-19,5673,21065,2,7-5673210652
Russia,Russia,T-72B3 Obr. 2016,captured,https://i.postimg.cc/Rhx51CZ2/7799.png,2022-03-19,5673,21066,2,7-5673210662
Russia,Russia,T-72B3 Obr. 2016,captured,https://i.postimg.cc/2SLnLCmB/659.png,2022-03-19,5673,21067,2,7-5673210672
Russia,Russia,T-72B3 Obr. 2016,captured,https://i.postimg.cc/SR1fCMXS/m3.png,2022-03-19,5673,21068,2,7-5673210682
Russia,Russia,T-72B3 Obr. 2016,captured,https://i.postimg.cc/44ryWyxp/698.png,2022-03-19,5673,21069,2,7-5673210692
Russia,Russia,T-72B3 Obr. 2016,captured,https://postimg.cc/nM5FPWSC,2022-03-19,5673,21070,2,7-5673210702
Russia,Russia,T-72B3 Obr. 2016,captured,https://i.postimg.cc/85dw1Jvb/n9.png,2022-03-19,5673,21071,2,7-5673210712
Russia,Russia,T-72B3 Obr. 2016,captured,https://i.postimg.cc/QxbX7PSj/bo.jpg,2022-03-19,5673,21072,2,7-5673210722
Russia,Russia,T-72B3 Obr. 2016,captured,https://i.postimg.cc/VsK9XjfC/d332.png,2022-03-19,5673,21073,2,7-5673210732
Russia,Russia,T-72B3 Obr. 2016,captured,https://i.postimg.cc/MG8fCYbX/3d3.png,2022-03-19,5673,21074,2,7-5673210742
Russia,Russia,T-72B3 Obr. 2016,captured,https://i.postimg.cc/DwB9FktZ/479p.png,2022-03-19,5673,21075,2,7-5673210752
Russia,Russia,T-72B3 Obr. 2016,captured,https://i.postimg.cc/3wPF3jtz/331.png,2022-03-19,5673,21076,2,7-5673210762
Russia,Russia,T-72B3 Obr. 2016,captured,https://i.postimg.cc/WpJWQz1d/ta1.png,2022-03-19,5673,21077,2,7-5673210772
Russia,Russia,T-72B3 Obr. 2016,captured,https://i.postimg.cc/RFS7hm3f/d15.png,2022-03-19,5673,21078,2,7-5673210782
Russia,Russia,T-72B3 Obr. 2016,captured,https://i.postimg.cc/rpYCXVgJ/4436.png,2022-03-19,5673,21079,2,7-5673210792
Russia,Russia,T-72B3 Obr. 2016,captured,https://i.postimg.cc/43hnyXsw/d138.png,2022-03-19,5673,21080,2,7-5673210802
Russia,Russia,T-72B3 Obr. 2016,captured,https://i.postimg.cc/4dfJWDSG/hh3.png,2022-03-19,5673,21040,2,7-5673210402
Russia,Russia,T-72B3 Obr. 2016,captured,https://i.postimg.cc/fLGLK0K6/466.png,2022-03-19,5673,21081,2,7-5673210812
Russia,Russia,T-72B3 Obr. 2016,captured,https://i.postimg.cc/Hxvw9rwC/559.jpg,2022-03-19,5673,21082,2,7-5673210822
Russia,Russia,T-72B3 Obr. 2016,captured,https://i.postimg.cc/prpmytmf/f433.png,2022-03-19,5673,21083,2,7-5673210832
Russia,Russia,T-72B3 Obr. 2016,captured,https://i.postimg.cc/Jnhs4Bys/fhj.png,2022-03-19,5673,21084,2,7-5673210842
Russia,Russia,T-72B3 Obr. 2016,captured,https://i.postimg.cc/L4CtS5dJ/52.png,2022-03-19,5673,21085,2,7-5673210852
Russia,Russia,T-72B3 Obr. 2016,captured,https://i.postimg.cc/FzV5CVy1/435.png,2022-03-19,5673,21086,2,7-5673210862
Russia,Russia,T-72B3 Obr. 2016,captured,https://i.postimg.cc/8Pz7Gmn9/4289.png,2022-03-19,5673,21087,2,7-5673210872
Russia,Russia,T-72B3 Obr. 2016,captured,https://i.postimg.cc/J0RFfQW0/4h.png,2022-03-19,5673,21088,2,7-5673210882
Russia,Russia,T-72B3 Obr. 2016,captured,https://i.postimg.cc/d34Jp1gM/4791.png,2022-03-19,5673,21089,2,7-5673210892
Russia,Russia,T-72B3 Obr. 2016,captured,https://i.postimg.cc/yNv6K4zM/468.png,2022-03-26,5673,21099,2,7-5673210992
Russia,Russia,T-72B3 Obr. 2016,captured,https://i.postimg.cc/DyJM89qR/33113.png,2022-03-26,5673,21100,2,7-5673211002
Russia,Russia,T-72B3 Obr. 2016,captured,https://i.postimg.cc/gc7TZdsd/44133.png,2022-03-26,5673,21101,2,7-5673211012
Russia,Russia,T-72B3 Obr. 2016,captured,https://i.postimg.cc/wvVb8jyG/76m.jpg,2022-03-27,5673,12482,2,7-5673124822
Russia,Russia,T-72B3 Obr. 2016,captured,https://i.postimg.cc/KzCX8xb5/f68.png,2022-03-28,5673,15990,2,7-5673159902
Russia,Russia,T-72B3 Obr. 2016,captured,https://i.postimg.cc/vTwPKBMC/5n.png,2022-03-28,5673,21102,2,7-5673211022
Russia,Russia,T-72B3 Obr. 2016,captured,https://i.postimg.cc/d0LjtDt3/5555.png,2022-03-29,5673,21104,2,7-5673211042
Russia,Russia,T-72B3 Obr. 2016,captured,https://i.postimg.cc/XqDJC4fx/r1.png,2022-03-29,5673,21105,2,7-5673211052
Russia,Russia,T-72B3 Obr. 2016,captured,https://i.postimg.cc/DzN3pCzZ/45.png,2022-03-29,5673,21106,2,7-5673211062
Russia,Russia,T-72B3 Obr. 2016,captured,https://i.postimg.cc/fRK9ddR5/b316bmp2.png,2022-03-29,5673,14271,2,7-5673142712
Russia,Russia,T-72B3 Obr. 2016,captured,https://i.postimg.cc/WbGntCGL/432.png,2022-03-30,5673,21108,2,7-5673211082
Russia,Russia,T-72B3 Obr. 2016,captured,https://i.postimg.cc/sgvr80pM/n9.jpg,2022-04-04,5673,21112,2,7-5673211122
Russia,Russia,T-72B3 Obr. 2016,captured,https://i.postimg.cc/J49SMv4v/832.png,2022-04-04,5673,21113,2,7-5673211132
Russia,Russia,T-72B3 Obr. 2016,captured,https://i.postimg.cc/QtRXGSfK/54.jpg,2022-04-09,5673,21116,2,7-5673211162
Russia,Russia,T-72B3 Obr. 2016,captured,https://i.postimg.cc/HxJnmn3k/4f.jpg,2022-04-14,5673,21119,2,7-5673211192
Russia,Russia,T-72B3 Obr. 2016,captured,https://i.postimg.cc/pr8qW036/7j.jpg,2022-04-17,5673,21121,2,7-5673211212
Russia,Russia,T-72B3 Obr. 2016,captured,https://i.postimg.cc/h4kpbwLj/388.png,2022-04-18,5673,21122,2,7-5673211222
Russia,Russia,T-72B3 Obr. 2016,captured,https://i.postimg.cc/8z4bZPg4/4431.png,2022-04-20,5673,21124,2,7-5673211242
Russia,Russia,T-72B3 Obr. 2016,captured,https://i.postimg.cc/qMT69cW0/76.jpg,2022-04-21,5673,21127,2,7-5673211272
Russia,Russia,T-72B3 Obr. 2016,captured,https://i.postimg.cc/6Qf1vBC4/6h.png,2022-04-24,5673,21128,2,7-5673211282
Russia,Russia,T-72B3 Obr. 2016,captured,https://i.postimg.cc/NjRhJ77T/55.jpg,2022-04-24,5673,21129,2,7-5673211292
Russia,Russia,T-72B3 Obr. 2016,captured,https://i.postimg.cc/xdmnzGq2/d15.jpg,2022-05-06,5673,21131,2,7-5673211312
Russia,Russia,T-72B3 Obr. 2016,captured,https://i.postimg.cc/g2BDpPHM/f4.jpg,2022-05-08,5673,21133,2,7-5673211332
Russia,Russia,T-72B3 Obr. 2016,captured,https://i.postimg.cc/D02TR7J0/43g.png,2022-05-08,5673,21134,2,7-5673211342
Russia,Russia,T-72B3 Obr. 2016,captured,https://i.postimg.cc/vBMRNW5R/3f.jpg,2022-05-08,5673,21135,2,7-5673211352
Russia,Russia,T-72B3 Obr. 2016,captured,https://i.postimg.cc/MHdnWbYQ/g422.jpg,2022-05-09,5673,21136,2,7-5673211362
Russia,Russia,T-72B3 Obr. 2016,captured,https://i.postimg.cc/C5X06fMk/985.jpg,2022-05-12,5673,21138,2,7-5673211382
Russia,Russia,T-72B3 Obr. 2016,captured,https://postimg.cc/dhZdrR3R,2022-05-21,5673,21141,2,7-5673211412
Russia,Russia,T-72B3 Obr. 2016,captured,https://i.postimg.cc/YqvL9p4F/323.png,2022-05-25,5673,21142,2,7-5673211422
Russia,Russia,T-72B3 Obr. 2016,captured,https://i.postimg.cc/BQj0PDNf/766.png,2022-06-02,5673,21143,2,7-5673211432
Russia,Russia,T-72B3 Obr. 2016,captured,https://i.postimg.cc/jdfBfJPd/d10.jpg,2022-06-26,5673,21145,2,7-5673211452
Russia,Russia,T-72B3 Obr. 2016,captured,https://i.postimg.cc/KYTL8sXS/7766.jpg,2022-06-26,5673,21146,2,7-5673211462
Russia,Russia,T-72B3 Obr. 2016,captured,https://twitter.com/UAWeapons/status/1542235728700211200,2022-06-30,5673,21148,2,7-5673211482
Russia,Russia,T-72B3 Obr. 2016,captured,https://twitter.com/UAWeapons/status/1544356465279901697,2022-07-06,5673,21149,2,7-5673211492
Russia,Russia,T-72B3 Obr. 2016,captured,https://twitter.com/UAWeapons/status/1545125402074562563,2022-07-08,5673,21150,2,7-5673211502
Russia,Russia,T-72B3 Obr. 2016,captured,https://i.postimg.cc/xTRC7Jp2/1004-t72b3-2016.png,2022-07-30,5673,21154,2,7-5673211542
Russia,Russia,T-72B3 Obr. 2016,captured,https://i.postimg.cc/44jPkfsN/1005.jpg,2022-07-31,5673,21155,2,7-5673211552
Russia,Russia,T-72B3 Obr. 2016,captured,https://i.postimg.cc/jjFPM35F/1007-t72b3-2016.jpg,2022-08-04,5673,21157,2,7-5673211572
Russia,Russia,T-72B3 Obr. 2016,captured,https://twitter.com/UAWeapons/status/1553999219156983808,2022-08-04,5673,21158,2,7-5673211582
Russia,Russia,T-72B3 Obr. 2016,captured,https://i.postimg.cc/Mpq5qdBh/1000.jpg,2022-08-09,5673,21159,2,7-5673211592
Russia,Russia,T-72B3 Obr. 2016,captured,https://i.postimg.cc/mkgd0Hyx/1000-t72b3-2016.jpg,2022-08-16,5673,21160,2,7-5673211602
Russia,Russia,T-72B3 Obr. 2016,captured,https://i.postimg.cc/CKhm2Jgk/1003-t72b3-2016.jpg,2022-09-05,5673,21174,2,7-5673211742
Russia,Russia,T-72B3 Obr. 2016,captured,https://twitter.com/UAWeapons/status/1567460860540362763,2022-09-08,5673,21175,2,7-5673211752
Russia,Russia,T-72B3 Obr. 2016,captured,https://i.postimg.cc/pT8JzRtd/1006-t72b3-2016.jpg,2022-09-10,5673,21177,2,7-5673211772
Russia,Russia,T-72B3 Obr. 2016,captured,https://twitter.com/UAWeapons/status/1568342410043826177,2022-09-10,5673,15028,2,7-5673150282
Russia,Russia,T-72B3 Obr. 2016,captured,https://twitter.com/RALee85/status/1568501530067668992,2022-09-10,5673,21178,2,7-5673211782
Russia,Russia,T-72B3 Obr. 2016,captured,https://twitter.com/UAWeapons/status/1568578522125303814,2022-09-11,5673,21179,2,7-5673211792
Russia,Russia,T-72B3 Obr. 2016,captured,https://i.postimg.cc/c1Vxfgtc/1005-t72b3m.png,2022-09-11,5673,21180,2,7-5673211802
Russia,Russia,T-72B3 Obr. 2016,captured,https://twitter.com/UAWeapons/status/1569013204541374464,2022-09-12,5673,20299,2,7-5673202992
Russia,Russia,T-72B3 Obr. 2016,captured,https://twitter.com/UAWeapons/status/1568967168473157632,2022-09-12,5673,21181,2,7-5673211812
Russia,Russia,T-72B3 Obr. 2016,captured,https://i.postimg.cc/mZ7Rt7LH/1001-t72b3m.jpg,2022-09-12,5673,21182,2,7-5673211822
Russia,Russia,T-72B3 Obr. 2016,captured,https://twitter.com/UAWeapons/status/1568899243397550080,2022-09-12,5673,9025,2,7-567390252
Russia,Russia,T-72B3 Obr. 2016,captured,https://twitter.com/UAWeapons/status/1569736199413309442,2022-09-14,5673,11766,2,7-5673117662
Russia,Russia,T-72B3 Obr. 2016,captured,https://twitter.com/UAWeapons/status/1569768629696069638,2022-09-14,5673,8417,2,7-567384172
Russia,Russia,T-72B3 Obr. 2016,captured,https://twitter.com/UAWeapons/status/1569968902079238145,2022-09-15,5673,21184,2,7-5673211842
Russia,Russia,T-72B3 Obr. 2016,captured,https://i.postimg.cc/c1c0T6DQ/1023-t72n3m.jpg,2022-09-15,5673,21185,2,7-5673211852
Russia,Russia,T-72B3 Obr. 2016,captured,https://i.postimg.cc/vT0msRq8/1003-t72b3m.jpg,2022-09-20,5673,21186,2,7-5673211862
Russia,Russia,T-72B3 Obr. 2016,captured,https://i.postimg.cc/qB1BgTw4/1006-t72b3m.jpg,2022-09-20,5673,21187,2,7-5673211872
Russia,Russia,T-72B3 Obr. 2016,captured,https://i.postimg.cc/T1dFV38R/1010-t72b3m.jpg,2022-09-20,5673,21188,2,7-5673211882
Russia,Russia,T-72B3 Obr. 2016,captured,https://i.postimg.cc/CxHJ9YSH/1500-t72b3-orel.jpg,2022-09-24,5673,21190,2,7-5673211902
Russia,Russia,T-72B3 Obr. 2016,captured,https://twitter.com/UAWeapons/status/1574488865313898512,2022-09-27,5673,21193,2,7-5673211932
Russia,Russia,T-72B3 Obr. 2016,captured,https://twitter.com/UAWeapons/status/1574851468854759434,2022-09-28,5673,21195,2,7-5673211952
Russia,Russia,T-72B3 Obr. 2016,captured,https://i.postimg.cc/YCHDC99m/1001-t72b3m.jpg,2022-09-29,5673,21196,2,7-5673211962
Russia,Russia,T-72B3 Obr. 2016,captured,https://i.postimg.cc/cC1k5rNB/2022-09-14-T-72-B3-Obr-2016.jpg,2022-09-30,5673,21197,2,7-5673211972
Russia,Russia,T-72B3 Obr. 2016,captured,https://twitter.com/UAWeapons/status/1576199767675138048,2022-10-02,5673,1496,2,7-567314962
Russia,Russia,T-72B3 Obr. 2016,captured,https://i.postimg.cc/jSSsgJY7/1012-t72b3m-capt.jpg,2022-10-03,5673,21199,2,7-5673211992
Russia,Russia,T-72B3 Obr. 2016,captured,https://i.postimg.cc/fTZWdrH5/1013-t72b3m-capt.jpg,2022-10-03,5673,21200,2,7-5673212002
Russia,Russia,T-72B3 Obr. 2016,captured,https://i.postimg.cc/bNJc382x/1009-t72b3m-capt.jpg,2022-10-05,5673,21201,2,7-5673212012
Russia,Russia,T-72B3 Obr. 2016,captured,https://i.postimg.cc/BZNfTttZ/1010-t72b3m-capt.jpg,2022-10-05,5673,21202,2,7-5673212022
Russia,Russia,T-72B3 Obr. 2016,captured,https://i.postimg.cc/76vHtWDq/1011-t72b3m-capt.jpg,2022-10-06,5673,21203,2,7-5673212032
Russia,Russia,T-72B3 Obr. 2016,captured,https://i.postimg.cc/CLkGNt8y/1017-t72b3-2016.jpg,2022-10-07,5673,21205,2,7-5673212052
Russia,Russia,T-72B3 Obr. 2016,captured,https://i.postimg.cc/rwTmBNdf/1034-t72b3m-capt.jpg,2022-10-09,5673,21206,2,7-5673212062
Russia,Russia,T-72B3 Obr. 2016,captured,https://i.postimg.cc/xj6P8Lhw/1033-t72b3m-capt.jpg,2022-10-12,5673,21208,2,7-5673212082
Russia,Russia,T-72B3 Obr. 2016,captured,https://i.postimg.cc/C5D0gzY3/1042-t72b3m-capt.jpg,2022-10-16,5673,21209,2,7-5673212092
Russia,Russia,T-72B3 Obr. 2016,captured,https://i.postimg.cc/x192wfZZ/1063-t72b3m-capt.jpg,2022-10-16,5673,21210,2,7-5673212102
Russia,Russia,T-72B3 Obr. 2016,captured,https://i.postimg.cc/dQNHR7dY/1006-t72b3m-capt.png,2022-10-16,5673,21211,2,7-5673212112
Russia,Russia,T-72B3 Obr. 2016,captured,https://i.postimg.cc/qvx7wTGb/1500-t72b3m-destr.jpg,2022-10-20,5673,21216,2,7-5673212162
Russia,Russia,T-72B3 Obr. 2016,captured,https://i.postimg.cc/t4Yp4Drw/1005-t72b3m-capt.jpg,2022-10-24,5673,21219,2,7-5673212192
Russia,Russia,T-72B3 Obr. 2016,captured,https://i.postimg.cc/HnHqRR38/1007-t72b3m-dam-capt.jpg,2022-10-24,5673,21220,2,7-5673212202
Russia,Russia,T-72B3 Obr. 2016,captured,https://i.postimg.cc/Vv3pmJsM/1029-t72b3m-capt-4-11.jpg,2022-11-08,5673,21227,2,7-5673212272
Russia,Russia,T-72B3 Obr. 2016,captured,https://i.postimg.cc/d02dJ3vC/1042-t72b3m-capt.jpg,2022-11-08,5673,21228,2,7-5673212282
Russia,Russia,T-72B3 Obr. 2016,captured,https://i.postimg.cc/DfJkRJBg/1005-t72b3m-capt.jpg,2022-11-09,5673,21229,2,7-5673212292
Russia,Russia,T-72B3 Obr. 2016,captured,https://twitter.com/UAWeapons/status/1591702182629343232,2022-11-14,5673,21231,2,7-5673212312
Russia,Russia,T-72B3 Obr. 2016,captured,https://twitter.com/UAWeapons/status/1593000581966462977,2022-11-18,5673,21234,2,7-5673212342
Russia,Russia,T-72B3 Obr. 2016,captured,https://i.postimg.cc/vTKf8ZHF/1005-t72b3m-capt.jpg,2022-11-18,5673,21235,2,7-5673212352
Russia,Russia,T-72B3 Obr. 2016,captured,https://i.postimg.cc/RFBFXJJM/1001-t72b3m-capt.jpg,2022-11-19,5673,21236,2,7-5673212362
Russia,Russia,T-72B3 Obr. 2016,captured,https://twitter.com/UAWeapons/status/1599033138583244800,2022-12-05,5673,21238,2,7-5673212382
Russia,Russia,T-72B3 Obr. 2016,captured,https://i.postimg.cc/y6fPYy6y/1000-t72b3m-capt.jpg,2022-12-28,5673,21242,2,7-5673212422
Russia,Russia,T-72B3 Obr. 2016,captured,https://i.postimg.cc/8P4cdYF5/1004-T-72-B3-Obr2016-capt.jpg,2022-12-30,5673,21244,2,7-5673212442
Russia,Russia,T-72B3 Obr. 2016,captured,https://i.postimg.cc/pdmFrm2F/1019-t72b3m-capt-30-03-22.jpg,2023-01-01,5673,21245,2,7-5673212452
Russia,Russia,T-72B3 Obr. 2016,captured,https://i.postimg.cc/5jcsmnSt/1031-t72b3m-capt-03-01-23.jpg,2023-01-04,5673,21246,2,7-5673212462
Russia,Russia,T-72B3 Obr. 2016,captured,https://i.postimg.cc/R0pjkffN/1025-t72b3m-capt-09-02-23.jpg,2023-02-12,5673,21253,2,7-5673212532
Russia,Russia,T-72B3 Obr. 2016,captured,https://i.postimg.cc/vBxQvyYf/211.png,2023-03-26,5673,21261,2,7-5673212612
Russia,Russia,T-72B3 Obr. 2016,captured,https://i.postimg.cc/QdZttw9X/5g5.png,2023-03-29,5673,21262,2,7-5673212622
Russia,Russia,T-72B3 Obr. 2016,captured,https://i.postimg.cc/x8cJPqVd/4439.png,2023-04-08,5673,21270,2,7-5673212702
Russia,Russia,T-72B3 Obr. 2016,captured,https://i.postimg.cc/W37zCQfh/439.png,2023-04-12,5673,21274,2,7-5673212742
Russia,Russia,T-72B3 Obr. 2016,captured,https://i.postimg.cc/cJHYN7ns/329.png,2023-04-12,5673,21275,2,7-5673212752
Russia,Russia,T-72B3 Obr. 2016,captured,https://postlmg.cc/xNV1ffCr,2023-04-12,5673,21276,2,7-5673212762
Russia,Russia,T-72B3 Obr. 2016,captured,https://i.postimg.cc/YqDks9dS/6j.png,2023-04-16,5673,21280,2,7-5673212802
Russia,Russia,T-72B3 Obr. 2016,captured,https://postlmg.cc/CdqDcDqR,2023-04-16,5673,21281,2,7-5673212812
Russia,Russia,T-72B3 Obr. 2016,captured,https://i.postimg.cc/5y4WSsxy/1004-T-72-B3-Obr-2016-capt-01-05-23.jpg,2023-05-02,5673,21287,2,7-5673212872
Russia,Russia,T-72B3 Obr. 2016,captured,https://twitter.com/UAWeapons/status/1674330739880386561,2023-06-30,5673,21292,2,7-5673212922
Russia,Russia,T-72B3 Obr. 2016,captured,https://i.postimg.cc/YqKsdrv5/1044-T-72-B3-Obr-2016-capt-31-05-23.jpg,2023-07-14,5673,21295,2,7-5673212952
Russia,Russia,T-72B3 Obr. 2016,captured,https://i.postimg.cc/vHt6dWM4/1011-T-72-B3-Obr2016-capt-31-03-22.jpg,2024-02-09,5673,21344,2,7-5673213442
Russia,Russia,T-72B3 Obr. 2016,captured,https://i.postimg.cc/NLhSs2Q9/1029-T-72-B3-Obr-2016-capt-30-11-22.jpg,2024-04-08,5673,21352,2,7-5673213522
Russia,Russia,T-72B3 Obr. 2016,captured,https://i.postimg.cc/s20Z0hRW/1014-T-72-B3-Obr-2016-capt-30-09-22.jpg,2024-05-12,5673,21356,2,7-5673213562
Russia,Russia,T-72B3 Obr. 2016,captured,https://i.postimg.cc/fyXbjm8t/1002-T-72-B3-Obr-2016-dam-capt-04-10-22.jpg,2024-05-24,5673,21358,2,7-5673213582
Russia,Russia,T-72B3 Obr. 2016,captured,https://i.postimg.cc/DzyS183d/1011-T-72-B3-Obr-2016-capt-30-09-22.jpg,2024-08-03,5673,21366,2,7-5673213662
Russia,Russia,T-72B3 Obr. 2022,captured,https://i.postimg.cc/TPvBX3LD/1020-T-72-B3-Obr-2022-capt-10-08-24.jpg,2024-08-15,5674,21436,2,7-5674214362
Russia,Russia,T-72B3 Obr. 2022,captured,https://i.postimg.cc/1t65bLGd/1048-T-72-B3-Obr-2022-capt-05-09-24.jpg,2024-09-09,5674,21437,2,7-5674214372
Russia,Russia,T-72B3 Obr. 2022,captured,https://i.postimg.cc/ydMwbdp1/1017-T-72-B3-Obr-2022-capt-12-09-24.jpg,2024-09-16,5674,21438,2,7-5674214382
Russia,Russia,T-72B3 Obr. 2022,captured,https://i.postimg.cc/8C6rkRVF/1002-T-72-B3-Obr-2022-capt-02-11-24.jpg,2024-11-05,5674,21443,2,7-5674214432
Russia,Russia,T-72B3 Obr. 2022,captured,https://i.postimg.cc/nVPJDcLr/1003-T-72-B3-Obr-2022-capt-29-07-25.jpg,2025-08-14,5674,21478,2,7-5674214782
Russia,Russia,T-72BA,captured,https://i.postimg.cc/GptKrKXD/8887.jpg,2022-04-18,5675,21480,2,7-5675214802
Russia,Russia,T-72BA,captured,https://i.postimg.cc/15GfGd3q/3328.jpg,2022-05-01,5675,21481,2,7-5675214812
Russia,Russia,T-72BA,captured,https://i.postimg.cc/mZH6y033/21.png,2022-05-03,5675,21482,2,7-5675214822
Russia,Soviet Union,T-80BV,captured,https://i.postimg.cc/63bVWQwX/470.png,2022-03-19,5676,21489,2,7-5676214892
Russia,Soviet Union,T-80BV,captured,https://i.postimg.cc/1zNj1Pjv/44355.png,2022-03-19,5676,21490,2,7-5676214902
Russia,Soviet Union,T-80BV,captured,https://i.postimg.cc/4yWGbC6D/578.png,2022-03-19,5676,21491,2,7-5676214912
Russia,Soviet Union,T-80BV,captured,https://i.postimg.cc/x1wjXw9J/3dj.png,2022-03-19,5676,21492,2,7-5676214922
Russia,Soviet Union,T-80BV,captured,https://i.postimg.cc/Y2hTRjVV/2hs.png,2022-03-26,5676,21493,2,7-5676214932
Russia,Soviet Union,T-80BV,captured,https://i.postimg.cc/dV7Y2m59/36.png,2022-03-29,5676,21495,2,7-5676214952
Russia,Soviet Union,T-80BV,captured,https://i.postimg.cc/ydxcLGC0/68.png,2022-04-10,5676,21498,2,7-5676214982
Russia,Soviet Union,T-80BV,captured,https://i.postimg.cc/bwdPNHP3/579.png,2022-04-10,5676,21499,2,7-5676214992
Russia,Soviet Union,T-80BV,captured,https://i.postimg.cc/25SzW9Xv/6h.jpg,2022-04-13,5676,21501,2,7-5676215012
Russia,Soviet Union,T-80BV,captured,https://i.postimg.cc/Ss0CNg8p/d3.jpg,2022-04-13,5676,21502,2,7-5676215022
Russia,Soviet Union,T-80BV,captured,https://i.postimg.cc/28NZTGvw/4449.png,2022-04-18,5676,21503,2,7-5676215032
Russia,Soviet Union,T-80BV,captured,https://i.postimg.cc/CxXtTwB7/g5.jpg,2022-05-08,5676,21512,2,7-5676215122
Russia,Soviet Union,T-80BV,captured,https://i.postimg.cc/m25sg2hc/37.jpg,2022-05-11,5676,21513,2,7-5676215132
Russia,Soviet Union,T-80BV,captured,https://i.postimg.cc/J7B4DXFq/665.jpg,2022-05-28,5676,21518,2,7-5676215182
Russia,Soviet Union,T-80BV,captured,https://i.postimg.cc/pL0kDz9x/f4.jpg,2022-06-03,5676,21519,2,7-5676215192
Russia,Soviet Union,T-80BV,captured,https://i.postimg.cc/TPp0Q1mb/f5.jpg,2022-06-03,5676,21520,2,7-5676215202
Russia,Soviet Union,T-80BV,captured,https://i.postimg.cc/DZndPYwd/2000-t80bv-destr-05-03-23.jpg,2024-02-11,5676,21654,2,7-5676216542
Russia,Soviet Union,T-80BV,captured,https://i.postimg.cc/281HSG7L/1107-T-80-BV-capt-and-later-destr-14-10-22.jpg,2024-04-21,5676,21716,2,7-5676217162
Russia,Soviet Union,T-80BV,captured,https://i.postimg.cc/ncN3jm3R/1108-T-80-BV-capt-and-later-destr-14-10-22.jpg,2024-04-21,5676,21717,2,7-5676217172
Russia,Soviet Union,T-80BV,captured,https://i.postimg.cc/d3ZR918G/1067-t80bv-capt-31-01-23.jpg,2024-07-30,5676,21793,2,7-5676217932
Russia,Soviet Union,T-80BV,captured,https://i.postimg.cc/SKTJdky0/1009-T-80-BV-capt-30-11-22.jpg,2024-08-03,5676,21794,2,7-5676217942
Russia,Russia,T-80BVM,captured,https://i.postimg.cc/pT8gPXns/g78.png,2022-03-19,5677,21920,2,7-5677219202
Russia,Russia,T-80BVM,captured,https://i.postimg.cc/QMpKGxyL/324.png,2022-03-19,5677,21921,2,7-5677219212
Russia,Russia,T-80BVM,captured,https://i.postimg.cc/fLpZW20x/d35.png,2022-03-19,5677,21922,2,7-5677219222
Russia,Russia,T-80BVM,captured,https://i.postimg.cc/jdKNRZQV/v6.jpg,2022-03-19,5677,21923,2,7-5677219232
Russia,Russia,T-80BVM,captured,https://i.postimg.cc/BQnQ8tqm/5799.png,2022-03-19,5677,21924,2,7-5677219242
Russia,Russia,T-80BVM,captured,https://i.postimg.cc/pLG98wSz/3h.png,2022-03-19,5677,21925,2,7-5677219252
Russia,Russia,T-80BVM,captured,https://i.postimg.cc/CxH8wwhD/3d20.png,2022-03-19,5677,21926,2,7-5677219262
Russia,Russia,T-80BVM,captured,https://i.postimg.cc/KzmrkB8F/bf.png,2022-03-19,5677,21927,2,7-5677219272
Russia,Russia,T-80BVM,captured,https://i.postimg.cc/NMNZPpZN/gl.png,2022-03-19,5677,21928,2,7-5677219282
Russia,Russia,T-80BVM,captured,https://i.postimg.cc/Y0pm2Yhh/d35.png,2022-03-19,5677,21929,2,7-5677219292
Russia,Russia,T-80BVM,captured,https://i.postimg.cc/DZqKW1G3/4gf.png,2022-03-26,5677,21930,2,7-5677219302
Russia,Russia,T-80BVM,captured,https://i.postimg.cc/zBtgdVxQ/652.png,2022-03-26,5677,21931,2,7-5677219312
Russia,Russia,T-80BVM,captured,https://i.postimg.cc/QdggKrXd/877.jpg,2022-03-26,5677,21932,2,7-5677219322
Russia,Russia,T-80BVM,captured,https://i.postimg.cc/wvn4jXwV/468.jpg,2022-04-01,5677,21933,2,7-5677219332
Russia,Russia,T-80BVM,captured,https://i.postimg.cc/TwC8D6n3/678.png,2022-04-04,5677,21934,2,7-5677219342
Russia,Russia,T-80BVM,captured,https://i.postimg.cc/7LpghV24/g2.jpg,2022-04-10,5677,21936,2,7-5677219362
Russia,Russia,T-80BVM,captured,https://i.postimg.cc/Jz3zpSPT/699.jpg,2022-04-13,5677,21937,2,7-5677219372
Russia,Russia,T-80BVM,captured,https://i.postimg.cc/tRvyG2y7/32.png,2022-05-01,5677,21938,2,7-5677219382
Russia,Russia,T-80BVM,captured,https://i.postimg.cc/zDd2qYhc/658.jpg,2022-05-11,5677,21943,2,7-5677219432
Russia,Russia,T-80BVM,captured,https://i.postimg.cc/Ls5fcmpp/332.png,2022-06-02,5677,21946,2,7-5677219462
Russia,Russia,T-80BVM,captured,https://i.postimg.cc/rFRQbXwh/h5.jpg,2022-06-26,5677,21947,2,7-5677219472
Russia,Russia,T-80BVM,captured,https://i.postimg.cc/x8NN9ZJx/1000.jpg,2022-07-21,5677,21949,2,7-5677219492
Russia,Russia,T-80BVM Obr. 2022,captured,https://i.postimg.cc/yd8vRPL1/1102-t80bvm-obr2022-dam-capt-23-06-24.jpg,2024-07-24,5678,21970,2,7-5678219702
Russia,Russia,T-80BVM Obr. 2022,captured,https://i.postimg.cc/sD8twc3K/1025-T-80-BVM-Obr-2022-capt-10-08-24.jpg,2024-08-15,5678,21971,2,7-5678219712
Russia,Russia,T-80BVM Obr. 2022,captured,https://i.postimg.cc/SsDP8LZ6/1033-T-80-BVM-Obr-2022-capt-08-08-24.jpg,2024-08-15,5678,21972,2,7-5678219722
Russia,Russia,T-80BVM Obr. 2022,captured,https://i.postimg.cc/zvYQZDwy/1000-T-80-BVM-Obr-2022-capt-31-08-24.jpg,2024-09-03,5678,21975,2,7-5678219752
Russia,Russia,T-80BVM Obr. 2022,captured,https://i.postimg.cc/Z0tztJr0/1005-T-80-BVM-Obr-2022-capt-and-later-destr-30-01-25.jpg,2025-02-11,5678,21992,2,7-5678219922
Russia,Russia,T-80U,captured,https://i.postimg.cc/Pf2gzrfP/f5.png,2022-03-19,5679,22039,2,7-5679220392
Russia,Russia,T-80U,captured,https://i.postimg.cc/Zq13p4Tf/4680.png,2022-03-19,5679,22040,2,7-5679220402
Russia,Russia,T-80U,captured,https://i.postimg.cc/7LFzTNhH/5466.png,2022-03-19,5679,22041,2,7-5679220412
Russia,Russia,T-80U,captured,https://i.postimg.cc/XY9XK8Qj/f25.png,2022-03-19,5679,22042,2,7-5679220422
Russia,Russia,T-80U,captured,https://i.postimg.cc/GtdbBMjV/4f7.png,2022-03-19,5679,22043,2,7-5679220432
Russia,Russia,T-80U,captured,https://i.postimg.cc/GmVvVvpf/8k.png,2022-03-19,5679,22044,2,7-5679220442
Russia,Russia,T-80U,captured,https://i.postimg.cc/7PWhmmcg/u8.jpg,2022-03-19,5679,22045,2,7-5679220452
Russia,Russia,T-80U,captured,https://i.postimg.cc/7PgrKTDY/s1.jpg,2022-03-19,5679,22046,2,7-5679220462
Russia,Russia,T-80U,captured,https://i.postimg.cc/Ls88PXB9/74.png,2022-03-19,5679,22047,2,7-5679220472
Russia,Russia,T-80U,captured,https://i.postimg.cc/HxYDSTTS/542.png,2022-03-19,5679,22048,2,7-5679220482
Russia,Russia,T-80U,captured,https://i.postimg.cc/NFhVD8bY/659.png,2022-03-19,5679,22049,2,7-5679220492
Russia,Russia,T-80U,captured,https://i.postimg.cc/JnK0gXrB/763.png,2022-03-19,5679,22050,2,7-5679220502
Russia,Russia,T-80U,captured,https://i.postimg.cc/nrBdhrmk/3da.png,2022-03-19,5679,22051,2,7-5679220512
Russia,Russia,T-80U,captured,https://i.postimg.cc/SxpBCFNR/4433.png,2022-03-19,5679,22052,2,7-5679220522
Russia,Russia,T-80U,captured,https://i.postimg.cc/nrLk93TH/d2c.png,2022-03-19,5679,22053,2,7-5679220532
Russia,Russia,T-80U,captured,https://i.postimg.cc/Kcg5Wc8N/o1.png,2022-03-19,5679,22054,2,7-5679220542
Russia,Russia,T-80U,captured,https://i.postimg.cc/sXz38mY9/32d.png,2022-03-19,5679,22055,2,7-5679220552
Russia,Russia,T-80U,captured,https://i.postimg.cc/YCx7XJ5N/4r.png,2022-03-19,5679,22056,2,7-5679220562
Russia,Russia,T-80U,captured,https://i.postimg.cc/nc7CpXxk/4y8.png,2022-03-19,5679,22057,2,7-5679220572
Russia,Russia,T-80U,captured,https://i.postimg.cc/fbf34Qs1/331f.jpg,2022-03-26,5679,22059,2,7-5679220592
Russia,Russia,T-80U,captured,https://i.postimg.cc/tCKRDKqG/66k.jpg,2022-03-26,5679,22060,2,7-5679220602
Russia,Russia,T-80U,captured,https://i.postimg.cc/FHDVg0xB/3dd.png,2022-03-27,5679,22061,2,7-5679220612
Russia,Russia,T-80U,captured,https://i.postimg.cc/hjp2dxTq/53.png,2022-03-29,5679,22067,2,7-5679220672
Russia,Russia,T-80U,captured,https://i.postimg.cc/W1bDL7xH/787.png,2022-04-07,5679,22070,2,7-5679220702
Russia,Russia,T-80U,captured,https://i.postimg.cc/vZ0cT4bY/47j.png,2022-04-09,5679,22071,2,7-5679220712
Russia,Russia,T-80U,captured,https://i.postimg.cc/9f2LgLrM/43f.jpg,2022-04-10,5679,22074,2,7-5679220742
Russia,Russia,T-80U,captured,https://i.postimg.cc/TYjtg6w4/976.png,2022-04-13,5679,22077,2,7-5679220772
Russia,Russia,T-80U,captured,https://i.postimg.cc/5N9DjYzn/390.png,2022-04-16,5679,22078,2,7-5679220782
Russia,Russia,T-80U,captured,https://i.postimg.cc/Pf0fyjp3/77.jpg,2022-05-21,5679,22086,2,7-5679220862
Russia,Russia,T-80U,captured,https://i.postimg.cc/Gpp0CYB5/c1.jpg,2022-06-05,5679,22089,2,7-5679220892
Russia,Russia,T-80U,captured,https://i.postimg.cc/CKr3L1kL/c2.jpg,2022-06-05,5679,22090,2,7-5679220902
Russia,Russia,T-80U,captured,https://i.postimg.cc/qRzMckW1/5472.png,2022-06-06,5679,22091,2,7-5679220912
Russia,Russia,T-80U,captured,https://i.postimg.cc/FHWbsTzf/87j.jpg,2022-06-26,5679,22095,2,7-5679220952
Russia,Russia,T-80U,captured,https://i.postimg.cc/pLq1qg8p/1002.jpg,2022-07-28,5679,22098,2,7-5679220982
Russia,Russia,T-80U,captured,https://i.postimg.cc/PryFfPyC/1006.jpg,2022-07-28,5679,22099,2,7-5679220992
Russia,Russia,T-80U,captured,https://i.postimg.cc/fbG8qXzr/1007.jpg,2022-07-28,5679,22100,2,7-5679221002
Russia,Russia,T-80U,captured,https://i.postimg.cc/HkLvrdvB/1008.jpg,2022-07-28,5679,22101,2,7-5679221012
Russia,Russia,T-80U,captured,https://i.postimg.cc/1znWKMQF/1009.jpg,2022-07-28,5679,22102,2,7-5679221022
Russia,Russia,T-80U,captured,https://twitter.com/UAWeapons/status/1554544824015101952,2022-08-04,5679,22103,2,7-5679221032
Russia,Russia,T-80U,captured,https://twitter.com/Danspiun/status/1554950823968399367,2022-08-05,5679,22104,2,7-5679221042
Russia,Russia,T-80U,captured,https://i.postimg.cc/cHLyjmMB/1005-t80u.jpg,2022-08-20,5679,22107,2,7-5679221072
Russia,Russia,T-80U,captured,https://twitter.com/Blue_Sauron/status/1568895598777991169,2022-09-12,5679,4990,2,7-567949902
Russia,Russia,T-80U,captured,https://twitter.com/UAWeapons/status/1569711880675139585,2022-09-14,5679,11767,2,7-5679117672
Russia,Russia,T-80UE-1,captured,https://i.postimg.cc/fb0m5nJQ/4388.jpg,2022-05-01,5680,22109,2,7-5680221092
Russia,Russia,T-80UE1,captured,https://postlmg.cc/HVYptsVc,2022-04-20,5681,22112,2,7-5681221122
Russia,Russia,T-80UK,captured,https://i.postimg.cc/RhG269gm/63.jpg,2022-03-26,5682,22114,2,7-5682221142
Russia,Russia,T-90A,captured,https://i.postimg.cc/hv56LFZ3/t5.png,2022-03-19,5684,22125,2,7-5684221252
Russia,Russia,T-90A,captured,https://i.postimg.cc/85Vs1vt5/v6.jpg,2022-03-19,5684,22126,2,7-5684221262
Russia,Russia,T-90A,captured,https://i.postimg.cc/fWVW6BwK/v8.jpg,2022-03-19,5684,22127,2,7-5684221272
Russia,Russia,T-90A,captured,https://i.postimg.cc/hPHLMRrc/65h.png,2022-03-19,5684,22128,2,7-5684221282
Russia,Russia,T-90A,captured,https://i.postimg.cc/907C3bwz/3324.png,2022-03-19,5684,22129,2,7-5684221292
Russia,Russia,T-90A,captured,https://i.postimg.cc/vTdS88R3/6h.jpg,2022-03-26,5684,22132,2,7-5684221322
Russia,Russia,T-90A,captured,https://i.postimg.cc/L6XCZSwz/3f4.png,2022-03-27,5684,22133,2,7-5684221332
Russia,Russia,T-90A,captured,https://i.postimg.cc/Nj7PbcQ4/466.png,2022-03-31,5684,22134,2,7-5684221342
Russia,Russia,T-90A,captured,https://i.postimg.cc/YCckmz5Z/4fff.jpg,2022-04-04,5684,22135,2,7-5684221352
Russia,Russia,T-90A,captured,https://i.postimg.cc/02nsRB7F/36.png,2022-04-10,5684,22136,2,7-5684221362
Russia,Russia,T-90A,captured,https://i.postimg.cc/Wbw3jKGG/4j.png,2022-05-23,5684,22140,2,7-5684221402
Russia,Russia,T-90A,captured,https://i.postimg.cc/Cdp0dM2b/1023-t90a-capt.jpg,2022-10-01,5684,22145,2,7-5684221452
Russia,Russia,T-90A,captured,https://i.postimg.cc/Z5kD2N6W/1024-t90a-capt-08-01-23.jpg,2023-01-10,5684,22149,2,7-5684221492
Russia,Russia,T-90A,captured,https://i.postimg.cc/PxykVq4W/1056-T-90-A-Obr-2006-destr-24-08-23.jpg,2024-04-08,5684,22162,2,7-5684221622
Russia,Russia,T-90A,captured,https://i.postimg.cc/pLXttYNX/1008-T-90-A-Obr-2006-capt-31-03-22.jpg,2024-04-08,5684,22164,2,7-5684221642
Russia,Russia,T-90M,captured,https://postimg.cc/NKF86nrG/c1c3d497,2024-05-26,5685,22242,2,7-5685222422
Russia,Russia,T-90M,captured,https://i.postimg.cc/LszTtVsJ/1011-t90m-capt-23-06-24.jpg,2024-06-28,5685,22248,2,7-5685222482
Russia,Russia,T-90M,captured,https://i.postimg.cc/dV2qVb4Z/1060-T-90-M-Proryv-capt-14-08-24.jpg,2024-08-16,5685,22253,2,7-5685222532
Russia,Russia,T-90M,captured,https://i.postimg.cc/bY6Q2W5x/1024-T-90-M-Proryv-capt-19-08-24.jpg,2024-08-22,5685,22254,2,7-5685222542
Russia,Soviet Union,TMM-3 bridge layer,captured,https://i.postimg.cc/FRhY7mzP/75.png,2022-03-19,5686,22303,2,7-5686223032
Russia,Soviet Union,TMM-3 bridge layer,captured,https://i.postimg.cc/X7wjb8tg/Screenshot-8214.png,2022-03-19,5686,22304,2,7-5686223042
Russia,Soviet Union,TMM-3 bridge layer,captured,https://i.postimg.cc/Y0Fpjf0M/Screenshot-8216.png,2022-03-19,5686,22305,2,7-5686223052
Russia,Soviet Union,TMM-3 bridge layer,captured,https://i.postimg.cc/FHN9sS4X/Screenshot-8217.png,2022-03-19,5686,22306,2,7-5686223062
Russia,Soviet Union,TMM-3 bridge layer,captured,https://i.postimg.cc/y8cSr8c9/3321.png,2022-03-19,5686,22307,2,7-5686223072
Russia,Soviet Union,TMM-3 bridge layer,captured,https://i.postimg.cc/bJJr8yDm/f6.png,2022-03-19,5686,22308,2,7-5686223082
Russia,Soviet Union,TMM-3 bridge layer,captured,https://i.postimg.cc/MpYMvFpy/33160.png,2022-03-26,5686,22309,2,7-5686223092
Russia,Soviet Union,TMM-3 bridge layer,captured,https://i.postimg.cc/9fkRL7G3/762.jpg,2022-04-01,5686,22311,2,7-5686223112
Russia,Soviet Union,TMM-3 bridge layer,captured,https://i.postimg.cc/bJcHhFdy/32dd.png,2022-04-04,5686,22312,2,7-5686223122
Russia,Soviet Union,TMM-3 bridge layer,captured,https://i.postimg.cc/XqyXXmYs/75.png,2022-04-06,5686,22313,2,7-5686223132
Russia,Soviet Union,TMM-3 bridge layer,captured,https://i.postimg.cc/283hr2WJ/tm1.jpg,2022-04-06,5686,22314,2,7-5686223142
Russia,Soviet Union,TMM-3 bridge layer,captured,https://i.postimg.cc/Jh3BPgwy/tm2.jpg,2022-04-06,5686,22315,2,7-5686223152
Russia,Soviet Union,TMM-3 bridge layer,captured,https://i.postimg.cc/P55BWBXd/58.png,2022-04-10,5686,22316,2,7-5686223162
Russia,Soviet Union,TMM-3 bridge layer,captured,https://i.postimg.cc/KvdwSrzj/889.jpg,2022-04-21,5686,22317,2,7-5686223172
Russia,Soviet Union,TMM-3 bridge layer,captured,https://i.postimg.cc/FHXkWBMt/699.png,2022-05-03,5686,22320,2,7-5686223202
Russia,Soviet Union,TMM-3 bridge layer,captured,https://i.postimg.cc/1Rw9WSrx/1005-tmm-3.jpg,2022-10-01,5686,22321,2,7-5686223212
Russia,Soviet Union,TMM-3 bridge layer,captured,https://i.postimg.cc/9QtNR27B/image.jpg,2022-12-21,5686,22322,2,7-5686223222
Russia,Russia,TZM-T reloader vehicle (for TOS-1A),captured,https://i.postimg.cc/fRRVKD6C/g5.jpg,2022-03-27,5687,22328,2,7-5687223282
Russia,Russia,TZM-T reloader vehicle (for TOS-1A),captured,https://i.postimg.cc/vTwzgc23/4f.png,2022-03-27,5687,22329,2,7-5687223292
Russia,Russia,TZM-T reloader vehicle (for TOS-1A),captured,https://i.postimg.cc/gjSZQCQQ/468.png,2022-03-30,5687,22330,2,7-5687223302
Russia,Russia,TZM-T reloader vehicle (for TOS-1A),captured,https://i.postimg.cc/T1ZNX9Br/568.png,2022-04-01,5687,22331,2,7-5687223312
Russia,Russia,TZM-T reloader vehicle (for TOS-1A),captured,https://i.postimg.cc/289VZp85/5788.png,2022-04-01,5687,22332,2,7-5687223322
Russia,Russia,TZM-T reloader vehicle (for TOS-1A),captured,https://i.postimg.cc/BbJkL3hg/5f3.png,2022-04-06,5687,22333,2,7-5687223332
Russia,Russia,Takhion,captured,https://i.postimg.cc/CLCjKNKv/1034-Takhion-UAV-capt-09-10-22.jpg,2023-02-03,5688,22336,2,7-5688223362
Russia,Russia,Takhion,captured,https://i.postimg.cc/vZnpq1DY/1034-Takhion-reconnaissance-UAV-capt-15-07-22.jpg,2023-10-26,5688,22338,2,7-5688223382
Russia,Russia,Takhion,captured,https://i.postimg.cc/XYrLkX6W/1017-Takhion-UAV-capt-22-02-24.jpg,2024-02-26,5688,22339,2,7-5688223392
Russia,Russia,Takhion reconnaissance UAV,captured,https://i.postimg.cc/L8Hsjzh6/41.png,2022-04-04,5689,22341,2,7-5689223412
Russia,Russia,Takhion reconnaissance UAV,captured,https://i.postimg.cc/26dxtGgS/554.jpg,2022-05-03,5689,22342,2,7-5689223422
Russia,Russia,Torn(-MDM),captured,https://i.postimg.cc/Jn2VdkFf/35.png,2022-03-19,5690,22343,2,7-5690223432
Russia,Russia,UAZ-23632,captured,https://i.postimg.cc/Hk70g9v5/f234.png,2022-03-19,5695,22348,2,7-5695223482
Russia,Russia,UAZ-23632,captured,https://postimg.cc/XrK56zCd,2022-03-19,5695,22349,2,7-5695223492
Russia,Russia,UAZ-23632,captured,https://i.postimg.cc/QCK58qpb/patriot.jpg,2022-04-04,5695,22350,2,7-5695223502
Russia,Soviet Union,UAZ-452,captured,https://i.postimg.cc/h49rZcwR/fd.png,2022-03-28,5698,22367,2,7-5698223672
Russia,Soviet Union,UAZ-452 van,captured,https://i.postimg.cc/qv8yk3c1/66555.jpg,2022-06-26,5699,22370,2,7-5699223702
Russia,Soviet Union,UAZ-469,captured,https://i.postimg.cc/CxsxqBbv/c1.png,2022-03-19,5700,22390,2,7-5700223902
Russia,Soviet Union,UAZ-469,captured,https://i.postimg.cc/bwKN66rf/668.jpg,2022-04-06,5700,22394,2,7-5700223942
Russia,Soviet Union,UR-77 'Meteorit' mine clearing vehicle,captured,https://i.postimg.cc/q7kqm4Cq/1004-UR77.jpg,2022-09-11,5701,22396,2,7-5701223962
Russia,Soviet Union,UR-77 'Meteorit' mine clearing vehicle,captured,https://twitter.com/Blue_Sauron/status/1568895598777991169,2022-09-12,5701,4990,2,7-570149902
Russia,Soviet Union,UR-77 'Meteorit' mine clearing vehicle,captured,https://i.postimg.cc/4xqQS0vN/1022-ur77.jpg,2022-09-14,5701,22397,2,7-5701223972
Russia,Soviet Union,UR-77 'Meteorit' mine clearing vehicle,captured,https://twitter.com/UAWeapons/status/1570342741913268225,2022-09-16,5701,477,2,7-57014772
Russia,Soviet Union,UR-77 'Meteorit' mine clearing vehicle,captured,https://twitter.com/UAWeapons/status/1572936489314426883,2022-09-23,5701,669,2,7-57016692
Russia,Soviet Union,UR-77 'Meteorit' mine clearing vehicle,captured,https://twitter.com/UAWeapons/status/1573697820699271168,2022-09-25,5701,5727,2,7-570157272
Russia,Soviet Union,UR-77 'Meteorit' mine clearing vehicle,captured,https://i.postimg.cc/jdxfxb87/1008-ur77-capt.jpg,2022-10-21,5701,22399,2,7-5701223992
Russia,Soviet Union,UR-77 'Meteorit' mine clearing vehicle,captured,https://i.postimg.cc/NMwcbtgv/1008-ur77-capt.jpg,2022-10-24,5701,22400,2,7-5701224002
Russia,Soviet Union,UR-77 'Meteorit' mine clearing vehicle,captured,https://i.postimg.cc/2jLkDDxH/2022-04-03-UR-77-captured-Chernihiv.jpg,2022-12-09,5701,22402,2,7-5701224022
Russia,Soviet Union,UR-77 'Meteorit' mine clearing vehicle,captured,https://i.postimg.cc/26TxxR9z/7790.png,2023-04-11,5701,22408,2,7-5701224082
Russia,Soviet Union,UR-77 'Meteorit' mine clearing vehicle,captured,https://i.postimg.cc/v85hmJD4/1002-ur77-capt-31-03-22.jpg,2023-06-01,5701,22409,2,7-5701224092
Russia,Soviet Union,UR-77 'Meteorit' mine clearing vehicle,captured,https://i.postimg.cc/DyK947dR/1034-ur77-capt-30-11-22.jpg,2024-01-19,5701,22414,2,7-5701224142
Russia,Soviet Union,UR-77 'Meterorit' mine clearing vehicle,captured,https://i.postimg.cc/cCYk2x7p/3v.png,2022-03-19,5702,22421,2,7-5702224212
Russia,Soviet Union,UR-77 'Meterorit' mine clearing vehicle,captured,https://i.postimg.cc/LsvJmvb8/d23.png,2022-03-19,5702,22422,2,7-5702224222
Russia,Soviet Union,UR-77 'Meterorit' mine clearing vehicle,captured,https://i.postimg.cc/L5KQWwN3/dfg.png,2022-03-19,5702,22423,2,7-5702224232
Russia,Soviet Union,UR-77 'Meterorit' mine clearing vehicle,captured,https://i.postimg.cc/hth2jxzy/2o9.jpg,2022-03-26,5702,22425,2,7-5702224252
Russia,Soviet Union,UR-77 'Meterorit' mine clearing vehicle,captured,https://i.postimg.cc/2SKG8Qg0/4311.png,2022-03-26,5702,22426,2,7-5702224262
Russia,Soviet Union,UR-77 'Meterorit' mine clearing vehicle,captured,https://i.postimg.cc/vZ102s4z/73.jpg,2022-04-09,5702,22429,2,7-5702224292
Russia,Soviet Union,UR-77 'Meterorit' mine clearing vehicle,captured,https://i.postimg.cc/52mKQRjc/87.jpg,2022-04-17,5702,22430,2,7-5702224302
Russia,Russia,Unknown AFV,captured,https://i.postimg.cc/pXJJrNhR/bj.png,2022-03-19,5703,22446,2,7-5703224462
Russia,Russia,Unknown AFV,captured,https://i.postimg.cc/6px1pGbc/f8.jpg,2022-05-15,5703,22485,2,7-5703224852
Russia,Soviet Union,Unknown BTR-D/BMD-2,captured,https://i.postimg.cc/bvJd7Wrw/3h.png,2022-03-26,5706,22947,2,7-5706229472
Russia,Russia,Unknown communications station based on the KamAZ 6x6,captured,https://i.postimg.cc/DfxxKLnD/84.png,2022-03-19,5722,23255,2,7-5722232552
Russia,Russia,Unknown tank,captured,https://i.postimg.cc/L67vXhmv/541.jpg,2022-03-26,5726,23288,2,7-5726232882
Russia,Russia,Unknown tank,captured,https://i.postimg.cc/FHnYXRgw/57j.jpg,2022-04-11,5726,23332,2,7-5726233322
Russia,Russia,Unknown tank,captured,https://i.postimg.cc/kMQsc8V5/6522.png,2022-05-05,5726,23360,2,7-5726233602
Russia,Russia,Unknown truck,captured,https://i.postimg.cc/Y994gyQF/431.png,2022-03-19,5728,16069,2,7-5728160692
Russia,Russia,Unknown truck,captured,https://i.postimg.cc/G38hB3zL/658.png,2022-03-19,5728,23487,2,7-5728234872
Russia,Russia,Unknown truck,captured,https://i.postimg.cc/prw0P3Ww/57.png,2022-03-19,5728,23488,2,7-5728234882
Russia,Russia,Unknown truck,captured,https://i.postimg.cc/kgj666Vs/23.png,2022-03-19,5728,23489,2,7-5728234892
Russia,Russia,Unknown truck,captured,https://i.postimg.cc/VNsLBfRz/c2.png,2022-03-19,5728,16276,2,7-5728162762
Russia,Russia,Unknown truck,captured,https://i.postimg.cc/c4S9qLZj/412.png,2022-03-19,5728,23490,2,7-5728234902
Russia,Russia,Unknown truck,captured,https://i.postimg.cc/vHcNtwjD/g70.png,2022-03-19,5728,23491,2,7-5728234912
Russia,Russia,Unknown truck,captured,https://i.postimg.cc/GtMVCs56/7i.jpg,2022-03-26,5728,23500,2,7-5728235002
Russia,Russia,Unknown truck,captured,https://i.postimg.cc/FHr8FfwJ/cap.jpg,2022-04-01,5728,23506,2,7-5728235062
Russia,Russia,Unknown truck,captured,https://i.postimg.cc/g2mLCHw8/d36.png,2022-04-01,5728,23507,2,7-5728235072
Russia,Russia,Unknown truck,captured,https://i.postimg.cc/wTPKF70y/y6.jpg,2022-04-06,5728,23526,2,7-5728235262
Russia,Russia,Unknown truck,captured,https://i.postimg.cc/rFrpcfY9/43.jpg,2022-04-09,5728,23532,2,7-5728235322
Russia,Russia,Ural Federal,captured,https://i.postimg.cc/kgyJBXRg/54.jpg,2022-04-10,5729,23562,2,7-5729235622
Russia,Russia,Ural Federal,captured,https://i.postimg.cc/8zRv7PLY/68.jpg,2022-05-03,5729,23564,2,7-5729235642
Russia,Russia,Ural Federal,captured,https://i.postimg.cc/yYDS2hQ2/8.png,2023-04-16,5729,23570,2,7-5729235702
Russia,Russia,Ural-4320,captured,https://i.postimg.cc/262zKhwD/6hj.png,2022-03-19,5731,23635,2,7-5731236352
Russia,Russia,Ural-4320,captured,https://i.postimg.cc/fR5byVj2/k88.jpg,2022-03-19,5731,23653,2,7-5731236532
Russia,Russia,Ural-4320,captured,https://i.postimg.cc/vB5YMv7C/754.png,2022-03-19,5731,23654,2,7-5731236542
Russia,Russia,Ural-4320,captured,https://i.postimg.cc/Z5GKzh1D/r1.png,2022-03-19,5731,23655,2,7-5731236552
Russia,Russia,Ural-4320,captured,https://i.postimg.cc/pXL1Kn3v/5583.png,2022-03-19,5731,23656,2,7-5731236562
Russia,Russia,Ural-4320,captured,https://i.postimg.cc/dQSXZBB2/74.png,2022-03-19,5731,23657,2,7-5731236572
Russia,Russia,Ural-4320,captured,https://i.postimg.cc/Jn500txp/55799.png,2022-03-19,5731,23658,2,7-5731236582
Russia,Russia,Ural-4320,captured,https://i.postimg.cc/26Mr9sCf/667.png,2022-03-19,5731,23659,2,7-5731236592
Russia,Russia,Ural-4320,captured,https://i.postimg.cc/VNwZpLhm/663.png,2022-03-19,5731,23660,2,7-5731236602
Russia,Russia,Ural-4320,captured,https://i.postimg.cc/CxbjQs0Z/q1.png,2022-03-19,5731,23661,2,7-5731236612
Russia,Russia,Ural-4320,captured,https://i.postimg.cc/cJZQyt1F/q3.jpg,2022-03-19,5731,23662,2,7-5731236622
Russia,Russia,Ural-4320,captured,https://i.postimg.cc/R0RwMCN4/q4.jpg,2022-03-19,5731,23663,2,7-5731236632
Russia,Russia,Ural-4320,captured,https://i.postimg.cc/nzhBM8D7/q5.jpg,2022-03-19,5731,23664,2,7-5731236642
Russia,Russia,Ural-4320,captured,https://i.postimg.cc/Zn9NFrj5/q6.jpg,2022-03-19,5731,23665,2,7-5731236652
Russia,Russia,Ural-4320,captured,https://i.postimg.cc/269vZHQt/q7.png,2022-03-19,5731,23666,2,7-5731236662
Russia,Russia,Ural-4320,captured,https://i.postimg.cc/RhjHPNbQ/q8.png,2022-03-19,5731,23667,2,7-5731236672
Russia,Russia,Ural-4320,captured,https://i.postimg.cc/7Pc0PWYG/q9.jpg,2022-03-19,5731,23668,2,7-5731236682
Russia,Russia,Ural-4320,captured,https://i.postimg.cc/Tw1hHZ5d/77h.png,2022-03-19,5731,23669,2,7-5731236692
Russia,Russia,Ural-4320,captured,https://i.postimg.cc/zvFf4vcZ/Screenshot-8471.png,2022-03-19,5731,23670,2,7-5731236702
Russia,Russia,Ural-4320,captured,https://i.postimg.cc/6QcY6f4y/Screenshot-8473.png,2022-03-19,5731,23671,2,7-5731236712
Russia,Russia,Ural-4320,captured,https://postimg.cc/gryBVFjK,2022-03-19,5731,23672,2,7-5731236722
Russia,Russia,Ural-4320,captured,https://i.postimg.cc/0Qx3NNNy/bn8.png,2022-03-19,5731,23673,2,7-5731236732
Russia,Russia,Ural-4320,captured,https://i.postimg.cc/brjQ7Srg/66522.png,2022-03-19,5731,23674,2,7-5731236742
Russia,Russia,Ural-4320,captured,https://i.postimg.cc/WbY733HN/4g.png,2022-03-19,5731,23675,2,7-5731236752
Russia,Russia,Ural-4320,captured,https://i.postimg.cc/SR1yPs6s/f2.png,2022-03-19,5731,23676,2,7-5731236762
Russia,Russia,Ural-4320,captured,https://i.postimg.cc/vmPKKKjX/r1.png,2022-03-19,5731,23677,2,7-5731236772
Russia,Russia,Ural-4320,captured,https://i.postimg.cc/RZ337kgr/p2.png,2022-03-19,5731,23678,2,7-5731236782
Russia,Russia,Ural-4320,captured,https://i.postimg.cc/jSm1s8cQ/f57.png,2022-03-19,5731,23679,2,7-5731236792
Russia,Russia,Ural-4320,captured,https://i.postimg.cc/FzLk3HcB/g43.jpg,2022-03-19,5731,23680,2,7-5731236802
Russia,Russia,Ural-4320,captured,https://i.postimg.cc/3JZg39j4/u1.jpg,2022-03-19,5731,23681,2,7-5731236812
Russia,Russia,Ural-4320,captured,https://i.postimg.cc/BQ3TWRFf/u2.jpg,2022-03-19,5731,23682,2,7-5731236822
Russia,Russia,Ural-4320,captured,https://i.postimg.cc/MT3RB1JY/4f70.png,2022-03-19,5731,23683,2,7-5731236832
Russia,Russia,Ural-4320,captured,https://i.postimg.cc/mkzkbSC0/u1.jpg,2022-03-19,5731,23684,2,7-5731236842
Russia,Russia,Ural-4320,captured,https://i.postimg.cc/7Lw5g0r2/u2.jpg,2022-03-19,5731,23685,2,7-5731236852
Russia,Russia,Ural-4320,captured,https://i.postimg.cc/rmH8hcT2/y2.jpg,2022-03-19,5731,23686,2,7-5731236862
Russia,Russia,Ural-4320,captured,https://i.postimg.cc/g2cq6M8R/df.png,2022-03-19,5731,23687,2,7-5731236872
Russia,Russia,Ural-4320,captured,https://i.postimg.cc/3xzdgFbn/ug2.png,2022-03-19,5731,17005,2,7-5731170052
Russia,Russia,Ural-4320,captured,https://i.postimg.cc/HWfM0HcQ/33e.png,2022-03-19,5731,23688,2,7-5731236882
Russia,Russia,Ural-4320,captured,https://i.postimg.cc/xTvXKmS2/d335.png,2022-03-19,5731,23689,2,7-5731236892
Russia,Russia,Ural-4320,captured,https://i.postimg.cc/t4VDp20j/vv31.png,2022-03-19,5731,23690,2,7-5731236902
Russia,Russia,Ural-4320,captured,https://i.postimg.cc/sfcQf9Xq/2d3.png,2022-03-19,5731,17007,2,7-5731170072
Russia,Russia,Ural-4320,captured,https://i.postimg.cc/pdQ2SCvY/cc2.png,2022-03-19,5731,23691,2,7-5731236912
Russia,Russia,Ural-4320,captured,https://i.postimg.cc/yd0nfG2V/ff1k.png,2022-03-19,5731,23692,2,7-5731236922
Russia,Russia,Ural-4320,captured,https://i.postimg.cc/Bvk4bF7L/Screenshot-8948.png,2022-03-19,5731,23693,2,7-5731236932
Russia,Russia,Ural-4320,captured,https://i.postimg.cc/RhZ0MvwT/tr2.png,2022-03-19,5731,23694,2,7-5731236942
Russia,Russia,Ural-4320,captured,https://i.postimg.cc/HL901gqB/4431.png,2022-03-19,5731,23695,2,7-5731236952
Russia,Russia,Ural-4320,captured,https://i.postimg.cc/tJQ2f1yc/4u.png,2022-03-19,5731,23696,2,7-5731236962
Russia,Russia,Ural-4320,captured,https://i.postimg.cc/R0C7W7V9/4317.png,2022-03-19,5731,16636,2,7-5731166362
Russia,Russia,Ural-4320,captured,https://i.postimg.cc/kMQpDCyN/4689.png,2022-03-19,5731,23697,2,7-5731236972
Russia,Russia,Ural-4320,captured,https://i.postimg.cc/SRTJGKGs/417.png,2022-03-19,5731,23698,2,7-5731236982
Russia,Russia,Ural-4320,captured,https://i.postimg.cc/yxRcGjMS/c7.jpg,2022-03-19,5731,23699,2,7-5731236992
Russia,Russia,Ural-4320,captured,https://i.postimg.cc/bJ99Y3Cc/g3.png,2022-03-19,5731,23700,2,7-5731237002
Russia,Russia,Ural-4320,captured,https://i.postimg.cc/sxbfgd1x/690.png,2022-03-19,5731,23701,2,7-5731237012
Russia,Russia,Ural-4320,captured,https://i.postimg.cc/fR9PySkK/48.png,2022-03-19,5731,23702,2,7-5731237022
Russia,Russia,Ural-4320,captured,https://i.postimg.cc/268TQ1jg/51.png,2022-03-19,5731,23703,2,7-5731237032
Russia,Russia,Ural-4320,captured,https://i.postimg.cc/8PkhtK90/4h.png,2022-03-19,5731,23704,2,7-5731237042
Russia,Russia,Ural-4320,captured,https://i.postimg.cc/dtPW0zsX/31.png,2022-03-26,5731,23716,2,7-5731237162
Russia,Russia,Ural-4320,captured,https://i.postimg.cc/mDnbcYkV/428.png,2022-03-26,5731,23717,2,7-5731237172
Russia,Russia,Ural-4320,captured,https://i.postimg.cc/RZ3JXWWs/43.png,2022-03-26,5731,23718,2,7-5731237182
Russia,Russia,Ural-4320,captured,https://i.postimg.cc/9MPX43LV/554f.png,2022-03-26,5731,23719,2,7-5731237192
Russia,Russia,Ural-4320,captured,https://i.postimg.cc/Xq2HXNbD/98.jpg,2022-03-27,5731,23720,2,7-5731237202
Russia,Russia,Ural-4320,captured,https://i.postimg.cc/wTsYttbY/d32.png,2022-03-28,5731,23722,2,7-5731237222
Russia,Russia,Ural-4320,captured,https://i.postimg.cc/JzCp4tkn/g80.png,2022-03-28,5731,23723,2,7-5731237232
Russia,Russia,Ural-4320,captured,https://i.postimg.cc/h49rZcwR/fd.png,2022-03-28,5731,22367,2,7-5731223672
Russia,Russia,Ural-4320,captured,https://i.postimg.cc/kM2QckdS/f4.png,2022-03-29,5731,23724,2,7-5731237242
Russia,Russia,Ural-4320,captured,https://i.postimg.cc/j5tvNFm9/665.jpg,2022-03-29,5731,23725,2,7-5731237252
Russia,Russia,Ural-4320,captured,https://i.postimg.cc/ydFtRxsy/d1.png,2022-03-29,5731,23726,2,7-5731237262
Russia,Russia,Ural-4320,captured,https://i.postimg.cc/QMJ8sWbG/n43.png,2022-03-29,5731,1520,2,7-573115202
Russia,Russia,Ural-4320,captured,https://i.postimg.cc/Fs9dYTXf/3331.png,2022-03-30,5731,23727,2,7-5731237272
Russia,Russia,Ural-4320,captured,https://i.postimg.cc/jdLY52gL/83.jpg,2022-04-01,5731,17467,2,7-5731174672
Russia,Russia,Ural-4320,captured,https://i.postimg.cc/4dKLRgKK/47777.jpg,2022-04-01,5731,23729,2,7-5731237292
Russia,Russia,Ural-4320,captured,https://i.postimg.cc/kGGtpJDZ/2dd.jpg,2022-04-01,5731,23730,2,7-5731237302
Russia,Russia,Ural-4320,captured,https://i.postimg.cc/QtzDC1Gd/3d2.jpg,2022-04-04,5731,23731,2,7-5731237312
Russia,Russia,Ural-4320,captured,https://i.postimg.cc/3xdpQc4z/68.jpg,2022-04-04,5731,23732,2,7-5731237322
Russia,Russia,Ural-4320,captured,https://i.postimg.cc/4d04PjhS/u1.png,2022-04-17,5731,23736,2,7-5731237362
Russia,Russia,Ural-4320,captured,https://i.postimg.cc/KYNghfZy/cc1.jpg,2022-04-21,5731,23737,2,7-5731237372
Russia,Russia,Ural-4320,captured,https://i.postimg.cc/hvHX130V/cc2.jpg,2022-04-21,5731,23738,2,7-5731237382
Russia,Russia,Ural-4320,captured,https://i.postimg.cc/bwKjNfwx/cc3.jpg,2022-04-21,5731,23739,2,7-5731237392
Russia,Russia,Ural-4320,captured,https://i.postimg.cc/0yhB1dJk/t6.jpg,2022-04-21,5731,17082,2,7-5731170822
Russia,Russia,Ural-4320,captured,https://i.postimg.cc/qR1HKMFG/573.png,2022-05-03,5731,23740,2,7-5731237402
Russia,Russia,Ural-4320,captured,https://i.postimg.cc/P5MHH4Mc/887.png,2022-05-03,5731,23741,2,7-5731237412
Russia,Russia,Ural-4320,captured,https://i.postimg.cc/tgL2M0xH/58.png,2022-05-03,5731,23742,2,7-5731237422
Russia,Russia,Ural-4320,captured,https://i.postimg.cc/1XtGFbF3/2d2.png,2022-05-10,5731,23743,2,7-5731237432
Russia,Russia,Ural-4320,captured,https://i.postimg.cc/7L9pJPK8/d5.jpg,2022-05-10,5731,23744,2,7-5731237442
Russia,Russia,Ural-4320,captured,https://i.postimg.cc/QCrpmd5R/3.png,2022-05-24,5731,23818,2,7-5731238182
Russia,Russia,Ural-4320,captured,https://i.postimg.cc/RFwtWx8G/Ural43200.png,2022-05-24,5731,23819,2,7-5731238192
Russia,Russia,Ural-4320,captured,https://i.postimg.cc/cHWH5g9M/uuu.png,2022-05-24,5731,23820,2,7-5731238202
Russia,Russia,Ural-4320,captured,https://i.postimg.cc/y6Q5Vyvb/uua.jpg,2022-05-24,5731,23821,2,7-5731238212
Russia,Russia,Ural-4320,captured,https://i.postimg.cc/W4TSmd5Z/uurral4320.png,2022-05-24,5731,23822,2,7-5731238222
Russia,Russia,Ural-4320,captured,https://i.postimg.cc/bJMBRzDj/uuuuuuuuu4al4320.jpg,2022-05-24,5731,23823,2,7-5731238232
Russia,Russia,Ural-4320,captured,https://i.postimg.cc/9fVdp3sL/truck.jpg,2022-05-26,5731,23824,2,7-5731238242
Russia,Russia,Ural-4320,captured,https://i.postimg.cc/FFkvLZYn/1016.jpg,2022-07-19,5731,23852,2,7-5731238522
Russia,Russia,Ural-4320,captured,https://i.postimg.cc/mDg4qsBP/1009-ural4320-capt-03-03-22.jpg,2023-10-12,5731,23863,2,7-5731238632
Russia,Russia,Ural-4320,captured,https://i.postimg.cc/vTwHCLDC/1002-Ural-4320-capt-30-11-22.jpg,2023-11-24,5731,23885,2,7-5731238852
Russia,Russia,Ural-4320,captured,https://i.postimg.cc/SRP5sm4Z/1037-Ural-4320-capt-15-09-22.jpg,2024-04-17,5731,24003,2,7-5731240032
Russia,Russia,Ural-4320,captured,https://i.postimg.cc/VNXB2LrS/1021-Ural-4320-capt-19-03-22.jpg,2024-07-15,5731,24084,2,7-5731240842
Russia,Russia,Ural-4320,captured,https://i.postimg.cc/W3KxPNLc/1039-Ural-4320-capt-23-03-22.jpg,2024-08-03,5731,24103,2,7-5731241032
Russia,Russia,Ural-4320,captured,https://i.postimg.cc/QCDLcSd5/1005-Ural-4320-capt-17-08-24.jpg,2024-08-22,5731,24127,2,7-5731241272
Russia,Russia,Ural-4320,captured,https://i.postimg.cc/13GDDvJL/1013-Ural-4320-capt-11-08-24.jpg,2024-08-25,5731,24129,2,7-5731241292
Russia,Russia,Ural-4320,captured,https://i.postimg.cc/MpRRbr49/1067-Ural-4320-capt-07-09-24.jpg,2024-09-09,5731,24136,2,7-5731241362
Russia,Russia,Ural-4320,captured,https://i.postimg.cc/3wd3h5yK/1169-Ural-4320-capt-16-10-24.jpg,2024-10-22,5731,24182,2,7-5731241822
Russia,Russia,Ural-4320,captured,https://i.postimg.cc/VvsBBs6z/1025-Ural-4320-capt-30-09-24.jpg,2025-07-01,5731,24340,2,7-5731243402
Russia,Russia,Ural-4320 KET-L,captured,https://i.postimg.cc/SsQHDVNQ/5579.png,2022-03-19,5732,24366,2,7-5732243662
Russia,Russia,Ural-4320 KET-L recovery vehicle,captured,https://i.postimg.cc/Gtp7CJpC/1029-Ural-4320-KET-L-recovery-vehicle-capt-08-01-23.jpg,2023-01-10,5733,24368,2,7-5733243682
Russia,Russia,Ural-4320 KET-L recovery vehicle,captured,https://i.postimg.cc/PqdGQQbh/1031-KET-L-capt-22-02-23.jpg,2023-02-23,5733,24369,2,7-5733243692
Russia,Russia,Ural-4320 KT-L,captured,https://i.postimg.cc/qRxkVf5t/113.jpg,2022-03-26,5734,24371,2,7-5734243712
Russia,Russia,Ural-4320 KT-L,captured,https://i.postimg.cc/2yPmSYZz/678.jpg,2022-03-26,5734,24372,2,7-5734243722
Russia,Russia,Ural-4320 tanker,captured,https://i.postimg.cc/3wkmWdwx/6522.png,2022-04-04,5737,24377,2,7-5737243772
Russia,Russia,Ural-4320 tanker,captured,https://i.postimg.cc/xCDjT7J8/c13.jpg,2022-04-04,5737,24378,2,7-5737243782
Russia,Russia,Ural-4320 tanker,captured,https://i.postimg.cc/hvqznQ0z/urallll4320.png,2022-04-04,5737,24379,2,7-5737243792
Russia,Russia,Ural-4320 tanker,captured,https://i.postimg.cc/q7XLjZd4/546.jpg,2022-04-13,5737,24385,2,7-5737243852
Russia,Russia,Ural-4320 tanker,captured,https://i.postimg.cc/76TRn240/47.png,2022-04-17,5737,24386,2,7-5737243862
Russia,Russia,Ural-4320 tanker,captured,https://i.postimg.cc/25B4FSsj/d8.jpg,2022-05-01,5737,24389,2,7-5737243892
Russia,Russia,Ural-4320 tanker,captured,https://i.postimg.cc/kXSVs9jv/59.png,2022-05-01,5737,24390,2,7-5737243902
Russia,Russia,Ural-4320 tanker,captured,https://i.postimg.cc/XYVqPMqy/588.png,2022-05-01,5737,24391,2,7-5737243912
Russia,Russia,Ural-4320 tanker,captured,https://postimg.cc/jWGDT456,2022-05-06,5737,24395,2,7-5737243952
Russia,Russia,Ural-4320 tanker,captured,https://i.postimg.cc/wB5xXD9C/4fg.png,2022-05-06,5737,24396,2,7-5737243962
Russia,Russia,Ural-4320 tanker,captured,https://i.postimg.cc/tJgS3W4d/8.png,2022-05-10,5737,24402,2,7-5737244022
Russia,Russia,Ural-4320 with EOV-3521 excavator,captured,https://i.postimg.cc/bJd8DmK1/1016-Ural-4320-with-EOV-3521-excavator-capt-19-03-23.jpg,2023-03-22,5738,24405,2,7-5738244052
Russia,Russia,Ural-4320 with crane,captured,https://i.postimg.cc/tJgS3W4d/8.png,2022-05-10,5740,24402,2,7-5740244022
Russia,Russia,Ural-43206,captured,https://i.postimg.cc/pdjsnMg9/c1.png,2022-03-19,5742,24436,2,7-5742244362
Russia,Russia,Ural-43206,captured,https://i.postimg.cc/1tZJGYQv/c2.png,2022-03-19,5742,24437,2,7-5742244372
Russia,Russia,Ural-43206,captured,https://i.postimg.cc/4xTDmwy5/Screenshot-8474.png,2022-03-19,5742,24438,2,7-5742244382
Russia,Russia,Ural-43206,captured,https://i.postimg.cc/D0q051ZQ/g788.png,2022-03-19,5742,24439,2,7-5742244392
Russia,Russia,Ural-43206,captured,https://i.postimg.cc/vm6DrVLL/h79.jpg,2022-03-19,5742,24440,2,7-5742244402
Russia,Russia,Ural-43206,captured,https://i.postimg.cc/LsWQyqd4/g59.png,2022-03-19,5742,24441,2,7-5742244412
Russia,Russia,Ural-43206,captured,https://i.postimg.cc/9M7vtJW2/e12.png,2022-03-19,5742,24442,2,7-5742244422
Russia,Russia,Ural-43206,captured,https://i.postimg.cc/jdJ9qN6J/f4.png,2022-03-19,5742,24443,2,7-5742244432
Russia,Russia,Ural-43206,captured,https://i.postimg.cc/52Wv0qgD/43fhj.png,2022-03-19,5742,24444,2,7-5742244442
Russia,Russia,Ural-43206,captured,https://i.postimg.cc/yxcnKznt/d32.png,2022-03-28,5742,24446,2,7-5742244462
Russia,Russia,Ural-43206,captured,https://i.postimg.cc/90LzwR41/68.jpg,2022-04-06,5742,24453,2,7-5742244532
Russia,Russia,Ural-43206,captured,https://i.postimg.cc/v8WYBHcf/665.jpg,2022-04-06,5742,24454,2,7-5742244542
Russia,Russia,Ural-43206,captured,https://i.postimg.cc/vTfzhY3Y/u7.jpg,2022-04-20,5742,24460,2,7-5742244602
Russia,Russia,Ural-43206,captured,https://i.postimg.cc/g0MJ0bQM/q.jpg,2022-05-10,5742,24464,2,7-5742244642
Russia,Russia,Ural-43206,captured,https://i.postimg.cc/x8R5wFRn/44444.jpg,2022-05-27,5742,24404,2,7-5742244042
Russia,Russia,Ural-43206,captured,https://i.postimg.cc/yYj8Bk3k/1022-Ural-43206.png,2022-07-03,5742,24466,2,7-5742244662
Russia,Russia,Ural-5323,captured,https://i.postimg.cc/tJKfr2qn/Ural88.png,2022-04-04,5743,24472,2,7-5743244722
Russia,Russia,Ural-5323,captured,https://i.postimg.cc/cL0TQby9/2vl-TLGn-jpg-medium.jpg,2022-06-10,5743,24473,2,7-5743244732
Russia,Russia,Ural-5323,captured,https://i.postimg.cc/FF0MdKkj/1013-Ural-53236-capt-15-01-23.jpg,2023-01-18,5743,24475,2,7-5743244752
Russia,Russia,Ural-542301 tank transporter,captured,https://postimg.cc/jLhDtfSK,2022-04-06,5744,24477,2,7-5744244772
Russia,Russia,Ural-63704-0010 Tornado-U,captured,https://i.postimg.cc/bYkDHVSd/f6.png,2022-03-27,5745,24479,2,7-5745244792
Russia,Russia,Ural-63704-0010 Tornado-U,captured,https://i.postimg.cc/BQgLTBWY/665.jpg,2022-04-04,5745,24480,2,7-5745244802
Russia,Russia,Vityaz DT-30 articulated tracked carrier,captured,https://i.postimg.cc/wTZRmzx8/dt1.png,2022-04-10,5747,24484,2,7-5747244842
Russia,Russia,Vityaz DT-30 articulated tracked carrier,captured,https://i.postimg.cc/fLbGschs/46.png,2022-04-10,5747,24485,2,7-5747244852
Russia,Russia,Vityaz DT-30 articulated tracked carrier,captured,https://i.postimg.cc/xd6QYt7M/1037-D-30-Vityaz-dam-capt-03-04-23.jpg,2023-04-05,5747,24486,2,7-5747244862
Russia,Russia,ZALA 421-16Е,captured,https://i.postimg.cc/JzCSPxYg/1008-ZALA-421-16-reconnaissance-UAV-capt-20-04-23.jpg,2023-07-24,5748,24492,2,7-5748244922
Russia,Russia,ZALA 421-16Е,captured,https://i.postimg.cc/nVN58JcJ/1002-zala-uav-capt-17-08-23.jpg,2023-08-21,5748,24495,2,7-5748244952
Russia,Russia,ZALA 421-16Е,captured,https://i.postimg.cc/qvSpzmS9/52.png,2023-09-22,5748,24500,2,7-5748245002
Russia,Russia,ZALA 421-16Е,captured,https://i.postimg.cc/5yJb6Js3/1012-ZALA-421-16-reconnaissance-UAV-capt-24-02-24.jpg,2024-02-29,5748,24510,2,7-5748245102
Russia,Russia,ZALA 421-16Е,captured,https://i.postimg.cc/zvjTM7Kp/2007-ZALA-421-16-capt-10-03-24.jpg,2024-04-08,5748,24512,2,7-5748245122
Russia,Russia,ZALA 421-16Е2,captured,https://i.postimg.cc/SQdwFL0v/7769.png,2023-04-10,5749,24520,2,7-5749245202
Russia,Russia,ZALA 421-16Е2,captured,https://i.postimg.cc/3xVBQQcg/555g.png,2023-04-17,5749,24522,2,7-5749245222
Russia,Russia,ZALA 421-16Е2,captured,https://i.postimg.cc/zXxjVkzK/1016-ZALA-421-16-2-reconnaissance-UAV-capt-18-05-23.jpg,2023-05-23,5749,24526,2,7-5749245262
Russia,Russia,ZALA 421-16Е2,captured,https://i.postimg.cc/fywcbV18/1044-ZALA-421-16-E2-reconnaissance-UAV-capt-10-05-23.png,2023-05-23,5749,24527,2,7-5749245272
Russia,Russia,ZALA 421-16Е2,captured,https://i.postimg.cc/DzRKPhZn/1021-ZALA-421-16-2-capt-30-11-22.jpg,2023-06-28,5749,24530,2,7-5749245302
Russia,Russia,ZALA 421-16Е2,captured,https://i.postimg.cc/ZnLnB0Fw/1029-ZALA-421-16-E2-capt-30-06-23.jpg,2023-07-04,5749,24532,2,7-5749245322
Russia,Russia,ZALA 421-16Е2 reconnaissance UAV,captured,https://i.postimg.cc/XqR7yK79/8744.jpg,2022-05-03,5750,24534,2,7-5750245342
Russia,Russia,ZALA 421-16Е2 reconnaissance UAV,captured,https://i.postimg.cc/mZM31swq/1006.jpg,2022-07-25,5750,24537,2,7-5750245372
Russia,Russia,ZALA 421-16Е2 reconnaissance UAV,captured,https://twitter.com/UAWeapons/status/1565999784208498689,2022-09-04,5750,24538,2,7-5750245382
Russia,Soviet Union,ZSU-23-4 'Shilka',captured,https://i.postimg.cc/qBFHTdhw/767.jpg,2022-03-31,5752,24546,2,7-5752245462
Russia,Soviet Union,ZSU-23-4 'Shilka',captured,https://i.postimg.cc/pTWpqJSL/898.jpg,2022-04-01,5752,24547,2,7-5752245472
Russia,Soviet Union,ZSU-23-4 'Shilka',captured,https://i.postimg.cc/Y0chPZXk/43.jpg,2022-04-04,5752,24548,2,7-5752245482
Russia,Soviet Union,ZSU-23-4 'Shilka',captured,https://i.postimg.cc/02wr2sCz/d9.png,2022-04-10,5752,24549,2,7-5752245492
Russia,Soviet Union,ZiL-131,captured,https://i.postimg.cc/cCWTD2S8/54.jpg,2022-04-01,5754,24559,2,7-5754245592
Ukraine,Soviet Union,1 2K22M Tunguska-M,captured,https://i.postimg.cc/3rZ3ZF4j/2126-2-S6-M-for-2-K22-M-Tunguska-M-capt-02-06-22.jpg,2022-12-05,5787,24597,2,380-5787245972
Ukraine,Soviet Union,1 ARS-14 decontamination and degassing vehicle,captured,https://i.postimg.cc/76svFsgn/2012-ARS-14-capt-17-04-22.jpg,2023-01-12,5801,24611,2,380-5801246112
Ukraine,United States,1 AeroVironment Quantix Recon UAV,captured,https://i.postimg.cc/nrBc0m5V/2007-Quantix-Recons-UAV-capt-29-04-23.jpg,2023-05-06,5806,24616,2,380-5806246162
Ukraine,United States,1 AeroVironment RQ-20 Puma UAV,captured,https://i.postimg.cc/J4PQnTF6/2002-RQ-20-Puma-capt.jpg,2022-12-15,5807,24617,2,380-5807246172
Ukraine,Ukraine,1 BMPT Azovets,captured,https://i.postimg.cc/mhfHLv8w/2020-BMPT-Azovets-capt-04-04-24.jpg,2024-04-08,5814,24624,2,380-5814246242
Ukraine,Turkey,1 Bayraktar Mini,captured,https://i.postimg.cc/gjM4pq7C/2005-Bayraktar-Mini-capt-31-01-23.jpg,2023-02-05,5825,24636,2,380-5825246362
Ukraine,Germany,1 Brückenlegepanzer 1 'Biber',captured,https://i.postimg.cc/8c2bfSG0/2143-Br-ckenlegepanzer-1-Biber-capt-13-03-25.jpg,2025-03-20,5831,24642,2,380-5831246422
Ukraine,Sweden,1 CV9040C,captured,https://twitter.com/UAWeapons/status/1685304986387853313,2023-07-31,5833,24645,2,380-5833246452
Ukraine,United Kingdom,1 Coyote tactical support vehicle,captured,https://i.postimg.cc/2jQnGTjL/2010-Coyote-tactical-support-vehicle-capt-18-03-24.jpg,2024-04-08,5836,24648,2,380-5836246482
Ukraine,Soviet Union,1 DDA-66 mobile disinfection shower,captured,https://i.postimg.cc/NMGz2wZ7/2017-DDA-66-mobile-disinfection-shower-capt-27-02-22.jpg,2025-02-12,5839,24651,2,380-5839246512
Ukraine,United Kingdom,1 FV104 Samaritan,captured,https://i.postimg.cc/Vk1CXcXb/2003-FV104-Samaritan-capt-12-05-24.jpg,2024-05-18,5847,24659,2,380-5847246592
Ukraine,Ukraine,1 HAWK,captured,https://i.postimg.cc/MT8HCWwV/2003-UAS-HAWK-capt-09-03-24.jpg,2024-12-23,5857,24670,2,380-5857246702
Ukraine,Ukraine,1 ITEC Skif reconnaissance UAV,captured,https://twitter.com/UAWeapons/status/1598430645860048925,2022-12-05,5864,24677,2,380-5864246772
Ukraine,Soviet Union,1 KamAZ,captured,https://i.postimg.cc/JzhDxCJz/2012-kamaz-tanker-capt-16-04-22.jpg,2023-01-10,5871,24684,2,380-5871246842
Ukraine,Ukraine,1 Kozak-5,captured,https://twitter.com/UAWeapons/status/1547991723946610690,2022-07-17,5874,24687,2,380-5874246872
Ukraine,Soviet Union,1 KrAZ-6322 Master mobile workshop,captured,https://i.postimg.cc/zBnh7shQ/2008-Kr-AZ-6322-Master-mobile-workshop-capt-17-07-22.jpg,2023-02-12,5879,24692,2,380-5879246922
Ukraine,Australia,1 M113AS4,captured,https://twitter.com/UAWeapons/status/1625194061375086592,2023-02-15,5895,24708,2,380-5895247082
Ukraine,United Kingdom,1 Malloy Aeronautics T150 cargo UAV,captured,https://i.postimg.cc/ZnR7mS1s/5428.png,2022-10-13,5928,24742,2,380-5928247422
Ukraine,Soviet Union,1 Mobile field bathhouse based on MAZ-6317 chassis,captured,https://i.postimg.cc/NMBk2XZX/2006-Mobile-field-bathhouse-based-on-MAZ-6317-chassis-capt-10-07-22.jpg,2024-04-08,5936,24750,2,380-5936247502
Ukraine,Soviet Union,1 P-37 'Mech' early warning radar,captured,https://i.postimg.cc/Prswr5Nc/2006-P-37-Mech-early-warning-radar-capt-28-02-22.jpg,2024-02-12,5944,24758,2,380-5944247582
Ukraine,Ukraine,1 PD-1 multipurpose UAV,captured,https://twitter.com/UAWeapons/status/1572329524532072451,2022-09-22,5945,24759,2,380-5945247592
Ukraine,United Arab Emirates,1 Panthera T6,captured,https://twitter.com/UAWeapons/status/1632347517433135106,2023-03-07,5951,24766,2,380-5951247662
Ukraine,Latvia,1 Penguin C reconnaissance UAV,captured,https://i.postimg.cc/ZKCQ6BwT/355.png,2022-08-17,5953,24768,2,380-5953247682
Ukraine,Ukraine,1 Project 1462 hydrographic boat,captured,https://i.postimg.cc/vTJJjs57/2022-Dmytro-Chubar-project-1462-capt-15-03-22.jpg,2024-04-08,5962,24777,2,380-5962247772
Ukraine,United States,1 ScanEagle 2,captured,https://postimg.cc/1g80jZkS,2023-06-15,5984,24799,2,380-5984247992
Ukraine,Ukraine,1 Shark UAV,captured,https://i.postimg.cc/nVd8VWCg/35.png,2023-01-06,5986,24801,2,380-5986248012
Ukraine,Soviet Union,1 UMP-350 engine heater,captured,https://twitter.com/UAWeapons/status/1552699442482094083,2022-07-30,6003,24821,2,380-6003248212
Ukraine,Ukraine,1 UMS 600 patrol boat,captured,https://i.postimg.cc/zvNg5LQJ/2011-UMS-600-patrol-boat-capt-04-05-22.jpg,2023-01-10,6004,24822,2,380-6004248222
Ukraine,Ukraine,1 Unknown pickup truck,captured,https://i.postimg.cc/zvKMKtZ3/2005.jpg,2022-07-21,6017,24838,2,380-6017248382
Ukraine,Netherlands,1 YPR-765,captured,https://twitter.com/UAWeapons/status/1565775815102840832,2022-09-03,6033,24855,2,380-6033248552
Ukraine,Soviet Union,1 ZiL-4331,captured,https://i.postimg.cc/jdwPsc1f/1012.jpg,2022-06-26,6037,24859,2,380-6037248592
Ukraine,Soviet Union,10 100mm MT-12 anti-tank gun,captured,https://i.postimg.cc/65mdSZ6K/44g.png,2022-10-17,264,24860,2,380-264248602
Ukraine,United Kingdom,10 AT105A Saxon,captured,https://i.postimg.cc/9F1QhjhH/2003-Saxon.jpg,2022-07-29,6040,24864,2,380-6040248642
Ukraine,Ukraine,10 Cougar H,captured,https://i.postimg.cc/Hs879QYK/2100-Cougar-H-capt-14-09-24.jpg,2024-09-19,6045,24871,2,380-6045248712
Ukraine,Ukraine,10 MT-LB-S Ambulance,captured,https://twitter.com/UAWeapons/status/1583805930461794306,2022-10-24,6054,24884,2,380-6054248842
Ukraine,United States,10 Unknown HMMWV variant,captured,https://i.postimg.cc/gjM2gw5F/2000-hmmwv-capt-27-02-24.jpg,2024-03-02,6060,24893,2,380-6060248932
Ukraine,Ukraine,100 Leleka-100,captured,https://i.postimg.cc/d1wQ3QYQ/2021-Leleka-100-reconnaissance-UAV-capt-14-09-24.jpg,2024-09-19,6066,24904,2,380-6066249042
Ukraine,Ukraine,100 T-64BV Zr. 2017,captured,https://i.postimg.cc/mDTLTtpH/2012-T64-BV-Zr2017-dam-capt-04-05-24.jpg,2024-05-09,6069,24909,2,380-6069249092
Ukraine,Soviet Union,100mm BS-3 anti-tank gun,captured,https://i.postimg.cc/521HLsPL/b18.png,2022-05-29,6072,24913,2,380-6072249132
Ukraine,Soviet Union,100mm BS-3 anti-tank gun,captured,https://i.postimg.cc/GmqpYdTn/b19.png,2022-05-29,6072,24914,2,380-6072249142
Ukraine,Soviet Union,100mm MT-12 anti-tank gun,captured,https://i.postimg.cc/rwkdKVj0/g5d.png,2022-03-19,329,24917,2,380-329249172
Ukraine,Soviet Union,100mm MT-12 anti-tank gun,captured,https://i.postimg.cc/kX1Fgtzm/542f.png,2022-03-19,329,24918,2,380-329249182
Ukraine,Soviet Union,100mm MT-12 anti-tank gun,captured,https://i.postimg.cc/ZqBJT7JB/43.png,2022-06-04,329,24919,2,380-329249192
Ukraine,United States,102 M113,captured,https://i.postimg.cc/d1XmDh9t/2012-M113-A3-capt-24-04-24.jpg,2024-04-27,6081,24933,2,380-6081249332
Ukraine,Soviet Union,103 BMP-2(K),captured,https://i.postimg.cc/ydSxt5W6/2009-bmp2-capt-07-06-22.jpg,2023-02-21,6084,24938,2,380-6084249382
Ukraine,Ukraine,103 BTR-4,captured,https://i.postimg.cc/kGvdkdGC/2028-BTR-4-E-Butsefal-capt-12-08-24.jpg,2024-08-15,6085,24945,2,380-6085249452
Ukraine,Ukraine,103 BTR-4,captured,https://i.postimg.cc/2ScCkmw8/2000-BTR-4-E-Butsefal-capt-12-08-24.jpg,2024-08-15,6085,24946,2,380-6085249462
Ukraine,Soviet Union,103 BTR-80,captured,https://i.postimg.cc/BvXQ6Ww1/2032-BTR-80-capt-30-11-22.jpg,2023-07-24,6086,24949,2,380-6086249492
Ukraine,Ukraine,103 T-64BV Zr. 2017,captured,https://i.postimg.cc/k4pqb7HF/2014-T-64-BV-Zr2017-capt-12-03-22.jpg,2024-05-31,6089,24953,2,380-6089249532
Ukraine,Ukraine,104 Leleka-100,captured,https://i.postimg.cc/WzDWFLt2/2004-Leleka-100-reconnaissance-UAV-capt-29-09-24.jpg,2024-10-22,6095,24966,2,380-6095249662
Ukraine,Ukraine,104 Leleka-100,captured,https://i.postimg.cc/k5nTNtDY/2096-Leleka-100-reconnaissance-UAV-capt-18-10-24.jpg,2024-10-22,6095,24967,2,380-6095249672
Ukraine,Ukraine,106 Leleka-100,captured,https://i.postimg.cc/s20QXKTy/2125-Leleka-100-reconnaissance-UAV-capt-21-10-24.jpg,2024-10-24,6110,24986,2,380-6110249862
Ukraine,Poland,106 T-72M/M1(R),captured,https://i.postimg.cc/x1JnYtn3/2045-T-72-M-capt-11-04-25.jpg,2025-04-13,6111,24988,2,380-6111249882
Ukraine,Soviet Union,107 BTR-80,captured,https://i.postimg.cc/HnrNbgLK/653.png,2023-09-14,6115,24994,2,380-6115249942
Ukraine,Ukraine,107 T-64BV Zr. 2017,captured,https://i.postimg.cc/rwyCcMvM/2009-T-64-BV-Zr-2017-capt-28-04-22.jpg,2024-07-09,6119,25000,2,380-6119250002
Ukraine,United States,108 International M1224 MaxxPro,captured,https://i.postimg.cc/Px1jp8y0/2009-M1224-Maxx-Pro-capt-31-07-24.jpg,2024-08-09,6126,25011,2,380-6126250112
Ukraine,Soviet Union,109 GAZ-66,captured,https://i.postimg.cc/wBSHD9mX/2012-GAZ-66-capt-29-07-22.jpg,2023-11-10,6134,25020,2,380-6134250202
Ukraine,Ukraine,11 Cougar H,captured,https://i.postimg.cc/Sxsyjp5Y/2007-Cougar-H-dam-capt-10-10-24.jpg,2024-10-22,6146,25036,2,380-6146250362
Ukraine,Soviet Union,11 MT-LB,captured,https://twitter.com/UAWeapons/status/1545899373724422151,2022-07-12,6159,25055,2,380-6159250552
Ukraine,Ukraine,111 Leleka-100,captured,https://i.postimg.cc/tg9zRFv2/2035-Leleka-100-reconnaissance-UAV-capt-01-12-24.jpg,2024-12-09,6177,25080,2,380-6177250802
Ukraine,Ukraine,111 Leleka-100,captured,https://i.postimg.cc/3RRCmYTG/2036-Leleka-100-reconnaissance-UAV-capt-01-12-24.jpg,2024-12-09,6177,25081,2,380-6177250812
Ukraine,Ukraine,112 Kozak-7,captured,https://i.postimg.cc/vH4NjqkT/2059-Kozak-7-dam-capt-06-03-25.jpg,2025-03-20,6183,25097,2,380-6183250972
Ukraine,Ukraine,112 Leleka-100,captured,https://i.postimg.cc/MTjjDckW/2010-Leleka-100-reconnaissance-UAV-capt-22-11-24.jpg,2024-12-19,6184,25098,2,380-6184250982
Ukraine,Ukraine,113 T-64BV Zr. 2017,captured,https://i.postimg.cc/9fwj7C5h/2000-T-64-BV-Zr-2017-capt-31-03-22.jpg,2024-11-14,6192,25110,2,380-6192251102
Ukraine,Ukraine,114 Kozak-7,captured,https://i.postimg.cc/28GsNzwd/2067-Kozak-7-capt-20-03-25.jpg,2025-03-24,6197,25120,2,380-6197251202
Ukraine,United States,116 International M1224 MaxxPro,captured,https://i.postimg.cc/28ZT0cNq/2034-M1224-Maxx-Pro-capt-06-09-24.jpg,2024-09-09,6203,25134,2,380-6203251342
Ukraine,Ukraine,116 Kozak-7,captured,https://i.postimg.cc/nrpMK5BK/2049-Kozak-7-dam-capt-24-03-25.jpg,2025-03-27,6204,25136,2,380-6204251362
Ukraine,Ukraine,118 Leleka-100,captured,https://i.postimg.cc/g0RW3C8R/2001-Leleka-100-reconnaissance-UAV-capt-01-01-25.jpg,2025-01-07,6214,25153,2,380-6214251532
Ukraine,Ukraine,118 Leleka-100,captured,https://i.postimg.cc/8PKNGBTF/2020-Leleka-100-reconnaissance-UAV-capt-30-12-24.jpg,2025-01-07,6214,25154,2,380-6214251542
Ukraine,Soviet Union,119 BMP-2(K),captured,https://i.postimg.cc/K86stgL0/444.png,2023-04-08,6218,25165,2,380-6218251652
Ukraine,Soviet Union,12 100mm MT-12 anti-tank gun,captured,https://postimg.cc/QKxW9nT1,2022-10-18,6225,25176,2,380-6225251762
Ukraine,United Kingdom,12 AT105A Saxon,captured,https://i.postimg.cc/JhV5pWqf/2001-saxon-capt-10-07-22.jpg,2023-11-27,6230,25181,2,380-6230251812
Ukraine,Soviet Union,12 BRM-1K reconnaissance vehicle,captured,https://i.postimg.cc/NfT6jcpW/98.png,2022-08-08,701,25182,2,380-701251822
Ukraine,Soviet Union,12 BRM-1K reconnaissance vehicle,captured,https://i.postimg.cc/3xTgycqW/f1.png,2022-08-08,701,25183,2,380-701251832
Ukraine,Ukraine,12 MT-LB-S Ambulance,captured,https://i.postimg.cc/BQdcF64c/3267.png,2022-10-27,6240,25196,2,380-6240251962
Ukraine,Ukraine,120mm BTR-3M2,captured,https://i.postimg.cc/kgRrVZzb/41.png,2022-03-26,6261,25238,2,380-6261252382
Ukraine,Ukraine,120mm BTR-3M2,captured,https://i.postimg.cc/8z2b2q6g/44311.png,2022-05-28,6261,25239,2,380-6261252392
Ukraine,Ukraine,121 Leleka-100,captured,https://i.postimg.cc/PxFkk3jJ/2003-Leleka-100-reconnaissance-UAV-capt-17-01-25.jpg,2025-01-22,6268,25250,2,380-6268252502
Ukraine,Ukraine,122 Leleka-100,captured,https://i.postimg.cc/YCQ9zbtX/2027-Leleka-100-reconnaissance-UAV-capt-16-01-25.jpg,2025-01-31,6274,25259,2,380-6274252592
Ukraine,Soviet Union,122mm 2S1 Gvozdika,captured,https://i.postimg.cc/x1nDQ4cP/Screenshot-8055.png,2022-03-19,774,25266,2,380-774252662
Ukraine,Soviet Union,122mm 2S1 Gvozdika,captured,https://postimg.cc/dh3pzgQm,2022-03-19,774,25267,2,380-774252672
Ukraine,Soviet Union,122mm 2S1 Gvozdika,captured,https://i.postimg.cc/v80csqYp/f67.png,2022-03-19,774,25268,2,380-774252682
Ukraine,Soviet Union,122mm 2S1 Gvozdika,captured,https://i.postimg.cc/GhwNcjPX/4135.png,2022-03-19,774,25269,2,380-774252692
Ukraine,Soviet Union,122mm 2S1 Gvozdika,captured,https://i.postimg.cc/Pry1GzXj/49.png,2022-04-19,774,25272,2,380-774252722
Ukraine,Soviet Union,122mm 2S1 Gvozdika,captured,https://i.postimg.cc/dVSd3sZN/d6.png,2022-04-19,774,25273,2,380-774252732
Ukraine,Soviet Union,122mm 2S1 Gvozdika,captured,https://i.postimg.cc/nrk0d0M0/55.png,2022-04-25,774,25274,2,380-774252742
Ukraine,Soviet Union,122mm 2S1 Gvozdika,captured,https://i.postimg.cc/L6z1LJRS/578.png,2022-05-03,774,25275,2,380-774252752
Ukraine,Soviet Union,122mm 2S1 Gvozdika,captured,https://i.postimg.cc/rFmzzNcR/Screenshot-9591.png,2022-05-05,774,25276,2,380-774252762
Ukraine,Soviet Union,122mm 2S1 Gvozdika,captured,https://i.postimg.cc/VLVvt0LG/Screenshot-9592.png,2022-05-05,774,25277,2,380-774252772
Ukraine,Soviet Union,122mm 2S1 Gvozdika,captured,https://i.postimg.cc/Hk8x9Wrp/Screenshot-9593.png,2022-05-05,774,25278,2,380-774252782
Ukraine,Soviet Union,122mm 2S1 Gvozdika,captured,https://postimg.cc/PPLMd7mP,2022-05-30,774,25279,2,380-774252792
Ukraine,Soviet Union,122mm 2S1 Gvozdika,captured,https://twitter.com/UAWeapons/status/1545899351167352832,2022-07-12,774,25282,2,380-774252822
Ukraine,Soviet Union,122mm 2S1 Gvozdika,captured,https://i.postimg.cc/85JgL5K8/b6p.png,2022-10-17,774,25290,2,380-774252902
Ukraine,Soviet Union,122mm 2S1 Gvozdika,captured,https://i.postimg.cc/WpYJ2frh/v89.png,2022-10-17,774,25291,2,380-774252912
Ukraine,Soviet Union,122mm 2S1 Gvozdika,captured,https://i.postimg.cc/T2ggwJZ3/2017-2s1-capt-01-02-23.jpg,2023-02-13,774,25303,2,380-774253032
Ukraine,Soviet Union,122mm BM-21 'Grad',captured,https://i.postimg.cc/zfxRt8ny/m1.png,2022-03-26,776,25326,2,380-776253262
Ukraine,Soviet Union,122mm BM-21 'Grad',captured,https://i.postimg.cc/3rnRpYg6/5hj.png,2022-03-26,776,25327,2,380-776253272
Ukraine,Soviet Union,122mm BM-21 Grad,captured,https://twitter.com/UAWeapons/status/1545899367013531650,2022-07-12,777,25339,2,380-777253392
Ukraine,Soviet Union,122mm BM-21 Grad,captured,https://i.postimg.cc/3x5Tv6cL/b9.png,2022-10-17,777,25343,2,380-777253432
Ukraine,Soviet Union,122mm BM-21 Grad,captured,https://i.postimg.cc/yYq1mkJX/c4.png,2022-10-17,777,25344,2,380-777253442
Ukraine,Soviet Union,122mm BM-21 Grad,captured,https://i.postimg.cc/j5LNn9m0/2010-bm21-capt-24-02-22.jpg,2023-03-07,777,25354,2,380-777253542
Ukraine,Soviet Union,122mm BM-21 Grad,captured,https://i.postimg.cc/Yqsk5MpZ/2010-bm21-capt-24-02-22.jpg,2023-03-08,777,25355,2,380-777253552
Ukraine,Soviet Union,122mm D-30 howitzer,captured,https://i.postimg.cc/qRFHDJzm/653.png,2022-05-21,778,25390,2,380-778253902
Ukraine,United States,123 International M1224 MaxxPro,captured,https://i.postimg.cc/gjjMHRWM/2026-M1224-Maxx-Pro-dam-capt-16-09-24.jpg,2024-09-19,6279,25397,2,380-6279253972
Ukraine,United States,123 International M1224 MaxxPro,captured,https://i.postimg.cc/ydvQRjwg/2020-M1224-Maxx-Pro-capt-17-09-24.jpg,2024-09-19,6279,25398,2,380-6279253982
Ukraine,Ukraine,123 Leleka-100,captured,https://i.postimg.cc/J4y09pwp/2034-Leleka-100-reconnaissance-UAV-capt-06-02-25.jpg,2025-02-12,6280,25399,2,380-6280253992
Ukraine,Soviet Union,124 BMP-2(K),captured,https://i.postimg.cc/QxmfVy4m/2002-bmp2-capt-30-04-23.jpg,2023-05-06,6283,25406,2,380-6283254062
Ukraine,Ukraine,124 Leleka-100,captured,https://i.postimg.cc/NG3VL3gC/2023-Leleka-100-reconnaissance-UAV-capt-12-11-24.jpg,2025-02-21,6285,25409,2,380-6285254092
Ukraine,Ukraine,126 Leleka-100,captured,https://i.postimg.cc/L8qx7mZf/2017-Leleka-100-reconnaissance-UAV-capt-13-01-25.jpg,2025-02-27,6295,25433,2,380-6295254332
Ukraine,United States,127 International M1224 MaxxPro,captured,https://i.postimg.cc/Sss0r3Cd/2000-International-M1224-Maxx-Pro-capt-25-09-24.jpg,2024-09-29,6301,25444,2,380-6301254442
Ukraine,Soviet Union,127T-64BV,captured,https://i.postimg.cc/5yBFw81P/44fs.png,2022-05-28,6304,25447,2,380-6304254472
Ukraine,Soviet Union,127T-64BV,captured,https://i.postimg.cc/76xvHkhf/f467.png,2022-05-28,6304,25448,2,380-6304254482
Ukraine,Ukraine,128 Leleka-100,captured,https://i.postimg.cc/6qcTb68h/2015-Leleka-100-reconnaissance-UAV-capt-25-03-25.jpg,2025-03-30,6309,25462,2,380-6309254622
Ukraine,United Kingdom,13 AT105A Saxon,captured,https://postimg.cc/HJbDcNSj,2022-10-18,6320,25476,2,380-6320254762
Ukraine,United Kingdom,13 AT105A Saxon,captured,https://postimg.cc/bGZ1468Y,2022-10-18,6320,25477,2,380-6320254772
Ukraine,United Kingdom,13 AT105A Saxon,captured,https://i.postimg.cc/d0GNMHj0/8j.png,2023-04-16,6320,25478,2,380-6320254782
Ukraine,Soviet Union,13 KrAZ-255 (for PMP floating bridge system),captured,https://i.postimg.cc/jSZZZR0M/2013-Kr-AZ-255-for-PMP-floating-bridge-system-capt-07-07-22.jpg,2024-01-23,6325,25498,2,380-6325254982
Ukraine,Soviet Union,13 KrAZ-255 (for PMP floating bridge system),captured,https://i.postimg.cc/nLrTWNnp/2014-Kr-AZ-255-for-PMP-floating-bridge-system-capt-10-07-22.jpg,2024-01-23,6325,25499,2,380-6325254992
Ukraine,Ukraine,13 MT-LB-S Ambulance,captured,https://twitter.com/UAWeapons/status/1591539529852538880,2022-11-13,6330,25504,2,380-6330255042
Ukraine,Ukraine,131 T-64BV Zr. 2017,captured,https://i.postimg.cc/yxZFq7NT/2025-T-64-BV-Zr-2017-capt-06-02-25.jpg,2025-04-10,6345,25525,2,380-6345255252
Ukraine,Ukraine,132 Leleka-100,captured,https://i.postimg.cc/1Rq7TyZC/2000-Leleka-100-reconnaissance-UAV-capt-30-06-24.jpg,2025-05-12,6348,25529,2,380-6348255292
Ukraine,Ukraine,132 Leleka-100,captured,https://i.postimg.cc/6qnHGf0J/2020-Leleka-100-reconnaissance-UAV-capt-12-09-24.jpg,2025-05-12,6348,25530,2,380-6348255302
Ukraine,Ukraine,135 Kozak-7,captured,https://i.postimg.cc/kgc1wJg8/2024-Kozak-7-capt-02-06-25.jpg,2025-06-08,6362,25556,2,380-6362255562
Ukraine,Ukraine,135 Leleka-100,captured,https://i.postimg.cc/7ZFW314r/2001-Leleka-100-reconnaissance-UAV-capt-04-03-25.jpg,2025-05-27,6363,25557,2,380-6363255572
Ukraine,Ukraine,135 Leleka-100,captured,https://i.postimg.cc/s250wBfQ/2011-Leleka-100-reconnaissance-UAV-capt-12-03-25.jpg,2025-05-27,6363,25558,2,380-6363255582
Ukraine,Soviet Union,136 GAZ-66,captured,https://i.postimg.cc/LsnQxzpz/2022-GAZ-66-capt-01-05-24.jpg,2024-05-04,6368,25564,2,380-6368255642
Ukraine,Ukraine,138 Leleka-100,captured,https://i.postimg.cc/KjSZXCn3/2030-Leleka-100-reconnaissance-UAV-capt-25-06-25.jpg,2025-07-01,6378,25577,2,380-6378255772
Ukraine,Ukraine,139 T-64BV Zr. 2017,captured,https://i.postimg.cc/mrmSBjGp/2000-T-64-BV-Zr-2017-dam-capt-12-10-24.jpg,2025-07-17,6385,25587,2,380-6385255872
Ukraine,Sweden,14 Pbv 302,captured,https://i.postimg.cc/mkkC6FWK/2016-Pbv-302-capt-31-03-25.jpg,2025-05-18,6402,25614,2,380-6402256142
Ukraine,Ukraine,140 Leleka-100,captured,https://i.postimg.cc/7LDq7Vff/2005-Leleka-100-reconnaissance-UAV-capt-04-07-25.jpg,2025-07-08,6407,25621,2,380-6407256212
Ukraine,Ukraine,142 Leleka-100,captured,https://i.postimg.cc/JnBz9WCy/2000-Leleka-100-reconnaissance-UAV-capt-15-05-25.jpg,2025-07-27,6413,25632,2,380-6413256322
Ukraine,Ukraine,143 Kozak-7,captured,https://i.postimg.cc/jSzqQKcB/2006-Kozak-7-dam-capt-14-07-25.jpg,2025-07-19,6417,25638,2,380-6417256382
Ukraine,Soviet Union,144 GAZ-66,captured,https://i.postimg.cc/nzXbQ1rM/2024-GAZ-66-capt-05-06-24.jpg,2024-06-12,6419,25642,2,380-6419256422
Ukraine,Ukraine,144 Leleka-100,captured,https://i.postimg.cc/J0gGF0Fp/2002-Leleka-100-reconnaissance-UAV-capt-02-07-25.jpg,2025-08-14,6421,25644,2,380-6421256442
Ukraine,Ukraine,144 Leleka-100,captured,https://i.postimg.cc/024vrGGC/2001-Leleka-100-reconnaissance-UAV-capt-22-05-25.jpg,2025-08-14,6421,25645,2,380-6421256452
Ukraine,Ukraine,145 Leleka-100,captured,https://i.postimg.cc/85pwTV0T/2005-Leleka-100-reconnaissance-UAV-capt-15-02-25.jpg,2025-08-17,6423,25648,2,380-6423256482
Ukraine,United States,145 M113,captured,https://i.postimg.cc/ryDz7mQx/2009-M113-A3-capt-17-09-24.jpg,2024-09-19,6424,25650,2,380-6424256502
Ukraine,United States,145 M113,captured,https://i.postimg.cc/QCKLmvgK/2034-M113-A3-capt-17-09-24.jpg,2024-09-19,6424,25651,2,380-6424256512
Ukraine,United States,146 International M1224 MaxxPro,captured,https://i.postimg.cc/XNmpKYMW/2001-M1224-Maxx-Pro-capt-10-10-24.jpg,2024-10-22,6427,25670,2,380-6427256702
Ukraine,United States,146 International M1224 MaxxPro,captured,https://i.postimg.cc/YCw0VDqy/2003-M1224-Maxx-Pro-dam-capt-10-10-24.jpg,2024-10-22,6427,25671,2,380-6427256712
Ukraine,United States,146 International M1224 MaxxPro,captured,https://i.postimg.cc/x8zjpLr2/2059-M1224-Maxx-Pro-capt-19-10-24.jpg,2024-10-22,6427,25672,2,380-6427256722
Ukraine,United States,146 International M1224 MaxxPro,captured,https://i.postimg.cc/L8bz5yGT/2110-M1224-Maxx-Pro-capt-21-10-24.jpg,2024-10-22,6427,25673,2,380-6427256732
Ukraine,United States,148 M113,captured,https://i.postimg.cc/wvj9WkMS/2023-M113-A3-capt-20-09-24.jpg,2024-09-23,6434,25688,2,380-6434256882
Ukraine,United Kingdom,15 AT105A Saxon,captured,https://i.postimg.cc/SN7YC9qH/2100-AT105-A-Saxon-capt-24-04-22.jpg,2022-12-05,6440,25701,2,380-6440257012
Ukraine,United Kingdom,15 Mastiff Protected Patrol,captured,https://i.postimg.cc/gjLkrmSz/2031-mastiff-capt-12-06-23.jpg,2023-06-15,6451,25721,2,380-6451257212
Ukraine,Canada,15 Roshel Senator,captured,https://i.postimg.cc/K8Z4P8zt/2012-Roshel-Senator-MRAP-capt-26-05-24.jpg,2024-05-31,6454,25724,2,380-6454257242
Ukraine,Soviet Union,151 GAZ-66,captured,https://i.postimg.cc/QdPHLZj0/2024-GAZ-66-capt-17-07-22.jpg,2024-12-03,6465,25744,2,380-6465257442
Ukraine,Soviet Union,152mm 2A36 Giatsint-B field-gun,captured,https://twitter.com/UAWeapons/status/1545899351167352832,2022-07-12,1291,25282,2,380-1291252822
Ukraine,Soviet Union,152mm 2A65 Msta-B howitzer,captured,https://i.postimg.cc/3Jq4jMxs/48.png,2022-04-16,1292,25759,2,380-1292257592
Ukraine,Soviet Union,152mm 2S3 Akatsiya,captured,https://postlmg.cc/56yhT3pX,2022-03-26,1294,25769,2,380-1294257692
Ukraine,Soviet Union,152mm 2S3 Akatsiya,captured,https://i.postimg.cc/5N7Np35V/4j.png,2022-04-13,1294,25770,2,380-1294257702
Ukraine,Soviet Union,152mm 2S3 Akatsiya,captured,https://twitter.com/UAWeapons/status/1519333255035686913,2022-05-01,1294,25771,2,380-1294257712
Ukraine,Soviet Union,152mm 2S3 Akatsiya,captured,https://postimg.cc/w7CDm5d7,2022-10-17,1294,25778,2,380-1294257782
Ukraine,Soviet Union,152mm 2S3 Akatsiya,captured,https://i.postimg.cc/FRFT3nD2/zs.png,2022-10-17,1294,25779,2,380-1294257792
Ukraine,Soviet Union,152mm 2S3 Akatsiya,captured,https://i.postimg.cc/tgGqqF21/bf.png,2022-10-17,1294,25780,2,380-1294257802
Ukraine,Soviet Union,152mm 2S3 Akatsiya,captured,https://i.postimg.cc/CxTDs7yx/3336.png,2022-10-17,1294,25781,2,380-1294257812
Ukraine,Soviet Union,152mm 2S3 Akatsiya,captured,https://i.postimg.cc/zXnwM6Fg/a34.png,2022-10-17,1294,25782,2,380-1294257822
Ukraine,Soviet Union,152mm 2S3 Akatsiya,captured,https://i.postimg.cc/cCDyGTwV/2137-152mm-2-S3-M-Akatsiya-capt-25-04-22.jpg,2022-12-05,1294,25786,2,380-1294257862
Ukraine,Soviet Union,152mm 2S3 Akatsiya,captured,https://i.postimg.cc/hPjR1Wqg/2138-152mm-2-S3-M-Akatsiya-capt-25-04-22.jpg,2022-12-05,1294,25787,2,380-1294257872
Ukraine,Soviet Union,152mm 2S3 Akatsiya,captured,https://i.postimg.cc/3Nx9KNtf/478j.png,2023-04-01,1294,25797,2,380-1294257972
Ukraine,Soviet Union,152mm 2S3 Akatsiya,captured,https://i.postimg.cc/MTWCd7J0/2021-2-S3-M-Akatsiya-capt-31-03-25.jpg,2025-05-12,1294,25842,2,380-1294258422
Ukraine,Soviet Union,152mm 2S5 Giatsint-S,captured,https://i.postimg.cc/K857Hbg3/4f5.png,2022-03-26,6469,25847,2,380-6469258472
Ukraine,Soviet Union,152mm 2S5 Giatsint-S,captured,https://i.postimg.cc/FFqgXfGL/6689.png,2022-10-17,6469,25848,2,380-6469258482
Ukraine,Soviet Union,152mm 2S5 Giatsint-S,captured,https://i.postimg.cc/L5ZP8TvZ/67.png,2022-10-17,6469,25849,2,380-6469258492
Ukraine,Soviet Union,152mm 2S5 Giatsint-S,captured,https://i.postimg.cc/9fD1YYCt/2001-2s5-capt.png,2022-11-03,6469,25850,2,380-6469258502
Ukraine,Soviet Union,152mm D-20 gun-howitzer,captured,https://i.postimg.cc/CKRW7TVy/334.png,2022-05-28,1297,25853,2,380-1297258532
Ukraine,Soviet Union,152mm D-20 gun-howitzer,captured,https://i.postimg.cc/WbSVYSNM/b18.png,2022-05-29,1297,25854,2,380-1297258542
Ukraine,Soviet Union,153 GAZ-66,captured,https://i.postimg.cc/HnWxVk1G/2046-GAZ-66-capt-06-04-22.jpg,2024-12-09,6472,25875,2,380-6472258752
Ukraine,Soviet Union,153 GAZ-66,captured,https://i.postimg.cc/vTPm9wG4/2048-GAZ-66-capt-02-03-22.jpg,2024-12-09,6472,25876,2,380-6472258762
Ukraine,United States,155mm M777A2 howitzer,captured,https://i.postimg.cc/4yb7fk8G/2138-M777-A2-howitzer-dam-capt-13-03-25.jpg,2025-03-20,6492,26070,2,380-6492260702
Ukraine,United States,155mm M777A2 howitzer,captured,https://i.postimg.cc/nrt9fcGT/2130-M777-A2-howitzer-capt-12-03-25.jpg,2025-03-20,6492,26071,2,380-6492260712
Ukraine,Soviet Union,157 GAZ-66,captured,https://i.postimg.cc/V6NZQJbs/2019-GAZ-66-capt-02-03-22.jpg,2025-01-16,6498,26084,2,380-6498260842
Ukraine,Soviet Union,159 GAZ-66,captured,https://i.postimg.cc/sxxPF5y5/2001-GAZ-66-capt-30-03-22.jpg,2025-02-12,6505,26092,2,380-6505260922
Ukraine,Soviet Union,16 100mm MT-12 anti-tank gun,captured,https://i.postimg.cc/2SgY5HMY/2131-100mm-MT-12-anti-tank-gun-capt-24-03-22.jpg,2022-12-05,1374,26095,2,380-1374260952
Ukraine,Soviet Union,16 100mm MT-12 anti-tank gun,captured,https://i.postimg.cc/VkJ1my74/2132-100mm-MT-12-anti-tank-gun-capt-24-03-22.jpg,2022-12-05,1374,26096,2,380-1374260962
Ukraine,Soviet Union,16 100mm MT-12 anti-tank gun,captured,https://i.postimg.cc/DzsT4r3X/2133-100mm-MT-12-anti-tank-gun-capt-13-04-22.jpg,2022-12-05,1374,26097,2,380-1374260972
Ukraine,Soviet Union,16 100mm MT-12 anti-tank gun,captured,https://i.postimg.cc/bJhjxZqF/2134-100mm-MT-12-anti-tank-gun-capt-03-07-22.jpg,2022-12-05,1374,26098,2,380-1374260982
Ukraine,United Kingdom,16 AT105A Saxon,captured,https://i.postimg.cc/T2CzjmpM/2000-saxon-capt-22-01-23.jpg,2023-01-24,6510,26104,2,380-6510261042
Ukraine,United States,16 M113,captured,https://i.postimg.cc/Y2b5L09m/2001-M113-capt-02-01-23.jpg,2023-01-04,6517,26112,2,380-6517261122
Ukraine,United States,16 M113,captured,https://i.postimg.cc/44p9GRYP/2000-m113-capt-08-03-23.jpg,2023-03-09,6517,26113,2,380-6517261132
Ukraine,United States,16 M1A1 SA Abrams,captured,https://i.postimg.cc/mg8X4J0N/2100-M1-A1-SA-Abrams-dam-capt-16-09-24.jpg,2024-10-09,6518,26117,2,380-6518261172
Ukraine,Ukraine,16 MT-LB-S Ambulance,captured,https://i.postimg.cc/mrFBYPDh/2003-mtlbs-capt-22-02-23.jpg,2023-02-27,6520,26119,2,380-6520261192
Ukraine,Sweden,16 Pbv 302,captured,https://i.postimg.cc/fbKjphmk/2035-Pbv-302-capt-28-02-25.jpg,2025-07-01,6523,26123,2,380-6523261232
Ukraine,Canada,16 Roshel Senator IMV,captured,https://i.postimg.cc/76Bt9cML/2017-Roshel-Senator-APC-capt-23-09-24.jpg,2024-09-26,6525,26125,2,380-6525261252
Ukraine,Soviet Union,162 GAZ-66,captured,https://i.postimg.cc/W1hSScGX/2030-GAZ-66-capt-12-05-22.jpg,2025-04-10,6536,26146,2,380-6536261462
Ukraine,United States,164 M113,captured,https://i.postimg.cc/brMYxC49/2008-M113-A3-capr-10-10-24.jpg,2024-10-22,6544,26165,2,380-6544261652
Ukraine,United States,166 International M1224 MaxxPro,captured,https://i.postimg.cc/9F78GNFf/2026-M1224-Maxx-Pro-dam-capt-23-12-24.jpg,2024-12-26,6550,26173,2,380-6550261732
Ukraine,Soviet Union,167 GAZ-66,captured,https://i.postimg.cc/qqLt6Zpc/2026-GAZ-66-capt-28-06-22.jpg,2025-05-12,6551,26176,2,380-6551261762
Ukraine,Soviet Union,167 GAZ-66,captured,https://i.postimg.cc/J4rHCmQp/2027-GAZ-66-capt-16-06-22.jpg,2025-05-12,6551,26177,2,380-6551261772
Ukraine,Soviet Union,17 KrAZ-255B,captured,https://i.postimg.cc/5tf3zRcG/225.png,2023-09-20,6566,26198,2,380-6566261982
Ukraine,United States,172 M113,captured,https://i.postimg.cc/L5QcbM71/2021-M113-A3-dam-capt-23-10-24.jpg,2024-11-05,6588,26236,2,380-6588262362
Ukraine,Soviet Union,177 122mm 2S1 Gvozdika,captured,https://i.postimg.cc/brVvjvw2/2223-2-S1-Gvozdika-capt-18-03-25.jpg,2025-03-20,6593,26251,2,380-6593262512
Ukraine,United States,177 International M1224 MaxxPro,captured,https://i.postimg.cc/prj4SXcq/2028-M1224-Maxx-Pro-dam-capt-18-01-25.jpg,2025-01-22,6595,26254,2,380-6595262542
Ukraine,Germany,18 FFG MRAP,captured,https://i.postimg.cc/jCVwg2ws/2003-FFG-MRAP-capt-10-06-25.jpg,2025-06-27,6605,26267,2,380-6605262672
Ukraine,United States,18 M113,captured,https://i.postimg.cc/kXW4gZCd/55411.png,2023-04-02,6608,26274,2,380-6608262742
Ukraine,Soviet Union,19 MT-LB,captured,https://i.postimg.cc/0QJr82C2/9i.png,2022-10-17,6638,26336,2,380-6638263362
Ukraine,United States,190 International M1224 MaxxPro,captured,https://i.postimg.cc/Kz9JL1y5/2011-M1224-Maxx-Pro-capt-14-02-25.jpg,2025-02-18,6649,26354,2,380-6649263542
Ukraine,Soviet Union,192 BMP-2(K),captured,https://i.postimg.cc/1tWJxSLD/2016-bmp2-dam-capt-05-10-23.jpg,2024-01-09,6652,26367,2,380-6652263672
Ukraine,Soviet Union,197 BMP-2(K),captured,https://i.postimg.cc/Ght26kzH/2008-bmp2-dam-capt-21-02-24.jpg,2024-02-23,6659,26381,2,380-6659263812
Ukraine,Soviet Union,1L22 'Parol',captured,https://i.postimg.cc/jqHGyDrQ/390.png,2022-05-03,6662,26388,2,380-6662263882
Ukraine,Soviet Union,1L22 'Parol',captured,https://i.postimg.cc/sXxMypFn/2009-1-L22-Parol-ground-based-IFF-interrogator-capt-10-03-22.jpg,2024-04-08,6662,26390,2,380-6662263902
Ukraine,Soviet Union,1V14 battery command and forward observer vehicle,captured,https://i.postimg.cc/MHmbxn3Q/437.png,2022-04-14,1822,26392,2,380-1822263922
Ukraine,Soviet Union,1V15 battery command and forward observer vehicle,captured,https://i.postimg.cc/B6Ntjgtc/77k.jpg,2022-04-20,6664,26399,2,380-6664263992
Ukraine,Soviet Union,1V15 battery command and forward observer vehicle,captured,https://i.postimg.cc/wxQgbDjF/5y6.png,2022-10-17,6664,26400,2,380-6664264002
Ukraine,Soviet Union,1V18 'Klyon-1' artillery command and forward observer vehicle,captured,https://i.postimg.cc/15Tv1zdz/c24.png,2022-03-19,6665,26401,2,380-6665264012
Ukraine,Soviet Union,1V18 'Klyon-1' artillery command and forward observer vehicle,captured,https://i.postimg.cc/rpVBPfZt/430.png,2022-05-14,6665,26402,2,380-6665264022
Ukraine,Soviet Union,1V18 'Klyon-1' artillery command and forward observer vehicle,captured,https://i.postimg.cc/y8HfMD6P/770.png,2022-10-17,6665,26403,2,380-6665264032
Ukraine,Soviet Union,1V18 'Klyon-1' artillery command and forward observer vehicle,captured,https://i.postimg.cc/vHGv8Rfr/3558.png,2022-10-17,6665,26404,2,380-6665264042
Ukraine,Soviet Union,1V18 'Klyon-1' artillery command and forward observer vehicle,captured,https://i.postimg.cc/dQW77Mc8/ft5.png,2022-10-17,6665,26405,2,380-6665264052
Ukraine,Soviet Union,1V18 'Klyon-1' artillery command and forward observer vehicle,captured,https://i.postimg.cc/SKptzcQB/f43.png,2022-10-17,6665,26406,2,380-6665264062
Ukraine,Soviet Union,1V18 'Klyon-1' artillery command and forward observer vehicle,captured,https://i.postimg.cc/NjFGF206/2124-1-V18-Klyon-1-artillery-command-and-forward-observer-vehicle-capt-04-04-22.jpg,2022-12-05,6665,26407,2,380-6665264072
Ukraine,Soviet Union,1V18 'Klyon-1' artillery command and forward observer vehicle,captured,https://i.postimg.cc/MT1mtHYK/2003-1-V18-Klyon-1-capt-28-02-22.jpg,2023-03-22,6665,26408,2,380-6665264082
Ukraine,Ukraine,2 ASU-1 Valkyrja reconnaissance UAV,captured,https://postimg.cc/hzFGPbxh,2022-10-26,6688,26433,2,380-6688264332
Ukraine,Ukraine,2 Bogdan-2251 ambulance,captured,https://i.postimg.cc/W4dhqjpn/2007-bogdan-2251-ambulance-capt-13-04-22.jpg,2023-03-13,6700,26447,2,380-6700264472
Ukraine,Ukraine,2 Chaklun,captured,https://i.postimg.cc/TYZCvCmf/438.png,2023-08-16,6704,26451,2,380-6704264512
Ukraine,United Kingdom,2 FV432 Bulldog,captured,https://i.postimg.cc/QNBFt12J/2086-FV432-Bulldog-capt-15-10-24.jpg,2024-10-22,6713,26462,2,380-6713264622
Ukraine,Soviet Union,2 GAZ-3308,captured,https://i.postimg.cc/cCyy94XC/2017-GAZ-3308-capt-27-02-22.jpg,2023-05-02,6716,26466,2,380-6716264662
Ukraine,Soviet Union,2 GAZ-53,captured,https://i.postimg.cc/rs16vXPJ/2018-GAZ-53-capt-27-02-22.jpg,2023-05-02,6717,26467,2,380-6717264672
Ukraine,Soviet Union,2 GAZ-53,captured,https://i.postimg.cc/J7ZWyZzk/2019-GAZ-53-capt-27-02-22.jpg,2023-05-02,6717,26468,2,380-6717264682
Ukraine,Ukraine,2 KrAZ-5322,captured,https://i.postimg.cc/fLpdcCQ3/2009-kraz5322-capt-01-03-22.jpg,2023-03-07,6726,26479,2,380-6726264792
Ukraine,Ukraine,2 KrAZ-5322,captured,https://i.postimg.cc/L5yR6Mjq/2009-kraz5322-capt-01-03-22.jpg,2023-03-08,6726,26480,2,380-6726264802
Ukraine,Soviet Union,2 MAZ-6317,captured,https://i.postimg.cc/1t1Xt0nF/2023-MAZ-6317-capt-10-07-22.jpg,2024-12-03,6752,26509,2,380-6752265092
Ukraine,Czech Republic,2 Orlik,captured,https://i.postimg.cc/wBLx24Rt/3.png,2023-06-23,6761,26518,2,380-6761265182
Ukraine,Latvia,2 Penguin C,captured,https://i.postimg.cc/7LfWG39Y/2025-penguin-c-capt-03-06-23.jpg,2023-06-09,6770,26527,2,380-6770265272
Ukraine,Ukraine,2 Punisher,captured,https://i.postimg.cc/VNDcKLCh/2009-Punisher-attack-UAV-capt-25-02-24.jpg,2024-02-29,6776,26533,2,380-6776265332
Ukraine,Finland,2 Sisu XA-185,captured,https://twitter.com/UAWeapons/status/1602246143030722561,2022-12-13,6787,26545,2,380-6787265452
Ukraine,Ukraine,2 SpecAero,captured,https://i.postimg.cc/VNfX44Ty/433.png,2023-07-08,6788,26547,2,380-6788265472
Ukraine,Ukraine,2 TMM-3M1 bridge layer,captured,https://twitter.com/UAWeapons/status/1545899373724422151,2022-07-12,6795,25055,2,380-6795250552
Ukraine,Netherlands,2 YPR-765 PRI or AIFV-B-C25,captured,https://i.postimg.cc/vZtGBcML/2103-AIFV-B-C25-capt-12-05-25.jpg,2025-05-27,6815,26578,2,380-6815265782
Ukraine,Soviet Union,20 BRM-1K reconnaissance vehicle,captured,https://i.postimg.cc/2yBG8fjb/433.png,2022-10-21,1987,26586,2,380-1987265862
Ukraine,United States,200 M113,captured,https://i.postimg.cc/d1sw75Bz/2048-M113-A3-capt-28-11-24.jpg,2024-12-03,6836,26615,2,380-6836266152
Ukraine,United States,200 M113,captured,https://i.postimg.cc/g0qGkCvV/2042-M113-A3-dam-capt-30-11-24.jpg,2024-12-03,6836,26616,2,380-6836266162
Ukraine,Soviet Union,202 BMP-2(K),captured,https://i.postimg.cc/yx5N5snV/2009-bmp2-capt-17-02-24.jpg,2024-04-08,6838,26628,2,380-6838266282
Ukraine,Soviet Union,203mm 2S7 Pion,captured,https://i.postimg.cc/K8pQghtB/790.png,2022-03-26,6841,26632,2,380-6841266322
Ukraine,Soviet Union,203mm 2S7 Pion,captured,https://i.postimg.cc/J4s5tfKL/4376.png,2022-04-07,6841,26633,2,380-6841266332
Ukraine,Soviet Union,203mm 2S7 Pion,captured,https://i.postimg.cc/Jnv9g4BN/46680.png,2022-10-17,6841,26639,2,380-6841266392
Ukraine,United States,207 International M1224 MaxxPro,captured,https://i.postimg.cc/vHRG0V2J/2175-M1224-Maxx-Pro-capt-17-03-25.jpg,2025-03-20,6846,26664,2,380-6846266642
Ukraine,Ukraine,21 Bogdan-2251 ambulance,captured,https://i.postimg.cc/5yqmRDH5/2016-Bogdan-2251-ambulance-capt-13-09-24.jpg,2024-12-26,6853,26682,2,380-6853266822
Ukraine,United States,21 M577 command post,captured,https://i.postimg.cc/mkDnyR0Z/2195-M577-command-post-capt-15-03-25.jpg,2025-03-20,6858,26692,2,380-6858266922
Ukraine,United States,21 M577 command post,captured,https://i.postimg.cc/mDVq9hp6/2202-M577-command-post-capt-15-03-25.jpg,2025-03-20,6858,26693,2,380-6858266932
Ukraine,Soviet Union,211 BMP-2(K),captured,https://i.postimg.cc/GtDWXhkC/2026-bmp2-capt-05-06-24.jpg,2024-06-12,6873,26718,2,380-6873267182
Ukraine,United States,212 International M1224 MaxxPro,captured,https://i.postimg.cc/5085d2wf/2014-M1224-Maxx-Pro-capt-20-03-25.jpg,2025-03-24,6876,26725,2,380-6876267252
Ukraine,United States,212 International M1224 MaxxPro,captured,https://i.postimg.cc/FKdgpZzd/2005-M1224-Maxx-Pro-capt-17-03-25.jpg,2025-03-24,6876,26726,2,380-6876267262
Ukraine,United States,215 M113,captured,https://i.postimg.cc/1zs9dkhL/2009-M113-A3-capt-15-12-24.jpg,2024-12-19,6882,26739,2,380-6882267392
Ukraine,United States,219 M113,captured,https://i.postimg.cc/RFmxMyyk/2002-M113-A3-capt-17-12-24.jpg,2024-12-23,6888,26753,2,380-6888267532
Ukraine,United States,22 M113,captured,https://i.postimg.cc/Kc5yNx9p/443f0.png,2023-04-17,6893,26760,2,380-6893267602
Ukraine,Soviet Union,220mm BM-27 'Uragan',captured,https://i.postimg.cc/MpZxknr7/437.png,2022-03-19,2200,26781,2,380-2200267812
Ukraine,Soviet Union,220mm BM-27 'Uragan',captured,https://i.postimg.cc/0yh6X2cL/346.png,2022-03-19,2200,26782,2,380-2200267822
Ukraine,Soviet Union,220mm BM-27 Uragan,captured,https://i.postimg.cc/N0XpN0Rg/5.png,2022-09-27,2201,26784,2,380-2201267842
Ukraine,Soviet Union,220mm BM-27 Uragan,captured,https://i.postimg.cc/MKNc3bry/2008-bm27-capt-31-03-22.jpg,2024-04-08,2201,26787,2,380-2201267872
Ukraine,Soviet Union,223 BMP-2(K),captured,https://i.postimg.cc/cJwRYZLs/2010-bmp2-capt-22-05-22.jpg,2024-07-24,6911,26801,2,380-6911268012
Ukraine,Soviet Union,227 BMP-2(K),captured,https://i.postimg.cc/MHTcck0j/2029-BMP-2-K-capt-25-08-24.jpg,2024-08-28,6920,26817,2,380-6920268172
Ukraine,United States,228 M113,captured,https://i.postimg.cc/t4JBW93v/2017-M113-A3-capt-30-12-24.jpg,2025-01-07,6924,26827,2,380-6924268272
Ukraine,Ukraine,23 KrAZ-6322,captured,https://i.postimg.cc/pVFKmp2r/2007-UA-Kr-AZ-6322-capt.jpg,2022-10-16,6930,26835,2,380-6930268352
Ukraine,United States,233 International M1224 MaxxPro,captured,https://i.postimg.cc/7LZ8B9bk/2000-M1224-Maxx-Pro-capt-08-04-25.jpg,2025-04-13,6944,26864,2,380-6944268642
Ukraine,United States,238 International M1224 MaxxPro,captured,https://i.postimg.cc/NfFKHF6Q/2041-M1224-Maxx-Pro-capt-14-04-25.jpg,2025-04-17,6953,26882,2,380-6953268822
Ukraine,Soviet Union,23mm ZU-23,captured,https://i.postimg.cc/2SDv44Hd/nm8.png,2022-03-19,2346,26883,2,380-2346268832
Ukraine,Soviet Union,23mm ZU-23,captured,https://i.postimg.cc/W1NsGMGc/480.png,2022-03-26,2346,26884,2,380-2346268842
Ukraine,Soviet Union,23mm ZU-23,captured,https://i.postimg.cc/QMmjt2Pr/21.png,2022-05-03,2346,26885,2,380-2346268852
Ukraine,Soviet Union,23mm ZU-23,captured,https://i.postimg.cc/Hsy54RMp/2000-ZU-23-2-capt-16-03-22.jpg,2025-04-07,2346,26886,2,380-2346268862
Ukraine,Soviet Union,23mm ZU-23,captured,https://i.postimg.cc/kgNbLSwz/2001-ZU-23-2-capt-16-03-22.jpg,2025-04-07,2346,26887,2,380-2346268872
Ukraine,Soviet Union,23mm ZU-23,captured,https://i.postimg.cc/7ZrzB91S/2002-ZU-23-2-capt-16-03-22.jpg,2025-04-07,2346,26888,2,380-2346268882
Ukraine,United States,242 M113,captured,https://i.postimg.cc/j59G5qR6/2006-M113-A3-capt-13-01-25.jpg,2025-01-16,6969,26923,2,380-6969269232
Ukraine,Soviet Union,248 BMP-2(K),captured,https://i.postimg.cc/DyDBTsbs/2031-BMP-2-K-capt-31-12-22.jpg,2024-12-23,6974,26935,2,380-6974269352
Ukraine,United States,248 International M1224 MaxxPro,captured,https://i.postimg.cc/WzW83FMt/2017-M1224-Maxx-Pro-capt-31-03-25.jpg,2025-05-12,6975,26945,2,380-6975269452
Ukraine,Canada,25 Roshel Senator MRAP,captured,https://i.postimg.cc/YCcLnhjS/2101-Roshel-Senator-MRAP-capt-14-09-24.jpg,2024-09-19,6984,26966,2,380-6984269662
Ukraine,Soviet Union,25 T-80BV,captured,https://postimg.cc/S2VsBjb6,2022-10-17,6985,26968,2,380-6985269682
Ukraine,Soviet Union,25 T-80BV,captured,https://i.postimg.cc/26h3yR6d/4f3.png,2022-10-17,6985,26969,2,380-6985269692
Ukraine,United States,255 International M1224 MaxxPro,captured,https://i.postimg.cc/DftJn9MY/2017-M1224-Maxx-Pro-capt-17-05-25.jpg,2025-05-21,6998,27001,2,380-6998270012
Ukraine,United States,257 M113,captured,https://i.postimg.cc/V6xf51Jz/2007-M113-A3-capt-30-01-25.jpg,2025-02-02,7002,27006,2,380-7002270062
Ukraine,United States,258 M113,captured,https://i.postimg.cc/1tSQPvHn/2014-M113-A3-capt-25-01-25.jpg,2025-01-31,7004,27014,2,380-7004270142
Ukraine,United States,258 M113,captured,https://i.postimg.cc/Gt7wFd1G/2039-M113-A3-capt-26-01-25.jpg,2025-01-31,7004,27015,2,380-7004270152
Ukraine,United States,258 M113,captured,https://i.postimg.cc/hvPRQhNK/2040-M113-A3-capt-26-01-25.jpg,2025-01-31,7004,27016,2,380-7004270162
Ukraine,Canada,26 Roshel Senator,captured,https://i.postimg.cc/J0NXyK7x/2006-Roshel-Senator-APC-capt-11-08-24.jpg,2024-08-15,7015,27043,2,380-7015270432
Ukraine,Canada,26 Roshel Senator,captured,https://i.postimg.cc/gkp8994T/2036-Roshel-Senator-MRAP-capt-13-08-24.jpg,2024-08-15,7015,27044,2,380-7015270442
Ukraine,Canada,26 Roshel Senator MRAP,captured,https://i.postimg.cc/V6gGMwJW/2044-Roshel-Senator-MRAP-capt-17-09-24.jpg,2024-09-20,7016,27045,2,380-7016270452
Ukraine,United States,26 Unknown HMMWV variant,captured,https://i.postimg.cc/4xTmktH2/2023-unkn-HMMWV-capt-04-11-24.jpg,2025-01-10,7020,27065,2,380-7020270652
Ukraine,Soviet Union,263 BMP-2(K),captured,https://i.postimg.cc/1z8pJwbx/2084-BMP-2-K-capt-02-03-25.jpg,2025-03-20,7026,27081,2,380-7026270812
Ukraine,Soviet Union,266 BMP-2(K),captured,https://i.postimg.cc/DyMjnm9T/2041-BMP-2-K-dam-capt-19-03-25.jpg,2025-03-24,7030,27090,2,380-7030270902
Ukraine,United States,266 M113,captured,https://i.postimg.cc/rpQSZdTx/2057-M113-A3-capt-09-02-25.jpg,2025-02-12,7031,27093,2,380-7031270932
Ukraine,United States,266 M113,captured,https://i.postimg.cc/bvzxRx7q/2058-M113-A3-capt-31-08-24.jpg,2025-02-12,7031,27094,2,380-7031270942
Ukraine,United States,269 M113,captured,https://i.postimg.cc/FHcPKRdq/2012-M113-A3-capt-14-02-25.jpg,2025-02-18,7032,27097,2,380-7032270972
Ukraine,Canada,27 Roshel Senator MRAP,captured,https://i.postimg.cc/43crQ4dp/2001-Roshel-Senator-MRAP-capt-15-09-24.jpg,2024-10-02,7042,27112,2,380-7042271122
Ukraine,Soviet Union,27 T-80BV,captured,https://i.postimg.cc/MKC0546t/4331.png,2022-10-21,7043,27113,2,380-7043271132
Ukraine,United States,274 M113,captured,https://i.postimg.cc/HWBz1bfW/2005-M113-A3-capt-31-01-25.jpg,2025-02-21,7055,27147,2,380-7055271472
Ukraine,Ukraine,28 BTR-3,captured,https://i.postimg.cc/C53P3Rwm/44317.png,2022-10-10,7063,27162,2,380-7063271622
Ukraine,United States,280 International M1224 MaxxPro,captured,https://i.postimg.cc/qqtZcJsK/2005-M1224-Maxx-Pro-dam-capt-14-07-25.jpg,2025-07-19,7078,27183,2,380-7078271832
Ukraine,United States,287 International M1224 MaxxPro,captured,https://i.postimg.cc/YqG4WN4Z/2003-International-M1224-Maxx-Pro-capt-30-07-25.jpg,2025-08-14,7081,27193,2,380-7081271932
Ukraine,Soviet Union,290 BMP-2(K),captured,https://i.postimg.cc/90StvZ26/2042-BMP-2-K-dam-capt-27-03-25.jpg,2025-05-12,7095,27225,2,380-7095272252
Ukraine,United States,294 M113,captured,https://i.postimg.cc/yYVMb8j6/2074-M113-A3-ambulance-capt-30-11-24.jpg,2025-03-20,7100,27242,2,380-7100272422
Ukraine,United States,294 M113,captured,https://i.postimg.cc/hPpkWRZL/2103-M113-A3-ambulance-capt-19-02-25.jpg,2025-03-20,7100,27243,2,380-7100272432
Ukraine,United States,294 M113,captured,https://i.postimg.cc/G2DrV2n2/2228-M113-A3-capt-28-02-25.jpg,2025-03-20,7100,27244,2,380-7100272442
Ukraine,United States,3 120mm М1064А3,captured,https://i.postimg.cc/prfY4GHv/2020-120-MM-1064-3-capt-24-02-24.jpg,2024-02-26,7107,27253,2,380-7107272532
Ukraine,Soviet Union,3 122mm D-30 howitzer,captured,https://i.postimg.cc/KzDhJmzc/2135-122mm-2-A18-D-30-howitzer-capt-29-05-22.jpg,2022-12-05,7108,27255,2,380-7108272552
Ukraine,Finland,3 23 ItK 61 23mm,captured,https://twitter.com/UAWeapons/status/1566053206228074496,2022-09-04,7116,27264,2,380-7116272642
Ukraine,Canada,3 ACSV troop/cargo vehicle,captured,https://i.postimg.cc/vHhHfN2w/2025-ACSV-troop-cargo-vehicle-capt-31-03-25.jpg,2025-06-12,7121,27269,2,380-7121272692
Ukraine,Soviet Union,3 ARS-14 decontamination and degassing vehicle,captured,https://i.postimg.cc/hG1dJbkR/1302.png,2023-01-30,2761,27271,2,380-2761272712
Ukraine,Turkey,3 BMC Kirpi II,captured,https://i.postimg.cc/T3JmdGWP/2181-BMC-Kirpi-II-capt-28-02-25.jpg,2025-03-20,7125,27277,2,380-7125272772
Ukraine,Turkey,3 BMC Kirpi II,captured,https://i.postimg.cc/SKQ9j5Wf/2116-BMC-Kirpi-II-capt-13-03-25.jpg,2025-03-20,7125,27278,2,380-7125272782
Ukraine,Poland,3 FLIRT Cetus,captured,https://i.postimg.cc/bwLSVXvW/2022-FLIRT-Cetus-reconnisaince-UAV-capt-10-11-24.jpg,2024-11-14,7141,27298,2,380-7141272982
Ukraine,United Kingdom,3 FV432 Bulldog,captured,https://i.postimg.cc/W4b3z3Nf/2006-FV432-Bulldog-capt-06-11-24.jpg,2024-11-11,7142,27299,2,380-7142272992
Ukraine,Ukraine,3 Hor,captured,https://i.postimg.cc/KYxgWYQN/2148-Hor-reconnaissance-UAV-capt-13-03-25.jpg,2025-03-20,7147,27304,2,380-7147273042
Ukraine,Ukraine,3 Kozak-5,captured,https://i.postimg.cc/3wywS058/2114-Kozak-5-capt-24-07-22.jpg,2022-12-05,7153,27311,2,380-7153273112
Ukraine,Soviet Union,3 MAZ-500 tanker,captured,https://i.postimg.cc/J4w5QC4c/2004-MAZ-500-tanker-capt-02-03-22.jpg,2024-04-08,7174,27339,2,380-7174273392
Ukraine,Ukraine,3 Mara-2M,captured,https://postimg.cc/06C6nXQv,2023-06-15,7177,27342,2,380-7177273422
Ukraine,Soviet Union,3 PMP floating bridge,captured,https://twitter.com/UAWeapons/status/1545899373724422151,2022-07-12,7182,25055,2,380-7182250552
Ukraine,Jordan,3 Petra Hunter,captured,https://i.postimg.cc/C1jLkmBs/2015-Petra-Hunter-capt-20-03-25.jpg,2025-03-24,7187,27351,2,380-7187273512
Ukraine,Germany,3 Quantum Vector UAV,captured,https://i.postimg.cc/5yYmjDLN/2001-Quantum-Vector-reconnaissance-UAV-capt-02-03-25.jpg,2025-05-21,7191,27355,2,380-7191273552
Ukraine,Germany,3 RQ-35 Heidrun,captured,https://i.postimg.cc/g21pXzXm/2019-RQ-35-Heidrun-reconnaissance-UAV-capt-29-12-24.jpg,2025-01-07,7192,27356,2,380-7192273562
Ukraine,Soviet Union,3 T-72 'Ural',captured,https://postlmg.cc/Czb1v3b6,2022-10-18,2831,27368,2,380-2831273682
Ukraine,Soviet Union,30 BRM-1K reconnaissance vehicle,captured,https://i.postimg.cc/fTY3rthp/2006-BRM-1-K-capt-12-12-22.jpg,2023-01-14,7220,27392,2,380-7220273922
Ukraine,Ukraine,30 KrAZ-6322,captured,https://i.postimg.cc/rwnCQYq6/2022-03-01-UA-Kr-AZ-6322-captured-1.jpg,2022-12-05,7223,27398,2,380-7223273982
Ukraine,Soviet Union,30 River link pontoon (for PMP(-M) floating bridge system),captured,https://i.postimg.cc/SK9BY08D/2015-River-link-pontoon-for-PMP-M-floating-bridge-system-capt-10-07-22.jpg,2024-01-23,7229,27435,2,380-7229274352
Ukraine,United States,309 M113,captured,https://i.postimg.cc/SQBPnsck/2001-M113-A3-dam-capt-31-03-25.jpg,2025-04-10,7236,27454,2,380-7236274542
Ukraine,Germany,31 Marder 1A3,captured,https://i.postimg.cc/GpW624P6/2010-Marder-1-A3-capt-15-09-24.jpg,2024-09-19,7247,27477,2,380-7247274772
Ukraine,Soviet Union,32 BRM-1(K) reconnaissance vehicle,captured,https://i.postimg.cc/QxBnrw8S/431130.png,2023-03-29,2988,27500,2,380-2988275002
Ukraine,Ukraine,32 Kozak-2,captured,https://i.postimg.cc/KcBnzr7B/35.png,2022-08-17,7259,27502,2,380-7259275022
Ukraine,Soviet Union,33 T-80BV,captured,https://i.postimg.cc/VN5wfxDD/2048-T-80-BV-capt-03-09-2022.jpg,2022-12-05,7280,27541,2,380-7280275412
Ukraine,United States,338 M113,captured,https://i.postimg.cc/nLTk4TTk/2020-M113-A3-capt-19-04-25.jpg,2025-05-12,7283,27560,2,380-7283275602
Ukraine,Soviet Union,34 BRM-1 and BRM-1K reconnaissance vehicle,captured,https://i.postimg.cc/m2yfDgT6/2010-BRM-1-K-reconnaissance-vehicle-capt-02-08-22.jpg,2023-01-30,7286,27563,2,380-7286275632
Ukraine,Soviet Union,34 BRM-1 and BRM-1K reconnaissance vehicle,captured,https://i.postimg.cc/t4R0VGTR/2012-BRM-1-K-reconnaissance-vehicle-capt-22-08-22.jpg,2023-01-30,7286,27564,2,380-7286275642
Ukraine,Ukraine,34 KrAZ-6322,captured,https://i.postimg.cc/QtPKnKS6/2011-Kr-AZ-6322-capt-26-02-22.jpg,2023-01-30,7288,27567,2,380-7288275672
Ukraine,Canada,34 Roshel Senator MRAP,captured,https://i.postimg.cc/wxN6TFzJ/2000-Roshel-Senator-MRAP-capt-17-10-24.jpg,2024-10-27,7293,27575,2,380-7293275752
Ukraine,Canada,34 Roshel Senator MRAP,captured,https://i.postimg.cc/gkPGwRc7/2022-Roshel-Senator-MRAP-capt-25-10-24.jpg,2024-10-27,7293,27576,2,380-7293275762
Ukraine,United States,34 Unknown HMMWV variant,captured,https://i.postimg.cc/zX7NkPsQ/2133-HMMWV-dam-capt-04-03-25.jpg,2025-03-20,7295,27584,2,380-7295275842
Ukraine,Soviet Union,34 Ural-4320,captured,https://i.postimg.cc/FR1JZVbd/2000-ural4320-capt-25-02-22.png,2023-01-30,7297,27593,2,380-7297275932
Ukraine,United States,343 M113,captured,https://i.postimg.cc/GhbMsddv/2011-M113-A3-capt-09-05-25.jpg,2025-05-14,7298,27598,2,380-7298275982
Ukraine,Soviet Union,35 BMP-2(K),captured,https://i.postimg.cc/hv878tMd/2001-bmp2.jpg,2022-09-14,7303,27609,2,380-7303276092
Ukraine,Ukraine,35 Kozak-7,captured,https://i.postimg.cc/Ls5DtxXP/2102-Kozak-2-capt-16-09-24.jpg,2024-09-19,7305,27616,2,380-7305276162
Ukraine,United States,35 M113,captured,https://i.postimg.cc/tRZxMR2P/2002-M113-A3-capt-20-06-23.jpg,2023-06-28,7306,27617,2,380-7306276172
Ukraine,Ukraine,36 Kozak-2,captured,https://i.postimg.cc/qvRC1BCW/4e.png,2022-10-11,7322,27649,2,380-7322276492
Ukraine,United States,363 M113,captured,https://i.postimg.cc/vm3WKhZJ/2027-M113-A3-capt-05-06-25.jpg,2025-06-12,7334,27686,2,380-7334276862
Ukraine,Canada,37 Roshel Senator MRAP,captured,https://i.postimg.cc/wMNqGRzd/2009-Roshel-Senator-MRAP-capt-05-12-24.jpg,2024-12-09,7345,27715,2,380-7345277152
Ukraine,Ukraine,38 Unknown truck,captured,https://twitter.com/UAWeapons/status/1545021775846817792,2022-07-08,7364,27758,2,380-7364277582
Ukraine,United States,389 M113,captured,https://i.postimg.cc/BZdzCfv8/2011-M113-A3-dam-capt-23-07-25.jpg,2025-07-27,7368,27770,2,380-7368277702
Ukraine,United States,389 M113,captured,https://i.postimg.cc/tJVhgf0w/2010-M113-A3-dam-capt-23-07-25.jpg,2025-07-27,7368,27771,2,380-7368277712
Ukraine,Ukraine,39 Kozak-7,captured,https://i.postimg.cc/x1hbnVTJ/2006-Kozak-7-capt-24-09-24.jpg,2024-09-29,7371,27775,2,380-7371277752
Ukraine,Slovenia,4 BOV APC,captured,https://i.postimg.cc/FzBDrbMp/2033-BOV-M-capt-19-01-25.jpg,2025-01-22,7398,27818,2,380-7398278182
Ukraine,Ukraine,4 DH-1 Domakha,captured,https://i.postimg.cc/kg8LVVMw/2005-DH-1-Domakha-reconnaissance-UAV-capt-11-11-23.jpg,2025-06-01,7405,27831,2,380-7405278312
Ukraine,Ukraine,4 DH-1 Domakha,captured,https://i.postimg.cc/zX49XwNV/2007-DH-1-Domakha-reconnaissance-UAV-capt-30-05-24.jpg,2025-06-01,7405,27832,2,380-7405278322
Ukraine,United Kingdom,4 FV432 Bulldog,captured,https://i.postimg.cc/wBsF4Fbh/2029-FV432-Bulldog-capt-20-12-24.jpg,2025-01-07,7408,27835,2,380-7408278352
Ukraine,Ukraine,4 Hor,captured,https://i.postimg.cc/pybm6VjP/2066-Hor-reconnaissance-UAV-capt-02-04-25.jpg,2025-04-07,7410,27837,2,380-7410278372
Ukraine,Ukraine,4 Mara-2M,captured,https://i.postimg.cc/kg7qmqnK/2009-Mara-2-M-UAV-capt-06-10-23.jpg,2023-10-22,7432,27861,2,380-7432278612
Ukraine,Canada,4 Roshel Senator,captured,https://i.postimg.cc/yx1pc6pc/2020-Roshel-Senator-capt-25-05-23.jpg,2023-06-04,7443,27875,2,380-7443278752
Ukraine,Ukraine,4 Tekever AR3,captured,https://i.postimg.cc/2SvpbtQH/2014-Tekever-AR3-multipurpose-UAV-capt-01-06-24.jpg,2024-06-06,7447,27879,2,380-7447278792
Ukraine,Spain,4 URO VAMTAC,captured,https://i.postimg.cc/cLpjHpNP/2069-URO-VAMTAC-capt-04-04-25.jpg,2025-04-07,7450,27885,2,380-7450278852
Ukraine,Turkey,41 BMC Kirpi,captured,https://i.postimg.cc/MKqkkCDM/2004-BMC-Kirpi-capt-01-10-24.jpg,2024-10-06,7469,27915,2,380-7469279152
Ukraine,Poland,41 T-72M/M1(R),captured,https://i.postimg.cc/0QsVFgyP/2006-T-72-M1-capt-30-11-22.jpg,2023-02-21,7473,27924,2,380-7473279242
Ukraine,Soviet Union,41 T-80BV,captured,https://twitter.com/UAWeapons/status/1636098069388206080,2023-03-16,7474,27926,2,380-7474279262
Ukraine,Ukraine,43 Kozak-7,captured,https://i.postimg.cc/ncXBTQHN/2012-Kozak-7-capt-27-09-24.jpg,2024-10-02,7485,27953,2,380-7485279532
Ukraine,Ukraine,44 Kozak-7,captured,https://i.postimg.cc/gcKmRkRY/2012-Kozak-7-dam-capt-06-10-24.jpg,2024-10-09,7491,27964,2,380-7491279642
Ukraine,Germany,44 Marder 1A3,captured,https://i.postimg.cc/sDHgnWsm/2000-Marder-1-A3-capt-29-05-25.jpg,2025-06-01,7493,27967,2,380-7493279672
Ukraine,Germany,44 Marder 1A3,captured,https://i.postimg.cc/4Nx3bPkn/2001-Marder-1-A3-capt-31-03-25.jpg,2025-06-01,7493,27968,2,380-7493279682
Ukraine,United States,44 Unknown HMMWV variant,captured,https://i.postimg.cc/Qt00pPR8/2019-HMMWV-capt-31-03-25.jpg,2025-04-07,7497,27974,2,380-7497279742
Ukraine,Turkey,46 BMC Kirpi,captured,https://i.postimg.cc/JnptvrZy/2015-BMC-Kirpi-dam-capt-19-10-24.jpg,2024-10-30,7510,27993,2,380-7510279932
Ukraine,Germany,46 Marder 1A3,captured,https://i.postimg.cc/FRSF1hpH/2034-Marder-1-A3-capt-28-02-25.jpg,2025-07-01,7512,27997,2,380-7512279972
Ukraine,Turkey,47 BMC Kirpi,captured,https://i.postimg.cc/c1QvnvbQ/2004-BMC-Kirpi-dam-capt-29-10-24.jpg,2024-11-02,7518,28005,2,380-7518280052
Ukraine,Soviet Union,48 BMP-2(K),captured,https://i.postimg.cc/sDzpgMjK/2002-bmp2.jpg,2022-09-27,7526,28016,2,380-7526280162
Ukraine,United States,48 Unknown HMMWV variant,captured,https://i.postimg.cc/JzDBsfby/2026-HMMWV-dam-capt-09-04-25.jpg,2025-04-13,7528,28019,2,380-7528280192
Ukraine,Turkey,49 BMC Kirpi,captured,https://i.postimg.cc/R0GXRL23/2023-BMC-Kirpi-dam-capt-30-09-24.jpg,2024-11-05,7531,28022,2,380-7531280222
Ukraine,Ukraine,49 KrAZ-5233,captured,https://i.postimg.cc/Z5ys3DcD/2005-Kr-AZ-5233-capt-13-03-22.jpg,2025-03-27,7533,28027,2,380-7533280272
Ukraine,Germany,5 Bergepanzer 2 armoured recovery vehicle,captured,https://i.postimg.cc/fLb5RHvS/2229-Bergepanzer-2-armoured-recovery-vehicle-capt-06-02-25.jpg,2025-03-20,7552,28052,2,380-7552280522
Ukraine,Germany,5 Bergepanzer 2 armoured recovery vehicle,captured,https://i.postimg.cc/DZY6JqCj/2230-Bergepanzer-2-armoured-recovery-vehicle-capt-06-02-25.jpg,2025-03-20,7552,28053,2,380-7552280532
Ukraine,Ukraine,5 DH-1 Domakha,captured,https://i.postimg.cc/SQt2R1Kc/2001-DH-1-Domakha-reconnaissance-UAV-capt-25-07-25.jpg,2025-08-14,7558,28062,2,380-7558280622
Ukraine,Ukraine,5 KrAZ Cobra,captured,https://i.postimg.cc/G3BcPS6m/2002-Kr-AZ-Cobra.jpg,2022-08-04,7566,28074,2,380-7566280742
Ukraine,Soviet Union,5 MTO-AT mobile workshop,captured,https://i.postimg.cc/fbKjjbcJ/2026-MTO-AT-maintenance-vehicle-capt-17-07-22.jpg,2024-12-03,3910,28086,2,380-3910280862
Ukraine,United Kingdom,5 Pinzgauer Vector 718,captured,https://i.postimg.cc/vmz81KcL/2001-Pinzgauer-Vector-protected-patrol-vehicle-capt-02-03-24.jpg,2024-04-08,7581,28092,2,380-7581280922
Ukraine,Ukraine,5 UMS-1000 patrol boat (Sea Guard),captured,https://i.postimg.cc/4djNchf2/2003-UMS-1000-patrol-boat-BG-25-capt-19-04-22.jpg,2023-08-15,7589,28100,2,380-7589281002
Ukraine,Ukraine,5 UMS-1000 patrol boat (Sea Guard),captured,https://i.postimg.cc/sfhswL6V/2500-bg22-capt.jpg,2023-08-17,7589,28101,2,380-7589281012
Ukraine,Turkey,51 BMC Kirpi,captured,https://i.postimg.cc/dVXybrmj/2023-BMC-Kirpi-capt-30-10-24.jpg,2024-11-11,7604,28127,2,380-7604281272
Ukraine,United States,52 M113,captured,https://i.postimg.cc/V65Kwk43/2001-m113-capt-14-08-23.jpg,2023-08-17,7613,28139,2,380-7613281392
Ukraine,Soviet Union,55 BRM-1(K) reconnaissance vehicle,captured,https://i.postimg.cc/2ysWCzDS/2015-BRM-1-K-reconnaissance-vehicle-capt-27-10-24.jpg,2024-11-14,7629,28168,2,380-7629281682
Ukraine,Soviet Union,55 BTR-80,captured,https://i.postimg.cc/XqT3ctMG/332.png,2022-08-08,7630,28170,2,380-7630281702
Ukraine,Soviet Union,55 BTR-80,captured,https://i.postimg.cc/bN7VppHS/d332.png,2022-08-08,7630,28171,2,380-7630281712
Ukraine,Soviet Union,55 BTR-80,captured,https://i.postimg.cc/HsvH2cmD/3322.png,2022-08-08,7630,28172,2,380-7630281722
Ukraine,Soviet Union,55 BTR-80,captured,https://i.postimg.cc/KvBwK1YD/18.png,2022-08-08,7630,28173,2,380-7630281732
Ukraine,Turkey,56 BMC Kirpi,captured,https://i.postimg.cc/8PfnxZC9/2100-BMC-Kirpi-capt-06-09-23.jpg,2024-11-23,7634,28182,2,380-7634281822
Ukraine,Ukraine,57 BTR-4,captured,https://i.postimg.cc/BvZW6Tsd/2002-btr4-capt.jpg,2022-10-24,7641,28195,2,380-7641281952
Ukraine,Ukraine,57 Unknown truck,captured,https://i.postimg.cc/c1Dj5KT3/3557.png,2022-10-18,7644,28201,2,380-7644282012
Ukraine,Ukraine,57 Unknown truck,captured,https://postlmg.cc/470fJLsW,2022-10-18,7644,28202,2,380-7644282022
Ukraine,Soviet Union,58 BRDM-2,captured,https://i.postimg.cc/HLz3dRwD/f455.png,2022-07-24,7646,28213,2,380-7646282132
Ukraine,Soviet Union,58 BRDM-2,captured,https://i.postimg.cc/Xq3SZTZj/d34.png,2022-07-24,7646,28214,2,380-7646282142
Ukraine,United States,59 M113,captured,https://i.postimg.cc/k43xyjsV/2004-113-APC-capt-13-10-23.jpg,2023-10-15,7655,28225,2,380-7655282252
Ukraine,Soviet Union,5N63-1 'Flap Lid' on 40V6M mast (for S-300PT),captured,https://i.postimg.cc/8kvsqvdC/d7.jpg,2022-03-30,7658,28227,2,380-7658282272
Ukraine,Soviet Union,5N66M 'Clam Shell' on 40V6M mast (for S-300PT),captured,https://i.postimg.cc/yd3VHh08/564.jpg,2022-03-30,7660,28242,2,380-7660282422
Ukraine,Soviet Union,5P85D (launcher for S-300PS),captured,https://i.postimg.cc/cJJR2T2B/58kj.png,2022-04-13,7663,28281,2,380-7663282812
Ukraine,Soviet Union,5P85S (launcher for S-300PS),captured,https://i.postimg.cc/1XTDTGhS/541.png,2022-03-30,7665,28300,2,380-7665283002
Ukraine,Poland,6 BWP-1,captured,https://i.postimg.cc/VLnB3cWJ/2015_BWP-1_capt_15_12_23.jpg,2024-04-08,7679,28330,2,380-7679283302
Ukraine,Ukraine,6 KrAZ Cougar,captured,https://i.postimg.cc/X7nY7k3H/2013-Kr-AZ-Cougar-capt-24-06-22.jpg,2024-05-09,7689,28340,2,380-7689283402
Ukraine,Ukraine,6 Mara-2M,captured,https://i.postimg.cc/FHXmR6vT/2022-Mara-2-M-UAV-capt-24-02-24.jpg,2024-02-29,7699,28355,2,380-7699283552
Ukraine,United Arab Emirates,6 Panthera T6,captured,https://i.postimg.cc/XJ5N6rsv/2001-Panthera-T6-capt-27-11-24.jpg,2024-12-03,7702,28359,2,380-7702283592
Ukraine,Latvia,6 Penguin C,captured,https://i.postimg.cc/jdh0D8sx/2000-Penguin-C-reconnaissance-UAV-capt-28-05-24.jpg,2024-06-11,7704,28362,2,380-7704283622
Ukraine,Ukraine,6 Project 50030 Kalkan-class patrol boat (Sea Guard),captured,https://i.postimg.cc/4xgdHCjh/2000-2x-Project-50030-Kalkan-class-patrol-boat-BG303-and-304-capt-14-03-22.jpg,2024-04-08,7706,28364,2,380-7706283642
Ukraine,Turkey,60 BMC Kirpi,captured,https://i.postimg.cc/QxpNg7SQ/2023-BMC-Kirpi-dam-capt-27-11-24.jpg,2024-12-09,7717,28380,2,380-7717283802
Ukraine,Turkey,60 BMC Kirpi,captured,https://i.postimg.cc/mgjbJGvh/2027-BMC-Kirpi-capt-02-12-24.jpg,2024-12-09,7717,28381,2,380-7717283812
Ukraine,Soviet Union,61 GAZ-66,captured,https://i.postimg.cc/nLBYtCrc/789.png,2022-11-30,7726,28393,2,380-7726283932
Ukraine,Turkey,62 BMC Kirpi,captured,https://i.postimg.cc/BZxkSmC3/2037-BMC-Kirpi-capt-19-12-24.jpg,2024-12-23,7732,28407,2,380-7732284072
Ukraine,Turkey,62 BMC Kirpi,captured,https://i.postimg.cc/dtwXLGWy/2039-BMC-Kirpi-dam-capt-20-12-24.jpg,2024-12-23,7732,28408,2,380-7732284082
Ukraine,Soviet Union,63 BMP-2(K),captured,https://i.postimg.cc/XYZyFvKP/460.png,2022-10-20,7737,28416,2,380-7737284162
Ukraine,Soviet Union,63 BMP-2(K),captured,https://twitter.com/UAWeapons/status/1582764978376876032,2022-10-20,7737,28417,2,380-7737284172
Ukraine,Soviet Union,63 BMP-2(K),captured,https://i.postimg.cc/5NZnXyDP/4360.png,2022-10-20,7737,28418,2,380-7737284182
Ukraine,Soviet Union,63 BMP-2(K),captured,https://i.postimg.cc/258DK0TL/5589.png,2022-10-20,7737,28419,2,380-7737284192
Ukraine,Soviet Union,64 BMP-2(K),captured,https://i.postimg.cc/cJ9X87wy/2001-bmp2-capt.jpg,2022-10-22,7744,28431,2,380-7744284312
Ukraine,Ukraine,64 BTR-4,captured,https://i.postimg.cc/3Jgm16jS/2089-BTR-4-E-capt-04-04-22.jpg,2022-12-05,7746,28435,2,380-7746284352
Ukraine,Ukraine,64 BTR-4,captured,https://i.postimg.cc/7YvSgDzJ/2090-BTR-4-E-capt-09-06-22.jpg,2022-12-05,7746,28436,2,380-7746284362
Ukraine,United States,65 M113,captured,https://i.postimg.cc/nckDBffQ/2004-m113-capt-20-11-23.jpg,2023-11-24,7754,28447,2,380-7754284472
Ukraine,Soviet Union,67 GAZ-66,captured,https://i.postimg.cc/Bbst1r4s/2025-GAZ66-capt-19-04-22.jpg,2023-01-10,7767,28468,2,380-7767284682
Ukraine,Soviet Union,7 2K22M Tunguska-M,captured,https://i.postimg.cc/sgb9tqR4/2013-2-K22-M-Tunguska-M-capt-15-09-24.jpg,2024-09-19,7789,28497,2,380-7789284972
Ukraine,Soviet Union,7 2K22M Tunguska-M,captured,https://i.postimg.cc/HkNsPNJR/2106-2-S6-M-combat-vehicle-for-2-K22-M-Tunguska-M-destr-05-10-24.jpg,2024-12-11,7789,28498,2,380-7789284982
Ukraine,Ukraine,7 A1-SM Fury reconnaissance UAV,captured,https://i.postimg.cc/zXLjKRdV/2001-A1-SM-Fury.jpg,2022-08-04,7790,28499,2,380-7790284992
Ukraine,United Kingdom,7 Husky Tactical Support Vehicle,captured,https://i.postimg.cc/0y45Dr4N/3329.png,2022-10-10,7803,28515,2,380-7803285152
Ukraine,United States,7 M1165 HMMWV,captured,https://i.postimg.cc/cJL5P1kS/2016-HMMWV-M1165-A1-capt-26-10-23.jpg,2023-10-28,7811,28524,2,380-7811285242
Ukraine,Soviet Union,7 MT-LB,captured,https://twitter.com/UAWeapons/status/1543548861653843968,2022-07-04,7814,28527,2,380-7814285272
Ukraine,Latvia,7 Penguin C,captured,https://i.postimg.cc/j2kRMzJC/2024-Penguin-C-reconnaissance-UAV-capt-14-09-24.jpg,2024-09-19,7822,28536,2,380-7822285362
Ukraine,Canada,7 Roshel Senator,captured,https://i.postimg.cc/BQCDYQbC/2005-Roshel-Senator-capt-09-08-23.jpg,2023-08-12,7823,28537,2,380-7823285372
Ukraine,Canada,7 Roshel Senator,captured,https://i.postimg.cc/NfWV0k5h/244.png,2023-09-03,7823,28538,2,380-7823285382
Ukraine,Ukraine,7 Tekever AR3,captured,https://i.postimg.cc/prmp978f/2006-Tekever-AR3-multipurpose-UAV-capt-30-07-24.jpg,2024-08-03,7825,28540,2,380-7825285402
Ukraine,Soviet Union,70 ZiL-131,captured,https://i.postimg.cc/c1tQ8kcJ/2117.jpg,2022-07-21,7835,28561,2,380-7835285612
Ukraine,Soviet Union,71 BMP-2(K),captured,https://i.postimg.cc/tRwkr0jD/2001-bmp2-capt.jpg,2022-11-22,7838,28564,2,380-7838285642
Ukraine,Soviet Union,71 BRDM-2,captured,https://i.postimg.cc/jCVYXKq1/2022-09-29-UA-BRDM-2-2.jpg,2022-10-10,7839,28567,2,380-7839285672
Ukraine,Soviet Union,76 BMP-2(K),captured,https://i.postimg.cc/t4jtHyCG/2084-BMP-2-K-capt-04-07-22.jpg,2022-12-05,7876,28640,2,380-7876286402
Ukraine,Ukraine,76 BTR-4,captured,https://i.postimg.cc/L8rPZ6CH/887u.png,2023-04-22,7877,28645,2,380-7877286452
Ukraine,Ukraine,76 Kozak-7,captured,https://i.postimg.cc/8cckBXKs/2026-Kozak-7-capt-02-12-24.jpg,2024-12-09,7879,28653,2,380-7879286532
Ukraine,Ukraine,77 BTR-4,captured,https://i.postimg.cc/rsJ5qHV1/332d.png,2023-04-21,7885,28665,2,380-7885286652
Ukraine,Soviet Union,77 ZiL-131,captured,https://i.postimg.cc/ZnkH3Gwm/4f.png,2022-11-03,7888,28670,2,380-7888286702
Ukraine,Ukraine,78 BTR-4,captured,https://i.postimg.cc/GhL7wn9g/2305-btr4-capt-19-08-22.png,2023-06-11,7891,28678,2,380-7891286782
Ukraine,Soviet Union,78 GAZ-66,captured,https://i.postimg.cc/ZR7JBb8k/2016-gaz66-capt-04-03-22.jpg,2023-05-12,7892,28680,2,380-7892286802
Ukraine,Soviet Union,79 BMP-2(K),captured,https://i.postimg.cc/tgFY4ctn/5g3.png,2022-12-23,7896,28689,2,380-7896286892
Ukraine,United States,79 M113,captured,https://i.postimg.cc/FHsByVbs/2009-M113-A3-capt-20-02-24.jpg,2024-02-23,7898,28694,2,380-7898286942
Ukraine,Soviet Union,8 100mm MT-12 anti-tank gun,captured,https://twitter.com/UAWeapons/status/1543548850559926272,2022-07-04,7899,27588,2,380-7899275882
Ukraine,United Kingdom,8 105mm L119 howitzer,captured,https://i.postimg.cc/85vfYrMj/2006-L119-light-gun-capt-12-03-25.jpg,2025-03-20,7900,28695,2,380-7900286952
Ukraine,United Kingdom,8 105mm L119 howitzer,captured,https://i.postimg.cc/JhvBKQyf/2129-L119-light-gun-capt-13-03-25.jpg,2025-03-20,7900,28696,2,380-7900286962
Ukraine,United Kingdom,8 AT105A Saxon,captured,https://twitter.com/UAWeapons/status/1545899359132389377,2022-07-12,7907,28703,2,380-7907287032
Ukraine,United Kingdom,8 FV432 Bulldog,captured,https://i.postimg.cc/LskDCGmw/2006-FV432-Bulldog-dam-capt-31-03-25.jpg,2025-05-12,7910,28707,2,380-7910287072
Ukraine,Ukraine,8 Kozak-2M1,captured,https://twitter.com/UAWeapons/status/1551672584361615371,2022-07-27,7913,28710,2,380-7913287102
Ukraine,Ukraine,8 UAT-D Gyurza,captured,https://i.postimg.cc/SKvyFRVh/2017-UAT-D-Gyurza-capt-17-01-25.jpg,2025-01-22,7930,28731,2,380-7930287312
Ukraine,Ukraine,81 Kozak-7,captured,https://i.postimg.cc/mg1QCTdj/2012-Kozak-7-capt-13-11-24.jpg,2024-12-16,7946,28761,2,380-7946287612
Ukraine,Soviet Union,82 BMP-1(P),captured,https://i.postimg.cc/vm1vTsst/2003-bmp-1.jpg,2022-08-04,7953,28773,2,380-7953287732
Ukraine,Ukraine,85 Kozak-7,captured,https://i.postimg.cc/nr6C8vsw/2000-Kozak-7-capt-01-01-25.jpg,2025-01-07,7978,28829,2,380-7978288292
Ukraine,Soviet Union,86 GAZ-66,captured,https://i.postimg.cc/Y98f1yCk/2029-GAZ-66-capt-28-07-22.jpg,2023-05-23,7986,28847,2,380-7986288472
Ukraine,Soviet Union,87 BMP-1(P),captured,https://i.postimg.cc/3wWC7D6Z/d33.png,2022-08-08,7994,28862,2,380-7994288622
Ukraine,Soviet Union,9 100mm MT-12 anti-tank gun,captured,https://twitter.com/UAWeapons/status/1561047885692780546,2022-08-21,5158,28893,2,380-5158288932
Ukraine,Ukraine,9 A1-SM Fury reconnaissance UAV,captured,https://i.postimg.cc/zvJ4w0Mp/2005-fury-uav-capt.jpg,2022-10-28,8019,28898,2,380-8019288982
Ukraine,United Kingdom,9 AT105A Saxon,captured,https://i.postimg.cc/B6JyC2gs/4f66.png,2022-07-24,8020,28899,2,380-8020288992
Ukraine,Ukraine,9 BTR-7,captured,https://i.postimg.cc/WbCRYs2v/48.png,2022-10-20,8023,28903,2,380-8023289032
Ukraine,Ukraine,9 BTR-7,captured,https://i.postimg.cc/XN9Q63cW/558.png,2022-10-20,8023,28904,2,380-8023289042
Ukraine,United States,9 HMMWV Ambulance,captured,https://i.postimg.cc/KzG3bJS5/2012-HMMWV-ambulance-capt-02-06-22.jpg,2023-01-21,8029,28914,2,380-8029289142
Ukraine,United States,9 M1132 Stryker Engineering Squad Vehicle,captured,https://i.postimg.cc/rp36TXMX/2100-M1132-Stryker-engineer-squad-vehicle-capt-destr-25-09-24.jpg,2024-12-11,8033,28920,2,380-8033289202
Ukraine,United States,9 M113A3 armored personnel carrier,captured,https://twitter.com/UAWeapons/status/1581002280522121216,2022-10-16,8034,28922,2,380-8034289222
Ukraine,Ukraine,9 Mara-2M,captured,https://i.postimg.cc/PrDhQZLk/2013-Mara-2-M-reconnaissance-UAV-capt-02-07-24.jpg,2024-07-06,8039,28927,2,380-8039289272
Ukraine,Poland,9 Oncilla,captured,https://i.postimg.cc/266Ph1d1/2005-Oncilla-capt-15-04-25.jpg,2025-05-12,8041,28930,2,380-8041289302
Ukraine,Soviet Union,92 BTR-80,captured,https://i.postimg.cc/HLpmvTQV/2017-btr80-capt-30-01-23.jpg,2023-02-05,5269,28980,2,380-5269289802
Ukraine,Ukraine,92 T-64BV Zr. 2017,captured,https://i.postimg.cc/s29Rj8Zq/2000-t64bv2017-capt-17-02-24.jpg,2024-02-21,8075,28989,2,380-8075289892
Ukraine,Soviet Union,93 GAZ-66,captured,https://i.postimg.cc/MT3cJ0K8/2013-GAZ-66-capt-13-06-22.jpg,2023-06-19,8080,28997,2,380-8080289972
Ukraine,Ukraine,94 Leleka-100,captured,https://i.postimg.cc/NGNzWk4j/2006-Leleka-100-reconnaissance-UAV-capt-24-07-24.jpg,2024-07-30,8089,29017,2,380-8089290172
Ukraine,United States,94 M113,captured,https://i.postimg.cc/fbgMBp7r/2008-m113-capt-04-03-24.jpg,2024-04-08,8090,29030,2,380-8090290302
Ukraine,United States,94 M113,captured,https://i.postimg.cc/sg1KNH0p/2017-M113-A3-capt-26-03-24.jpg,2024-04-08,8090,29031,2,380-8090290312
Ukraine,Soviet Union,94 ZiL-131,captured,https://i.postimg.cc/x1HHQSgC/1301.png,2023-01-30,8092,29035,2,380-8092290352
Ukraine,Soviet Union,96 BTR-80,captured,https://i.postimg.cc/rsbFgL7w/2016-btr80-capt-21-05-22.jpg,2023-05-02,8106,29062,2,380-8106290622
Ukraine,Turkey,97 BMC Kirpi,captured,https://i.postimg.cc/Twc598Rd/2025-BMC-Kirpi-capt-14-07-25.jpg,2025-08-14,8116,29077,2,380-8116290772
Ukraine,Soviet Union,97 BMP-2(K),captured,https://i.postimg.cc/4dwG04n0/2007-bmp2-capt-23-04-22.jpg,2023-01-30,8117,29081,2,380-8117290812
Ukraine,Soviet Union,97 BMP-2(K),captured,https://i.postimg.cc/NGJY7039/2009-bmp2-capt-30-04-22.jpg,2023-01-30,8117,29082,2,380-8117290822
Ukraine,Soviet Union,97 BMP-2(K),captured,https://i.postimg.cc/PrCH6jH6/2014-bmp2-capt-20-07-22.jpg,2023-01-30,8117,29083,2,380-8117290832
Ukraine,Soviet Union,97 BMP-2(K),captured,https://i.postimg.cc/PJRjt6Wz/2015-bmp2-capt-08-07-22.jpg,2023-01-30,8117,29084,2,380-8117290842
Ukraine,Ukraine,97 Leleka-100,captured,https://i.postimg.cc/sxfK6sys/2028-Leleka-100-reconnaissance-UAV-capt-06-09-24.jpg,2024-09-09,8120,29090,2,380-8120290902
Ukraine,Ukraine,98 Kozak-7,captured,https://i.postimg.cc/5y82T7Z5/2020-Kozak-7-capt-22-12-24.jpg,2025-02-11,8129,29102,2,380-8129291022
Ukraine,United States,98 M113,captured,https://i.postimg.cc/sD3jNNt3/2100-M113-A3-capt-10-04-24.jpg,2024-04-21,8131,29105,2,380-8131291052
Ukraine,Soviet Union,99 BMP-2(K),captured,https://i.postimg.cc/VN0nrrkm/2000-mtlb-and-bmp2-capt-05-02-23.jpg,2023-02-12,8135,29114,2,380-8135291142
Ukraine,Soviet Union,9A310M1 TELAR (for Buk-M1),captured,https://i.postimg.cc/9fjq8cLK/2014-9-A310-M1-TELAR-for-Buk-M1-capt-31-08-22.jpg,2023-01-21,8142,29127,2,380-8142291272
Ukraine,Soviet Union,9K310 Igla-1,captured,https://postlmg.cc/PNLkmdpw,2022-03-19,8144,29147,2,380-8144291472
Ukraine,Soviet Union,9K310 Igla-1,captured,https://i.postimg.cc/4xhpF2Yg/5549.png,2022-03-19,8144,29148,2,380-8144291482
Ukraine,Soviet Union,9K310 Igla-1,captured,https://i.postimg.cc/WbYS8JPd/2gh.png,2022-03-19,8144,29149,2,380-8144291492
Ukraine,Soviet Union,9K310 Igla-1,captured,https://i.postimg.cc/MKdRbP30/f24.png,2022-03-19,8144,29150,2,380-8144291502
Ukraine,Soviet Union,9K310 Igla-1,captured,https://i.postimg.cc/d15B65Cj/7o.png,2022-03-19,8144,29151,2,380-8144291512
Ukraine,Soviet Union,9K33 Osa,captured,https://i.postimg.cc/D0wbscB4/y8.png,2022-03-26,5457,29160,2,380-5457291602
Ukraine,Soviet Union,9K33 Osa,captured,https://i.postimg.cc/RhV6nh8X/Screenshot-8150.png,2022-03-26,5457,29161,2,380-5457291612
Ukraine,Soviet Union,9K33 Osa,captured,https://i.postimg.cc/FsVhfCLV/245.png,2022-03-26,5457,29162,2,380-5457291622
Ukraine,Soviet Union,9K33 Osa,captured,https://i.postimg.cc/NGNHx88q/f23.png,2022-10-17,5457,29168,2,380-5457291682
Ukraine,Soviet Union,9K35 Strela-10,captured,https://postimg.cc/SYK0f1pm,2022-03-26,5459,29182,2,380-5459291822
Ukraine,Soviet Union,9K38 Igla,captured,https://i.postimg.cc/4xhpF2Yg/5549.png,2022-03-19,5460,29148,2,380-5460291482
Ukraine,Soviet Union,9K38 Igla,captured,https://i.postimg.cc/DZQBPj2h/fs.png,2022-03-19,5460,29214,2,380-5460292142
Ukraine,Soviet Union,9K38 Igla,captured,https://i.postimg.cc/d15B65Cj/7o.png,2022-03-19,5460,29151,2,380-5460291512
Ukraine,Soviet Union,9M111 Fagot,captured,https://i.postimg.cc/SKTK2DpT/164.png,2022-03-19,5461,29215,2,380-5461292152
Ukraine,Soviet Union,9M111 Fagot,captured,https://i.postimg.cc/HWbWMccm/36.png,2022-03-19,5461,29216,2,380-5461292162
Ukraine,Soviet Union,9M113 Konkurs,captured,https://postimg.cc/xqXcSYBj,2022-03-19,5462,29217,2,380-5462292172
Ukraine,Soviet Union,9M113 Konkurs,captured,https://i.postimg.cc/QCLh1zYb/457.png,2022-03-19,5462,29218,2,380-5462292182
Ukraine,Soviet Union,9P148 Konkurs ATGM carrier,captured,https://i.postimg.cc/7PV70ZVz/4366.png,2022-03-19,8145,29222,2,380-8145292222
Ukraine,Soviet Union,9P148 Konkurs ATGM carrier,captured,https://i.postimg.cc/Bbpc3Gnt/466.png,2022-04-13,8145,29224,2,380-8145292242
Ukraine,Soviet Union,9P148 Konkurs ATGM carrier,captured,https://i.postimg.cc/6ppy8PZM/975.png,2022-05-13,8145,29225,2,380-8145292252
Ukraine,Soviet Union,9P148 Konkurs ATGM carrier,captured,https://i.postimg.cc/pLQFR0zy/2113.jpg,2022-07-21,8145,29226,2,380-8145292262
Ukraine,Soviet Union,9P148 Konkurs ATGM carrier,captured,https://i.postimg.cc/j5YxjC3n/55418.png,2022-10-09,8145,29230,2,380-8145292302
Ukraine,Soviet Union,9P148 Konkurs ATGM carrier,captured,https://i.postimg.cc/ZKQvGrqk/463.png,2022-10-17,8145,29231,2,380-8145292312
Ukraine,Soviet Union,9P148 Konkurs ATGM carrier,captured,https://i.postimg.cc/fRVsPr2s/s13.png,2022-10-17,8145,29232,2,380-8145292322
Ukraine,Soviet Union,9P148 Konkurs ATGM carrier,captured,https://i.postimg.cc/rpt8C6xz/2125-9-P148-Konkurs-capt-14-03-22.jpg,2022-12-05,8145,29233,2,380-8145292332
Ukraine,Soviet Union,9P148 Konkurs ATGM carrier,captured,https://i.postimg.cc/50hp0nTH/3g.png,2023-04-18,8145,29234,2,380-8145292342
Ukraine,Soviet Union,9P149 Shturm-S ATGM carrier,captured,https://i.postimg.cc/DZ9hwS9W/49.png,2022-05-01,5467,29235,2,380-5467292352
Ukraine,Soviet Union,9P149 Shturm-S ATGM carrier,captured,https://i.postimg.cc/Ls6srs8R/680.png,2022-05-21,5467,29236,2,380-5467292362
Ukraine,Ukraine,A1-SM Fury,captured,https://i.postimg.cc/Kc9zf0HQ/4376.png,2022-11-16,8146,29245,2,380-8146292452
Ukraine,Ukraine,A1-SM Fury,captured,https://i.postimg.cc/QdQQwy4B/2001-A1-SM-Fury-UAV-capt.jpg,2022-11-28,8146,29246,2,380-8146292462
Ukraine,Ukraine,A1-SM Fury,captured,https://i.postimg.cc/TY7bG6hy/2001-A1-SM-Fury-capt.jpg,2022-12-13,8146,29247,2,380-8146292472
Ukraine,Ukraine,A1-SM Fury,captured,https://i.postimg.cc/Ss0Jw2np/2001-fury-uav-capt-05-01-23.jpg,2023-01-06,8146,29248,2,380-8146292482
Ukraine,Ukraine,A1-SM Fury,captured,https://i.postimg.cc/vTZ3nBwT/1002-Furia-capt-12-01-2023.png,2023-01-22,8146,29252,2,380-8146292522
Ukraine,Ukraine,A1-SM Fury,captured,https://i.postimg.cc/XqNxtDsK/2006-A1-SM-Fury-capt-31-01-23.jpg,2023-02-05,8146,29253,2,380-8146292532
Ukraine,Ukraine,A1-SM Fury,captured,https://i.postimg.cc/9X1LyCfL/2011-A1-SM-Fury-capt-30-01-23.jpg,2023-02-05,8146,29254,2,380-8146292542
Ukraine,Ukraine,A1-SM Fury,captured,https://i.postimg.cc/Nf4sWv8D/2002-A1-SM-Fury-UAV-capt-18-02-23.jpg,2023-02-21,8146,29255,2,380-8146292552
Ukraine,Ukraine,A1-SM Fury,captured,https://i.postimg.cc/GtSbKKxW/4.png,2023-04-08,8146,29260,2,380-8146292602
Ukraine,Ukraine,A1-SM Fury,captured,https://i.postimg.cc/yNbhhd96/33d.png,2023-06-23,8146,29267,2,380-8146292672
Ukraine,Ukraine,A1-SM Fury,captured,https://i.postimg.cc/tCBbhqJg/2026-A1-SM-Furia-capt-29-06-23.jpg,2023-07-01,8146,29268,2,380-8146292682
Ukraine,Ukraine,A1-SM Fury,captured,https://i.postimg.cc/ydS4F4mS/79.png,2023-07-04,8146,29271,2,380-8146292712
Ukraine,Ukraine,A1-SM Fury,captured,https://i.postimg.cc/Bn5LWyXw/478.png,2023-07-14,8146,29272,2,380-8146292722
Ukraine,Ukraine,A1-SM Fury,captured,https://i.postimg.cc/YqHtw7hF/2014-A1-SM-Fury-capt-14-08-23.jpg,2023-08-15,8146,29274,2,380-8146292742
Ukraine,Ukraine,A1-SM Fury,captured,https://i.postimg.cc/V6yCBPZm/54.png,2023-09-05,8146,29280,2,380-8146292802
Ukraine,Ukraine,A1-SM Fury,captured,https://i.postimg.cc/mZMJ8dK2/3770.png,2023-09-07,8146,29281,2,380-8146292812
Ukraine,Ukraine,A1-SM Fury,captured,https://i.postimg.cc/HxWKZgjB/27.png,2023-09-15,8146,29283,2,380-8146292832
Ukraine,Ukraine,A1-SM Fury,captured,https://i.postimg.cc/LsZtLdtK/2007-fury-uav-capt-06-10-23.jpg,2023-10-15,8146,29289,2,380-8146292892
Ukraine,Ukraine,A1-SM Fury,captured,https://i.postimg.cc/25ZcwfRr/2012-fury-uav-capt-30-09-23.jpg,2023-10-28,8146,29292,2,380-8146292922
Ukraine,Ukraine,A1-SM Fury,captured,https://i.postimg.cc/Y9BXDyMg/2015-fury-uav-capt-23-06-22.jpg,2023-10-28,8146,29293,2,380-8146292932
Ukraine,Ukraine,A1-SM Fury,captured,https://i.postimg.cc/VNrNKYyX/2011-fury-uav-capr-02-11-23.jpg,2023-11-06,8146,29294,2,380-8146292942
Ukraine,Ukraine,A1-SM Fury,captured,https://i.postimg.cc/8ktxHHDg/2020-fury-uav-capt-16-11-23.jpg,2023-11-27,8146,29295,2,380-8146292952
Ukraine,Ukraine,A1-SM Fury,captured,https://i.postimg.cc/Z5CfjxQw/2020-A1-SM-Fury-capt-17-11-23.jpg,2023-12-16,8146,29297,2,380-8146292972
Ukraine,Ukraine,A1-SM Fury,captured,https://i.postimg.cc/fLmhfb5F/2025-fury-uav-capt-07-12-23.jpg,2024-01-09,8146,29302,2,380-8146293022
Ukraine,Ukraine,A1-SM Fury,captured,https://i.postimg.cc/yN5ZDW4H/2007-fury-uav-capt-14-12-23.jpg,2024-01-09,8146,29303,2,380-8146293032
Ukraine,Ukraine,A1-SM Fury,captured,https://i.postimg.cc/bJPsJWn7/2003-A1-SM-Furia-uav-capt-08-01-24.jpg,2024-01-10,8146,29304,2,380-8146293042
Ukraine,Ukraine,A1-SM Fury,captured,https://i.postimg.cc/g2BsBD0S/2012-A1-SM-Fury-reconnaissance-UAV-capt-23-01-24.jpg,2024-02-09,8146,29306,2,380-8146293062
Ukraine,Ukraine,A1-SM Fury,captured,https://i.postimg.cc/rpNCGL4g/2000-A1-SM-Fury-UAV-capt-06-02-24.jpg,2024-02-12,8146,29307,2,380-8146293072
Ukraine,Ukraine,A1-SM Fury,captured,https://i.postimg.cc/9F2j76Rm/2007-A1-SM-Fury-capt-23-02-24.jpg,2024-02-26,8146,29310,2,380-8146293102
Ukraine,Ukraine,A1-SM Fury,captured,https://i.postimg.cc/sDJC9T7p/2012-A1-SM-Fury-capt-16-02-24.jpg,2024-02-26,8146,29311,2,380-8146293112
Ukraine,Ukraine,A1-SM Fury,captured,https://i.postimg.cc/x1TDsL3B/2013-A1-SM-Fury-capt-20-02-24.jpg,2024-02-26,8146,29312,2,380-8146293122
Ukraine,Ukraine,A1-SM Fury,captured,https://i.postimg.cc/269rS8jW/2025-A1-SM-Furiia-reconnaissance-UAV-capt-30-09-23.jpg,2024-02-29,8146,29313,2,380-8146293132
Ukraine,Ukraine,A1-SM Fury,captured,https://i.postimg.cc/rFrMqkBd/2026-A1-SM-Furiia-reconnaissance-UAV-capt-13-10-23.jpg,2024-02-29,8146,29314,2,380-8146293142
Ukraine,Ukraine,A1-SM Fury,captured,https://i.postimg.cc/x1GQbPTn/2027-A1-SM-Furiia-reconnaissance-UAV-capt-14-07-23.jpg,2024-02-29,8146,29315,2,380-8146293152
Ukraine,Ukraine,A1-SM Fury,captured,https://i.postimg.cc/qvWzf37p/2010-A1-SM-Furiia-reconnaissance-UAV-capt-22-09-23.jpg,2024-03-02,8146,29316,2,380-8146293162
Ukraine,Ukraine,A1-SM Fury,captured,https://i.postimg.cc/Z5RfNB79/2020-fury-uav-capt-07-08-23.jpg,2024-04-08,8146,29321,2,380-8146293212
Ukraine,Ukraine,A1-SM Fury,captured,https://i.postimg.cc/yYFYsfBD/2000-fury-auv-capt-27-02-24.jpg,2024-04-08,8146,29322,2,380-8146293222
Ukraine,Ukraine,A1-SM Fury,captured,https://i.postimg.cc/ncLQpNj8/2017-A1-SM-Furiia-reconnaissance-UAV-capt-12-04-24.jpg,2024-04-21,8146,29324,2,380-8146293242
Ukraine,Ukraine,A1-SM Fury,captured,https://i.postimg.cc/nztDxz7T/2015-A1-SM-Furiia-reconnaissance-UAV-capt-16-04-24.jpg,2024-04-21,8146,29325,2,380-8146293252
Ukraine,Ukraine,A1-SM Fury,captured,https://i.postimg.cc/G2Y9J9Cp/2013-fury-uav-capt-24-04-24.jpg,2024-04-27,8146,29326,2,380-8146293262
Ukraine,Ukraine,A1-SM Fury,captured,https://i.postimg.cc/sgPjCXg6/2026-A1-SM-Furiia-UAV-capt-17-07-23.jpg,2024-05-12,8146,29328,2,380-8146293282
Ukraine,Ukraine,A1-SM Fury,captured,https://i.postimg.cc/jSRYsTxy/2008-fury-uav-capt-10-01-24.jpg,2024-05-15,8146,29329,2,380-8146293292
Ukraine,Ukraine,A1-SM Fury,captured,https://i.postimg.cc/9XPrW9HG/2030-fury-uav-capt-05-03-24.jpg,2024-05-18,8146,29330,2,380-8146293302
Ukraine,Ukraine,A1-SM Fury,captured,https://i.postimg.cc/Dzt6kGZg/2004-A1-SM-Furiia-reconnaissance-UAV-capt-31-05-24.jpg,2024-06-16,8146,29333,2,380-8146293332
Ukraine,Ukraine,A1-SM Fury,captured,https://i.postimg.cc/cH8xKkN4/2001-A1-SM-Furiia-reconnaissance-UAV-capt-16-06-24.jpg,2024-06-20,8146,29335,2,380-8146293352
Ukraine,Ukraine,A1-SM Fury,captured,https://i.postimg.cc/5yhJM9RG/2005-A1-SM-Furiia-reconnaissance-UAV-capt-26-06-24.jpg,2024-07-06,8146,29336,2,380-8146293362
Ukraine,Ukraine,A1-SM Fury,captured,https://i.postimg.cc/zG6ChMdg/2005-A1-SM-Furiia-reconnaissance-UAV-capt-03-07-24.jpg,2024-07-09,8146,29337,2,380-8146293372
Ukraine,Ukraine,A1-SM Fury,captured,https://i.postimg.cc/9fHQmTfS/2010-A1-SM-Furiia-reconnaissance-UAV-capt-10-07-24.jpg,2024-07-15,8146,29338,2,380-8146293382
Ukraine,Ukraine,A1-SM Fury,captured,https://i.postimg.cc/1RWt6LJT/2006-A1-SM-Furiia-reconnaissance-UAV-capt-22-07-24.jpg,2024-07-27,8146,29340,2,380-8146293402
Ukraine,Ukraine,A1-SM Fury,captured,https://i.postimg.cc/65GWhTds/2016-A1-SM-Furiia-reconnaissance-UAV-capt-05-08-24.jpg,2024-08-15,8146,29341,2,380-8146293412
Ukraine,Ukraine,A1-SM Fury,captured,https://i.postimg.cc/26GkZpkQ/2023-A1-SM-Furiia-reconnaissance-UAV-capt-14-09-24.jpg,2024-09-19,8146,29345,2,380-8146293452
Ukraine,Ukraine,A1-SM Fury,captured,https://i.postimg.cc/sxv6Ncw4/2019-A1-SM-Furiia-reconnaissance-UAV-capt-20-09-24.jpg,2024-09-26,8146,29346,2,380-8146293462
Ukraine,Ukraine,A1-SM Fury,captured,https://i.postimg.cc/NFWNRJrR/2025-A1-SM-Furiia-reconnaissance-UAV-capr-04-10-24.jpg,2024-10-22,8146,29347,2,380-8146293472
Ukraine,Ukraine,A1-SM Fury,captured,https://i.postimg.cc/dVcH1fFY/2027-A1-SM-Furiia-reconnaissance-UAV-capt-02-10-24.jpg,2024-10-22,8146,29348,2,380-8146293482
Ukraine,Ukraine,A1-SM Fury,captured,https://i.postimg.cc/tRKFV6mc/2021-A1-SM-Furiia-reconnaissance-UAV-capt-24-09-24.jpg,2024-11-11,8146,29353,2,380-8146293532
Ukraine,Ukraine,A1-SM Fury,captured,https://i.postimg.cc/jjv4DCGK/2031-A1-SM-Furiia-reconnaissance-UAV-capt-08-11-24.jpg,2024-12-09,8146,29356,2,380-8146293562
Ukraine,Ukraine,A1-SM Fury,captured,https://i.postimg.cc/hGYdTL5y/2011-A1-SM-Furiia-reconnaissance-UAV-capt-23-06-24.jpg,2024-12-19,8146,29357,2,380-8146293572
Ukraine,Ukraine,A1-SM Fury,captured,https://i.postimg.cc/4y67DrNq/2012-A1-SM-Furiia-reconnaissance-UAV-capt-12-11-24.jpg,2024-12-19,8146,29358,2,380-8146293582
Ukraine,Ukraine,A1-SM Fury,captured,https://i.postimg.cc/4xYZx73W/2006-A1-SM-Furiia-reconnaissance-UAV-capt-13-12-24.jpg,2025-01-07,8146,29360,2,380-8146293602
Ukraine,Ukraine,A1-SM Fury,captured,https://i.postimg.cc/Rh4MhrKk/2029-A1-SM-Furiia-reconnaissance-UAV-capt-07-01-25.jpg,2025-01-10,8146,29362,2,380-8146293622
Ukraine,Ukraine,A1-SM Fury,captured,https://i.postimg.cc/mZn3stKt/2036-A1-SM-Furiia-reconnaissance-UAV-capt-03-02-25.jpg,2025-02-11,8146,29363,2,380-8146293632
Ukraine,Ukraine,A1-SM Fury,captured,https://i.postimg.cc/s2Jgp8Sg/2044-A1-SM-Furiia-reconnaissance-UAV-capt-27-12-24.jpg,2025-02-12,8146,29366,2,380-8146293662
Ukraine,Ukraine,A1-SM Fury,captured,https://i.postimg.cc/fy3wxS17/2000-A1-SM-Furiia-reconnaissance-UAV-capt-21-09-24.jpg,2025-02-18,8146,29367,2,380-8146293672
Ukraine,Ukraine,A1-SM Fury,captured,https://i.postimg.cc/4yg7qkYn/2006-A1-SM-Furiia-reconnaissance-UAV-capt-20-02-25.jpg,2025-02-23,8146,29369,2,380-8146293692
Ukraine,Ukraine,A1-SM Fury,captured,https://i.postimg.cc/VL0Mrpdj/2015-A1-SM-Furiia-reconnaissance-UAV-capt-06-12-24.jpg,2025-03-20,8146,29371,2,380-8146293712
Ukraine,Ukraine,A1-SM Fury,captured,https://i.postimg.cc/bJFGX8Jb/2015-A1-SM-Furiia-reconnaissance-UAV-capt-13-02-25.jpg,2025-04-19,8146,29372,2,380-8146293722
Ukraine,Ukraine,A1-SM Fury,captured,https://i.postimg.cc/mZ3FCfkk/2012-A1-SM-Furiia-reconnaissance-UAV-capt-28-04-25.jpg,2025-05-12,8146,29373,2,380-8146293732
Ukraine,Ukraine,A1-SM Fury,captured,https://i.postimg.cc/XJNPDQfD/2017-A1-SM-Furiia-reconnaissance-UAV-capt-24-03-25.jpg,2025-06-01,8146,29374,2,380-8146293742
Ukraine,Ukraine,A1-SM Fury,captured,https://i.postimg.cc/TwXrr6sz/2001-A1-SM-Furiia-reconnaissance-UAV-capt-07-06-25.jpg,2025-06-27,8146,29375,2,380-8146293752
Ukraine,Ukraine,A1-SM Fury,captured,https://i.postimg.cc/MTb15L2v/2002-A1-SM-Furiia-reconnaissance-UAV-capt-12-04-25.jpg,2025-06-27,8146,29376,2,380-8146293762
Ukraine,Ukraine,A1-SM Fury,captured,https://i.postimg.cc/rFTrr8SR/2026-A1-SM-Furiia-reconnaissance-UAV-capt-11-05-25.jpg,2025-07-19,8146,29377,2,380-8146293772
Ukraine,Ukraine,A1-SM Fury reconnaissance UAV,captured,https://i.postimg.cc/wj96QDhY/317.png,2022-05-08,8147,29380,2,380-8147293802
Ukraine,Ukraine,A1-SM Fury reconnaissance UAV,captured,https://i.postimg.cc/NFtSQZQN/3d5.png,2022-05-31,8147,29382,2,380-8147293822
Ukraine,France,AMX-10 RC(R),captured,https://twitter.com/UAWeapons/status/1684659411082530816,2023-07-31,8148,29387,2,380-8148293872
Ukraine,Poland,AMZ Dzik-2,captured,https://i.postimg.cc/xdMrgvrq/2004-Dzik-dam-capt-23-05-23.jpg,2023-05-24,8149,29390,2,380-8149293902
Ukraine,United States,AN/TPQ-49 lightweight counter mortar antenna,captured,https://i.postimg.cc/fRgwnrkP/d6.png,2022-03-19,8153,29403,2,380-8153294032
Ukraine,United States,AN/TPQ-49 lightweight counter mortar radar,captured,https://i.postimg.cc/fRgwnrkP/d6.png,2022-03-26,8154,29403,2,380-8154294032
Ukraine,Ukraine,ASU-1 Valkyrja,captured,https://i.postimg.cc/Kzj3f087/5546.png,2022-11-16,8156,29408,2,380-8156294082
Ukraine,Ukraine,ASU-1 Valkyrja,captured,https://i.postimg.cc/DzhrkDNc/2000-ASU-1-Valkyrja-UAV-capt-22-08-22.jpg,2023-01-22,8156,29410,2,380-8156294102
Ukraine,Ukraine,ASU-1 Valkyrja,captured,https://i.postimg.cc/HWX759J4/9l.png,2023-04-17,8156,29417,2,380-8156294172
Ukraine,Ukraine,ASU-1 Valkyrja,captured,https://i.postimg.cc/QtTrTCZ0/2f.png,2023-09-20,8156,29433,2,380-8156294332
Ukraine,Ukraine,ASU-1 Valkyrja,captured,https://i.postimg.cc/1zZ3Cgz4/327.png,2023-09-23,8156,29434,2,380-8156294342
Ukraine,Ukraine,ASU-1 Valkyrja,captured,https://i.postimg.cc/8kFczgDS/4311.png,2023-09-26,8156,29436,2,380-8156294362
Ukraine,Ukraine,ASU-1 Valkyrja,captured,https://i.postimg.cc/hGhm7rtN/2005-ASU-1-Valkiria-capt-27-03-24.jpg,2024-04-08,8156,29451,2,380-8156294512
Ukraine,Ukraine,ASU-1 Valkyrja,captured,https://i.postimg.cc/NF4M06gY/2004-ASU-1-Valkiria-reconnaissance-UAV-capt-10-06-24.jpg,2024-06-15,8156,29454,2,380-8156294542
Ukraine,Ukraine,ASU-1 Valkyrja,captured,https://i.postimg.cc/mkrb3dk0/2022-ASU-1-Valkiria-reconnaissance-UAV-capt-14-09-24.jpg,2024-09-19,8156,29462,2,380-8156294622
Ukraine,United Kingdom,AT105A 'Saxon',captured,https://i.postimg.cc/Y98MS8hs/344.png,2022-03-19,8157,29463,2,380-8157294632
Ukraine,United Kingdom,AT105A 'Saxon',captured,https://i.postimg.cc/2STcBhGt/368.png,2022-03-26,8157,29464,2,380-8157294642
Ukraine,United Kingdom,AT105A 'Saxon',captured,https://i.postimg.cc/D0SW3Ftv/575.png,2022-04-09,8157,29465,2,380-8157294652
Ukraine,United Kingdom,AT105A 'Saxon',captured,https://i.postimg.cc/PqVrX1Xh/467.png,2022-04-09,8157,29466,2,380-8157294662
Ukraine,United Kingdom,AT105A 'Saxon',captured,https://i.postimg.cc/pLx47HSV/2s.jpg,2022-04-23,8157,29467,2,380-8157294672
Ukraine,United Kingdom,AT105A 'Saxon',captured,https://i.postimg.cc/mDzV6XNy/4f.png,2022-04-23,8157,29468,2,380-8157294682
Ukraine,United Kingdom,AT105A Saxon,captured,https://i.postimg.cc/YCnc6ThL/43347.png,2022-05-29,8158,29469,2,380-8158294692
Ukraine,United Kingdom,AT105A Saxon,captured,https://i.postimg.cc/tTLQ9j7F/77690.png,2022-06-26,8158,29470,2,380-8158294702
Ukraine,United States,AeroVironment RQ-20 Puma,captured,https://twitter.com/UAWeapons/status/1639337940907065345,2023-03-26,8160,29485,2,380-8160294852
Ukraine,United States,AeroVironment RQ-20 Puma,captured,https://i.postimg.cc/5tRpYK4b/2014-RQ-20-Puma-LE-capt-08-07-23.jpg,2023-07-14,8160,29489,2,380-8160294892
Ukraine,United States,AeroVironment RQ-20 Puma,captured,https://i.postimg.cc/y8GDZ84s/554g0.png,2023-08-30,8160,29491,2,380-8160294912
Ukraine,United States,AeroVironment RQ-20 Puma,captured,https://i.postimg.cc/bYWBw9Bx/659.png,2023-09-03,8160,29492,2,380-8160294922
Ukraine,United States,AeroVironment RQ-20 Puma,captured,https://postimg.cc/0zVjWqSp,2023-09-13,8160,29493,2,380-8160294932
Ukraine,United States,AeroVironment RQ-20 Puma,captured,https://postimg.cc/mPkBr1cH,2023-09-13,8160,29494,2,380-8160294942
Ukraine,United States,AeroVironment RQ-20 Puma,captured,https://i.postimg.cc/RhpkjYQX/38.png,2023-09-23,8160,29495,2,380-8160294952
Ukraine,United States,AeroVironment RQ-20 Puma,captured,https://i.postimg.cc/7hN8jQFn/2024-rq20-puma-capt-04-09-23.jpg,2024-01-09,8160,29500,2,380-8160295002
Ukraine,United States,AeroVironment RQ-20 Puma,captured,https://i.postimg.cc/B6Kf73kh/2006-rq20-puma-uav-capt-10-01-24.jpg,2024-01-19,8160,29501,2,380-8160295012
Ukraine,United States,AeroVironment RQ-20 Puma,captured,https://i.postimg.cc/zGtLq97q/2015-RQ-20-Puma-capt-04-04-24.jpg,2024-04-27,8160,29505,2,380-8160295052
Ukraine,United States,AeroVironment RQ-20 Puma,captured,https://i.postimg.cc/3w7wSmR3/2062-Aero-Vironment-RQ-20-Puma-reconnaissance-UAV-capt-12-04-24.jpg,2025-01-31,8160,29510,2,380-8160295102
Ukraine,United Kingdom,Alvis 4 'Mamba',captured,https://i.postimg.cc/gjNr6VZZ/6h.png,2022-08-08,8162,29513,2,380-8162295132
Ukraine,Ukraine,Armoured KrAZ-6322,captured,https://postimg.cc/ZW6sBKXz,2022-10-18,8165,29523,2,380-8165295232
Ukraine,Ukraine,Armoured KrAZ-6322,captured,https://postimg.cc/9zx6C0Hx,2022-10-18,8165,29524,2,380-8165295242
Ukraine,Germany,Armoured Volkswagen Amarok pickup truck,captured,https://i.postimg.cc/tgB7S9GQ/65.png,2022-05-15,8166,29525,2,380-8166295252
Ukraine,Soviet Union,BAT-2 heavy engineering vehicle,captured,https://i.postimg.cc/2yj5tTbn/bl.png,2022-03-19,5484,29526,2,380-5484295262
Ukraine,Soviet Union,BAT-2 heavy engineering vehicle,captured,https://postimg.cc/Vdx76RbG,2022-10-18,5484,29527,2,380-5484295272
Ukraine,Soviet Union,BAT-2 heavy engineering vehicle,captured,https://i.postimg.cc/6Q7pKjZX/f3.png,2022-12-21,5484,29528,2,380-5484295282
Ukraine,Turkey,BMC Kirpi,captured,https://twitter.com/UAWeapons/status/1577616945486221313,2022-10-06,8168,29536,2,380-8168295362
Ukraine,Turkey,BMC Kirpi,captured,https://i.postimg.cc/Kj4g44Xr/3327.png,2022-11-07,8168,29539,2,380-8168295392
Ukraine,Turkey,BMC Kirpi,captured,https://i.postimg.cc/qMCfMNkP/2024-BMC-Kirpi-dam-capt-02-02-23.png,2023-02-05,8168,29541,2,380-8168295412
Ukraine,Soviet Union,BMD-2,captured,https://i.postimg.cc/gkLq4R0v/86.png,2022-04-04,5486,29562,2,380-5486295622
Ukraine,Soviet Union,BMD-2,captured,https://i.postimg.cc/HsmnXQ3K/gg3.jpg,2022-05-14,5486,29563,2,380-5486295632
Ukraine,Soviet Union,BMD-2,captured,https://i.postimg.cc/Wbh0Nsh0/5899.png,2022-05-24,5486,29564,2,380-5486295642
Ukraine,Soviet Union,BMD-2,captured,https://i.postimg.cc/bvMh8H5n/c6.png,2022-10-17,5486,29566,2,380-5486295662
Ukraine,Soviet Union,BMD-2,captured,https://i.postimg.cc/NGV4dXYj/2001-bmd2-capt-15-06-23.jpg,2023-07-14,5486,29567,2,380-5486295672
Ukraine,Soviet Union,BMK-150 towing and motor boat,captured,https://i.postimg.cc/XYDmks9r/3f.png,2022-03-26,8169,29569,2,380-8169295692
Ukraine,Ukraine,BMM-4C Ambulance,captured,https://i.postimg.cc/qq2YGpNh/6657.png,2022-11-12,8170,29572,2,380-8170295722
Ukraine,Ukraine,BMM-4S Ambulance,captured,https://i.postimg.cc/pdVsmcw4/66554.jpg,2022-05-28,8171,29574,2,380-8171295742
Ukraine,Soviet Union,BMP-1(P),captured,https://i.postimg.cc/d1x3ZrSF/b88.png,2022-03-19,5491,29592,2,380-5491295922
Ukraine,Soviet Union,BMP-1(P),captured,https://i.postimg.cc/jqNSKcG6/332.png,2022-03-19,5491,29593,2,380-5491295932
Ukraine,Soviet Union,BMP-1(P),captured,https://i.postimg.cc/xCcRWZKG/331d.png,2022-03-26,5491,29599,2,380-5491295992
Ukraine,Soviet Union,BMP-1(P),captured,https://i.postimg.cc/yxR7rzw0/776.png,2022-03-26,5491,29600,2,380-5491296002
Ukraine,Soviet Union,BMP-1(P),captured,https://i.postimg.cc/xdQ31CLd/437.png,2022-03-26,5491,29601,2,380-5491296012
Ukraine,Soviet Union,BMP-1(P),captured,https://i.postimg.cc/dVSzT4KK/d1.jpg,2022-04-01,5491,29606,2,380-5491296062
Ukraine,Soviet Union,BMP-1(P),captured,https://i.postimg.cc/SxG3vCKt/2s1.jpg,2022-04-04,5491,29608,2,380-5491296082
Ukraine,Soviet Union,BMP-1(P),captured,https://i.postimg.cc/dt6JR8KK/366.png,2022-04-11,5491,29615,2,380-5491296152
Ukraine,Soviet Union,BMP-1(P),captured,https://i.postimg.cc/Z5TW0sSC/8877.png,2022-04-20,5491,29620,2,380-5491296202
Ukraine,Soviet Union,BMP-1(P),captured,https://i.postimg.cc/nrHwDscN/224.jpg,2022-04-25,5491,29622,2,380-5491296222
Ukraine,Soviet Union,BMP-1(P),captured,https://i.postimg.cc/SxWN91kv/379.png,2022-05-01,5491,29625,2,380-5491296252
Ukraine,Soviet Union,BMP-1(P),captured,https://i.postimg.cc/mkjw63QN/47.png,2022-05-01,5491,29626,2,380-5491296262
Ukraine,Soviet Union,BMP-1(P),captured,https://i.postimg.cc/6p7Hy3qs/d13.png,2022-05-08,5491,29627,2,380-5491296272
Ukraine,Soviet Union,BMP-1(P),captured,https://i.postimg.cc/kGwkvKqd/s1.png,2022-05-14,5491,29630,2,380-5491296302
Ukraine,Soviet Union,BMP-1(P),captured,https://i.postimg.cc/JzXgM3t5/d2.jpg,2022-05-21,5491,29631,2,380-5491296312
Ukraine,Soviet Union,BMP-1(P),captured,https://i.postimg.cc/d1JDTS9m/3378.png,2022-06-29,5491,29645,2,380-5491296452
Ukraine,Soviet Union,BMP-1(P),captured,https://i.postimg.cc/Hs0JyWbf/2005.jpg,2022-07-09,5491,29647,2,380-5491296472
Ukraine,Soviet Union,BMP-1(P),captured,https://twitter.com/UAWeapons/status/1545899337682751489,2022-07-12,5491,29648,2,380-5491296482
Ukraine,Soviet Union,BMP-1(P),captured,https://twitter.com/UAWeapons/status/1558408794018877441,2022-08-14,5491,29668,2,380-5491296682
Ukraine,Soviet Union,BMP-1(P),captured,https://i.postimg.cc/zGh7jxyq/2002-bmp1-capt.jpg,2022-10-16,5491,29702,2,380-5491297022
Ukraine,Soviet Union,BMP-1(P),captured,https://postimg.cc/qN7ZWRy0,2022-10-18,5491,29714,2,380-5491297142
Ukraine,Soviet Union,BMP-1(P),captured,https://postimg.cc/sGZN60hW,2022-10-18,5491,29715,2,380-5491297152
Ukraine,Soviet Union,BMP-1(P),captured,https://postimg.cc/B8LQgJvQ,2022-10-18,5491,29716,2,380-5491297162
Ukraine,Soviet Union,BMP-1(P),captured,https://postimg.cc/xNzxYf2C,2022-10-18,5491,29717,2,380-5491297172
Ukraine,Soviet Union,BMP-1(P),captured,https://i.postimg.cc/T13snM5z/2001-bmp-1-dam-capt.jpg,2022-11-01,5491,29730,2,380-5491297302
Ukraine,Soviet Union,BMP-1(P),captured,https://i.postimg.cc/jSPZq6mT/432.png,2022-11-12,5491,29736,2,380-5491297362
Ukraine,Soviet Union,BMP-1(P),captured,https://i.postimg.cc/W4mG4yzq/2067-BMP-1-P-capt-25-03-22.jpg,2022-12-05,5491,29778,2,380-5491297782
Ukraine,Soviet Union,BMP-1(P),captured,https://i.postimg.cc/c4Kf3C6S/2068-BMP-1-P-capt-02-04-22.jpg,2022-12-05,5491,29779,2,380-5491297792
Ukraine,Soviet Union,BMP-1(P),captured,https://i.postimg.cc/zBJnHkHt/2069-BMP-1-P-capt-05-04-22.jpg,2022-12-05,5491,29780,2,380-5491297802
Ukraine,Soviet Union,BMP-1(P),captured,https://i.postimg.cc/prS87bG4/2070-BMP-1-P-capt-05-04-22.jpg,2022-12-05,5491,29781,2,380-5491297812
Ukraine,Soviet Union,BMP-1(P),captured,https://i.postimg.cc/TYZgJxWW/2071-BMP-1-P-capt-10-04-22.jpg,2022-12-05,5491,29782,2,380-5491297822
Ukraine,Soviet Union,BMP-1(P),captured,https://i.postimg.cc/ZqmNXLHb/2072-BMP-1-P-capt-12-04-22.jpg,2022-12-05,5491,29783,2,380-5491297832
Ukraine,Soviet Union,BMP-1(P),captured,https://i.postimg.cc/s2WPQ9qC/4766.png,2022-12-21,5491,29792,2,380-5491297922
Ukraine,Soviet Union,BMP-1(P),captured,https://i.postimg.cc/cJphF4V3/2006-bmp1-capt-18-12-22.jpg,2023-01-01,5491,29801,2,380-5491298012
Ukraine,Soviet Union,BMP-1(P),captured,https://i.postimg.cc/50t1LsvD/2004-bmp1-capt-06-04-22.jpg,2023-01-10,5491,29807,2,380-5491298072
Ukraine,Soviet Union,BMP-1(P),captured,https://i.postimg.cc/pT0W6wR2/2005-bmp1-capt-14-12-22.jpg,2023-01-10,5491,29808,2,380-5491298082
Ukraine,Soviet Union,BMP-1(P),captured,https://i.postimg.cc/C1t0LnWD/2004-bmp1-capt-17-01-23.jpg,2023-01-18,5491,29810,2,380-5491298102
Ukraine,Soviet Union,BMP-1(P),captured,https://i.postimg.cc/g0gdQTsg/2005-bmp1-capt-17-01-23.jpg,2023-01-18,5491,29811,2,380-5491298112
Ukraine,Soviet Union,BMP-1(P),captured,https://i.postimg.cc/15hGxkN9/2003-bmp1-capt-31-05-22.jpg,2023-01-24,5491,29813,2,380-5491298132
Ukraine,Soviet Union,BMP-1(P),captured,https://i.postimg.cc/hGWKz3H2/2013-bmp1-capt-20-07-22.jpg,2023-01-30,5491,29816,2,380-5491298162
Ukraine,Soviet Union,BMP-1(P),captured,https://i.postimg.cc/2SXLLN1D/2012-bmp1-capt-22-06-22.jpg,2023-02-13,5491,29818,2,380-5491298182
Ukraine,Soviet Union,BMP-1(P),captured,https://i.postimg.cc/tJHxRdYn/2018-bmp1-capt-04-02-23.jpg,2023-02-13,5491,29819,2,380-5491298192
Ukraine,Soviet Union,BMP-1(P),captured,https://i.postimg.cc/LscqvkkQ/2023-bmp1-capt-08-02-23.jpg,2023-02-13,5491,29820,2,380-5491298202
Ukraine,Soviet Union,BMP-1(P),captured,https://i.postimg.cc/Ghcw1vR9/2011-bmp1-dam-aband-19-03-23.jpg,2023-03-20,5491,29829,2,380-5491298292
Ukraine,Soviet Union,BMP-1(P),captured,https://i.postimg.cc/xTLx1hhP/32d.png,2023-03-29,5491,29833,2,380-5491298332
Ukraine,Soviet Union,BMP-1(P),captured,https://i.postimg.cc/Hx4q4ZYN/2013-bmp1-capt-18-10-22.jpg,2023-04-05,5491,29842,2,380-5491298422
Ukraine,Soviet Union,BMP-1(P),captured,https://twitter.com/UAWeapons/status/1658807110367313920,2023-05-22,5491,29863,2,380-5491298632
Ukraine,Soviet Union,BMP-1(P),captured,https://i.postimg.cc/Hj1HTgvK/2031-bmp1-capt-29-05-23.jpg,2023-06-04,5491,29868,2,380-5491298682
Ukraine,Soviet Union,BMP-1(P),captured,https://i.postimg.cc/mgTZ7444/2002-bmp1-capt-31-07-23.jpg,2023-08-15,5491,29904,2,380-5491299042
Ukraine,Soviet Union,BMP-1(P),captured,https://i.postimg.cc/x1f5c41t/65r.png,2023-09-10,5491,29938,2,380-5491299382
Ukraine,Soviet Union,BMP-1(P),captured,https://i.postimg.cc/VsDv77qx/2011-bmp1-capt-17-02-24.jpg,2024-02-23,5491,29990,2,380-5491299902
Ukraine,Soviet Union,BMP-1(P),captured,https://i.postimg.cc/nV4ZsqkW/2027-BMP-1-P-capt-12-08-24.jpg,2024-08-15,5491,30022,2,380-5491300222
Ukraine,Soviet Union,BMP-1(P),captured,https://i.postimg.cc/bvkxLQ9P/2035-BMP-1-P-capt-23-08-24.jpg,2024-09-09,5491,30033,2,380-5491300332
Ukraine,Soviet Union,BMP-1(P),captured,https://i.postimg.cc/cJjLL1HL/2001-BMP-1-P-capt-09-01-25.jpg,2025-01-13,5491,30079,2,380-5491300792
Ukraine,Soviet Union,BMP-1(P),captured,https://i.postimg.cc/GpwvsGzf/2009-BMP-1-P-capt-23-07-22.jpg,2025-02-11,5491,30095,2,380-5491300952
Ukraine,Soviet Union,BMP-1(P),captured,https://i.postimg.cc/d02rR3xV/2010-BMP-1-P-capt-17-07-22.jpg,2025-02-11,5491,30096,2,380-5491300962
Ukraine,Soviet Union,BMP-1(P),captured,https://i.postimg.cc/SsV955q0/2011-BMP-1-P-capt-21-04-22.jpg,2025-02-11,5491,30097,2,380-5491300972
Ukraine,Soviet Union,BMP-1(P),captured,https://i.postimg.cc/RFvfgmkQ/2012-BMP-1-P-capt-14-04-22.jpg,2025-02-11,5491,30098,2,380-5491300982
Ukraine,Soviet Union,BMP-1(P),captured,https://i.postimg.cc/bYCb9K3k/2023-BMP-1-P-capt-19-04-22.jpg,2025-02-11,5491,30099,2,380-5491300992
Ukraine,Soviet Union,BMP-1(P),captured,https://i.postimg.cc/BQjFYMVy/2024-BMP-1-P-capt-19-04-22.jpg,2025-02-11,5491,30100,2,380-5491301002
Ukraine,Soviet Union,BMP-1(P),captured,https://i.postimg.cc/y6nGLbZR/2031-BMP-1-P-capt-05-01-24.jpg,2025-05-12,5491,30143,2,380-5491301432
Ukraine,Soviet Union,BMP-1(P),captured,https://i.postimg.cc/C5c6vXsS/2017-BMP-1-P-capt-30-11-24.jpg,2025-05-12,5491,30144,2,380-5491301442
Ukraine,Soviet Union,BMP-1(P),captured,https://i.postimg.cc/RFQYtN33/2016-BMP-1-P-capr-30-11-24.jpg,2025-05-12,5491,30145,2,380-5491301452
Ukraine,Soviet Union,BMP-1(P),captured,https://i.postimg.cc/P5S7R5Bv/2014-BMP-1-P-capt-10-09-22.jpg,2025-05-12,5491,30146,2,380-5491301462
Ukraine,Soviet Union,BMP-1(P),captured,https://i.postimg.cc/dQCzVvTg/2006-BMP-1-P-capt-20-05-22.jpg,2025-05-12,5491,30147,2,380-5491301472
Ukraine,Soviet Union,BMP-1(P),captured,https://i.postimg.cc/br1MCHhq/2005-BMP-1-P-capt-01-06-22.jpg,2025-05-12,5491,30148,2,380-5491301482
Ukraine,Soviet Union,BMP-1(P),captured,https://i.postimg.cc/3J18kSXm/2011-BMP-1-P-capt-04-07-22.jpg,2025-07-01,5491,30158,2,380-5491301582
Ukraine,Soviet Union,BMP-1(P),captured,https://i.postimg.cc/wjB6LX2P/2012-BMP-1-P-capt-04-07-22.jpg,2025-07-01,5491,30159,2,380-5491301592
Ukraine,Soviet Union,BMP-1(P),captured,https://i.postimg.cc/XYDn8rDv/2013-BMP-1-P-capt-04-07-22.jpg,2025-07-01,5491,30160,2,380-5491301602
Ukraine,Soviet Union,BMP-1KSh command and staff vehicle,captured,https://i.postimg.cc/VsgTBBS2/2008-BMP-1-KSh-command-and-staff-vehicle-capt-14-04-22.jpg,2025-02-11,5493,30176,2,380-5493301762
Ukraine,Soviet Union,BMP-1PG,captured,https://twitter.com/naalsio26/status/1645079744990289928,2023-04-10,8174,30178,2,380-8174301782
Ukraine,Ukraine,BMP-1TS 'Spys',captured,https://i.postimg.cc/d03ZPJHT/2017-BMP-1-TS-Spys-capt-destr-07-04-25.jpg,2025-04-10,8176,30193,2,380-8176301932
Ukraine,Ukraine,BMP-1U 'Shkval',captured,https://i.postimg.cc/KcC7csQq/477.png,2022-04-09,8177,30209,2,380-8177302092
Ukraine,Ukraine,BMP-1U Shkval,captured,https://twitter.com/naalsio26/status/1700546121746067960,2023-09-11,8178,30210,2,380-8178302102
Ukraine,Soviet Union,BMP-2,captured,https://i.postimg.cc/rpTdbQ9m/29.png,2022-03-19,5495,30213,2,380-5495302132
Ukraine,Soviet Union,BMP-2,captured,https://i.postimg.cc/T3fSzzth/b3.png,2022-05-31,5495,30226,2,380-5495302262
Ukraine,Soviet Union,BMP-2,captured,https://i.postimg.cc/Y0xNYsYy/b4.png,2022-05-31,5495,30227,2,380-5495302272
Ukraine,Soviet Union,BMP-2(K),captured,https://twitter.com/UAWeapons/status/1545899337682751489,2022-07-12,5497,29648,2,380-5497296482
Ukraine,Soviet Union,BMP-2(K),captured,https://i.postimg.cc/hGH1754W/2004-bmp-2.jpg,2022-08-04,5497,30234,2,380-5497302342
Ukraine,Soviet Union,BMP-2(K),captured,https://i.postimg.cc/7ZZ9vztc/2006-bmp2.jpg,2022-08-04,5497,30235,2,380-5497302352
Ukraine,Soviet Union,BMP-2(K),captured,https://i.postimg.cc/s2NXdBd7/880.png,2022-08-08,5497,30238,2,380-5497302382
Ukraine,Soviet Union,BMP-2K,captured,https://i.postimg.cc/cC2jmrRR/gg4.jpg,2022-05-23,5498,30241,2,380-5498302412
Ukraine,Soviet Union,BRDM-2,captured,https://i.postimg.cc/wjZZCBgG/Screenshot-8367.png,2022-03-19,5504,30253,2,380-5504302532
Ukraine,Soviet Union,BRDM-2,captured,https://i.postimg.cc/SxJH19F9/Screenshot-8366.png,2022-03-19,5504,30254,2,380-5504302542
Ukraine,Soviet Union,BRDM-2,captured,https://i.postimg.cc/1RvcMjbR/3hl.png,2022-03-19,5504,30255,2,380-5504302552
Ukraine,Soviet Union,BRDM-2,captured,https://i.postimg.cc/MKcHscPj/g544.png,2022-03-19,5504,30256,2,380-5504302562
Ukraine,Soviet Union,BRDM-2,captured,https://i.postimg.cc/XvMt3H7S/4gj.png,2022-03-19,5504,30257,2,380-5504302572
Ukraine,Soviet Union,BRDM-2,captured,https://i.postimg.cc/x8NZ9VzQ/bl.png,2022-03-19,5504,30258,2,380-5504302582
Ukraine,Soviet Union,BRDM-2,captured,https://i.postimg.cc/vBJzLg4R/bl.png,2022-03-19,5504,30259,2,380-5504302592
Ukraine,Soviet Union,BRDM-2,captured,https://i.postimg.cc/Y0pYBKNR/325.png,2022-03-19,5504,30260,2,380-5504302602
Ukraine,Soviet Union,BRDM-2,captured,https://i.postimg.cc/ry5PsgNL/d13.png,2022-03-19,5504,30261,2,380-5504302612
Ukraine,Soviet Union,BRDM-2,captured,https://i.postimg.cc/gkZczL3J/f2hp.png,2022-03-19,5504,30262,2,380-5504302622
Ukraine,Soviet Union,BRDM-2,captured,https://i.postimg.cc/TYfDBCPr/577.png,2022-03-26,5504,29590,2,380-5504295902
Ukraine,Soviet Union,BRDM-2,captured,https://i.postimg.cc/KYF1K5KZ/5547.png,2022-03-26,5504,30247,2,380-5504302472
Ukraine,Soviet Union,BRDM-2,captured,https://i.postimg.cc/x1Pz37Vk/5577.png,2022-03-26,5504,30248,2,380-5504302482
Ukraine,Soviet Union,BRDM-2,captured,https://i.postimg.cc/x1q26JWK/443o.png,2022-03-26,5504,30249,2,380-5504302492
Ukraine,Soviet Union,BRDM-2,captured,https://i.postimg.cc/7Pg0LbtM/553.png,2022-03-26,5504,30250,2,380-5504302502
Ukraine,Soviet Union,BRDM-2,captured,https://i.postimg.cc/DZ1JmY6y/4436.png,2022-03-26,5504,30251,2,380-5504302512
Ukraine,Soviet Union,BRDM-2,captured,https://i.postimg.cc/fRy80Tc8/542.png,2022-03-26,5504,30265,2,380-5504302652
Ukraine,Soviet Union,BRDM-2,captured,https://i.postimg.cc/26hQJK6t/4f1.png,2022-03-26,5504,30266,2,380-5504302662
Ukraine,Soviet Union,BRDM-2,captured,https://i.postimg.cc/ZYQhmscP/438.png,2022-03-30,5504,30268,2,380-5504302682
Ukraine,Soviet Union,BRDM-2,captured,https://i.postimg.cc/KcC7csQq/477.png,2022-04-09,5504,30209,2,380-5504302092
Ukraine,Soviet Union,BRDM-2,captured,https://i.postimg.cc/HL340vkC/27.png,2022-04-11,5504,30271,2,380-5504302712
Ukraine,Soviet Union,BRDM-2,captured,https://i.postimg.cc/htZsSH95/443.jpg,2022-04-13,5504,30272,2,380-5504302722
Ukraine,Soviet Union,BRDM-2,captured,https://i.postimg.cc/Lsmp3xYM/37.png,2022-04-17,5504,30273,2,380-5504302732
Ukraine,Soviet Union,BRDM-2,captured,https://i.postimg.cc/59GrFQT8/87.png,2022-04-20,5504,30275,2,380-5504302752
Ukraine,Soviet Union,BRDM-2,captured,https://i.postimg.cc/RZfGyS3W/4330.png,2022-04-25,5504,30278,2,380-5504302782
Ukraine,Soviet Union,BRDM-2,captured,https://i.postimg.cc/bYGkc8Kq/358.png,2022-05-14,5504,30280,2,380-5504302802
Ukraine,Soviet Union,BRDM-2,captured,https://i.postimg.cc/4NkchXtV/6650.png,2022-05-23,5504,30281,2,380-5504302812
Ukraine,Soviet Union,BRDM-2,captured,https://i.postimg.cc/Znpzq7dX/f9.png,2022-05-25,5504,30282,2,380-5504302822
Ukraine,Soviet Union,BRDM-2,captured,https://i.postimg.cc/bwB497M3/a11.png,2022-06-07,5504,30284,2,380-5504302842
Ukraine,Soviet Union,BRDM-2,captured,https://i.postimg.cc/V6jT1dNV/a22.png,2022-06-07,5504,30285,2,380-5504302852
Ukraine,Soviet Union,BRDM-2,captured,https://i.postimg.cc/QNKN2xMZ/a1.png,2022-08-08,5504,30288,2,380-5504302882
Ukraine,Soviet Union,BRDM-2,captured,https://i.postimg.cc/3JMrY5y4/a2.png,2022-08-08,5504,30289,2,380-5504302892
Ukraine,Soviet Union,BRDM-2,captured,https://i.postimg.cc/Nf1s0JTN/a3.png,2022-08-08,5504,30290,2,380-5504302902
Ukraine,Soviet Union,BRDM-2,captured,https://postimg.cc/qgxtrDB5,2022-08-13,5504,30296,2,380-5504302962
Ukraine,Soviet Union,BRDM-2,captured,https://twitter.com/UAWeapons/status/1569740914821664770,2022-09-14,5504,30298,2,380-5504302982
Ukraine,Soviet Union,BRDM-2,captured,https://postimg.cc/N5m5ZWWj,2022-10-17,5504,30302,2,380-5504303022
Ukraine,Soviet Union,BRDM-2,captured,https://postimg.cc/SY0h4WV9,2022-10-17,5504,30303,2,380-5504303032
Ukraine,Soviet Union,BRDM-2,captured,https://postimg.cc/nCXkc0fN,2022-10-17,5504,30304,2,380-5504303042
Ukraine,Soviet Union,BRDM-2,captured,https://postimg.cc/pyv7D8Rc,2022-10-17,5504,30305,2,380-5504303052
Ukraine,Soviet Union,BRDM-2,captured,https://postimg.cc/k6PnN4gN,2022-10-17,5504,30306,2,380-5504303062
Ukraine,Soviet Union,BRDM-2,captured,https://postimg.cc/XG8NLbhr,2022-10-17,5504,30307,2,380-5504303072
Ukraine,Soviet Union,BRDM-2,captured,https://postimg.cc/47D1F81D,2022-10-17,5504,30308,2,380-5504303082
Ukraine,Soviet Union,BRDM-2,captured,https://i.postimg.cc/kGvzFsT2/2053-BRDM-2-capt-23-03-22.jpg,2022-12-05,5504,30314,2,380-5504303142
Ukraine,Soviet Union,BRDM-2,captured,https://i.postimg.cc/j5VFpm9W/2054-BRDM-2-capt-06-04-22.jpg,2022-12-05,5504,30315,2,380-5504303152
Ukraine,Soviet Union,BRDM-2,captured,https://i.postimg.cc/prR1T8PR/2055-BRDM-2-capt-08-07-22.jpg,2022-12-05,5504,30316,2,380-5504303162
Ukraine,Soviet Union,BRDM-2,captured,https://i.postimg.cc/W15dZLfn/2003-brdm2-capt-11-02-23.jpg,2023-02-13,5504,30319,2,380-5504303192
Ukraine,Soviet Union,BRDM-2,captured,https://i.postimg.cc/N0NpsbGX/2015-BRDM-2-capt-25-02-22.jpg,2024-01-21,5504,30333,2,380-5504303332
Ukraine,Ukraine,BRDM-2L1,captured,https://postimg.cc/HJBwFzYS,2022-10-17,8179,30349,2,380-8179303492
Ukraine,Ukraine,BRDM-2L1,captured,https://postimg.cc/5YQxLzJ2,2022-10-17,8179,30350,2,380-8179303502
Ukraine,Ukraine,BRDM-2L1,captured,https://postimg.cc/kVfcKVcz,2022-10-17,8179,30351,2,380-8179303512
Ukraine,Ukraine,BRDM-2L1,captured,https://postimg.cc/WDk10Wxx,2022-10-17,8179,30352,2,380-8179303522
Ukraine,Ukraine,BRDM-2L1,captured,https://i.postimg.cc/SK8Fvjz3/187.png,2022-10-21,8179,30353,2,380-8179303532
Ukraine,Ukraine,BRDM-2L1,captured,https://i.postimg.cc/bwrq3zgf/321.png,2022-10-21,8179,30354,2,380-8179303542
Ukraine,Ukraine,BRDM-2L1,captured,https://i.postimg.cc/Xqx0khyv/768.png,2022-10-21,8179,30355,2,380-8179303552
Ukraine,Ukraine,BRDM-2L1,captured,https://i.postimg.cc/JhCvmb4n/2003-brdm2l-destr.jpg,2022-12-08,8179,30357,2,380-8179303572
Ukraine,Ukraine,BRDM-2L1,captured,https://i.postimg.cc/vmSxJFrB/2008-BRDM-2-L1-capt-28-02-22.jpg,2023-02-13,8179,30362,2,380-8179303622
Ukraine,Ukraine,BRDM-2L1,captured,https://i.postimg.cc/bJVvTZqm/4490.png,2023-04-11,8179,30366,2,380-8179303662
Ukraine,Ukraine,BRDM-2L1,captured,https://i.postimg.cc/YS1yrYkV/2042-BRDM-2-L1-capt-17-09-24.jpg,2024-09-20,8179,30382,2,380-8179303822
Ukraine,Ukraine,BRDM-2L1,captured,https://i.postimg.cc/bvwQgv6Q/2007-BRDM-2-L1-capt-04-09-24.jpg,2024-09-26,8179,30383,2,380-8179303832
Ukraine,Ukraine,BRDM-2L1,captured,https://i.postimg.cc/FRzrp8jk/2121-BRDM-2-L1-capt-22-10-24.jpg,2024-10-23,8179,30386,2,380-8179303862
Ukraine,Soviet Union,BRDM-2RKhb chemical reconnaissance vehicle,captured,https://i.postimg.cc/YCjxkW7g/2010-BRDM-2-RKh-B-CBRN-capt-31-03-22.jpg,2023-01-01,8180,30393,2,380-8180303932
Ukraine,Soviet Union,BREM-1 ARV,captured,https://i.postimg.cc/Prww0Ysy/133.png,2022-03-19,8181,30397,2,380-8181303972
Ukraine,Soviet Union,BRM-1K,captured,https://i.postimg.cc/tC4jmbcK/446.png,2022-03-19,5510,30412,2,380-5510304122
Ukraine,Soviet Union,BRM-1K,captured,https://i.postimg.cc/ZnMyg04W/6669.jpg,2022-03-19,5510,30413,2,380-5510304132
Ukraine,Soviet Union,BRM-1K,captured,https://i.postimg.cc/0Q71gWbb/652.png,2022-03-19,5510,30414,2,380-5510304142
Ukraine,Soviet Union,BRM-1K,captured,https://i.postimg.cc/ZKwfSH3R/t4.jpg,2022-04-10,5510,30415,2,380-5510304152
Ukraine,Soviet Union,BRM-1K,captured,https://i.postimg.cc/65pcRcw1/448.png,2022-04-20,5510,30416,2,380-5510304162
Ukraine,Soviet Union,BRM-1K,captured,https://postimg.cc/Xrdg4kJx,2022-05-06,5510,30417,2,380-5510304172
Ukraine,Soviet Union,BRM-1K reconnaissance vehicle,captured,https://i.postimg.cc/gjKDwY6L/2110.jpg,2022-07-21,8182,30420,2,380-8182304202
Ukraine,Ukraine,BTR-3,captured,https://i.postimg.cc/wv6zrZdn/Screenshot-8248.png,2022-03-19,8184,30424,2,380-8184304242
Ukraine,Ukraine,BTR-3,captured,https://i.postimg.cc/m2kRmDDP/g789.png,2022-03-19,8184,30425,2,380-8184304252
Ukraine,Ukraine,BTR-3,captured,https://i.postimg.cc/J4ghCNhL/678.jpg,2022-04-09,8184,30431,2,380-8184304312
Ukraine,Ukraine,BTR-3,captured,https://i.postimg.cc/kMzdJ1XL/18.png,2022-05-01,8184,30434,2,380-8184304342
Ukraine,Ukraine,BTR-3,captured,https://i.postimg.cc/c1B84mdp/4f.png,2022-05-06,8184,30436,2,380-8184304362
Ukraine,Ukraine,BTR-3,captured,https://i.postimg.cc/yd8JRBxc/5j.png,2022-05-08,8184,30437,2,380-8184304372
Ukraine,Ukraine,BTR-3,captured,https://i.postimg.cc/7hKWgHn8/356.png,2022-10-17,8184,30442,2,380-8184304422
Ukraine,Ukraine,BTR-3,captured,https://i.postimg.cc/FFTWCK3w/4689.png,2022-10-17,8184,30443,2,380-8184304432
Ukraine,Ukraine,BTR-3,captured,https://i.postimg.cc/QdzZ2b5G/y60.png,2022-10-17,8184,30444,2,380-8184304442
Ukraine,Ukraine,BTR-3,captured,https://i.postimg.cc/yYxVggcD/2011-btr3e-capt-28-09-22.jpg,2023-02-13,8184,30453,2,380-8184304532
Ukraine,Ukraine,BTR-4,captured,https://i.postimg.cc/tCP3NpHR/c1.png,2022-03-19,8185,30483,2,380-8185304832
Ukraine,Ukraine,BTR-4,captured,https://i.postimg.cc/htB9C6SL/c2.png,2022-03-19,8185,30484,2,380-8185304842
Ukraine,Ukraine,BTR-4,captured,https://i.postimg.cc/wBxnxNsW/5g.png,2022-03-19,8185,30485,2,380-8185304852
Ukraine,Ukraine,BTR-4,captured,https://i.postimg.cc/hvD5vnK7/c2.png,2022-03-19,8185,30486,2,380-8185304862
Ukraine,Ukraine,BTR-4,captured,https://i.postimg.cc/QCfnWzMY/c3.png,2022-03-19,8185,30487,2,380-8185304872
Ukraine,Ukraine,BTR-4,captured,https://i.postimg.cc/Nf0nwQN3/c4.png,2022-03-19,8185,30488,2,380-8185304882
Ukraine,Ukraine,BTR-4,captured,https://i.postimg.cc/tCmMq8wY/c5.png,2022-03-19,8185,30489,2,380-8185304892
Ukraine,Ukraine,BTR-4,captured,https://i.postimg.cc/XJv4gt66/Screenshot-8643.png,2022-03-19,8185,30490,2,380-8185304902
Ukraine,Ukraine,BTR-4,captured,https://i.postimg.cc/DzFNDmJb/j1.png,2022-03-19,8185,30491,2,380-8185304912
Ukraine,Ukraine,BTR-4,captured,https://i.postimg.cc/8zL3tL5S/j2.png,2022-03-19,8185,30492,2,380-8185304922
Ukraine,Ukraine,BTR-4,captured,https://i.postimg.cc/65KrHtcb/413.png,2022-03-19,8185,30493,2,380-8185304932
Ukraine,Ukraine,BTR-4,captured,https://i.postimg.cc/4x3jXzd0/4311.png,2022-03-19,8185,30494,2,380-8185304942
Ukraine,Ukraine,BTR-4,captured,https://i.postimg.cc/sx8Mcqch/47.png,2022-03-26,8185,30496,2,380-8185304962
Ukraine,Ukraine,BTR-4,captured,https://i.postimg.cc/QCRhgWpV/437.png,2022-03-31,8185,30498,2,380-8185304982
Ukraine,Ukraine,BTR-4,captured,https://i.postimg.cc/g2Gkg8C6/17.png,2022-03-31,8185,30499,2,380-8185304992
Ukraine,Ukraine,BTR-4,captured,https://i.postimg.cc/J0k2Wxhq/b5.jpg,2022-03-31,8185,30500,2,380-8185305002
Ukraine,Ukraine,BTR-4,captured,https://i.postimg.cc/TYbH7h2W/46.png,2022-04-04,8185,30502,2,380-8185305022
Ukraine,Ukraine,BTR-4,captured,https://i.postimg.cc/13p2q8Xq/46.png,2022-04-13,8185,30503,2,380-8185305032
Ukraine,Ukraine,BTR-4,captured,https://i.postimg.cc/fTkNLbqJ/36.png,2022-04-25,8185,30505,2,380-8185305052
Ukraine,Ukraine,BTR-4,captured,https://i.postimg.cc/FKcSTZZw/52.png,2022-05-01,8185,30506,2,380-8185305062
Ukraine,Ukraine,BTR-4,captured,https://i.postimg.cc/6phJCJsP/667.png,2022-05-01,8185,30507,2,380-8185305072
Ukraine,Ukraine,BTR-4,captured,https://i.postimg.cc/Twhcyb1s/43j.png,2022-05-14,8185,30510,2,380-8185305102
Ukraine,Ukraine,BTR-4,captured,https://i.postimg.cc/j53CbfRq/4433.png,2022-06-02,8185,30512,2,380-8185305122
Ukraine,Ukraine,BTR-4,captured,https://i.postimg.cc/YCHZtyn0/25.png,2022-06-02,8185,30513,2,380-8185305132
Ukraine,Ukraine,BTR-4,captured,https://i.postimg.cc/fLCqTwPR/87777.png,2022-06-02,8185,30514,2,380-8185305142
Ukraine,Ukraine,BTR-4,captured,https://i.postimg.cc/YST0Gqf1/4f69.png,2022-07-24,8185,30520,2,380-8185305202
Ukraine,Ukraine,BTR-4,captured,https://i.postimg.cc/Dww4MbR2/d16.png,2022-08-08,8185,30522,2,380-8185305222
Ukraine,Ukraine,BTR-4,captured,https://i.postimg.cc/ZYQQRrFQ/665.png,2022-08-08,8185,30523,2,380-8185305232
Ukraine,Ukraine,BTR-4,captured,https://i.postimg.cc/CLVKWfB3/87.png,2022-08-08,8185,30524,2,380-8185305242
Ukraine,Soviet Union,BTR-60,captured,https://i.postimg.cc/wv5Mw3LL/Screenshot-8388.png,2022-03-19,8186,30529,2,380-8186305292
Ukraine,Soviet Union,BTR-60,captured,https://i.postimg.cc/brZyFMTj/f4d.png,2022-03-19,8186,30530,2,380-8186305302
Ukraine,Soviet Union,BTR-60,captured,https://i.postimg.cc/mgns2vNk/a1.png,2022-03-19,8186,30531,2,380-8186305312
Ukraine,Soviet Union,BTR-60,captured,https://i.postimg.cc/X7fQsQrh/4438.png,2022-03-19,8186,30532,2,380-8186305322
Ukraine,Soviet Union,BTR-60PB,captured,https://i.postimg.cc/7L6YdXNF/2111.jpg,2022-07-21,8187,30534,2,380-8187305342
Ukraine,Soviet Union,BTR-60PB,captured,https://postimg.cc/MXSdjSqy,2022-10-17,8187,30538,2,380-8187305382
Ukraine,Soviet Union,BTR-60PB,captured,https://i.postimg.cc/W1q2Hf3r/w20.png,2022-10-17,8187,30539,2,380-8187305392
Ukraine,Soviet Union,BTR-60PB,captured,https://i.postimg.cc/cCTQHmPz/2171-BTR-60-PB-capt-16-03-25.jpg,2025-03-20,8187,30561,2,380-8187305612
Ukraine,Soviet Union,BTR-60PB,captured,https://i.postimg.cc/vTdMssGv/2220-BTR-60-PB-capt-18-03-25.jpg,2025-03-20,8187,30562,2,380-8187305622
Ukraine,Soviet Union,BTR-60PB,captured,https://i.postimg.cc/nz3bQdQ1/2062-BTR-60-PB-capt-21-03-25.jpg,2025-04-02,8187,30565,2,380-8187305652
Ukraine,Soviet Union,BTR-60PU-12 air defence command vehicle,captured,https://i.postimg.cc/kX7WQKTW/4679.png,2022-10-17,8188,30571,2,380-8188305712
Ukraine,Ukraine,BTR-7,captured,https://postimg.cc/JDT8Vg0d,2022-10-17,8189,30573,2,380-8189305732
Ukraine,Ukraine,BTR-7,captured,https://postimg.cc/75mpKLY8,2022-10-17,8189,30574,2,380-8189305742
Ukraine,Ukraine,BTR-7,captured,https://i.postimg.cc/PfM2xxRx/676.png,2022-10-17,8189,30575,2,380-8189305752
Ukraine,Ukraine,BTR-7,captured,https://i.postimg.cc/DzXKks5m/5g.png,2022-10-17,8189,30576,2,380-8189305762
Ukraine,Soviet Union,BTR-70,captured,https://i.postimg.cc/9FS2wLRZ/Screenshot-8016.png,2022-03-19,5515,30579,2,380-5515305792
Ukraine,Soviet Union,BTR-70,captured,https://i.postimg.cc/hvpjqwCG/Screenshot-8389.png,2022-03-19,5515,30580,2,380-5515305802
Ukraine,Soviet Union,BTR-70,captured,https://i.postimg.cc/TYrB0g16/435.png,2022-03-19,5515,30581,2,380-5515305812
Ukraine,Soviet Union,BTR-70,captured,https://i.postimg.cc/QC4rShLH/ca2.png,2022-03-19,5515,30582,2,380-5515305822
Ukraine,Soviet Union,BTR-70,captured,https://i.postimg.cc/SxXFkBG3/31.png,2022-03-19,5515,30583,2,380-5515305832
Ukraine,Soviet Union,BTR-70,captured,https://i.postimg.cc/W4GZXHLD/311.png,2022-03-26,5515,30584,2,380-5515305842
Ukraine,Soviet Union,BTR-70,captured,https://i.postimg.cc/fTZRgryB/4678.jpg,2022-03-31,5515,30586,2,380-5515305862
Ukraine,Soviet Union,BTR-70,captured,https://i.postimg.cc/SKH9bxLg/57.png,2022-04-13,5515,30587,2,380-5515305872
Ukraine,Soviet Union,BTR-70,captured,https://i.postimg.cc/vBCcdfx0/78.png,2022-04-16,5515,30588,2,380-5515305882
Ukraine,Soviet Union,BTR-70,captured,https://i.postimg.cc/rFZ5bm4k/588.png,2022-05-01,5515,30590,2,380-5515305902
Ukraine,Soviet Union,BTR-70,captured,https://i.postimg.cc/vBr82KhS/98.png,2022-05-03,5515,30591,2,380-5515305912
Ukraine,Soviet Union,BTR-70,captured,https://i.postimg.cc/fbXdcQ6X/2d5.png,2022-08-08,5515,30594,2,380-5515305942
Ukraine,Soviet Union,BTR-70,captured,https://i.postimg.cc/xTXzP42R/5427.png,2022-10-11,5515,30602,2,380-5515306022
Ukraine,Soviet Union,BTR-70,captured,https://i.postimg.cc/x18j2CdW/a1.png,2022-10-17,5515,30606,2,380-5515306062
Ukraine,Soviet Union,BTR-70,captured,https://postimg.cc/Ln2GtPB6,2022-10-17,5515,30607,2,380-5515306072
Ukraine,Soviet Union,BTR-70,captured,https://postimg.cc/v49PCHvS,2022-10-17,5515,30608,2,380-5515306082
Ukraine,Soviet Union,BTR-70,captured,https://postimg.cc/hJBjtVt9,2022-10-17,5515,30609,2,380-5515306092
Ukraine,Soviet Union,BTR-70,captured,https://i.postimg.cc/rpRk6qmF/1300.jpg,2023-04-29,5515,30617,2,380-5515306172
Ukraine,Soviet Union,BTR-70,captured,https://i.postimg.cc/7YMcv3z3/2014-BTR-70-capt-25-02-22.jpg,2024-01-21,5515,30623,2,380-5515306232
Ukraine,Ukraine,BTR-70DI-02 'Svityaz' command and staff vehicle,captured,https://i.postimg.cc/W3nKYKXB/447p.png,2023-04-21,8190,30626,2,380-8190306262
Ukraine,Ukraine,BTR-70M,captured,https://i.postimg.cc/SxZz4P7K/55700.png,2022-10-17,5516,30627,2,380-5516306272
Ukraine,Ukraine,BTR-70M,captured,https://i.postimg.cc/668j9tjm/467k.png,2022-10-19,5516,30628,2,380-5516306282
Ukraine,Ukraine,BTR-70M,captured,https://i.postimg.cc/Qd7M04Zf/447.png,2022-10-20,5516,30629,2,380-5516306292
Ukraine,Ukraine,BTR-70M,captured,https://i.postimg.cc/DyqN5JnJ/3f67.png,2023-04-03,5516,30633,2,380-5516306332
Ukraine,Soviet Union,BTR-80,captured,https://i.postimg.cc/k4Pf76VB/v1.png,2022-03-19,5517,30639,2,380-5517306392
Ukraine,Soviet Union,BTR-80,captured,https://i.postimg.cc/NM8bFsTb/v2.png,2022-03-19,5517,30640,2,380-5517306402
Ukraine,Soviet Union,BTR-80,captured,https://i.postimg.cc/m2wPCdGj/f5.png,2022-03-19,5517,30641,2,380-5517306412
Ukraine,Soviet Union,BTR-80,captured,https://i.postimg.cc/vmfmGWrJ/f433.png,2022-03-19,5517,30642,2,380-5517306422
Ukraine,Soviet Union,BTR-80,captured,https://i.postimg.cc/xd4xBGTy/431d.png,2022-03-19,5517,30643,2,380-5517306432
Ukraine,Soviet Union,BTR-80,captured,https://i.postimg.cc/90DnYM8h/3315.png,2022-03-26,5517,30644,2,380-5517306442
Ukraine,Soviet Union,BTR-80,captured,https://i.postimg.cc/43N0bh7c/47.png,2022-03-26,5517,30645,2,380-5517306452
Ukraine,Soviet Union,BTR-80,captured,https://i.postimg.cc/HkHy452z/65.png,2022-04-08,5517,30647,2,380-5517306472
Ukraine,Soviet Union,BTR-80,captured,https://i.postimg.cc/x1Fc9pdP/c1.png,2022-04-13,5517,30649,2,380-5517306492
Ukraine,Soviet Union,BTR-80,captured,https://i.postimg.cc/kXT5yYWd/c2.png,2022-04-13,5517,30650,2,380-5517306502
Ukraine,Soviet Union,BTR-80,captured,https://i.postimg.cc/KjqNr910/399.png,2022-04-16,5517,30652,2,380-5517306522
Ukraine,Soviet Union,BTR-80,captured,https://i.postimg.cc/tT1FPh0j/456.png,2022-04-16,5517,30653,2,380-5517306532
Ukraine,Soviet Union,BTR-80,captured,https://i.postimg.cc/0jQF7XkN/87.png,2022-04-16,5517,30654,2,380-5517306542
Ukraine,Soviet Union,BTR-80,captured,https://postimg.cc/NK7P45WT,2022-04-19,5517,30655,2,380-5517306552
Ukraine,Soviet Union,BTR-80,captured,https://i.postimg.cc/dQSWMY46/b2.png,2022-04-19,5517,30656,2,380-5517306562
Ukraine,Soviet Union,BTR-80,captured,https://i.postimg.cc/kMxNG0mN/577.png,2022-04-20,5517,30657,2,380-5517306572
Ukraine,Soviet Union,BTR-80,captured,https://i.postimg.cc/G3F3YPzY/87.png,2022-04-20,5517,30658,2,380-5517306582
Ukraine,Soviet Union,BTR-80,captured,https://i.postimg.cc/k5LtNkxW/286.png,2022-05-01,5517,30660,2,380-5517306602
Ukraine,Soviet Union,BTR-80,captured,https://i.postimg.cc/kgcc9QGw/2d.png,2022-05-08,5517,30663,2,380-5517306632
Ukraine,Soviet Union,BTR-80,captured,https://i.postimg.cc/TPTZNqg8/438.png,2022-05-11,5517,30666,2,380-5517306662
Ukraine,Soviet Union,BTR-80,captured,https://i.postimg.cc/MZ0J7W2d/g59.png,2022-05-14,5517,30668,2,380-5517306682
Ukraine,Soviet Union,BTR-80,captured,https://i.postimg.cc/NF04r38N/2112.jpg,2022-07-21,5517,30674,2,380-5517306742
Ukraine,Soviet Union,BTR-80,captured,https://i.postimg.cc/MKPmRw6L/443333.png,2022-07-21,5517,30675,2,380-5517306752
Ukraine,Soviet Union,BTR-80,captured,https://postimg.cc/67NyqCSj,2022-08-09,5517,30680,2,380-5517306802
Ukraine,Soviet Union,BTR-80,captured,https://postimg.cc/YhJxSHh3,2022-08-13,5517,30681,2,380-5517306812
Ukraine,Soviet Union,BTR-80,captured,https://i.postimg.cc/V6jPBxf4/2005-btr80-capt.jpg,2022-10-08,5517,30683,2,380-5517306832
Ukraine,Soviet Union,BTR-80,captured,https://i.postimg.cc/MHmNcy9d/fg.png,2022-10-17,5517,30687,2,380-5517306872
Ukraine,Soviet Union,BTR-80,captured,https://postimg.cc/fJ887NFP,2022-10-18,5517,30690,2,380-5517306902
Ukraine,Soviet Union,BTR-80,captured,https://postimg.cc/0MfPyF4s,2022-10-18,5517,30691,2,380-5517306912
Ukraine,Soviet Union,BTR-80,captured,https://postimg.cc/WhxgRGWs,2022-10-18,5517,30692,2,380-5517306922
Ukraine,Soviet Union,BTR-80,captured,https://i.postimg.cc/vH3gZYdn/3e.png,2022-10-18,5517,30693,2,380-5517306932
Ukraine,Soviet Union,BTR-80,captured,https://i.postimg.cc/bJmW28jm/336.png,2022-10-21,5517,30694,2,380-5517306942
Ukraine,Soviet Union,BTR-80,captured,https://i.postimg.cc/SQYjCmjX/f65.png,2022-10-24,5517,30695,2,380-5517306952
Ukraine,Soviet Union,BTR-80,captured,https://i.postimg.cc/8P16SJKk/53g.png,2022-10-30,5517,30696,2,380-5517306962
Ukraine,Soviet Union,BTR-80,captured,https://i.postimg.cc/wBbm3dHv/2095-BTR-80-capt-15-03-22.jpg,2022-12-05,5517,30707,2,380-5517307072
Ukraine,Soviet Union,BTR-80,captured,https://i.postimg.cc/j5wJ7kdh/2096-BTR-80-capt-02-06-22.jpg,2022-12-05,5517,30708,2,380-5517307082
Ukraine,Soviet Union,BTR-80,captured,https://i.postimg.cc/cCq5ZrhN/57.png,2022-12-23,5517,30710,2,380-5517307102
Ukraine,Soviet Union,BTR-D,captured,https://i.postimg.cc/1zMSVqKB/46l.png,2022-04-13,5520,30716,2,380-5520307162
Ukraine,Soviet Union,BTS-4 ARV,captured,https://i.postimg.cc/BQyRX6qK/689.png,2022-04-14,8191,30718,2,380-8191307182
Ukraine,Soviet Union,BTS-4 ARV,captured,https://i.postimg.cc/3J251m83/38.png,2022-04-16,8191,30719,2,380-8191307192
Ukraine,Soviet Union,BTS-4 ARV with ZU-23 AA gun,captured,https://i.postimg.cc/5tS2GFW7/d30.jpg,2022-04-24,8192,30720,2,380-8192307202
Ukraine,Yugoslavia,BVP M-80A,captured,https://i.postimg.cc/1t0vkh27/2011-BVP-M-80-A-dam-capt-31-05-23.jpg,2024-02-21,8193,30738,2,380-8193307382
Ukraine,Poland,BWP-1,captured,https://i.postimg.cc/d3dCjFZf/5877.png,2023-04-11,8194,30747,2,380-8194307472
Ukraine,Ukraine,Bogdan-2251 ambulance pickup truck,captured,https://i.postimg.cc/QxvdHbF1/334f.png,2023-04-21,8198,30777,2,380-8198307772
Ukraine,Ukraine,Bogdan-2351 ambulance pickup truck,captured,https://i.postimg.cc/8zhmj3DM/54t.png,2022-10-19,8199,30783,2,380-8199307832
Ukraine,Ukraine,Bogdan-2351 ambulance pickup truck,captured,https://i.postimg.cc/c4dR9LXB/2006-Bogdan-2251-Ambulance-capt-xx-07-22.jpg,2023-02-12,8199,30789,2,380-8199307892
Ukraine,Ukraine,Bogdan-5316,captured,https://i.postimg.cc/ZRPRy9pM/2025-Bogdan-5316-17-07-22.jpg,2024-12-03,8200,30793,2,380-8200307932
Ukraine,Ukraine,Bogdan-63172,captured,https://twitter.com/naalsio26/status/1659011517675712513,2023-05-23,8201,3276,2,380-820132762
Ukraine,Ukraine,Bogdan-63172,captured,https://i.postimg.cc/mg80yFh0/442.png,2023-08-30,8201,30809,2,380-8201308092
Ukraine,Ukraine,Bogdan-63172 'Kozak',captured,https://i.postimg.cc/x8sypSG9/5g2.png,2022-05-23,8202,30820,2,380-8202308202
Ukraine,Australia,Bushmaster Protected Mobility Vehicle,captured,https://i.postimg.cc/K8dWpxRS/2017-Bushmaster-dam-capt-31-12-24.jpg,2025-01-19,8204,30846,2,380-8204308462
Ukraine,Australia,Bushmaster Protected Mobility Vehicle,captured,https://i.postimg.cc/9FX7FsCX/2173-Bushmaster-dam-capt-17-03-25.jpg,2025-03-20,8204,30856,2,380-8204308562
Ukraine,Australia,Bushmaster Protected Mobility Vehicle,captured,https://i.postimg.cc/GtKTxxJ1/2021-Bushmaster-capt-10-03-25.jpg,2025-03-20,8204,30857,2,380-8204308572
Ukraine,Sweden,CV9040C,captured,https://i.postimg.cc/qv2mkfw9/2100-cv90-dam-capt-24-08-24.jpg,2024-09-03,8205,30875,2,380-8205308752
Ukraine,Sweden,CV9040C,captured,https://i.postimg.cc/85t4YNw9/2058-Strf-9040-C-capt-06-03-25.jpg,2025-03-20,8205,30889,2,380-8205308892
Ukraine,Sweden,CV9040C,captured,https://i.postimg.cc/sxRjhbH9/2027-Strf-9040-C-capt-31-05-25.jpg,2025-07-01,8205,30894,2,380-8205308942
Ukraine,Ukraine,Dovbush T10,captured,https://postlmg.cc/jWYhrRvL,2023-09-15,8208,30903,2,380-8208309032
Ukraine,Estonia,EOS-C VTOL,captured,https://i.postimg.cc/MZnkyTYX/2002-EOS-C-VTOL-reconnaissance-UAV-capt-21-11-24.jpg,2025-05-21,8209,30907,2,380-8209309072
Ukraine,United States,FGM-148 Javelin,captured,https://twitter.com/UAWeapons/status/1499793578591236260,2022-03-19,8211,30913,2,380-8211309132
Ukraine,United States,FGM-148 Javelin,captured,https://i.postimg.cc/s2gp1G7k/3d35.png,2022-03-19,8211,30914,2,380-8211309142
Ukraine,United States,FGM-148 Javelin,captured,https://i.postimg.cc/hjCGVymS/21d.png,2022-03-19,8211,30915,2,380-8211309152
Ukraine,United States,FGM-148 Javelin,captured,https://i.postimg.cc/Vk0cKg2s/o98.png,2022-03-19,8211,30916,2,380-8211309162
Ukraine,United States,FGM-148 Javelin,captured,https://i.postimg.cc/wMJkzgP0/7o.png,2022-03-19,8211,30917,2,380-8211309172
Ukraine,United Kingdom,FV103 Spartan,captured,https://twitter.com/UAWeapons/status/1658807110367313920,2023-05-22,8212,29863,2,380-8212298632
Ukraine,United Kingdom,FV103 Spartan,captured,https://i.postimg.cc/5yQXcfRy/2007-FV103-Spartan-capt-13-07-24.jpg,2024-07-18,8212,30931,2,380-8212309312
Ukraine,Poland,FlyEye,captured,https://i.postimg.cc/PJVKQjd4/1000-Flyeye-capt-09-01-2023.png,2023-01-22,8213,30949,2,380-8213309492
Ukraine,Poland,FlyEye,captured,https://i.postimg.cc/4yKZ7knS/2021-Fly-Eye-reconnaissance-UAV-capt-24-02-24.jpg,2024-02-29,8213,30955,2,380-8213309552
Ukraine,Poland,FlyEye,captured,https://i.postimg.cc/k522GfYK/2016-Fly-Eye-UAV-capt-04-04-24.jpg,2024-04-27,8213,30957,2,380-8213309572
Ukraine,Poland,FlyEye,captured,https://i.postimg.cc/mDfsb77d/2004-Fly-Eye-reconnaissance-UAV-capt-26-04-24.jpg,2024-05-02,8213,30958,2,380-8213309582
Ukraine,Poland,FlyEye,captured,https://i.postimg.cc/x14Jbjtm/2005-Fly-Eye-reconnaissance-UAV-capt-14-01-25.jpg,2025-01-19,8213,30963,2,380-8213309632
Ukraine,Poland,FlyEye,captured,https://i.postimg.cc/X73QYYDM/2002-Fly-Eye-reconnaissance-UAV-capt-10-04-25.jpg,2025-06-27,8213,30965,2,380-8213309652
Ukraine,Poland,FlyEye,captured,https://i.postimg.cc/KcBG7v2P/2032-Fly-Eye-reconnaissance-UAV-capt-11-04-25.jpg,2025-07-01,8213,30966,2,380-8213309662
Ukraine,Poland,FlyEye,captured,https://i.postimg.cc/KYjzDM9D/2001-Fly-Eye-reconnaissance-UAV-capt-15-05-25.jpg,2025-07-27,8213,30968,2,380-8213309682
Ukraine,Poland,FlyEye,captured,https://i.postimg.cc/TPsP73FM/2002-Fly-Eye-reconnaissance-UAV-capt-15-05-25.jpg,2025-07-27,8213,30969,2,380-8213309692
Ukraine,Poland,FlyEye,captured,https://i.postimg.cc/65dDGScr/2032-Fly-Eye-reconnaissance-UAV-capt-17-05-25.jpg,2025-08-17,8213,30970,2,380-8213309702
Ukraine,Russia,GAZ-3308,captured,https://i.postimg.cc/ZKFx1vPD/776.png,2022-03-26,5541,30973,2,380-5541309732
Ukraine,Soviet Union,GAZ-66,captured,https://i.postimg.cc/9MGPZgQM/Screenshot-8017.png,2022-03-19,5543,30985,2,380-5543309852
Ukraine,Soviet Union,GAZ-66,captured,https://i.postimg.cc/1RVZrFkD/Screenshot-8053.png,2022-03-19,5543,30986,2,380-5543309862
Ukraine,Soviet Union,GAZ-66,captured,https://i.postimg.cc/jdz0Gbd5/Screenshot-8054.png,2022-03-19,5543,30987,2,380-5543309872
Ukraine,Soviet Union,GAZ-66,captured,https://i.postimg.cc/R0vMzqRd/g544.png,2022-03-19,5543,30988,2,380-5543309882
Ukraine,Soviet Union,GAZ-66,captured,https://i.postimg.cc/qR4Nyztq/113.png,2022-03-19,5543,30989,2,380-5543309892
Ukraine,Soviet Union,GAZ-66,captured,https://i.postimg.cc/JnVmfxgG/bl.png,2022-03-19,5543,30990,2,380-5543309902
Ukraine,Soviet Union,GAZ-66,captured,https://i.postimg.cc/VLr5Xr51/542f.png,2022-03-19,5543,30991,2,380-5543309912
Ukraine,Soviet Union,GAZ-66,captured,https://i.postimg.cc/Z507F6Jx/659.png,2022-03-19,5543,30992,2,380-5543309922
Ukraine,Soviet Union,GAZ-66,captured,https://i.postimg.cc/gkG63gXS/g2.png,2022-03-26,5543,30996,2,380-5543309962
Ukraine,Soviet Union,GAZ-66,captured,https://i.postimg.cc/Y0MjfS9G/43.png,2022-03-26,5543,30997,2,380-5543309972
Ukraine,Soviet Union,GAZ-66,captured,https://i.postimg.cc/h40ThkyZ/4370.png,2022-03-26,5543,30998,2,380-5543309982
Ukraine,Soviet Union,GAZ-66,captured,https://i.postimg.cc/xdmGTg40/386.png,2022-03-26,5543,30999,2,380-5543309992
Ukraine,Soviet Union,GAZ-66,captured,https://i.postimg.cc/jSPZqkrv/776.png,2022-03-26,5543,31000,2,380-5543310002
Ukraine,Soviet Union,GAZ-66,captured,https://i.postimg.cc/2SzvZzbq/443.png,2022-03-26,5543,31001,2,380-5543310012
Ukraine,Soviet Union,GAZ-66,captured,https://i.postimg.cc/pddP8SJY/Screenshot-8138.png,2022-03-26,5543,31002,2,380-5543310022
Ukraine,Soviet Union,GAZ-66,captured,https://i.postimg.cc/Ls7FP8X2/Screenshot-8161.png,2022-03-26,5543,31003,2,380-5543310032
Ukraine,Soviet Union,GAZ-66,captured,https://i.postimg.cc/s21R1h3T/Screenshot-8160.png,2022-03-26,5543,31004,2,380-5543310042
Ukraine,Soviet Union,GAZ-66,captured,https://i.postimg.cc/6QKvXBw6/Screenshot-8148.png,2022-03-26,5543,31005,2,380-5543310052
Ukraine,Soviet Union,GAZ-66,captured,https://i.postimg.cc/6QCMtvY4/3d.jpg,2022-04-06,5543,31007,2,380-5543310072
Ukraine,Soviet Union,GAZ-66,captured,https://i.postimg.cc/tJz8byHq/46.png,2022-04-20,5543,31012,2,380-5543310122
Ukraine,Soviet Union,GAZ-66,captured,https://i.postimg.cc/Cxj4pQ45/87.png,2022-04-20,5543,31013,2,380-5543310132
Ukraine,Soviet Union,GAZ-66,captured,https://i.postimg.cc/rFZ5bm4k/588.png,2022-05-01,5543,30590,2,380-5543305902
Ukraine,Soviet Union,GAZ-66,captured,https://i.postimg.cc/NGCNSPrF/4433.png,2022-05-03,5543,31015,2,380-5543310152
Ukraine,Soviet Union,GAZ-66,captured,https://i.postimg.cc/ZKrb3H8r/14.png,2022-05-10,5543,31016,2,380-5543310162
Ukraine,Soviet Union,GAZ-66,captured,https://i.postimg.cc/prPjVJt8/688.jpg,2022-05-13,5543,31017,2,380-5543310172
Ukraine,Soviet Union,GAZ-66,captured,https://i.postimg.cc/65xFtXnZ/2004.jpg,2022-07-21,5543,31019,2,380-5543310192
Ukraine,Soviet Union,GAZ-66,captured,https://postimg.cc/JsnnQ5TW,2022-07-21,5543,31020,2,380-5543310202
Ukraine,Soviet Union,GAZ-66,captured,https://i.postimg.cc/yNymWq1g/2114.jpg,2022-07-21,5543,31021,2,380-5543310212
Ukraine,Soviet Union,GAZ-66,captured,https://i.postimg.cc/P5ksMxmY/33r56.png,2022-10-17,5543,31025,2,380-5543310252
Ukraine,Soviet Union,GMZ-3 minelayer,captured,https://postimg.cc/9wRyy6q6,2022-10-18,5544,31028,2,380-5544310282
Ukraine,Soviet Union,GMZ-3 minelayer,captured,https://i.postimg.cc/GhJBg5Fg/479.png,2022-12-21,5544,31029,2,380-5544310292
Ukraine,Soviet Union,GT-MU AFV converted to APC,captured,https://i.postimg.cc/v8C92pwN/4711.png,2022-04-21,8217,31031,2,380-8217310312
Ukraine,Ukraine,Gyurza-M class gunboat,captured,https://i.postimg.cc/hjqgGwmt/f55.jpg,2022-03-19,8218,31032,2,380-8218310322
Ukraine,Ukraine,Gyurza-M class gunboat,captured,https://i.postimg.cc/Xv5443pP/f6.jpg,2022-03-19,8218,31033,2,380-8218310332
Ukraine,Ukraine,Gyurza-M class gunboat,captured,https://i.postimg.cc/wjr3y0Lx/28.png,2022-04-15,8218,31034,2,380-8218310342
Ukraine,United States,HMMWV,captured,https://i.postimg.cc/GtQ70qYt/4fh.png,2022-03-19,8219,31038,2,380-8219310382
Ukraine,United States,HMMWV,captured,https://i.postimg.cc/zX4hRNMG/4799.png,2022-03-19,8219,31039,2,380-8219310392
Ukraine,United States,HMMWV,captured,https://i.postimg.cc/y88wjYxy/d12.png,2022-03-29,8219,31041,2,380-8219310412
Ukraine,United States,HMMWV,captured,https://i.postimg.cc/zGpRmpJ1/34.png,2022-03-29,8219,31042,2,380-8219310422
Ukraine,United States,HMMWV,captured,https://i.postimg.cc/FR7hwCq6/3255.png,2022-03-30,8219,31044,2,380-8219310442
Ukraine,United States,HMMWV,captured,https://i.postimg.cc/Fshr6p0V/5421.png,2022-03-31,8219,31046,2,380-8219310462
Ukraine,United States,HMMWV,captured,https://i.postimg.cc/zvFc1htz/d2.jpg,2022-04-06,8219,31049,2,380-8219310492
Ukraine,United States,HMMWV,captured,https://i.postimg.cc/63FnxPNL/779.png,2022-04-08,8219,31050,2,380-8219310502
Ukraine,United States,HMMWV,captured,https://i.postimg.cc/J0mpRLkX/5799.png,2022-04-11,8219,31051,2,380-8219310512
Ukraine,United States,HMMWV,captured,https://i.postimg.cc/BbMBs1sW/80.jpg,2022-04-11,8219,31052,2,380-8219310522
Ukraine,United States,HMMWV,captured,https://i.postimg.cc/R0MP7jS3/55.png,2022-04-24,8219,31053,2,380-8219310532
Ukraine,United States,HMMWV,captured,https://i.postimg.cc/7YLY6Kz4/14.png,2022-05-01,8219,31056,2,380-8219310562
Ukraine,United States,HMMWV,captured,https://i.postimg.cc/FzBFNNC6/13.png,2022-05-01,8219,31057,2,380-8219310572
Ukraine,United States,HMMWV,captured,https://i.postimg.cc/8c5k2j4W/12.png,2022-05-01,8219,31058,2,380-8219310582
Ukraine,United States,HMMWV,captured,https://i.postimg.cc/26CSxHB0/r11.png,2022-05-01,8219,31059,2,380-8219310592
Ukraine,United States,HMMWV,captured,https://i.postimg.cc/cCQ4kmGh/438.png,2022-05-01,8219,31060,2,380-8219310602
Ukraine,United States,HMMWV,captured,https://i.postimg.cc/BvCM2mjW/43fs.png,2022-05-28,8219,31062,2,380-8219310622
Ukraine,United States,HMMWV,captured,https://twitter.com/UAWeapons/status/1543548844910206976,2022-07-04,8219,31064,2,380-8219310642
Ukraine,United States,HMMWV,captured,https://i.postimg.cc/vZSvfvgd/2002-M1151-HMMWV.png,2022-08-30,8219,31066,2,380-8219310662
Ukraine,United States,HMMWV,captured,https://i.postimg.cc/jjxC3J44/4311.png,2022-10-11,8219,31072,2,380-8219310722
Ukraine,United States,HMMWV,captured,https://i.postimg.cc/pVCRVXzp/y6.png,2022-10-11,8219,31073,2,380-8219310732
Ukraine,United States,HMMWV Ambulance,captured,https://i.postimg.cc/MHHmB5bG/48800.png,2022-04-13,8220,31076,2,380-8220310762
Ukraine,United States,HMMWV Ambulance,captured,https://i.postimg.cc/XvyMfKLQ/4799.png,2022-04-13,8220,31077,2,380-8220310772
Ukraine,United States,HMMWV Ambulance,captured,https://i.postimg.cc/MK2kh9D5/669.png,2022-05-01,8220,31078,2,380-8220310782
Ukraine,United States,HMMWV Ambulance,captured,https://i.postimg.cc/5tBYFwNk/688.png,2023-04-17,8220,31079,2,380-8220310792
Ukraine,United States,HMMWV Ambulance,captured,https://i.postimg.cc/NMTJsJtb/2018-HMMWV-ambulance-capt-22-02-24.jpg,2024-02-23,8220,31083,2,380-8220310832
Ukraine,United Kingdom,Husky Tactical Support Vehicle,captured,https://i.postimg.cc/y8RKRLyP/2030-Husky-TSV-capt-12-06-23.jpg,2023-06-15,8221,31093,2,380-8221310932
Ukraine,United Kingdom,Husky Tactical Support Vehicle,captured,https://i.postimg.cc/Pfvv46rQ/2016-Husky-dam-capt-20-01-25.jpg,2025-01-25,8221,31102,2,380-8221311022
Ukraine,Soviet Union,IMR-2 combat engineering vehicle,captured,https://i.postimg.cc/BQxfxYwb/446.png,2022-04-13,5545,31107,2,380-5545311072
Ukraine,Soviet Union,IMR-2 combat engineering vehicle,captured,https://i.postimg.cc/Jzmq2gPd/2015-IMR-2-M-combat-engineering-vehicle-capt-17-05-25.jpg,2025-05-23,5545,31128,2,380-5545311282
Ukraine,Soviet Union,IMR-2 combat engineering vehicle,captured,https://i.postimg.cc/t4Gtn7cM/2026-IMR-2-M-combat-engineering-vehicle-capt-05-06-25.jpg,2025-06-12,5545,31131,2,380-5545311312
Ukraine,Soviet Union,IRM 'Zhuk' Engineer Reconnaissance Vehicle,captured,https://postimg.cc/4YzZfG5m,2022-10-18,8223,31149,2,380-8223311492
Ukraine,Soviet Union,Il-76 transport aircraft,captured,https://postlmg.cc/ThyCtysH,2022-08-08,5549,31151,2,380-5549311512
Ukraine,United States,International M1224 MaxxPro,captured,https://i.postimg.cc/MZPmH4Lm/2045-maxxpro-capt-22-05-23.jpg,2023-05-23,8224,31165,2,380-8224311652
Ukraine,United States,International M1224 MaxxPro,captured,https://i.postimg.cc/J4y05Fhq/2001-maxxpro-capt-23-05-23.jpg,2023-05-24,8224,31166,2,380-8224311662
Ukraine,Italy,Iveco LMV,captured,https://i.postimg.cc/02SnRbdR/2201-Iveco-LMV-dam-capt-15-03-25.jpg,2025-03-20,8228,31243,2,380-8228312432
Ukraine,Italy,Iveco LMV,captured,https://i.postimg.cc/cJBzQcYb/2006-Iveco-LMV-capt-31-03-25.jpg,2025-05-12,8228,31247,2,380-8228312472
Ukraine,Ukraine,K1Sh1 command and staff vehicle,captured,https://i.postimg.cc/qB5M9TWT/776.jpg,2022-04-24,8230,31250,2,380-8230312502
Ukraine,Soviet Union,KT-L recovery vehicle,captured,https://i.postimg.cc/t4PD8bdT/2103-ARS-14-decontamination-and-degassing-vehicle-capt-04-03-22.jpg,2024-12-18,8231,31252,2,380-8231312522
Ukraine,Soviet Union,KT-L recovery vehicle,captured,https://i.postimg.cc/xCsPL1Qs/2104-ARS-14-decontamination-and-degassing-vehicle-capt-04-03-22.jpg,2024-12-18,8231,31253,2,380-8231312532
Ukraine,Soviet Union,KamAZ,captured,https://i.postimg.cc/yx42BBdm/u1.png,2022-03-26,8233,31263,2,380-8233312632
Ukraine,Soviet Union,KamAZ,captured,https://postimg.cc/zLGjfVk0,2022-04-17,8233,31264,2,380-8233312642
Ukraine,Soviet Union,KamAZ,captured,https://i.postimg.cc/2yMp268K/tt1.png,2022-04-18,8233,31265,2,380-8233312652
Ukraine,Soviet Union,KamAZ,captured,https://i.postimg.cc/cLZWjvBp/tt2.png,2022-04-18,8233,31266,2,380-8233312662
Ukraine,Soviet Union,KamAZ,captured,https://postimg.cc/yD5fb39R,2022-10-18,8233,31267,2,380-8233312672
Ukraine,Soviet Union,KamAZ,captured,https://i.postimg.cc/Lsc0nTNL/2003-kamaz6x6-dam-capt-28-03-22.jpg,2023-02-05,8233,31273,2,380-8233312732
Ukraine,Soviet Union,KamAZ 6x6,captured,https://i.postimg.cc/bNGwntVm/2012-kamaz6x6-capt-04-03-22.jpg,2023-05-12,5559,31276,2,380-5559312762
Ukraine,Soviet Union,KamAZ 6x6,captured,https://i.postimg.cc/KYP5YYX1/2027-kamaz6x6-capt-25-07-22.jpg,2023-05-23,5559,31277,2,380-5559312772
Ukraine,Soviet Union,KamAZ 6x6,captured,https://i.postimg.cc/PJWMCF40/2013-Kam-AZ-6x6-capt-23-04-22.jpg,2025-02-21,5559,31294,2,380-5559312942
Ukraine,Ukraine,Kozak-2,captured,https://i.postimg.cc/1XzJ7nhW/d2g.png,2022-03-19,8234,31300,2,380-8234313002
Ukraine,Ukraine,Kozak-2,captured,https://i.postimg.cc/kMcBVF09/f4.png,2022-03-19,8234,31301,2,380-8234313012
Ukraine,Ukraine,Kozak-2,captured,https://i.postimg.cc/SK6qfZwB/42g.png,2022-03-19,8234,31302,2,380-8234313022
Ukraine,Ukraine,Kozak-2,captured,https://i.postimg.cc/3JFW2v5Y/13.png,2022-03-19,8234,31303,2,380-8234313032
Ukraine,Ukraine,Kozak-2,captured,https://i.postimg.cc/m2ysRLJL/4313.png,2022-03-26,8234,31304,2,380-8234313042
Ukraine,Ukraine,Kozak-2,captured,https://i.postimg.cc/hjg9rx5h/3d14.png,2022-03-30,8234,31305,2,380-8234313052
Ukraine,Ukraine,Kozak-2,captured,https://i.postimg.cc/Sx36XxJL/431.png,2022-04-06,8234,31307,2,380-8234313072
Ukraine,Ukraine,Kozak-2,captured,https://i.postimg.cc/T2tH9nND/47.png,2022-04-13,8234,31310,2,380-8234313102
Ukraine,Ukraine,Kozak-2,captured,https://i.postimg.cc/KjvxRVmz/77.png,2022-04-13,8234,31311,2,380-8234313112
Ukraine,Ukraine,Kozak-2,captured,https://i.postimg.cc/Ls6bb8HD/4387.png,2022-04-18,8234,31313,2,380-8234313132
Ukraine,Ukraine,Kozak-2,captured,https://i.postimg.cc/05BPGh0h/299.png,2022-04-18,8234,31314,2,380-8234313142
Ukraine,Ukraine,Kozak-2,captured,https://i.postimg.cc/TPgVhKdx/652.jpg,2022-04-25,8234,31317,2,380-8234313172
Ukraine,Ukraine,Kozak-2,captured,https://i.postimg.cc/6QgvmvjC/875.png,2022-05-14,8234,31322,2,380-8234313222
Ukraine,Ukraine,Kozak-2,captured,https://i.postimg.cc/rzXgXHfC/439.png,2022-05-14,8234,31323,2,380-8234313232
Ukraine,Ukraine,Kozak-2,captured,https://i.postimg.cc/xjFvMRPp/477.png,2022-05-29,8234,31326,2,380-8234313262
Ukraine,Ukraine,Kozak-2,captured,https://i.postimg.cc/HkPLj9c0/h7.png,2022-05-31,8234,31327,2,380-8234313272
Ukraine,Ukraine,Kozak-2,captured,https://i.postimg.cc/wB2FBc1t/58.png,2022-06-10,8234,31328,2,380-8234313282
Ukraine,Ukraine,Kozak-2,captured,https://i.postimg.cc/vBGg4Q47/367.png,2022-10-18,8234,31331,2,380-8234313312
Ukraine,Ukraine,Kozak-2,captured,https://postimg.cc/jWZ3mCbb,2022-10-18,8234,31332,2,380-8234313322
Ukraine,Ukraine,Kozak-2,captured,https://postimg.cc/Y4LdPw6C,2022-10-18,8234,31333,2,380-8234313332
Ukraine,Ukraine,Kozak-2,captured,https://postimg.cc/470fJLsW,2022-10-18,8234,31334,2,380-8234313342
Ukraine,Ukraine,Kozak-2,captured,https://i.postimg.cc/0N3zPddK/2105-Kozak-2-capt-27-04-22.jpg,2022-12-05,8234,31344,2,380-8234313442
Ukraine,Ukraine,Kozak-2,captured,https://i.postimg.cc/XJCpJGQH/2106-Kozak-2-capt-27-04-22.jpg,2022-12-05,8234,31345,2,380-8234313452
Ukraine,Ukraine,Kozak-2,captured,https://i.postimg.cc/L6Rn9sfD/2107-Kozak-2-capt-22-07-22.jpg,2022-12-05,8234,31346,2,380-8234313462
Ukraine,Ukraine,Kozak-2,captured,https://i.postimg.cc/2yTDYrFb/762.png,2023-03-27,8234,31357,2,380-8234313572
Ukraine,Ukraine,Kozak-2,captured,https://i.postimg.cc/rFc2Qn20/763.png,2023-03-27,8234,31358,2,380-8234313582
Ukraine,Ukraine,Kozak-2,captured,https://i.postimg.cc/7LRKd6Ct/585.png,2023-03-27,8234,31359,2,380-8234313592
Ukraine,Ukraine,Kozak-2,captured,https://i.postimg.cc/3xB6SYCz/4776.png,2023-03-27,8234,31360,2,380-8234313602
Ukraine,Ukraine,Kozak-2,captured,https://i.postimg.cc/xC6W8zKw/544.png,2023-04-17,8234,31364,2,380-8234313642
Ukraine,Ukraine,Kozak-2,captured,https://i.postimg.cc/3r6pKVX7/2000-Kozak-2-capt-01-03-22.jpg,2024-01-21,8234,31377,2,380-8234313772
Ukraine,Ukraine,Kozak-2,captured,https://i.postimg.cc/JnXKN7g7/2018-Kozak-2-capt-01-03-22.jpg,2024-04-27,8234,31378,2,380-8234313782
Ukraine,Ukraine,Kozak-2M1,captured,https://i.postimg.cc/26hQJK6t/4f1.png,2022-03-26,8235,30266,2,380-8235302662
Ukraine,Ukraine,Kozak-2M1,captured,https://i.postimg.cc/Y9QmHJ7T/5549.png,2022-05-06,8235,31393,2,380-8235313932
Ukraine,Ukraine,Kozak-2M1,captured,https://i.postimg.cc/Zq7phhQw/4r44.png,2022-10-17,8235,31397,2,380-8235313972
Ukraine,Ukraine,Kozak-2M1,captured,https://i.postimg.cc/pTRxW7kb/3435.png,2022-10-27,8235,31399,2,380-8235313992
Ukraine,Ukraine,Kozak-2M1,captured,https://i.postimg.cc/tghjjRhd/4360.png,2023-03-28,8235,31413,2,380-8235314132
Ukraine,Ukraine,Kozak-2M1,captured,https://i.postimg.cc/KY2n71xR/5542.png,2023-04-02,8235,31414,2,380-8235314142
Ukraine,Ukraine,Kozak-2M1,captured,https://i.postimg.cc/1zdHVd19/7j.png,2023-04-17,8235,31415,2,380-8235314152
Ukraine,Ukraine,Kozak-2M1,captured,https://i.postimg.cc/rmqtbBG2/2003-Kozak-2-M1-capt-28-08-24.jpg,2024-09-05,8235,31430,2,380-8235314302
Ukraine,Ukraine,Kozak-5,captured,https://i.postimg.cc/W4Nk0gJQ/2010-Kozak-5-capt-26-07-24.jpg,2024-07-30,8236,31454,2,380-8236314542
Ukraine,Ukraine,KrAZ Cobra,captured,https://i.postimg.cc/W1qPQGGZ/34.png,2022-03-26,8238,31463,2,380-8238314632
Ukraine,Ukraine,KrAZ Cobra,captured,https://i.postimg.cc/d30jkjsf/28.jpg,2022-05-01,8238,31465,2,380-8238314652
Ukraine,Ukraine,KrAZ Cobra,captured,https://i.postimg.cc/t4L7dCLQ/d360.png,2022-10-18,8238,31466,2,380-8238314662
Ukraine,Ukraine,KrAZ Cobra,captured,https://i.postimg.cc/bvZNyBwy/bo.png,2022-10-18,8238,31467,2,380-8238314672
Ukraine,Ukraine,KrAZ Cobra,captured,https://postimg.cc/DSSzRC8z,2022-10-18,8238,31468,2,380-8238314682
Ukraine,Ukraine,KrAZ Cobra,captured,https://i.postimg.cc/8cGg52b8/1359.png,2023-03-28,8238,31471,2,380-8238314712
Ukraine,Ukraine,KrAZ Cobra,captured,https://i.postimg.cc/htY0YYyH/48j.png,2023-04-17,8238,31472,2,380-8238314722
Ukraine,Ukraine,KrAZ Cougar,captured,https://i.postimg.cc/t4WXZNqX/487.png,2022-05-01,8239,31479,2,380-8239314792
Ukraine,Ukraine,KrAZ Cougar,captured,https://i.postimg.cc/dVmfKMQL/5488.png,2022-05-12,8239,31480,2,380-8239314802
Ukraine,Ukraine,KrAZ Cougar,captured,https://i.postimg.cc/85MjB0Wp/457.png,2022-10-18,8239,31481,2,380-8239314812
Ukraine,Ukraine,KrAZ Cougar,captured,https://i.postimg.cc/ZKMHy31F/35570.png,2022-10-19,8239,31482,2,380-8239314822
Ukraine,Ukraine,KrAZ Cougar,captured,https://i.postimg.cc/QxSz28RF/652.png,2023-03-31,8239,31484,2,380-8239314842
Ukraine,Ukraine,KrAZ Spartan,captured,https://i.postimg.cc/2587D8gN/2013-Kr-AZ-Spartan-capt-07-05-22.jpg,2023-07-10,8240,31500,2,380-8240315002
Ukraine,Soviet Union,KrAZ-255B,captured,https://i.postimg.cc/G2jDGvM1/Screenshot-9319.png,2022-03-19,5575,31504,2,380-5575315042
Ukraine,Soviet Union,KrAZ-255B,captured,https://i.postimg.cc/g2gTpp0b/415.png,2022-03-26,5575,31505,2,380-5575315052
Ukraine,Soviet Union,KrAZ-255B,captured,https://i.postimg.cc/1tRY7xj4/Screenshot-8169.png,2022-03-26,5575,31506,2,380-5575315062
Ukraine,Soviet Union,KrAZ-255B,captured,https://i.postimg.cc/cHZMXQ6m/Screenshot-8149.png,2022-03-26,5575,31507,2,380-5575315072
Ukraine,Soviet Union,KrAZ-255B with excavator,captured,https://i.postimg.cc/zBhLwYQk/678.png,2022-03-31,5577,31511,2,380-5577315112
Ukraine,Soviet Union,KrAZ-260,captured,https://i.postimg.cc/C5r6DZvN/776.png,2022-03-26,8242,31515,2,380-8242315152
Ukraine,Soviet Union,KrAZ-260,captured,https://i.postimg.cc/NjFSSs6g/43i.jpg,2022-03-30,8242,31516,2,380-8242315162
Ukraine,Soviet Union,KrAZ-260,captured,https://postimg.cc/0zycVdBZ,2022-10-18,8242,31518,2,380-8242315182
Ukraine,Ukraine,KrAZ-5233,captured,https://i.postimg.cc/fR5HJv28/dd11.png,2022-03-19,8243,31520,2,380-8243315202
Ukraine,Ukraine,KrAZ-5233,captured,https://i.postimg.cc/sfJzxw3j/776.png,2022-03-26,8243,31521,2,380-8243315212
Ukraine,Ukraine,KrAZ-5233,captured,https://i.postimg.cc/vmpRN9VB/480.png,2022-03-26,8243,31522,2,380-8243315222
Ukraine,Ukraine,KrAZ-5233,captured,https://i.postimg.cc/jq49zBZC/480.png,2022-03-26,8243,31523,2,380-8243315232
Ukraine,Ukraine,KrAZ-5233,captured,https://i.postimg.cc/265Nhxbz/393.png,2022-04-18,8243,31524,2,380-8243315242
Ukraine,Ukraine,KrAZ-5233,captured,https://i.postimg.cc/kgbQvfh1/d16.png,2022-05-28,8243,31528,2,380-8243315282
Ukraine,Ukraine,KrAZ-5233,captured,https://postimg.cc/kB31MsSj,2022-10-18,8243,31529,2,380-8243315292
Ukraine,Ukraine,KrAZ-5233,captured,https://i.postimg.cc/2ymcx5p5/2018-Kr-AZ-5233-capt-04-06-22.jpg,2023-02-05,8243,31535,2,380-8243315352
Ukraine,Ukraine,KrAZ-5233,captured,https://i.postimg.cc/CK34jkkQ/2004-Kr-AZ-5233-capt-28-02-22.jpg,2023-03-22,8243,31536,2,380-8243315362
Ukraine,Ukraine,KrAZ-5233,captured,https://i.postimg.cc/mkZZN7gr/2003-Kr-AZ-5233-capt-20-06-22.jpg,2023-06-15,8243,31542,2,380-8243315422
Ukraine,Ukraine,KrAZ-5233,captured,https://i.postimg.cc/fWxRgjt0/555g.png,2023-08-30,8243,31543,2,380-8243315432
Ukraine,Ukraine,KrAZ-6322,captured,https://i.postimg.cc/wM4RWy5K/r3.png,2022-03-19,8244,31556,2,380-8244315562
Ukraine,Ukraine,KrAZ-6322,captured,https://postimg.cc/0zzW9YYS,2022-03-19,8244,31557,2,380-8244315572
Ukraine,Ukraine,KrAZ-6322,captured,https://postimg.cc/G9jSKh34,2022-03-19,8244,31558,2,380-8244315582
Ukraine,Ukraine,KrAZ-6322,captured,https://postimg.cc/v4CPT4hN,2022-03-19,8244,31559,2,380-8244315592
Ukraine,Ukraine,KrAZ-6322,captured,https://postimg.cc/dLpRmzC7,2022-03-19,8244,31560,2,380-8244315602
Ukraine,Ukraine,KrAZ-6322,captured,https://postimg.cc/jC9nGySm,2022-03-19,8244,31561,2,380-8244315612
Ukraine,Ukraine,KrAZ-6322,captured,https://i.postimg.cc/m2sVjnKd/44311.png,2022-03-19,8244,31562,2,380-8244315622
Ukraine,Ukraine,KrAZ-6322,captured,https://i.postimg.cc/QMb9yCQx/447.png,2022-03-19,8244,31563,2,380-8244315632
Ukraine,Ukraine,KrAZ-6322,captured,https://i.postimg.cc/MT0QM4sL/33311.png,2022-03-30,8244,31564,2,380-8244315642
Ukraine,Ukraine,KrAZ-6322,captured,https://i.postimg.cc/50CwqJ19/5444.png,2022-03-30,8244,31565,2,380-8244315652
Ukraine,Ukraine,KrAZ-6322,captured,https://i.postimg.cc/hvdD2hLs/479.png,2022-05-01,8244,31566,2,380-8244315662
Ukraine,Ukraine,KrAZ-6322,captured,https://i.postimg.cc/8c7GjB1r/31.png,2022-05-10,8244,31567,2,380-8244315672
Ukraine,Ukraine,KrAZ-6322,captured,https://i.postimg.cc/5NWBD7d7/1007.png,2022-06-26,8244,31570,2,380-8244315702
Ukraine,Ukraine,KrAZ-6322,captured,https://i.postimg.cc/fTv9pMvy/1008.png,2022-06-26,8244,31571,2,380-8244315712
Ukraine,Ukraine,KrAZ-6322,captured,https://i.postimg.cc/BvCS3ctn/2003-Kr-AZ6322-capt-04-03-22.jpg,2023-05-12,8244,31574,2,380-8244315742
Ukraine,Ukraine,KrAZ-6322,captured,https://i.postimg.cc/CxJcYL9Z/2002-Kr-AZ-6322-capt-11-06-22.jpg,2023-07-14,8244,31576,2,380-8244315762
Ukraine,Ukraine,KrAZ-MPV Shrek One,captured,https://i.postimg.cc/cJ11cr66/431h.png,2022-05-06,8245,31614,2,380-8245316142
Ukraine,Ukraine,KrAZ-MPV Shrek One,captured,https://i.postimg.cc/d0Rrf1C1/5472.png,2022-05-14,8245,31615,2,380-8245316152
Ukraine,United Kingdom,Land Rover Snatch,captured,https://i.postimg.cc/zG4V0NKW/2010-Land-Rover-Snatch-capt-05-12-24.jpg,2024-12-09,8250,31630,2,380-8250316302
Ukraine,United Kingdom,Land Rover Snatch,captured,https://i.postimg.cc/631S7QQG/2001-Land-Rover-Snatch-capt-31-12-23.jpg,2024-12-23,8250,31631,2,380-8250316312
Ukraine,United Kingdom,Land Rover Snatch,captured,https://i.postimg.cc/y8tjbpnB/2028-Land-Rover-Snatch-dam-capt-07-04-25.jpg,2025-04-10,8250,31635,2,380-8250316352
Ukraine,Ukraine,Leleka-100,captured,https://i.postimg.cc/SNqzgSD3/2000-Leleka-uav-dam-capt.jpg,2022-11-24,8251,31639,2,380-8251316392
Ukraine,Ukraine,Leleka-100,captured,https://i.postimg.cc/FRVDWQVs/2002-Leleka-100-capt-31-01-23.jpg,2023-02-05,8251,31641,2,380-8251316412
Ukraine,Ukraine,Leleka-100,captured,https://i.postimg.cc/cJ6LRknm/2010-Leleka-100-reconnaissance-UAV-capt-27-09-22.jpg,2023-02-21,8251,31643,2,380-8251316432
Ukraine,Ukraine,Leleka-100,captured,https://i.postimg.cc/fLHQR4t7/g7.png,2023-04-03,8251,31646,2,380-8251316462
Ukraine,Ukraine,Leleka-100,captured,https://i.postimg.cc/Kzdtp6Db/446.png,2023-04-08,8251,31648,2,380-8251316482
Ukraine,Ukraine,Leleka-100,captured,https://i.postimg.cc/qRtfThq9/2013-leleka100-capt-31-05-23.jpg,2023-06-01,8251,31656,2,380-8251316562
Ukraine,Ukraine,Leleka-100,captured,https://i.postimg.cc/KvxprSfW/2024-leleka100-capt-04-06-23.jpg,2023-06-09,8251,31659,2,380-8251316592
Ukraine,Ukraine,Leleka-100,captured,https://i.postimg.cc/BQ9Jm2kh/2005-leleka-100-uav-05-07-22.jpg,2023-10-22,8251,31667,2,380-8251316672
Ukraine,Ukraine,Leleka-100,captured,https://i.postimg.cc/xCxQ5VSb/2006-leleka100-capt-16-01-23.jpg,2023-11-01,8251,31668,2,380-8251316682
Ukraine,Ukraine,Leleka-100,captured,https://i.postimg.cc/J0B2JD2V/2009-Leleka-100-UAV-capt-29-01-24.jpg,2024-02-09,8251,31677,2,380-8251316772
Ukraine,Ukraine,Leleka-100,captured,https://i.postimg.cc/NfHwymxt/2002-leleka100-capt-11-02-24.jpg,2024-02-18,8251,31680,2,380-8251316802
Ukraine,Ukraine,Leleka-100,captured,https://i.postimg.cc/mD50kgzh/2007-leleka100-capt-12-02-24.jpg,2024-02-18,8251,31681,2,380-8251316812
Ukraine,Ukraine,Leleka-100,captured,https://i.postimg.cc/QCRDc4Tx/2024-Leleka-100-reconnaissance-UAV-capt-23-02-24.jpg,2024-02-29,8251,31684,2,380-8251316842
Ukraine,Ukraine,Leleka-100,captured,https://i.postimg.cc/pd2HQnp8/2010-Leleka-100-reconnaissance-UAV-capt-25-02-24.jpg,2024-02-29,8251,31685,2,380-8251316852
Ukraine,Ukraine,Leleka-100,captured,https://i.postimg.cc/X7xHXc8S/2005-leleka100-capt-24-02-24.jpg,2024-04-08,8251,31691,2,380-8251316912
Ukraine,Ukraine,Leleka-100,captured,https://i.postimg.cc/mr18XxGB/2021-leleka100-capt-02-03-24.jpg,2024-04-08,8251,31692,2,380-8251316922
Ukraine,Ukraine,Leleka-100,captured,https://i.postimg.cc/fTzXnfmy/2006-leleka100-capt-16-03-24.jpg,2024-04-08,8251,31693,2,380-8251316932
Ukraine,Ukraine,Leleka-100,captured,https://i.postimg.cc/kX10H7YK/2011-leleka100-capt-05-04-24.jpg,2024-04-08,8251,31694,2,380-8251316942
Ukraine,Ukraine,Leleka-100,captured,https://i.postimg.cc/CL9TK0qB/2012-Leleka-100-reconnaissance-UAV-capt-31-05-24.jpg,2024-06-06,8251,31711,2,380-8251317112
Ukraine,Ukraine,Leleka-100,captured,https://i.postimg.cc/nhKkfzYg/2005-leleka100-capt-21-06-24.jpg,2024-06-28,8251,31717,2,380-8251317172
Ukraine,Ukraine,Leleka-100,captured,https://i.postimg.cc/d13mC9Pc/2007-leleka100-capt-21-06-24.jpg,2024-06-28,8251,31718,2,380-8251317182
Ukraine,Ukraine,Leleka-100,captured,https://i.postimg.cc/yxgK53vc/2006-Leleka-100-reconnaissance-UAV-capt-26-06-24.jpg,2024-07-06,8251,31719,2,380-8251317192
Ukraine,Ukraine,Leleka-100 reconnaissance UAV,captured,https://i.postimg.cc/Nj2txW1y/d4.png,2022-03-19,8252,31720,2,380-8252317202
Ukraine,Ukraine,Leleka-100 reconnaissance UAV,captured,https://i.postimg.cc/J7NmcVwY/6653.jpg,2022-03-19,8252,31721,2,380-8252317212
Ukraine,Ukraine,Leleka-100 reconnaissance UAV,captured,https://i.postimg.cc/zXvjPkVf/3333.png,2022-10-26,8252,31724,2,380-8252317242
Ukraine,Ukraine,Leleka-100 reconnaissance UAV,captured,https://i.postimg.cc/90K79qWy/4436.png,2022-10-27,8252,31725,2,380-8252317252
Ukraine,Germany,Leopard 2A4,captured,https://i.postimg.cc/j2GY4p34/2107-Leopard-2-A4-dam-capt-10-11-24.jpg,2024-12-11,8253,31744,2,380-8253317442
Ukraine,Germany,Leopard 2A4,captured,https://i.postimg.cc/bry3LxVf/2101-Leopard-2-A4-dam-capt-09-01-25.jpg,2025-05-12,8253,31750,2,380-8253317502
Ukraine,Germany,Leopard 2A6,captured,https://i.postimg.cc/5N2kqkHN/2100-Leopard-2-A6-dam-capt-18-03-25.jpg,2025-06-08,8254,31769,2,380-8254317692
Ukraine,United States,M1114 and M1151 HMMWV,captured,https://i.postimg.cc/Bn1zcrNP/vc.png,2022-10-18,8257,31780,2,380-8257317802
Ukraine,United States,M1114 and M1151 HMMWV,captured,https://i.postimg.cc/d3MkgBV5/fg5.png,2022-10-18,8257,31781,2,380-8257317812
Ukraine,United States,M1114 and M1151 HMMWV,captured,https://i.postimg.cc/YS0H3R5j/f4y.png,2022-10-18,8257,31782,2,380-8257317822
Ukraine,United States,M1114 and M1151 HMMWV,captured,https://i.postimg.cc/T3GgjbB5/554.png,2022-11-03,8257,31784,2,380-8257317842
Ukraine,United States,M1114 and M1151 HMMWV,captured,https://i.postimg.cc/d1n69jtJ/2011-M1114-M1151-HMMWV-capt.png,2022-11-14,8257,31787,2,380-8257317872
Ukraine,United States,M1114 and M1151 HMMWV,captured,https://i.postimg.cc/bJfxGKCs/2001-humwee-capt.jpg,2022-11-21,8257,31789,2,380-8257317892
Ukraine,United States,M1114 and M1151 HMMWV,captured,https://i.postimg.cc/sxsBbfYn/431140.png,2023-04-02,8257,31819,2,380-8257318192
Ukraine,United States,M1114 and M1151 HMMWV,captured,https://i.postimg.cc/65VbG2k1/6980.png,2023-04-02,8257,31820,2,380-8257318202
Ukraine,United States,M1114 and M1151 HMMWV,captured,https://i.postimg.cc/RFshjzFL/7643.png,2023-05-24,8257,31837,2,380-8257318372
Ukraine,United States,M1114 and M1151 HMMWV,captured,https://i.postimg.cc/j2cBVvB8/2002-M1151-HMMWV-capt-15-08-24.jpg,2024-08-18,8257,31880,2,380-8257318802
Ukraine,United States,M1114 and M1151 HMMWV,captured,https://i.postimg.cc/Y9kNK99D/2029-M1151-HMMWV-capt-23-09-24.jpg,2024-09-26,8257,31892,2,380-8257318922
Ukraine,United States,M1114 and M1151 HMMWV,captured,https://i.postimg.cc/GtnfKrQQ/2017-1151-HMMWV-dam-capt-09-12-24.jpg,2024-12-12,8257,31911,2,380-8257319112
Ukraine,United States,M1114 and M1151 HMMWV,captured,https://i.postimg.cc/Dyk0NDYy/2067-M1151-HMMWV-capt-05-03-25.jpg,2025-03-20,8257,31931,2,380-8257319312
Ukraine,United States,M1114 and M1151 HMMWV,captured,https://i.postimg.cc/Pxvf3zWw/2186-M1151-HMMWV-capt-16-03-25.jpg,2025-03-20,8257,31932,2,380-8257319322
Ukraine,United States,M1114 and M1151 HMMWV,captured,https://i.postimg.cc/7Zq6HzkF/2141-M1151-HMMWV-dam-capt-13-03-25.jpg,2025-03-20,8257,31933,2,380-8257319332
Ukraine,United States,M1114 and M1151 HMMWV,captured,https://i.postimg.cc/sxcNzcpf/2051-M1151-HMMWV-capt-21-03-25.jpg,2025-03-24,8257,31937,2,380-8257319372
Ukraine,United States,M1114 and M1151 HMMWV,captured,https://i.postimg.cc/3Jtcbt8n/2055-M1151-HMMWV-capt-21-03-25.jpg,2025-03-24,8257,31938,2,380-8257319382
Ukraine,United States,M1114 and M1151 HMMWV,captured,https://i.postimg.cc/7hCK7F3W/2006-M1151-HMMWV-dam-capt-31-03-25.jpg,2025-05-21,8257,31956,2,380-8257319562
Ukraine,United States,M1126 Stryker,captured,https://i.postimg.cc/zvyT5Gc9/2009-M1126-Stryker-Infantry-Carrier-Vehicle-capt-13-08-24.jpg,2024-08-18,8259,31994,2,380-8259319942
Ukraine,United States,M1126 Stryker,captured,https://i.postimg.cc/Y2FGPsD8/2004-M1126-Stryker-infantry-carrier-vehicle-capt-11-09-24.jpg,2024-09-16,8259,31997,2,380-8259319972
Ukraine,United States,M1126 Stryker,captured,https://i.postimg.cc/D0b3T2Y1/2012-M1126-Stryker-infantry-carrier-vehicle-capt-10-10-24.jpg,2024-10-22,8259,32005,2,380-8259320052
Ukraine,United States,M1126 Stryker,captured,https://i.postimg.cc/0NVgxRNR/2131-M1126-Stryker-infantry-carrier-vehicle-capt-13-03-25.jpg,2025-03-20,8259,32029,2,380-8259320292
Ukraine,United States,M1126 Stryker,captured,https://i.postimg.cc/fWxDvJvq/2245-M1126-Stryker-infantry-carrier-vehicle-capt-16-03-25.jpg,2025-03-20,8259,32030,2,380-8259320302
Ukraine,United States,M1126 Stryker,captured,https://i.postimg.cc/kGFCMp4P/2246-M1126-Stryker-infantry-carrier-vehicle-capt-19-03-25.jpg,2025-03-20,8259,32031,2,380-8259320312
Ukraine,United States,M1126 Stryker,captured,https://i.postimg.cc/8cD5F1xk/2000-M1126-Stryker-infantry-carrier-vehicle-capt-16-03-25.jpg,2025-03-24,8259,32034,2,380-8259320342
Ukraine,Denmark,M113G3DK/G4DK,captured,https://i.postimg.cc/RFkyNkvG/2104-M113-G4-DK-capt-11-08-24.jpg,2024-09-19,8260,32053,2,380-8260320532
Ukraine,United States,M1152 HMMWV,captured,https://i.postimg.cc/N0Tjb8wq/2007-M1152-HMMWV-capt-11-07-24.jpg,2024-07-15,8261,32076,2,380-8261320762
Ukraine,United States,M1152 HMMWV,captured,https://i.postimg.cc/1zn2FDZM/2016-M1152-HMMWV-capt-20-03-25.jpg,2025-03-24,8261,32102,2,380-8261321022
Ukraine,United States,M1152 HMMWV,captured,https://i.postimg.cc/657YvMzK/2068-M1152-HMMWV-capt-31-03-25.jpg,2025-04-07,8261,32107,2,380-8261321072
Ukraine,United States,M2A2 Bradley ODS-SA,captured,https://i.postimg.cc/L839gqyv/2007-bradley-capt-22-11-23.jpg,2023-12-04,8262,32178,2,380-8262321782
Ukraine,United States,M2A2 Bradley ODS-SA,captured,https://i.postimg.cc/tgDjtfFg/2020-bradley-dam-capt-20-02-24.jpg,2024-02-28,8262,32188,2,380-8262321882
Ukraine,United States,M2A2 Bradley ODS-SA,captured,https://i.postimg.cc/nr3258gR/2005-bradley-dam-capt-30-03-24.jpg,2024-04-08,8262,32195,2,380-8262321952
Ukraine,United States,M2A2 Bradley ODS-SA,captured,https://i.postimg.cc/1XGfd4Kt/2100-M2-A2-Bradley-ODS-SA-dam-capt-08-04-24.jpg,2024-04-11,8262,32196,2,380-8262321962
Ukraine,United States,M2A2 Bradley ODS-SA,captured,https://i.postimg.cc/ncCmrSgz/2600-M2-A2-Bradley-ODS-SA-capt-22-10-24.jpg,2024-10-23,8262,32233,2,380-8262322332
Ukraine,United States,M2A2 Bradley ODS-SA,captured,https://i.postimg.cc/PrW2WHNF/2101-M2-A2-Bradley-ODS-SA-capt-09-09-24.jpg,2024-11-21,8262,32239,2,380-8262322392
Ukraine,United States,M2A2 Bradley ODS-SA,captured,https://i.postimg.cc/Qd2BXq0N/2032-M2-A2-Bradley-ODS-SA-capt-31-08-24.jpg,2025-01-07,8262,32254,2,380-8262322542
Ukraine,United States,M2A2 Bradley ODS-SA,captured,https://i.postimg.cc/HxcFL5wc/2023-M2-A2-Bradley-ODS-SA-dam-capt-31-01-25.jpg,2025-02-03,8262,32268,2,380-8262322682
Ukraine,United States,M2A2 Bradley ODS-SA,captured,https://i.postimg.cc/jq1Qn81H/2088-M2-A2-Bradley-ODS-SA-capt-12-11-24.jpg,2025-03-20,8262,32283,2,380-8262322832
Ukraine,United States,M2A2 Bradley ODS-SA,captured,https://i.postimg.cc/7YT133vp/2174-M2-A2-Bradley-ODS-SA-capt-17-03-25.jpg,2025-03-20,8262,32284,2,380-8262322842
Ukraine,United States,M2A2 Bradley ODS-SA,captured,https://i.postimg.cc/nVsQVYpj/2222-M2-A2-Bradley-ODS-SA-dam-capt-18-03-25.jpg,2025-03-20,8262,32285,2,380-8262322852
Ukraine,United States,M2A2 Bradley ODS-SA,captured,https://i.postimg.cc/DzTwqj6B/2009-M2-A2-Bradley-ODS-SA-capt-24-04-25.jpg,2025-05-12,8262,32299,2,380-8262322992
Ukraine,United States,M2A2 Bradley ODS-SA,captured,https://i.postimg.cc/PrgCzLYx/2000-M2-A2-Bradley-ODS-SA-capt-11-05-25.jpg,2025-08-14,8262,32310,2,380-8262323102
Ukraine,United States,M88A1 armoured recovery vehicle,captured,https://i.postimg.cc/cCTzy30b/2100-M88-A1-arv-capt-25-04-24.jpg,2024-04-26,8263,32312,2,380-8263323122
Ukraine,United States,M998 HMMWV,captured,https://i.postimg.cc/SNh21KcF/4t60.png,2022-10-19,8264,32313,2,380-8264323132
Ukraine,United States,M998 HMMWV,captured,https://i.postimg.cc/XNhQ6CWh/4f.png,2022-11-03,8264,32314,2,380-8264323142
Ukraine,United States,M998 HMMWV,captured,https://i.postimg.cc/zXpQRT8R/2023-HMMWV-M998-capt-19-04-22.jpg,2023-01-10,8264,32316,2,380-8264323162
Ukraine,United States,M998 HMMWV,captured,https://i.postimg.cc/KvmVz0S2/2024-HMMWV-M998-capt-19-04-22.jpg,2023-01-10,8264,32317,2,380-8264323172
Ukraine,United States,M998 HMMWV,captured,https://i.postimg.cc/76ffwygM/5g2.png,2023-04-01,8264,32319,2,380-8264323192
Ukraine,United States,M998 HMMWV,captured,https://i.postimg.cc/rmNbC9kq/225.png,2023-04-08,8264,32320,2,380-8264323202
Ukraine,United States,M998 HMMWV,captured,https://i.postimg.cc/2ySQSFm6/2028-HMMWV-M998-capt-16-05-22.jpg,2023-05-23,8264,32321,2,380-8264323212
Ukraine,Belarus,MAZ,captured,https://i.postimg.cc/7LSW8dKp/35.png,2022-03-19,8265,32340,2,380-8265323402
Ukraine,Belarus,MAZ,captured,https://i.postimg.cc/SRCTJyXT/68.png,2022-03-26,8265,32341,2,380-8265323412
Ukraine,Soviet Union,MAZ-537,captured,https://i.postimg.cc/7LSW8dKp/35.png,2022-03-19,8268,32340,2,380-8268323402
Ukraine,United Kingdom,MBT LAW 'NLAW',captured,https://twitter.com/Caucasuswar/status/1497165090835083293,2022-03-19,8269,32351,2,380-8269323512
Ukraine,United Kingdom,MBT LAW 'NLAW',captured,https://i.postimg.cc/RCdVxFvX/772.png,2022-03-19,8269,32352,2,380-8269323522
Ukraine,United Kingdom,MBT LAW 'NLAW',captured,https://i.postimg.cc/4xhpF2Yg/5549.png,2022-03-19,8269,29148,2,380-8269291482
Ukraine,United Kingdom,MBT LAW 'NLAW',captured,https://i.postimg.cc/MKdRbP30/f24.png,2022-03-19,8269,29150,2,380-8269291502
Ukraine,United Kingdom,MBT LAW 'NLAW',captured,https://i.postimg.cc/pVq0Pj4t/31.png,2022-03-19,8269,32353,2,380-8269323532
Ukraine,United Kingdom,MBT LAW 'NLAW',captured,https://i.postimg.cc/J4ZQZ9nR/43f1.png,2022-03-19,8269,32354,2,380-8269323542
Ukraine,United Kingdom,MBT LAW 'NLAW',captured,https://i.postimg.cc/xdCxvthg/4fsh.png,2022-03-19,8269,32355,2,380-8269323552
Ukraine,United Kingdom,MBT LAW 'NLAW',captured,https://i.postimg.cc/9X481jx4/7o.png,2022-03-19,8269,32356,2,380-8269323562
Ukraine,United Kingdom,MBT LAW 'NLAW',captured,https://i.postimg.cc/V68k0WHZ/554.png,2022-03-30,8269,32357,2,380-8269323572
Ukraine,Soviet Union,MDK-3 trench-digging vehicle,captured,https://i.postimg.cc/ZYVS4vtw/3321.png,2022-03-26,5582,32358,2,380-5582323582
Ukraine,Soviet Union,MT-LB,captured,https://i.postimg.cc/fTkR5p00/12.png,2022-03-19,5584,32364,2,380-5584323642
Ukraine,Soviet Union,MT-LB,captured,https://i.postimg.cc/66vbq3wB/776.png,2022-03-26,5584,32365,2,380-5584323652
Ukraine,Soviet Union,MT-LB,captured,https://i.postimg.cc/VN0nrrkm/2000-mtlb-and-bmp2-capt-05-02-23.jpg,2023-02-12,5584,29114,2,380-5584291142
Ukraine,Soviet Union,MT-LB,captured,https://i.postimg.cc/br0JNKt1/2004-mtlb-capt-11-02-23.jpg,2023-02-13,5584,32383,2,380-5584323832
Ukraine,Soviet Union,MT-LB,captured,https://i.postimg.cc/hGNgSyJz/2014-mtlb-capt-04-03-22.jpg,2023-05-12,5584,32394,2,380-5584323942
Ukraine,Ukraine,MT-LB Ambulance,captured,https://i.postimg.cc/hPb8k9Qw/8744.png,2022-06-29,5585,32436,2,380-5585324362
Ukraine,Ukraine,MT-LB Ambulance,captured,https://i.postimg.cc/m2tfxBb9/d1.png,2022-06-29,5585,32437,2,380-5585324372
Ukraine,Soviet Union,MT-LB with ZU-23 AA gun,captured,https://i.postimg.cc/kMw23yTN/37h.png,2022-03-19,5588,32438,2,380-5588324382
Ukraine,Soviet Union,MT-LB with ZU-23 AA gun,captured,https://i.postimg.cc/wxrq7CY2/4f4.png,2022-04-04,5588,32439,2,380-5588324392
Ukraine,Soviet Union,MT-LBu,captured,https://i.postimg.cc/qqpf540b/a1.png,2022-03-19,5591,32469,2,380-5591324692
Ukraine,Soviet Union,MT-LBu,captured,https://i.postimg.cc/RhB7NvQ0/776.png,2022-03-26,5591,32470,2,380-5591324702
Ukraine,Soviet Union,MT-LBu,captured,https://i.postimg.cc/J0LLXs5R/2010-mtlbu-capt-04-05-23.jpg,2023-05-12,5591,32471,2,380-5591324712
Ukraine,United Kingdom,Malloy Aeronautics T150 cargo UAV,captured,https://i.postimg.cc/zGkfJxZB/2033-Malloy-Aeronautics-capt-31-05-23.jpg,2023-06-04,8272,32478,2,380-8272324782
Ukraine,United Kingdom,Malloy Aeronautics T150 cargo UAV,captured,https://i.postimg.cc/rynQDw0S/38.png,2023-09-03,8272,32479,2,380-8272324792
Ukraine,Estonia,Mamba,captured,https://i.postimg.cc/ncYNtbtQ/659.png,2022-06-26,8273,32481,2,380-8273324812
Ukraine,Germany,Marder 1A3,captured,https://i.postimg.cc/fRGK1fqN/2019-Marder-1-A3-capt-24-03-24.jpg,2024-04-08,8274,32495,2,380-8274324952
Ukraine,Germany,Marder 1A3,captured,https://i.postimg.cc/rmWTN4LK/2019-Marder-1-A3-capt-22-07-24.jpg,2024-08-15,8274,32505,2,380-8274325052
Ukraine,Germany,Marder 1A3,captured,https://i.postimg.cc/qMPWJsw1/2012-Marder-1-A3-capt-08-09-24.jpg,2024-09-13,8274,32510,2,380-8274325102
Ukraine,Soviet Union,Mi-2 training helicopter,captured,https://i.postimg.cc/htNmVbzn/887.png,2022-05-31,8278,32515,2,380-8278325152
Ukraine,Soviet Union,Mi-2 transport helicopter,captured,https://i.postimg.cc/m2BKmr6b/877.png,2022-04-06,8279,32519,2,380-8279325192
Ukraine,Ukraine,NOTA,captured,https://i.postimg.cc/PxMv7FNc/4437.png,2022-06-06,8282,32565,2,380-8282325652
Ukraine,Ukraine,Novator,captured,https://i.postimg.cc/9XsNHnMW/ad4.png,2022-03-19,8283,32567,2,380-8283325672
Ukraine,Ukraine,Novator,captured,https://i.postimg.cc/pT6yB3Vt/43133.png,2022-03-26,8283,32570,2,380-8283325702
Ukraine,Ukraine,Novator,captured,https://i.postimg.cc/0NjZLhGD/3189.png,2022-03-30,8283,32572,2,380-8283325722
Ukraine,Ukraine,Novator,captured,https://i.postimg.cc/Ls6bb8HD/4387.png,2022-04-18,8283,31313,2,380-8283313132
Ukraine,Ukraine,Novator,captured,https://i.postimg.cc/tC4JjR5z/2007-novator-capt-09-10-22.jpg,2023-02-13,8283,32578,2,380-8283325782
Ukraine,Ukraine,Novator,captured,https://i.postimg.cc/L5HXhmM2/2013-novator-capt-18-05-22.jpg,2023-02-13,8283,32579,2,380-8283325792
Ukraine,United States,Oshkosh M-ATV,captured,https://twitter.com/UAWeapons/status/1671476846855110657,2023-06-23,8284,32608,2,380-8284326082
Ukraine,United States,Oshkosh M-ATV,captured,https://i.postimg.cc/x821Xgp4/2064-Oshkosh-M-ATV-capt-17-10-24.jpg,2024-10-22,8284,32625,2,380-8284326252
Ukraine,United States,Oshkosh M-ATV,captured,https://i.postimg.cc/BQpgnbR6/2038-Oshkosh-M-ATV-capt-08-03-25.jpg,2025-03-24,8284,32632,2,380-8284326322
Ukraine,Ukraine,P-18 'Malakhit',captured,https://i.postimg.cc/0yLgprHM/470.png,2022-04-18,8286,32637,2,380-8286326372
Ukraine,Soviet Union,P-18 'Spoon Rest D',captured,https://i.postimg.cc/05C9PWrs/3270.png,2022-05-03,8287,32651,2,380-8287326512
Ukraine,Soviet Union,PRV-11 'Side Net',captured,https://i.postimg.cc/kG7k6sVR/47.png,2022-05-03,8293,32675,2,380-8293326752
Ukraine,Soviet Union,PRV-13 'Odd Pair',captured,https://i.postimg.cc/K8PQrnB2/360.png,2022-10-18,8294,32677,2,380-8294326772
Ukraine,Soviet Union,PTS-3 tracked amphibious transport,captured,https://postimg.cc/bsfZ6SXD,2022-10-18,5618,32682,2,380-5618326822
Ukraine,Sweden,Pbv 501A,captured,https://i.postimg.cc/GmGykGXt/2005-Pb-V-501-capt-05-03-23.jpg,2023-03-07,8297,32686,2,380-8297326862
Ukraine,Sweden,Pbv 501A,captured,https://i.postimg.cc/BQYQJ2Ch/2005-Pb-V-501-capt-05-03-23.jpg,2023-03-08,8297,32687,2,380-8297326872
Ukraine,Sweden,Pbv 501A,captured,https://i.postimg.cc/VLnB3cWJ/2015-BWP-1-capt-15-12-23.jpg,2024-04-08,8297,32693,2,380-8297326932
Ukraine,Soviet Union,R-145BM1 command vehicle,captured,https://i.postimg.cc/nVsmGbjV/32.png,2022-05-01,5632,32711,2,380-5632327112
Ukraine,Soviet Union,R-145BM1 command vehicle,captured,https://i.postimg.cc/3xZhwSqy/446.png,2022-06-26,5632,32712,2,380-5632327122
Ukraine,Ukraine,RK-3 Corsar,captured,https://i.postimg.cc/h4sVF71y/c56.png,2022-03-19,8305,32714,2,380-8305327142
Ukraine,Ukraine,RK-3 Corsar,captured,https://i.postimg.cc/Y9CBgSvz/1g.png,2022-03-19,8305,32715,2,380-8305327152
Ukraine,Ukraine,RK-3 Corsar,captured,https://i.postimg.cc/MKcWmvF5/329.png,2022-03-27,8305,32716,2,380-8305327162
Ukraine,Ukraine,RK-3 Corsar,captured,https://i.postimg.cc/V68k0WHZ/554.png,2022-03-30,8305,32357,2,380-8305323572
Ukraine,Soviet Union,RKhM 'Kashalot',captured,https://i.postimg.cc/FK0113Pj/776.png,2022-03-26,8306,32717,2,380-8306327172
Ukraine,Soviet Union,RKhM 'Kashalot',captured,https://i.postimg.cc/J7FjSqDK/2045-RKh-M-Kashalot-capt-04-03-22.jpg,2023-05-10,8306,32719,2,380-8306327192
Ukraine,Soviet Union,SNAR-10 battlefield surveillance radar,captured,https://i.postimg.cc/c4DVgZbq/224.png,2022-03-19,8307,32721,2,380-8307327212
Ukraine,Soviet Union,SNAR-10 battlefield surveillance radar,captured,https://i.postimg.cc/T1D2X7fy/jm.png,2022-10-17,8307,32722,2,380-8307327222
Ukraine,Soviet Union,Sapphire search and rescue vessel (Operated by the Maritime Search and Rescue Service of Ukraine),captured,https://i.postimg.cc/gk6YR94J/7766.png,2022-03-30,8309,32729,2,380-8309327292
Ukraine,Ukraine,Shark,captured,https://i.postimg.cc/pTBKbq8f/54.png,2023-09-03,8310,32734,2,380-8310327342
Ukraine,Ukraine,Shark,captured,https://i.postimg.cc/QMx6Sm3k/2033-Shark-reconnaissance-UAV-capt-24-08-24.jpg,2024-08-28,8310,32749,2,380-8310327492
Ukraine,Ukraine,Shark-D,captured,https://i.postimg.cc/pXXfBf4W/2012-Shark-D-reconnaissance-UAV-capt-21-01-25.jpg,2025-01-25,8311,32752,2,380-8311327522
Ukraine,Ukraine,Shark-D,captured,https://i.postimg.cc/MZVBHcj8/2027-Shark-D-reconnaissance-UAV-capt-06-05-25.jpg,2025-07-19,8311,32758,2,380-8311327582
Ukraine,Finland,Sisu XA-185,captured,https://i.postimg.cc/s2969K9K/2003-Sisu-XA-185-capt-09-03-25.jpg,2025-08-14,8312,32775,2,380-8312327752
Ukraine,Ukraine,Small patrol boats (Sea Guard),captured,https://i.postimg.cc/15KK7NBC/v7.jpg,2022-03-19,8313,32776,2,380-8313327762
Ukraine,Ukraine,Small patrol boats (Sea Guard),captured,https://i.postimg.cc/J4hymDmd/c0.jpg,2022-03-19,8313,32777,2,380-8313327772
Ukraine,Ukraine,Small patrol boats (Sea Guard),captured,https://i.postimg.cc/kMQZ9Gw8/d9.jpg,2022-03-19,8313,32778,2,380-8313327782
Ukraine,Ukraine,Small patrol boats (Sea Guard),captured,https://i.postimg.cc/HxQSpv0H/d2.jpg,2022-03-19,8313,32779,2,380-8313327792
Ukraine,Ukraine,Small patrol boats (Sea Guard),captured,https://i.postimg.cc/9QK1yHJC/dg.jpg,2022-03-19,8313,32780,2,380-8313327802
Ukraine,Ukraine,Small patrol boats (Sea Guard),captured,https://i.postimg.cc/7LS17G5n/g9.jpg,2022-03-19,8313,32781,2,380-8313327812
Ukraine,Ukraine,Small patrol boats (Sea Guard),captured,https://i.postimg.cc/rpyDgH04/32.png,2022-04-20,8313,32782,2,380-8313327822
Ukraine,Ukraine,Small patrol boats (Sea Guard),captured,https://i.postimg.cc/R0pnx9T5/578.png,2022-04-23,8313,32783,2,380-8313327832
Ukraine,Ukraine,Small patrol boats (Sea Guard),captured,https://i.postimg.cc/fRS41cLr/2141-Small-sea-guard-patrol-boats-capt-01-05-22.jpg,2022-12-05,8313,32784,2,380-8313327842
Ukraine,Ukraine,Small patrol boats (Sea Guard),captured,https://i.postimg.cc/xdWmxpyN/2002-Sea-Guard-BG23-capt-14-03-22.jpg,2023-01-10,8313,32785,2,380-8313327852
Ukraine,Soviet Union,Sorum class seagoing tugboat 'Korets' ''A830 or P186'',captured,https://i.postimg.cc/rw5PwbFs/64.jpg,2022-03-26,8314,32786,2,380-8314327862
Ukraine,Soviet Union,Sorum-class seagoing tugboat 'Korets' ''A830 or P186'',captured,https://i.postimg.cc/rw5PwbFs/64.jpg,2022-03-19,8315,32786,2,380-8315327862
Ukraine,Ukraine,Spaitech Sparrow,captured,https://i.postimg.cc/qBDxh1tk/2001-Spaitech-Sparrow-UAV-capt-28-10-22.jpg,2023-01-22,8316,32787,2,380-8316327872
Ukraine,Ukraine,Spaitech Sparrow,captured,https://i.postimg.cc/3rvkZSxF/2012-Spaitech-Sparrow-UAV-capt-19-06-23.jpg,2023-06-28,8316,32788,2,380-8316327882
Ukraine,Ukraine,Spaitech Sparrow reconnaissance UAV,captured,https://i.postimg.cc/D090Ds6d/d138.jpg,2022-05-08,8317,32790,2,380-8317327902
Ukraine,Ukraine,Spectator-M1,captured,https://i.postimg.cc/mk5GB7Ff/5.png,2023-06-23,8318,32792,2,380-8318327922
Ukraine,Ukraine,Spectator-M1 reconnaissance UAV,captured,https://i.postimg.cc/TwfHPPLT/55.png,2022-06-26,8319,32794,2,380-8319327942
Ukraine,Ukraine,T-64 mine clearing roller tank,captured,https://i.postimg.cc/4d5f8ptm/image.jpg,2022-10-19,8327,32853,2,380-8327328532
Ukraine,Soviet Union,T-64A,captured,https://i.postimg.cc/kXYMFPXM/39.jpg,2022-05-03,8329,32856,2,380-8329328562
Ukraine,Soviet Union,T-64B,captured,https://i.postimg.cc/9fH0rFwJ/2000-t64b-capt-04-03-22.jpg,2022-12-05,8330,32859,2,380-8330328592
Ukraine,Ukraine,T-64B1M,captured,https://i.postimg.cc/yYvXnZnp/489.png,2022-04-20,8331,32862,2,380-8331328622
Ukraine,Ukraine,T-64B1M,captured,https://i.postimg.cc/XJSkJxHf/58.png,2022-05-23,8331,32863,2,380-8331328632
Ukraine,Ukraine,T-64B1M,captured,https://i.postimg.cc/VvdVvL8L/d3.png,2022-05-28,8331,32864,2,380-8331328642
Ukraine,Ukraine,T-64B1M,captured,https://i.postimg.cc/76RdfgGd/11d.png,2022-05-29,8331,32865,2,380-8331328652
Ukraine,Ukraine,T-64B1M,captured,https://twitter.com/Militarylandnet/status/1549028799949508610,2022-07-19,8331,32866,2,380-8331328662
Ukraine,Ukraine,T-64B1M,captured,https://i.postimg.cc/SsBBNR2Q/2000.jpg,2022-07-25,8331,32867,2,380-8331328672
Ukraine,Ukraine,T-64B1M,captured,https://i.postimg.cc/vH3Kk4z9/678.png,2022-10-17,8331,32868,2,380-8331328682
Ukraine,Ukraine,T-64B1M,captured,https://i.postimg.cc/FHz64hW6/43779.png,2022-10-17,8331,32869,2,380-8331328692
Ukraine,Ukraine,T-64B1M,captured,https://i.postimg.cc/SNXxdzWg/2001-T-64-B1-M-capt-17-07-22.jpg,2022-12-05,8331,32871,2,380-8331328712
Ukraine,Ukraine,T-64BM 'Bulat',captured,https://i.postimg.cc/zfM54XwB/41.png,2022-05-03,8332,32876,2,380-8332328762
Ukraine,Ukraine,T-64BM 'Bulat',captured,https://i.postimg.cc/q7x0jxG7/85.png,2022-05-20,8332,32877,2,380-8332328772
Ukraine,Ukraine,T-64BM 'Bulat',captured,https://i.postimg.cc/zD2fTkRL/2002-T-64-BM-capt-Bulat-22-04-22.jpg,2022-12-05,8332,32882,2,380-8332328822
Ukraine,Soviet Union,T-64BV,captured,https://i.postimg.cc/6QWhgDnj/j8.png,2022-03-19,5666,32936,2,380-5666329362
Ukraine,Soviet Union,T-64BV,captured,https://i.postimg.cc/1Xj69nby/316.png,2022-03-19,5666,32937,2,380-5666329372
Ukraine,Soviet Union,T-64BV,captured,https://i.postimg.cc/9fjZRhmN/t2.png,2022-03-19,5666,32938,2,380-5666329382
Ukraine,Soviet Union,T-64BV,captured,https://i.postimg.cc/6pZCp3Xv/t1.png,2022-03-19,5666,32939,2,380-5666329392
Ukraine,Soviet Union,T-64BV,captured,https://i.postimg.cc/280btFGT/d3.png,2022-03-19,5666,32940,2,380-5666329402
Ukraine,Soviet Union,T-64BV,captured,https://i.postimg.cc/VLvLJy9B/f33.png,2022-03-19,5666,32941,2,380-5666329412
Ukraine,Soviet Union,T-64BV,captured,https://i.postimg.cc/nhxjsB2y/f565.png,2022-03-19,5666,32942,2,380-5666329422
Ukraine,Soviet Union,T-64BV,captured,https://i.postimg.cc/hjy9hdTX/24.png,2022-03-19,5666,32943,2,380-5666329432
Ukraine,Soviet Union,T-64BV,captured,https://i.postimg.cc/L88FZp4R/d135.png,2022-03-19,5666,32944,2,380-5666329442
Ukraine,Soviet Union,T-64BV,captured,https://i.postimg.cc/Qdn1WwKw/fgj.png,2022-03-19,5666,32945,2,380-5666329452
Ukraine,Soviet Union,T-64BV,captured,https://i.postimg.cc/hhF2509S/270.png,2022-03-19,5666,32946,2,380-5666329462
Ukraine,Soviet Union,T-64BV,captured,https://i.postimg.cc/XNRTR2Dw/ff23.jpg,2022-03-19,5666,32947,2,380-5666329472
Ukraine,Soviet Union,T-64BV,captured,https://i.postimg.cc/fTY6Dx61/ff24.jpg,2022-03-19,5666,32948,2,380-5666329482
Ukraine,Soviet Union,T-64BV,captured,https://i.postimg.cc/nrZLNHw2/ca1.png,2022-03-19,5666,32949,2,380-5666329492
Ukraine,Soviet Union,T-64BV,captured,https://i.postimg.cc/qR73wNL8/31d.png,2022-03-19,5666,32950,2,380-5666329502
Ukraine,Soviet Union,T-64BV,captured,https://i.postimg.cc/nL9rTN9h/r134.png,2022-03-19,5666,32951,2,380-5666329512
Ukraine,Soviet Union,T-64BV,captured,https://i.postimg.cc/3Rpyrz3c/r133.png,2022-03-19,5666,32952,2,380-5666329522
Ukraine,Soviet Union,T-64BV,captured,https://i.postimg.cc/2y3ZvYBj/447.png,2022-03-19,5666,32953,2,380-5666329532
Ukraine,Soviet Union,T-64BV,captured,https://i.postimg.cc/k5dJtVjX/4f28.png,2022-03-19,5666,32954,2,380-5666329542
Ukraine,Soviet Union,T-64BV,captured,https://i.postimg.cc/VN6JN05r/ff7.png,2022-03-19,5666,32955,2,380-5666329552
Ukraine,Soviet Union,T-64BV,captured,https://i.postimg.cc/G2TXN9cy/5g2.png,2022-03-19,5666,32956,2,380-5666329562
Ukraine,Soviet Union,T-64BV,captured,https://i.postimg.cc/0jpxNpJv/43177.png,2022-03-19,5666,32957,2,380-5666329572
Ukraine,Soviet Union,T-64BV,captured,https://i.postimg.cc/WzKkTv85/4433.png,2022-03-26,5666,32960,2,380-5666329602
Ukraine,Soviet Union,T-64BV,captured,https://i.postimg.cc/rpCqm3R9/3fh.png,2022-03-26,5666,32961,2,380-5666329612
Ukraine,Soviet Union,T-64BV,captured,https://i.postimg.cc/VvnhdCCd/135.png,2022-03-26,5666,32962,2,380-5666329622
Ukraine,Soviet Union,T-64BV,captured,https://i.postimg.cc/g0GqzfGF/da1.png,2022-03-26,5666,32963,2,380-5666329632
Ukraine,Soviet Union,T-64BV,captured,https://postlmg.cc/56yhT3pX,2022-03-26,5666,25769,2,380-5666257692
Ukraine,Soviet Union,T-64BV,captured,https://i.postimg.cc/tTcRjW4p/h4.jpg,2022-04-04,5666,32969,2,380-5666329692
Ukraine,Soviet Union,T-64BV,captured,https://i.postimg.cc/BQjyj4bG/488.png,2022-04-11,5666,32975,2,380-5666329752
Ukraine,Soviet Union,T-64BV,captured,https://i.postimg.cc/W1WwgJHW/86.png,2022-04-11,5666,32976,2,380-5666329762
Ukraine,Soviet Union,T-64BV,captured,https://i.postimg.cc/9Qsjm1hC/580.png,2022-04-11,5666,32977,2,380-5666329772
Ukraine,Soviet Union,T-64BV,captured,https://i.postimg.cc/sDFKKK91/54.png,2022-04-13,5666,32980,2,380-5666329802
Ukraine,Soviet Union,T-64BV,captured,https://i.postimg.cc/gjpfPnRp/5j.png,2022-04-13,5666,32981,2,380-5666329812
Ukraine,Soviet Union,T-64BV,captured,https://i.postimg.cc/yxJgybJk/5t.png,2022-04-13,5666,32982,2,380-5666329822
Ukraine,Soviet Union,T-64BV,captured,https://i.postimg.cc/vHhDkn9Q/4f.png,2022-04-13,5666,32983,2,380-5666329832
Ukraine,Soviet Union,T-64BV,captured,https://i.postimg.cc/JzrNdFy7/478.png,2022-04-13,5666,32984,2,380-5666329842
Ukraine,Soviet Union,T-64BV,captured,https://i.postimg.cc/3r9hx6BG/54.jpg,2022-04-13,5666,32985,2,380-5666329852
Ukraine,Soviet Union,T-64BV,captured,https://i.postimg.cc/cCFqFNny/657.png,2022-04-13,5666,32986,2,380-5666329862
Ukraine,Soviet Union,T-64BV,captured,https://i.postimg.cc/3J251m83/38.png,2022-04-16,5666,30719,2,380-5666307192
Ukraine,Soviet Union,T-64BV,captured,https://i.postimg.cc/YS1Yrpw6/63.png,2022-04-16,5666,32991,2,380-5666329912
Ukraine,Soviet Union,T-64BV,captured,https://i.postimg.cc/k5p35dF5/64.png,2022-04-16,5666,32992,2,380-5666329922
Ukraine,Soviet Union,T-64BV,captured,https://i.postimg.cc/qMdjVM6G/776.jpg,2022-04-16,5666,32993,2,380-5666329932
Ukraine,Soviet Union,T-64BV,captured,https://i.postimg.cc/d3FsgJDL/6898.png,2022-04-17,5666,32994,2,380-5666329942
Ukraine,Soviet Union,T-64BV,captured,https://i.postimg.cc/L4yq9P6p/97.png,2022-04-20,5666,32995,2,380-5666329952
Ukraine,Soviet Union,T-64BV,captured,https://i.postimg.cc/8Pp9dbcf/b22.jpg,2022-04-20,5666,32996,2,380-5666329962
Ukraine,Soviet Union,T-64BV,captured,https://i.postimg.cc/QdVzwxpX/b1.jpg,2022-04-20,5666,32997,2,380-5666329972
Ukraine,Soviet Union,T-64BV,captured,https://i.postimg.cc/6QbtWYWJ/446.png,2022-04-20,5666,32998,2,380-5666329982
Ukraine,Soviet Union,T-64BV,captured,https://i.postimg.cc/zvptnPV0/468.png,2022-04-20,5666,32999,2,380-5666329992
Ukraine,Soviet Union,T-64BV,captured,https://i.postimg.cc/V6mxyh0W/499.png,2022-04-20,5666,33000,2,380-5666330002
Ukraine,Soviet Union,T-64BV,captured,https://i.postimg.cc/PfFRKJy4/7766.jpg,2022-04-20,5666,33001,2,380-5666330012
Ukraine,Soviet Union,T-64BV,captured,https://i.postimg.cc/Nff9Q7xw/90.jpg,2022-04-25,5666,33006,2,380-5666330062
Ukraine,Soviet Union,T-64BV,captured,https://i.postimg.cc/vBFH2tdT/5422.png,2022-05-03,5666,33011,2,380-5666330112
Ukraine,Soviet Union,T-64BV,captured,https://i.postimg.cc/0NJyCHFh/5423.png,2022-05-03,5666,33012,2,380-5666330122
Ukraine,Soviet Union,T-64BV,captured,https://i.postimg.cc/Nf6rZd3y/4f.png,2022-05-08,5666,33015,2,380-5666330152
Ukraine,Soviet Union,T-64BV,captured,https://i.postimg.cc/qqYpK8YH/d7.jpg,2022-05-08,5666,33016,2,380-5666330162
Ukraine,Soviet Union,T-64BV,captured,https://i.postimg.cc/d1Tdz9Vt/133.png,2022-05-10,5666,33017,2,380-5666330172
Ukraine,Soviet Union,T-64BV,captured,https://i.postimg.cc/RVmydn25/15.png,2022-05-10,5666,33018,2,380-5666330182
Ukraine,Soviet Union,T-64BV,captured,https://i.postimg.cc/DfC3hYw7/35.png,2022-05-15,5666,33022,2,380-5666330222
Ukraine,Soviet Union,T-64BV,captured,https://i.postimg.cc/fy36bD8m/4f.png,2022-05-15,5666,33023,2,380-5666330232
Ukraine,Soviet Union,T-64BV,captured,https://i.postimg.cc/dV7Vd1MB/69.png,2022-05-23,5666,33025,2,380-5666330252
Ukraine,Soviet Union,T-64BV,captured,https://i.postimg.cc/gJP4b5sH/g7.png,2022-06-06,5666,33030,2,380-5666330302
Ukraine,Soviet Union,T-64BV,captured,https://i.postimg.cc/DZyRGvkf/688.png,2022-06-29,5666,33035,2,380-5666330352
Ukraine,Soviet Union,T-64BV,captured,https://i.postimg.cc/2yh1TrML/2000.jpg,2022-07-09,5666,33037,2,380-5666330372
Ukraine,Soviet Union,T-64BV,captured,https://twitter.com/UAWeapons/status/1545899307802365953,2022-07-12,5666,33038,2,380-5666330382
Ukraine,Soviet Union,T-64BV,captured,https://twitter.com/UAWeapons/status/1545899329633898496,2022-07-12,5666,33039,2,380-5666330392
Ukraine,Soviet Union,T-64BV,captured,https://i.postimg.cc/9MSNY0Yb/7j.png,2022-08-08,5666,33059,2,380-5666330592
Ukraine,Soviet Union,T-64BV,captured,https://i.postimg.cc/L8pWr96x/48.png,2022-08-08,5666,33060,2,380-5666330602
Ukraine,Soviet Union,T-64BV,captured,https://i.postimg.cc/zfLHhQLW/dg.png,2022-08-08,5666,33061,2,380-5666330612
Ukraine,Soviet Union,T-64BV,captured,https://i.postimg.cc/KYQn2WKg/89.png,2022-08-08,5666,33062,2,380-5666330622
Ukraine,Soviet Union,T-64BV,captured,https://i.postimg.cc/J0QyNDbH/d8.png,2022-08-08,5666,33063,2,380-5666330632
Ukraine,Soviet Union,T-64BV,captured,https://twitter.com/RALee85/status/1558887657324875777,2022-08-15,5666,33065,2,380-5666330652
Ukraine,Soviet Union,T-64BV,captured,https://i.postimg.cc/Bvd6csGs/2002-t64bv.jpg,2022-08-15,5666,33066,2,380-5666330662
Ukraine,Soviet Union,T-64BV,captured,https://i.postimg.cc/1Xf6NdyB/f4.png,2022-09-15,5666,33072,2,380-5666330722
Ukraine,Soviet Union,T-64BV,captured,https://i.postimg.cc/XqS9FJwj/2001-t64bv.jpg,2022-09-27,5666,33074,2,380-5666330742
Ukraine,Soviet Union,T-64BV,captured,https://i.postimg.cc/xC5PJs9c/486.png,2022-10-17,5666,33081,2,380-5666330812
Ukraine,Soviet Union,T-64BV,captured,https://postimg.cc/w7DpP5bY,2022-10-18,5666,33086,2,380-5666330862
Ukraine,Soviet Union,T-64BV,captured,https://postimg.cc/CdNtfvt1,2022-10-18,5666,33087,2,380-5666330872
Ukraine,Soviet Union,T-64BV,captured,https://i.postimg.cc/KjMXXVdQ/65300.png,2022-10-21,5666,33089,2,380-5666330892
Ukraine,Soviet Union,T-64BV,captured,https://twitter.com/UAWeapons/status/1583805930461794306,2022-10-24,5666,24884,2,380-5666248842
Ukraine,Soviet Union,T-64BV,captured,https://i.postimg.cc/jj4ZWMxw/2004-t64bv-dam-capt.jpg,2022-11-16,5666,33105,2,380-5666331052
Ukraine,Soviet Union,T-64BV,captured,https://twitter.com/UAWeapons/status/1597298042256125952,2022-11-30,5666,33110,2,380-5666331102
Ukraine,Soviet Union,T-64BV,captured,https://i.postimg.cc/B6qvBYgF/2007-T-64-BV-capt-12-03-22.jpg,2022-12-05,5666,33145,2,380-5666331452
Ukraine,Soviet Union,T-64BV,captured,https://i.postimg.cc/RhYV9Mz1/2008-T-64-BV-capt-20-03-22.jpg,2022-12-05,5666,33146,2,380-5666331462
Ukraine,Soviet Union,T-64BV,captured,https://i.postimg.cc/6359v7WL/2010-T-64-BV-capt-28-03-22.jpg,2022-12-05,5666,33147,2,380-5666331472
Ukraine,Soviet Union,T-64BV,captured,https://i.postimg.cc/3whr3Szq/2011-T-64-BV-capt-16-04-22.jpg,2022-12-05,5666,33148,2,380-5666331482
Ukraine,Soviet Union,T-64BV,captured,https://i.postimg.cc/3N8DmwDJ/2008-t64bv-capt-23-04-22.jpg,2023-01-30,5666,33158,2,380-5666331582
Ukraine,Soviet Union,T-64BV,captured,https://i.postimg.cc/vBKh2yVG/2016-t64bv-capt-04-02-23.jpg,2023-02-13,5666,33164,2,380-5666331642
Ukraine,Soviet Union,T-64BV,captured,https://twitter.com/UAWeapons/status/1633907229647618048,2023-03-11,5666,33173,2,380-5666331732
Ukraine,Soviet Union,T-64BV,captured,https://i.postimg.cc/QtBymyyF/54g1.png,2023-03-29,5666,33183,2,380-5666331832
Ukraine,Soviet Union,T-64BV,captured,https://i.postimg.cc/zfNNVNvJ/68j.png,2023-03-30,5666,33184,2,380-5666331842
Ukraine,Soviet Union,T-64BV,captured,https://i.postimg.cc/J7FWjZ0Y/4f22.png,2023-03-30,5666,33185,2,380-5666331852
Ukraine,Soviet Union,T-64BV,captured,https://i.postimg.cc/yYz8m2XT/876.png,2023-04-03,5666,33188,2,380-5666331882
Ukraine,Soviet Union,T-64BV,captured,https://postlmg.cc/CdNtfvt1,2023-04-03,5666,33189,2,380-5666331892
Ukraine,Soviet Union,T-64BV,captured,https://postlmg.cc/bZ6fTTy0,2023-04-03,5666,33190,2,380-5666331902
Ukraine,Soviet Union,T-64BV,captured,https://i.postimg.cc/7Pg2zKcj/6880.png,2023-04-06,5666,33193,2,380-5666331932
Ukraine,Soviet Union,T-64BV,captured,https://i.postimg.cc/2yzx54QH/5542.png,2023-04-12,5666,33198,2,380-5666331982
Ukraine,Soviet Union,T-64BV,captured,https://i.postimg.cc/dthvvsRH/2029-t64bv-capt-10-07-23.jpg,2023-07-14,5666,33233,2,380-5666332332
Ukraine,Soviet Union,T-64BV,captured,https://i.postimg.cc/0NfXhjZ0/2010-T-64-BV-capt-24-09-24.jpg,2024-09-29,5666,33355,2,380-5666333552
Ukraine,Soviet Union,T-64BV,captured,https://i.postimg.cc/FR1yZy58/2000-T-64-BV-capt-16-02-25.jpg,2025-04-10,5666,33429,2,380-5666334292
Ukraine,Soviet Union,T-64BV,captured,https://i.postimg.cc/BbkX3hnp/2013-T-64-BV-capt-10-05-25.jpg,2025-05-14,5666,33444,2,380-5666334442
Ukraine,Ukraine,T-64BV Obr. 2017,captured,https://i.postimg.cc/dtSpqWyp/7jj.png,2022-08-08,8334,33480,2,380-8334334802
Ukraine,Ukraine,T-64BV Obr. 2017,captured,https://i.postimg.cc/NFdzWLQW/f8.png,2022-08-08,8334,33481,2,380-8334334812
Ukraine,Ukraine,T-64BV Obr. 2017,captured,https://i.postimg.cc/HnwDJT4x/3d.png,2022-08-08,8334,33482,2,380-8334334822
Ukraine,Ukraine,T-64BV Obr. 2017,captured,https://i.postimg.cc/s2Yp08cW/96.png,2022-08-08,8334,33483,2,380-8334334832
Ukraine,Ukraine,T-64BV Obr. 2017,captured,https://i.postimg.cc/W3QJncFg/m91.png,2022-08-08,8334,33484,2,380-8334334842
Ukraine,Ukraine,T-64BV Obr. 2017,captured,https://i.postimg.cc/J7ZyLgHY/d70.png,2022-08-08,8334,33485,2,380-8334334852
Ukraine,Ukraine,T-64BV Obr. 2017,captured,https://postimg.cc/vxWbnnfX,2022-08-09,8334,33487,2,380-8334334872
Ukraine,Ukraine,T-64BV Zr. 2017,captured,https://i.postimg.cc/fyV1pjJq/f7.png,2022-10-17,8335,33489,2,380-8335334892
Ukraine,Ukraine,T-64BV Zr. 2017,captured,https://i.postimg.cc/NfgqfD1r/3d11.png,2022-10-18,8335,33491,2,380-8335334912
Ukraine,Ukraine,T-64BV Zr. 2017,captured,https://i.postimg.cc/TwLT9zbp/2040-T-64-BV-Zr-2017-capt-05-05-22.jpg,2022-12-05,8335,33495,2,380-8335334952
Ukraine,Ukraine,T-64BV Zr. 2017,captured,https://i.postimg.cc/QMnXc8H2/2041-T-64-BV-Zr-2017-capt-08-09-22.jpg,2022-12-05,8335,33496,2,380-8335334962
Ukraine,Ukraine,T-64BV Zr. 2017,captured,https://i.postimg.cc/W1gbLLYr/2009-T-64-BV-Zr-2017-capt-23-03-22.jpg,2022-12-05,8335,33497,2,380-8335334972
Ukraine,Ukraine,T-64BV Zr. 2017,captured,https://i.postimg.cc/7LZKyMgt/766.png,2023-04-08,8335,33501,2,380-8335335012
Ukraine,Ukraine,T-64BV Zr. 2017,captured,https://i.postimg.cc/VLSXhYZJ/2008-t64bv-2017-destr-17-05-23.jpg,2023-11-15,8335,33523,2,380-8335335232
Ukraine,Ukraine,T-64BV Zr. 2017,captured,https://i.postimg.cc/1XBTyWtz/2008-t64bv-2017-destr-17-05-23.jpg,2023-11-20,8335,33524,2,380-8335335242
Ukraine,Soviet Union,T-64BVK,captured,https://postimg.cc/xXWqBXhb,2022-10-18,8336,33528,2,380-8336335282
Ukraine,Soviet Union,T-72 'Ural',captured,https://i.postimg.cc/kgGrv2cn/2002.jpg,2022-07-26,8337,33530,2,380-8337335302
Ukraine,Soviet Union,T-72 'Ural',captured,https://i.postimg.cc/nzX0hqgz/2002.jpg,2022-07-27,8337,33531,2,380-8337335312
Ukraine,Soviet Union,T-72 'Ural',captured,https://i.postimg.cc/52Qf3fsc/2003-t72a.jpg,2022-07-30,8337,33532,2,380-8337335322
Ukraine,Soviet Union,T-72 'Ural',captured,https://i.postimg.cc/fTr9bZyZ/d7k.png,2022-08-08,8337,33533,2,380-8337335332
Ukraine,Soviet Union,T-72A/M1,captured,https://i.postimg.cc/3J5D4qNT/4380.png,2022-06-05,8338,33544,2,380-8338335442
Ukraine,Ukraine,T-72AMT,captured,https://i.postimg.cc/nzS4xq5Z/310.png,2022-03-26,8339,33546,2,380-8339335462
Ukraine,Ukraine,T-72AMT,captured,https://i.postimg.cc/nV7kXCHJ/24f.png,2022-03-26,8339,33547,2,380-8339335472
Ukraine,Ukraine,T-72AMT,captured,https://i.postimg.cc/mk7QR72G/678.png,2022-03-31,8339,33549,2,380-8339335492
Ukraine,Ukraine,T-72AMT,captured,https://i.postimg.cc/P5Ssy6vp/24.jpg,2022-03-31,8339,33550,2,380-8339335502
Ukraine,Ukraine,T-72AMT,captured,https://i.postimg.cc/9QZN39jX/8754.png,2022-06-26,8339,33554,2,380-8339335542
Ukraine,Ukraine,T-72AMT,captured,https://i.postimg.cc/qqjdYB88/543.png,2022-07-11,8339,33555,2,380-8339335552
Ukraine,Ukraine,T-72AMT,captured,https://i.postimg.cc/tJbw1Xvk/2001.jpg,2022-07-24,8339,33558,2,380-8339335582
Ukraine,Ukraine,T-72AMT,captured,https://i.postimg.cc/QdkdMWKj/2000.jpg,2022-08-30,8339,33559,2,380-8339335592
Ukraine,Ukraine,T-72AMT,captured,https://i.postimg.cc/SNMPnQkh/438.png,2022-11-10,8339,33561,2,380-8339335612
Ukraine,Ukraine,T-72AMT,captured,https://i.postimg.cc/kXwxkPH3/2002-t72amt-dam-capt-04-02-23.jpg,2023-02-12,8339,33563,2,380-8339335632
Ukraine,Ukraine,T-72AMT,captured,https://i.postimg.cc/cJy2SwPc/2010-T-72-AMT-capt-12-07-24.jpg,2024-07-15,8339,33569,2,380-8339335692
Ukraine,Soviet Union,T-72AV,captured,https://twitter.com/UAWeapons/status/1545899307802365953,2022-07-12,5668,33038,2,380-5668330382
Ukraine,Soviet Union,T-72AV,captured,https://twitter.com/RALee85/status/1558887657324875777,2022-08-15,5668,33065,2,380-5668330652
Ukraine,Soviet Union,T-72AV,captured,https://i.postimg.cc/TY5yXFcQ/2002-t72av.jpg,2022-09-20,5668,33580,2,380-5668335802
Ukraine,Soviet Union,T-72AV,captured,https://i.postimg.cc/52zTYMTy/g540.png,2022-10-17,5668,33581,2,380-5668335812
Ukraine,Soviet Union,T-72AV,captured,https://i.postimg.cc/Kc34cjCw/432.png,2022-10-20,5668,33582,2,380-5668335822
Ukraine,Soviet Union,T-72AV,captured,https://i.postimg.cc/cCsQzKTv/2013-t72av-capt-09-10-22.jpg,2023-01-01,5668,33586,2,380-5668335862
Ukraine,Soviet Union,T-72AV,captured,https://twitter.com/UAWeapons/status/1633907229647618048,2023-03-11,5668,33173,2,380-5668331732
Ukraine,Soviet Union,T-72AV,captured,https://i.postimg.cc/1XtS8Pkz/2007-t72av-capt-08-07-23.jpg,2023-07-14,5668,33595,2,380-5668335952
Ukraine,Soviet Union,T-72AV,captured,https://i.postimg.cc/vTQqJ4TV/2010-T-72-AV-capt-01-08-23.jpg,2023-08-24,5668,33598,2,380-5668335982
Ukraine,Soviet Union,T-72AV,captured,https://i.postimg.cc/gJP9QwsW/2000-T-72-AV-capt-28-02-23.jpg,2024-05-15,5668,33612,2,380-5668336122
Ukraine,Soviet Union,T-72AV,captured,https://i.postimg.cc/MKCKWR3Q/2015-T-72-AV-capt-20-09-24.jpg,2024-09-23,5668,33621,2,380-5668336212
Ukraine,Soviet Union,T-72B,captured,https://i.postimg.cc/Qt0YYkvD/321.png,2022-03-26,5669,33644,2,380-5669336442
Ukraine,Soviet Union,T-72B,captured,https://postlmg.cc/PLBJrr0x,2022-03-26,5669,33645,2,380-5669336452
Ukraine,Soviet Union,T-72B,captured,https://i.postimg.cc/gcvHPYnx/43.png,2022-04-08,5669,33646,2,380-5669336462
Ukraine,Soviet Union,T-72B,captured,https://postimg.cc/8smZ5GpV,2022-04-08,5669,33647,2,380-5669336472
Ukraine,Soviet Union,T-72B,captured,https://i.postimg.cc/FFbtjVK4/54.png,2022-06-01,5669,33653,2,380-5669336532
Ukraine,Soviet Union,T-72B,captured,https://i.postimg.cc/VLR2r3gr/29.png,2022-06-04,5669,33654,2,380-5669336542
Ukraine,Soviet Union,T-72B,captured,https://twitter.com/UAWeapons/status/1578365764729348096,2022-10-08,5669,33658,2,380-5669336582
Ukraine,Soviet Union,T-72B,captured,https://i.postimg.cc/7hzPs6Kz/45h.png,2022-10-17,5669,33659,2,380-5669336592
Ukraine,Poland,T-72M/M1(R),captured,https://twitter.com/UAWeapons/status/1572151857451274241,2022-09-22,8341,33713,2,380-8341337132
Ukraine,Poland,T-72M/M1(R),captured,https://i.postimg.cc/2yFVyz53/r4.png,2022-10-22,8341,33721,2,380-8341337212
Ukraine,Poland,T-72M/M1(R),captured,https://i.postimg.cc/Cx6dzrwC/r5.png,2022-10-22,8341,33722,2,380-8341337222
Ukraine,Poland,T-72M/M1(R),captured,https://i.postimg.cc/6p2WZ0Md/46p.png,2022-10-24,8341,33723,2,380-8341337232
Ukraine,Poland,T-72M/M1(R),captured,https://i.postimg.cc/cCKcFxDC/2009-t72m-capt-14-06-23.jpg,2023-06-23,8341,33738,2,380-8341337382
Ukraine,Soviet Union,T-72M1,captured,https://i.postimg.cc/hjkddd8B/47.png,2022-06-10,8342,33756,2,380-8342337562
Ukraine,Poland,T-72M1,captured,https://twitter.com/UAWeapons/status/1549762508885565441,2022-07-21,8342,33757,2,380-8342337572
Ukraine,Soviet Union,T-80BV,captured,https://i.postimg.cc/0jXKJsjL/f58.png,2022-03-19,5676,33767,2,380-5676337672
Ukraine,Soviet Union,T-80BV,captured,https://i.postimg.cc/4NkSDvHN/f21.png,2022-03-19,5676,33768,2,380-5676337682
Ukraine,Soviet Union,T-80BV,captured,https://i.postimg.cc/fb3dc6LV/389.png,2022-04-13,5676,33769,2,380-5676337692
Ukraine,Soviet Union,T-80BV,captured,https://i.postimg.cc/rFbMJRqZ/4f.png,2022-04-13,5676,33770,2,380-5676337702
Ukraine,Soviet Union,T-80BV,captured,https://i.postimg.cc/G352G9YJ/580.png,2022-05-11,5676,33773,2,380-5676337732
Ukraine,Soviet Union,T-80BV,captured,https://i.postimg.cc/VsJn5zPD/43f.jpg,2022-05-21,5676,33774,2,380-5676337742
Ukraine,Soviet Union,T-80BV,captured,https://i.postimg.cc/MT0KSR08/6522.png,2022-05-29,5676,33775,2,380-5676337752
Ukraine,Soviet Union,T-80BV,captured,https://i.postimg.cc/zvh7qCq7/2105.jpg,2022-07-21,5676,33777,2,380-5676337772
Ukraine,Soviet Union,T-80BV,captured,https://postimg.cc/DJfV8xMx,2022-09-08,5676,33779,2,380-5676337792
Ukraine,Ukraine,TMM-3M1 bridge layer,captured,https://i.postimg.cc/jjscx2rh/245.png,2022-03-26,8345,33834,2,380-8345338342
Ukraine,Ukraine,Triton,captured,https://i.postimg.cc/x8sb9gDh/45.png,2022-03-31,8347,33836,2,380-8347338362
Ukraine,Ukraine,Triton,captured,https://i.postimg.cc/9M2qR0bV/3388.jpg,2022-04-20,8347,33837,2,380-8347338372
Ukraine,Ukraine,Triton,captured,https://i.postimg.cc/SNrgtV68/57.png,2022-06-01,8347,33838,2,380-8347338382
Ukraine,Ukraine,Triton,captured,https://i.postimg.cc/wT6qjjMS/277.png,2022-06-06,8347,33839,2,380-8347338392
Ukraine,Ukraine,Triton-1,captured,https://postimg.cc/2V03L6Hb,2022-10-17,8348,33840,2,380-8348338402
Ukraine,Ukraine,Triton-1,captured,https://i.postimg.cc/rwTLMxLz/2008-Kozak-7-capt-31-08-24.jpg,2024-09-22,8348,33841,2,380-8348338412
Ukraine,Soviet Union,UAZ-452,captured,https://i.postimg.cc/NFjnSrgK/bl.png,2022-03-19,5698,33849,2,380-5698338492
Ukraine,Soviet Union,UAZ-452,captured,https://i.postimg.cc/d0vnz2LL/2dh.png,2022-03-26,5698,33850,2,380-5698338502
Ukraine,Soviet Union,UAZ-469,captured,https://i.postimg.cc/tgpMs65F/Screenshot-8026.png,2022-03-19,5700,33854,2,380-5700338542
Ukraine,Soviet Union,UAZ-469,captured,https://i.postimg.cc/kXMB2DzL/43.png,2022-03-26,5700,33855,2,380-5700338552
Ukraine,Soviet Union,UAZ-469,captured,https://i.postimg.cc/4dh6yP2f/d1.png,2022-03-26,5700,33856,2,380-5700338562
Ukraine,Soviet Union,UAZ-469,captured,https://i.postimg.cc/90crT04r/776.png,2022-03-26,5700,33857,2,380-5700338572
Ukraine,Soviet Union,UAZ-469 jeep,captured,https://i.postimg.cc/HLT8ySnD/1014.jpg,2022-07-04,8352,33860,2,380-8352338602
Ukraine,Soviet Union,UAZ-469 jeep,captured,https://i.postimg.cc/zvQDMzvw/2015-uaz469-capt-28-02-22.jpg,2023-05-12,8352,33865,2,380-8352338652
Ukraine,Ukraine,Unknown tank,captured,https://i.postimg.cc/NjnfBYFT/2001-unkn-tank.jpg,2022-08-15,5726,34087,2,380-5726340872
Ukraine,Ukraine,Unknown truck,captured,https://i.postimg.cc/JnP8Cxr0/Screenshot-8249.png,2022-03-19,5728,34202,2,380-5728342022
Ukraine,Ukraine,Unknown truck,captured,https://i.postimg.cc/SRtv4JHH/1dg.png,2022-03-26,5728,34206,2,380-5728342062
Ukraine,Ukraine,Unknown truck,captured,https://i.postimg.cc/vZ7sdvHn/f4.png,2022-03-26,5728,34207,2,380-5728342072
Ukraine,Ukraine,Unknown truck,captured,https://i.postimg.cc/KzPKpVCk/Screenshot-8115.png,2022-03-26,5728,34208,2,380-5728342082
Ukraine,Soviet Union,Ural-375D,captured,https://i.postimg.cc/FKC8wRyc/Screenshot-8025.png,2022-03-19,5730,34315,2,380-5730343152
Ukraine,Soviet Union,Ural-375D,captured,https://i.postimg.cc/5tqNnVFZ/f3.png,2022-03-26,5730,34316,2,380-5730343162
Ukraine,Soviet Union,Ural-375D,captured,https://i.postimg.cc/jdRM3Vky/f30.png,2022-03-26,5730,34317,2,380-5730343172
Ukraine,Soviet Union,Ural-375D,captured,https://i.postimg.cc/nrdDz39r/5g2.png,2022-03-26,5730,34318,2,380-5730343182
Ukraine,Soviet Union,Ural-375D,captured,https://i.postimg.cc/90crT04r/776.png,2022-03-26,5730,33857,2,380-5730338572
Ukraine,Soviet Union,Ural-375D,captured,https://i.postimg.cc/C5t52NPf/Screenshot-8111.png,2022-03-26,5730,34319,2,380-5730343192
Ukraine,Soviet Union,Ural-375D,captured,https://i.postimg.cc/SQtnjSSN/Screenshot-8112.png,2022-03-26,5730,34320,2,380-5730343202
Ukraine,Soviet Union,Ural-375D,captured,https://i.postimg.cc/2SzvZzbq/443.png,2022-03-26,5730,31001,2,380-5730310012
Ukraine,Soviet Union,Ural-375D,captured,https://i.postimg.cc/3JrJjW1H/Screenshot-8172.png,2022-03-26,5730,34321,2,380-5730343212
Ukraine,Soviet Union,Ural-375D,captured,https://i.postimg.cc/L8n977GC/Screenshot-8173.png,2022-03-26,5730,34322,2,380-5730343222
Ukraine,Soviet Union,Ural-375D,captured,https://i.postimg.cc/1tRY7xj4/Screenshot-8169.png,2022-03-26,5730,31506,2,380-5730315062
Ukraine,Soviet Union,Ural-375D,captured,https://i.postimg.cc/4y6PXBMj/Screenshot-8166.png,2022-03-26,5730,34323,2,380-5730343232
Ukraine,Soviet Union,Ural-375D,captured,https://i.postimg.cc/3wrx1NYG/Screenshot-8113.png,2022-03-26,5730,34324,2,380-5730343242
Ukraine,Soviet Union,Ural-375D,captured,https://i.postimg.cc/SsT2C89j/Screenshot-8133.png,2022-03-26,5730,34325,2,380-5730343252
Ukraine,Soviet Union,Ural-375D,captured,https://i.postimg.cc/NM5JHFdK/4331.png,2022-03-30,5730,34326,2,380-5730343262
Ukraine,Soviet Union,Ural-375D,captured,https://i.postimg.cc/tT4XMQ4W/6665.jpg,2022-03-30,5730,34327,2,380-5730343272
Ukraine,Soviet Union,Ural-375D,captured,https://i.postimg.cc/vHvy3FYx/31.png,2022-05-03,5730,34329,2,380-5730343292
Ukraine,Soviet Union,Ural-375D,captured,https://i.postimg.cc/P5WfMppV/399.png,2022-05-13,5730,34331,2,380-5730343312
Ukraine,Soviet Union,Ural-4320,captured,https://i.postimg.cc/2SHMm16F/456.png,2022-03-19,5731,34337,2,380-5731343372
Ukraine,Soviet Union,Ural-4320,captured,https://i.postimg.cc/02n6DFYg/314.png,2022-03-30,5731,34338,2,380-5731343382
Ukraine,Soviet Union,Ural-4320,captured,https://i.postimg.cc/2yMp268K/tt1.png,2022-04-18,5731,31265,2,380-5731312652
Ukraine,Soviet Union,Ural-4320,captured,https://i.postimg.cc/JnpvdY9K/32.png,2022-05-01,5731,34340,2,380-5731343402
Ukraine,Soviet Union,Ural-4320,captured,https://i.postimg.cc/GmVqtBjC/328.png,2022-05-03,5731,34341,2,380-5731343412
Ukraine,Soviet Union,Ural-4320,captured,https://i.postimg.cc/gjmtgKPy/470.png,2022-05-03,5731,34342,2,380-5731343422
Ukraine,Soviet Union,Ural-4320,captured,https://i.postimg.cc/t4SNn63R/2011-Ural-4320-capt-23-04-22.jpg,2025-02-21,5731,34393,2,380-5731343932
Ukraine,France,VAB,captured,https://i.postimg.cc/ht0jwrmc/2095-VAB-capt-18-10-24.jpg,2024-10-22,8362,34427,2,380-8362344272
Ukraine,France,VAB,captured,https://i.postimg.cc/Pq82WH6D/2015-VAB-capt-25-11-24.jpg,2024-12-03,8362,34434,2,380-8362344342
Ukraine,France,VAB,captured,https://i.postimg.cc/bwFdvMrb/2026-VAB-dam-capt-12-03-25.jpg,2025-03-20,8362,34448,2,380-8362344482
Ukraine,France,VAB,captured,https://i.postimg.cc/8zCjNDpN/2032-VAB-dam-capt-12-03-25.jpg,2025-03-20,8362,34449,2,380-8362344492
Ukraine,France,VAB,captured,https://i.postimg.cc/SNkn1CHX/2017-VAB-capt-11-03-25.jpg,2025-03-20,8362,34450,2,380-8362344502
Ukraine,France,VAB,captured,https://i.postimg.cc/6q0pxbF8/2208-VAB-capt-14-03-25.jpg,2025-03-20,8362,34451,2,380-8362344512
Ukraine,Ukraine,Varta,captured,https://i.postimg.cc/rmJCSVgp/g1.png,2022-03-19,8363,34478,2,380-8363344782
Ukraine,Ukraine,Varta,captured,https://i.postimg.cc/MpqsfLzt/66590.png,2022-03-19,8363,34479,2,380-8363344792
Ukraine,Ukraine,Varta,captured,https://i.postimg.cc/442p3Kn8/443.png,2022-03-19,8363,32912,2,380-8363329122
Ukraine,Ukraine,Varta,captured,https://i.postimg.cc/wj9GFM8d/66579.png,2022-03-19,8363,34480,2,380-8363344802
Ukraine,Ukraine,Varta,captured,https://i.postimg.cc/c4jKpNP5/7u.png,2022-03-19,8363,34481,2,380-8363344812
Ukraine,Ukraine,Varta,captured,https://i.postimg.cc/VvgqDJDh/7644.png,2022-03-19,8363,34482,2,380-8363344822
Ukraine,Ukraine,Varta,captured,https://i.postimg.cc/1tG278jF/130.png,2022-03-19,8363,34483,2,380-8363344832
Ukraine,Ukraine,Varta,captured,https://i.postimg.cc/28s1cv5k/f244.png,2022-03-19,8363,34484,2,380-8363344842
Ukraine,Ukraine,Varta,captured,https://i.postimg.cc/zGf1Wqkg/4312.png,2022-03-19,8363,34485,2,380-8363344852
Ukraine,Ukraine,Varta,captured,https://i.postimg.cc/ZnVDfxsb/438.png,2022-03-19,8363,34486,2,380-8363344862
Ukraine,Ukraine,Varta,captured,https://i.postimg.cc/s2j9JmdL/f4.jpg,2022-03-31,8363,34488,2,380-8363344882
Ukraine,Ukraine,Varta,captured,https://i.postimg.cc/FH6RQ6Sc/c1.png,2022-04-21,8363,34489,2,380-8363344892
Ukraine,Ukraine,Varta,captured,https://i.postimg.cc/4d7tkwNf/d1h.jpg,2022-04-23,8363,34490,2,380-8363344902
Ukraine,Ukraine,Varta,captured,https://i.postimg.cc/xT2zK4zR/5547.png,2022-05-29,8363,34492,2,380-8363344922
Ukraine,Ukraine,Varta,captured,https://twitter.com/UAWeapons/status/1545899359132389377,2022-07-12,8363,28703,2,380-8363287032
Ukraine,Ukraine,Varta,captured,https://i.postimg.cc/vZ05b1Hd/547.png,2022-10-17,8363,34495,2,380-8363344952
Ukraine,Ukraine,Varta,captured,https://postimg.cc/Sn5HxJPf,2022-10-18,8363,34497,2,380-8363344972
Ukraine,Ukraine,Varta,captured,https://postimg.cc/VrXX4dBz,2022-10-18,8363,34498,2,380-8363344982
Ukraine,Ukraine,Varta,captured,https://postimg.cc/Q9Qw6W5b,2022-10-18,8363,34499,2,380-8363344992
Ukraine,Ukraine,Varta,captured,https://postimg.cc/nX60mc5G,2022-10-18,8363,34500,2,380-8363345002
Ukraine,Ukraine,Varta,captured,https://postimg.cc/N2KMjnJL,2022-10-18,8363,34501,2,380-8363345012
Ukraine,Ukraine,Varta,captured,https://i.postimg.cc/WpDCYNTn/f27.png,2022-10-19,8363,34502,2,380-8363345022
Ukraine,Ukraine,Varta,captured,https://i.postimg.cc/NG8jzwVH/2120-Varta-capt-01-08-22.jpg,2022-12-05,8363,34505,2,380-8363345052
Ukraine,Ukraine,Varta,captured,https://i.postimg.cc/pXqXPJPV/2121-Varta-capt-01-08-22.jpg,2022-12-05,8363,34506,2,380-8363345062
Ukraine,Ukraine,Varta,captured,https://i.postimg.cc/bwdt7HRf/5497.png,2022-12-21,8363,34508,2,380-8363345082
Ukraine,Ukraine,Varta,captured,https://i.postimg.cc/K8jVkwmk/6529.png,2022-12-21,8363,34509,2,380-8363345092
Ukraine,Ukraine,Varta,captured,https://i.postimg.cc/5t7kxmh5/4383.png,2022-12-21,8363,34510,2,380-8363345102
Ukraine,Ukraine,Varta,captured,https://i.postimg.cc/Jz3fWZ7K/547.png,2022-12-21,8363,34511,2,380-8363345112
Ukraine,Ukraine,Varta,captured,https://i.postimg.cc/yd79bqQv/4382.png,2022-12-21,8363,34512,2,380-8363345122
Ukraine,Ukraine,Varta,captured,https://i.postimg.cc/hj0YkBSj/237.png,2022-12-21,8363,34513,2,380-8363345132
Ukraine,Ukraine,Varta,captured,https://i.postimg.cc/52N2T4bH/4384.png,2022-12-21,8363,34514,2,380-8363345142
Ukraine,Ukraine,Varta,captured,https://i.postimg.cc/6qLPNNtq/3287.png,2022-12-21,8363,34515,2,380-8363345152
Ukraine,Ukraine,Varta,captured,https://i.postimg.cc/3Ndks3gC/316.png,2022-12-21,8363,34516,2,380-8363345162
Ukraine,Ukraine,Varta,captured,https://i.postimg.cc/k5FRLLZ4/2004-varta-capt-16-01-23.png,2023-01-21,8363,34518,2,380-8363345182
Ukraine,Ukraine,Varta,captured,https://i.postimg.cc/T1SXymTX/438.png,2023-04-11,8363,34525,2,380-8363345252
Ukraine,Ukraine,Varta,captured,https://i.postimg.cc/FRdRwxTM/433.png,2023-04-12,8363,34526,2,380-8363345262
Ukraine,Ukraine,Varta,captured,https://i.postimg.cc/j2CSzjg1/2015-varta-capt-24-12-22.jpg,2023-05-02,8363,34527,2,380-8363345272
Ukraine,Ukraine,Varta,captured,https://i.postimg.cc/x8CGgyXm/2030-varta-capt-25-07-22.jpg,2023-05-23,8363,34528,2,380-8363345282
Ukraine,Ukraine,Varta,captured,https://i.postimg.cc/7LzrTPNh/2069-Varta-capt-13-07-22.jpg,2024-10-22,8363,34530,2,380-8363345302
Ukraine,Ukraine,Varta,captured,https://i.postimg.cc/T3GNrLff/2009-Varta-capt-24-04-23.jpg,2025-06-08,8363,34534,2,380-8363345342
Ukraine,Ukraine,Varta,captured,https://i.postimg.cc/HWqhkvNJ/2010-Varta-capt-18-01-23.jpg,2025-06-08,8363,34535,2,380-8363345352
Ukraine,Ukraine,Vepr AFV,captured,https://i.postimg.cc/TPhb8qxr/35.png,2022-04-10,8365,29165,2,380-8365291652
Ukraine,Ukraine,Vepr AFV,captured,https://i.postimg.cc/WbkQmHty/5gl.png,2022-05-25,8365,34539,2,380-8365345392
Ukraine,Ukraine,Vepr MRAP,captured,https://i.postimg.cc/0j3NhvTH/32dj.png,2022-03-19,8366,34540,2,380-8366345402
Ukraine,Ukraine,Weaponised VTOL UAV,captured,https://i.postimg.cc/XJjQbDmJ/488.png,2022-06-26,8368,34544,2,380-8368345442
Ukraine,Ukraine,Weaponised VTOL UAV,captured,https://i.postimg.cc/9FkpZB4v/32.png,2022-11-10,8368,34545,2,380-8368345452
Ukraine,Netherlands,YPR-765,captured,https://twitter.com/UAWeapons/status/1598719128763760644,2022-12-05,8370,34559,2,380-8370345592
Ukraine,Netherlands,YPR-765,captured,https://i.postimg.cc/W17wCJW7/2006-ypr765-capt-31-05-23.jpg,2023-07-10,8370,34579,2,380-8370345792
Ukraine,Netherlands,YPR-765,captured,https://i.postimg.cc/DyGWdMC3/2104-ypr765-capt-27-01-24.jpg,2024-01-30,8370,34601,2,380-8370346012
Ukraine,Netherlands,YPR-765,captured,https://i.postimg.cc/RZ9WVLd9/2026-YPR-765-capt-11-03-24.jpg,2024-04-08,8370,34609,2,380-8370346092
Ukraine,Netherlands,YPR-765,captured,https://i.postimg.cc/sxw6yvKM/2050-YPR-765-capt-08-12-24.jpg,2024-12-09,8370,34634,2,380-8370346342
Ukraine,Netherlands,YPR-765,captured,https://i.postimg.cc/yNF8CGds/2024-YPR-765-capt-31-10-24.jpg,2024-12-16,8370,34637,2,380-8370346372
Ukraine,Netherlands,YPR-765,captured,https://i.postimg.cc/rFp2SH9f/2008-YPR-765-capt-25-12-24.jpg,2025-01-25,8370,34643,2,380-8370346432
Ukraine,Soviet Union,ZSU-23-4 'Shilka',captured,https://i.postimg.cc/nzwtKX39/4f3.png,2022-03-19,5752,34667,2,380-5752346672
Ukraine,Soviet Union,ZSU-23-4 'Shilka',captured,https://i.postimg.cc/KcC7csQq/477.png,2022-04-09,5752,30209,2,380-5752302092
Ukraine,Soviet Union,ZSU-23-4 'Shilka',captured,https://i.postimg.cc/GtdHb84x/68.png,2022-04-13,5752,34668,2,380-5752346682
Ukraine,Soviet Union,ZSU-23-4 Shilka,captured,https://i.postimg.cc/1XnYxB5j/5870.png,2022-10-17,5753,34670,2,380-5753346702
Ukraine,Soviet Union,Zhuk class patrol boat (Sea Guard),captured,https://i.postimg.cc/L5nyF4sY/g77.jpg,2022-03-19,8371,34672,2,380-8371346722
Ukraine,Soviet Union,Zhuk class patrol boat (Sea Guard),captured,https://i.postimg.cc/654HHQSF/g78.jpg,2022-03-19,8371,34673,2,380-8371346732
Ukraine,Soviet Union,ZiL-130,captured,https://i.postimg.cc/NFY7ntN8/2005-zil130-capt-28-02-22.jpg,2023-03-22,8372,34676,2,380-8372346762
Ukraine,Soviet Union,ZiL-131,captured,https://i.postimg.cc/P5Y9S2VJ/d23.png,2022-03-19,5754,34692,2,380-5754346922
Ukraine,Soviet Union,ZiL-131,captured,https://i.postimg.cc/vBpfYjxd/g8.png,2022-03-19,5754,34693,2,380-5754346932
Ukraine,Soviet Union,ZiL-131,captured,https://i.postimg.cc/7LSW8dKp/35.png,2022-03-19,5754,32340,2,380-5754323402
Ukraine,Soviet Union,ZiL-131,captured,https://i.postimg.cc/fL9yXJ40/bf.png,2022-03-19,5754,34694,2,380-5754346942
Ukraine,Soviet Union,ZiL-131,captured,https://i.postimg.cc/Bb3Fnx8v/bl.png,2022-03-19,5754,34695,2,380-5754346952
Ukraine,Soviet Union,ZiL-131,captured,https://postimg.cc/87Yh4HSS,2022-03-19,5754,34696,2,380-5754346962
Ukraine,Soviet Union,ZiL-131,captured,https://i.postimg.cc/fLFKfwz9/s4.png,2022-03-19,5754,34697,2,380-5754346972
Ukraine,Soviet Union,ZiL-131,captured,https://i.postimg.cc/YSjX5Wrj/dd11.png,2022-03-19,5754,34698,2,380-5754346982
Ukraine,Soviet Union,ZiL-131,captured,https://i.postimg.cc/Znf3n1fc/542f.png,2022-03-19,5754,34699,2,380-5754346992
Ukraine,Soviet Union,ZiL-131,captured,https://i.postimg.cc/0jN22LVY/d1h.png,2022-03-19,5754,34700,2,380-5754347002
Ukraine,Soviet Union,ZiL-131,captured,https://i.postimg.cc/kXMB2DzL/43.png,2022-03-26,5754,33855,2,380-5754338552
Ukraine,Soviet Union,ZiL-131,captured,https://i.postimg.cc/5tCYqTxz/5gh.png,2022-03-26,5754,34703,2,380-5754347032
Ukraine,Soviet Union,ZiL-131,captured,https://i.postimg.cc/4NqYS7zD/Screenshot-8119.png,2022-03-26,5754,34704,2,380-5754347042
Ukraine,Soviet Union,ZiL-131,captured,https://i.postimg.cc/MpBn265v/Screenshot-8120.png,2022-03-26,5754,34705,2,380-5754347052
Ukraine,Soviet Union,ZiL-131,captured,https://i.postimg.cc/G3XwPtVG/335.png,2022-03-26,5754,34706,2,380-5754347062
Ukraine,Soviet Union,ZiL-131,captured,https://i.postimg.cc/52B628K8/776.png,2022-03-26,5754,34707,2,380-5754347072
Ukraine,Soviet Union,ZiL-131,captured,https://i.postimg.cc/gjZJhhsy/14.png,2022-03-26,5754,34708,2,380-5754347082
Ukraine,Soviet Union,ZiL-131,captured,https://i.postimg.cc/Fsxkm2Wh/71.png,2022-03-26,5754,34709,2,380-5754347092
Ukraine,Soviet Union,ZiL-131,captured,https://i.postimg.cc/W3WjXwXL/Screenshot-8114.png,2022-03-26,5754,34710,2,380-5754347102
Ukraine,Soviet Union,ZiL-131,captured,https://i.postimg.cc/WpqbXQL5/Screenshot-8113.png,2022-03-26,5754,34711,2,380-5754347112
Ukraine,Soviet Union,ZiL-131,captured,https://i.postimg.cc/YCr7KPZK/Screenshot-8156.png,2022-03-26,5754,34712,2,380-5754347122
Ukraine,Soviet Union,ZiL-131,captured,https://i.postimg.cc/SxghyrbX/Screenshot-8159.png,2022-03-26,5754,34713,2,380-5754347132
Ukraine,Soviet Union,ZiL-131,captured,https://i.postimg.cc/jdK0P9sw/Screenshot-8123.png,2022-03-26,5754,34714,2,380-5754347142
Ukraine,Soviet Union,ZiL-131,captured,https://i.postimg.cc/Dwx8tLC6/Screenshot-8135.png,2022-03-26,5754,34715,2,380-5754347152
Ukraine,Soviet Union,ZiL-131,captured,https://i.postimg.cc/tTXvY0dp/Screenshot-8143.png,2022-03-26,5754,34716,2,380-5754347162
Ukraine,Soviet Union,ZiL-131,captured,https://i.postimg.cc/HLj4KptJ/Screenshot-8116.png,2022-03-26,5754,34717,2,380-5754347172
Ukraine,Soviet Union,ZiL-131,captured,https://i.postimg.cc/65Rmyxxy/5548.png,2022-03-26,5754,34718,2,380-5754347182
Ukraine,Soviet Union,ZiL-131,captured,https://i.postimg.cc/CMqVxGPy/tt3.png,2022-04-18,5754,34723,2,380-5754347232
Ukraine,Soviet Union,ZiL-131,captured,https://i.postimg.cc/66Rmy0HF/37.png,2022-04-25,5754,34725,2,380-5754347252
Ukraine,Soviet Union,ZiL-131,captured,https://i.postimg.cc/BbS3BJ4w/668.jpg,2022-05-01,5754,34728,2,380-5754347282
Ukraine,Soviet Union,ZiL-131,captured,https://i.postimg.cc/gJR5my9Q/769.png,2022-05-03,5754,34729,2,380-5754347292
Ukraine,Soviet Union,ZiL-131,captured,https://i.postimg.cc/cChFLXF9/4333.png,2022-05-03,5754,34730,2,380-5754347302
Ukraine,Soviet Union,ZiL-131,captured,https://i.postimg.cc/FsT4y5HJ/287.png,2022-05-14,5754,34733,2,380-5754347332
Ukraine,Soviet Union,ZiL-131,captured,https://i.postimg.cc/vH6XjZGt/4f6.png,2023-04-01,5754,34737,2,380-5754347372
Ukraine,Soviet Union,ZiL-131,captured,https://postlmg.cc/4nZKD5qC,2023-04-04,5754,34738,2,380-5754347382
Ukraine,Soviet Union,ZiL-131,captured,https://i.postimg.cc/VkykBdTy/887k.png,2023-04-17,5754,34740,2,380-5754347402
Ukraine,Soviet Union,ZiL-131,captured,https://i.postimg.cc/ryZpzJjd/2013-zil131-capt-04-03-22.jpg,2023-05-12,5754,34745,2,380-5754347452
Ukraine,Soviet Union,ZiL-131,captured,https://i.postimg.cc/5tJ4Dk4r/2001-zil131-capt-04-03-22.jpg,2023-05-12,5754,34746,2,380-5754347462
Ukraine,Soviet Union,ZiL-131,captured,https://i.postimg.cc/kgKM1dm8/2002-zil131-capt-04-03-22.jpg,2023-05-12,5754,34747,2,380-5754347472
Ukraine,Soviet Union,ZiL-131,captured,https://i.postimg.cc/7YDGd3yD/2024-Zi-L-131-dam-capt-29-08-22.jpg,2023-05-17,5754,34755,2,380-5754347552
Ukraine,Soviet Union,ZiL-131,captured,https://i.postimg.cc/CMbncvXm/2029-Zi-L-131-dam-capt-29-08-22.jpg,2023-05-17,5754,34756,2,380-5754347562
Ukraine,Soviet Union,ZiL-131,captured,https://i.postimg.cc/gJVGn38f/2002-Zi-L-131-capt-31-12-22.jpg,2023-07-24,5754,34772,2,380-5754347722
Ukraine,Soviet Union,ZiL-131,captured,https://i.postimg.cc/0NJk1TQ5/2027-Zi-L-131-capt-19-04-22.jpg,2023-07-24,5754,34773,2,380-5754347732
Ukraine,Soviet Union,ZiL-131,captured,https://i.postimg.cc/26D3NxHS/2047-Zi-L-131-capt-26-02-22.jpg,2024-12-09,5754,34832,2,380-5754348322
Ukraine,Soviet Union,ZiL-131,captured,https://i.postimg.cc/h4TsZfBM/2012-Zi-L-131-capt-23-04-22.jpg,2025-02-21,5754,34841,2,380-5754348412
Ukraine,Soviet Union,ZiL-131,captured,https://i.postimg.cc/VLFR1p5C/2010-Zi-L-131-capt-23-04-22.jpg,2025-02-21,5754,34842,2,380-5754348422
Ukraine,Soviet Union,ZiL-131 tanker,captured,https://i.postimg.cc/pL2R6nY4/2030-Zi-L-131-tanker-capt-16-03-22.jpg,2025-04-02,8373,34854,2,380-8373348542
Ukraine,Soviet Union,ZiL-157,captured,https://i.postimg.cc/05h304Pd/Screenshot-8143.png,2022-03-26,8375,34856,2,380-8375348562
Ukraine,Soviet Union,ZiL-157,captured,https://i.postimg.cc/W3b21FJ6/2000-zil157-capt-04-03-22.jpg,2023-05-12,8375,34857,2,380-8375348572
